SaleID,CustomerID,ProductID,StoreID,SaleDate,Quantity,UnitPrice,Discount,OrderStatus,PaymentMethod
S0003104,C00878,P0200,ST005,2025-11-27,1,596.35,0.0,Returned,Card
S0004552,C00500,P0082,ST017,2026-05-11,1,1222.64,0.2,Cancelled,Bank Transfer
S0005730,C00809,P0010,ST013,2025-04-20,7,98.85,0.05,Pending,Mobile Money
S0002489,C00857,P0197,ST017,2025-02-13,8,111.43,0.2,Pending,Bank Transfer
S0006769,C00067,P0098,ST009,2026-05-24,2,809.91,0.1,Cancelled,Card
S0005152,C00495,P0084,ST020,2025-03-26,2,228.97,0.1,Completed,Bank Transfer
S0009188,C00125,P0037,ST001,2025-02-21,9,516.59,0.2,Completed,Card
S0009559,C00534,P0006,ST011,2025-07-27,1,1224.6,0.15,completed,Mobile Money
S0007719,C00624,P0167,ST015,2025-11-08,8,358.89,0.0,Cancelled,Bank Transfer
S0003813,C00342,P0136,ST014,2025-12-01,2,98.01,0.05,Returned,Bank Transfer
S0008486,C00637,P0095,ST018,2025-09-13,9,55.82,0.1,Returned,Mobile Money
S0007024,C00520,P0040,ST011,2026-05-09,8,1289.24,0.05,Completed,Cash
S0003977,C00933,P0109,ST007,2025-07-26,3,191.84,0.2,Returned,Mobile Money
S0007812,C00416,P0004,ST020,2025-05-04,10,1499.35,0.1,Pending,Card
S0003088,C00588,P0019,ST008,2026-03-15,9,713.72,0.2,Pending,Mobile Money
S0001119,C00027,P0108,ST013,2025-06-21,6,877.92,0.05,Cancelled,Card
S0004191,C00955,P0143,ST007,2025-02-23,9,1165.4,0.2,Pending,Mobile Money
S0003670,C00502,P0152,ST013,2026-06-30,10,920.0,0.1,completed,Mobile Money
S0009763,C00712,P0156,ST003,2025-04-05,3,641.78,0.2,Pending,Card
S0004486,C00512,P0161,ST010,2026-01-24,2,98.49,0.05,completed,Bank Transfer
S0001154,C00659,P0067,ST004,2026-03-11,10,923.84,0.2,Completed,Bank Transfer
S0009739,C00747,P0061,ST012,2026-06-12,9,239.67,0.2,Cancelled,Card
S0001880,C00682,P0061,ST007,2025-03-29,3,-50.0,0.05,completed,Bank Transfer
S0004315,C00949,P0120,ST010,2025-04-30,10,544.98,0.0,completed,Cash
S0004651,C00253,P0078,ST004,2026-07-29,8,913.29,0.05,completed,Card
S0008166,C00016,P0108,ST012,2025-10-31,4,876.1,0.05,Cancelled,Mobile Money
S0008619,C00815,P0193,ST007,2025-10-23,5,908.97,0.0,Completed,Bank Transfer
S0008224,C00269,P0169,ST011,2025-06-09,3,1121.58,0.05,Pending,Cash
S0004489,C00442,P0083,ST011,2025-08-17,1,1058.53,0.15,Pending,Card
S0000857,C00592,P0135,ST014,2025-12-24,9,1291.84,0.2,completed,Mobile Money
S0005510,C00080,P0191,ST017,2025-01-20,1,1381.81,0.0,completed,Cash
S0007436,C00771,P0066,ST007,2026-07-13,5,158.33,0.1,Pending,Cash
S0003082,C00766,P0033,ST017,2025-07-03,1,330.3,0.05,Returned,Bank Transfer
S0007100,C00812,P0115,ST008,2026-07-01,7,615.05,0.1,Returned,Bank Transfer
S0008870,C00158,P0094,ST011,2025-02-02,10,487.42,0.15,Pending,Cash
S0003566,C00941,P0138,ST003,2025-09-13,9,1441.84,0.15,Completed,Card
S0000320,C00404,P0024,ST011,2026-01-23,3,611.05,0.05,completed,Card
S0007269,C00538,P0148,ST017,2025-09-30,7,555.74,0.0,Pending,Bank Transfer
S0001245,,P0041,ST017,2025-07-30,6,538.1,0.2,completed,Cash
S0004098,C00848,P0116,ST019,2026-03-12,7,32.09,0.1,Returned,Card
S0000171,C00964,P0063,ST019,2026-04-09,9,1436.93,0.2,Pending,Mobile Money
S0003408,C00374,P0142,ST015,2025-05-12,8,1165.72,0.1,Returned,Cash
S0000636,C00559,P0016,ST004,2025-02-03,5,994.94,0.2,Cancelled,Bank Transfer
S0003414,C00425,P0078,ST009,2025-12-16,4,914.21,0.05,Completed,Mobile Money
S0009137,C00966,P0062,ST004,2025-07-12,2,759.85,0.15,completed,Card
S0003837,C00866,P0011,ST018,2026-07-17,8,155.13,0.2,Completed,Mobile Money
S0003843,C00701,P0019,ST013,2026-07-24,5,711.19,0.2,Pending,Bank Transfer
S0002298,C00875,P0057,ST008,2025-06-25,9,205.68,0.2,Completed,Mobile Money
S0002444,C00703,P0164,ST004,2026-03-31,2,1255.44,0.1,Completed,Card
S0003267,C00867,P0030,ST009,2025-09-11,9,1373.1,0.1,Completed,Mobile Money
S0003224,C00389,P0001,ST013,2026-05-06,7,1034.29,0.0,Cancelled,Cash
S0008069,C00738,P0197,ST017,2025-03-09,6,114.83,0.0,Cancelled,Mobile Money
S0007301,C00689,P0007,ST005,2025-07-26,9,119.44,0.0,Completed,Mobile Money
S0005861,C00214,P0018,ST014,2026-01-27,10,874.22,0.1,Pending,Cash
S0005480,C00547,P0018,ST003,2025-03-23,1,873.11,0.2,Pending,Mobile Money
S0003479,C00217,P0104,ST001,2025-08-22,3,162.84,0.05,Cancelled,Card
S0005265,C00717,P0031,ST014,2025-06-04,10,627.79,0.15,Completed,Mobile Money
S0006471,C00858,P0026,ST015,2026-04-26,9,1077.01,0.0,Cancelled,Bank Transfer
S0000304,C00331,P0065,ST002,2025-12-15,2,587.13,0.05,completed,Cash
S0002361,C00382,P0035,ST003,2025-12-20,1,303.14,0.2,Cancelled,Card
S0002937,C00109,P0036,ST012,2025-03-25,7,1280.8,0.2,Pending,Card
S0003787,C00085,P0162,ST006,2026-06-05,8,309.05,0.2,Pending,Cash
S0004241,C00682,P0027,ST004,2025-03-01,1,1025.55,0.2,completed,Bank Transfer
S0003459,C00422,P0135,ST007,2025-07-06,4,1296.33,0.1,completed,Cash
S0004772,C00510,P0102,ST004,2025-08-07,4,763.27,0.15,Completed,Mobile Money
S0009164,C00428,P0191,ST001,2026-04-06,9,1378.25,0.05,Cancelled,Bank Transfer
S0004639,C00598,P0143,ST007,2025-03-31,2,1165.15,0.15,Returned,Cash
S0008240,C00508,P0091,ST005,2025-08-16,5,456.67,0.15,Cancelled,Card
S0002916,C00667,P0095,ST018,2025-04-02,1,56.16,0.05,Pending,Mobile Money
S0001926,C00811,P0078,ST012,2025-05-29,4,917.74,0.1,Returned,Card
S0007333,C00337,P0066,ST004,2025-04-07,4,154.31,0.2,completed,Bank Transfer
S0007802,C00717,P0023,ST002,2026-03-09,6,836.92,0.05,Cancelled,Card
S0001944,C00202,P0081,ST020,2025-06-07,1,203.15,0.2,Pending,Card
S0001263,C00259,P0045,ST020,2026-05-05,2,1245.4,0.2,Cancelled,Bank Transfer
S0001450,C00147,P0014,ST001,2025-04-11,7,248.18,0.05,Pending,Card
S0009787,C00034,P0102,ST004,2026-01-12,8,762.26,0.2,Returned,Bank Transfer
S0007461,C00739,P0013,ST019,2026-05-24,2,101.72,0.05,Pending,Mobile Money
S0009746,C00410,P0070,ST005,2026-03-09,2,1138.57,0.05,completed,Card
S0008944,C00195,P0119,ST013,2026-04-01,6,415.37,0.2,completed,Cash
S0004237,C00641,P0008,ST009,2025-01-20,8,1263.43,0.1,Returned,Mobile Money
S0004817,C00118,P0049,ST011,2025-05-25,5,471.83,0.0,Returned,Cash
S0000775,C00401,P0195,ST020,2026-07-11,8,893.83,0.2,Completed,Cash
S0001164,C00500,P0038,ST015,2025-08-09,9,308.31,0.15,completed,Mobile Money
S0001460,C00700,P0144,ST001,2026-07-29,7,1116.98,0.15,Pending,Cash
S0004411,C01000,P0183,ST014,2026-01-31,8,149.05,0.15,completed,Bank Transfer
S0007390,C00875,P0074,ST018,2025-08-06,4,1463.35,0.05,Cancelled,Card
S0007246,C00874,P0108,ST008,2025-06-09,1,873.67,0.15,Pending,Mobile Money
S0001098,C00479,P0181,ST007,2025-06-17,6,-50.0,0.1,Cancelled,Cash
S0007406,C00823,P0135,ST007,2025-09-08,5,1292.69,0.2,Completed,Mobile Money
S0007370,C00431,P0196,ST001,2026-06-10,10,503.62,0.05,Pending,Card
S0000219,C00704,P0081,ST004,2025-07-09,4,207.37,0.05,Cancelled,Mobile Money
S0006399,C00806,P0092,ST016,2025-01-30,1,1111.91,0.05,Cancelled,Mobile Money
S0006784,C00848,P0063,ST016,2025-07-13,8,1438.07,0.15,Cancelled,Card
S0008537,C00815,P0172,ST012,2026-03-03,6,1417.45,0.15,Cancelled,Cash
S0006669,C00510,P0195,ST011,2026-01-04,7,898.05,0.15,Cancelled,Mobile Money
S0006977,C00245,P0184,ST006,2025-01-14,7,106.52,0.2,Returned,Card
S0003317,C00779,P0022,ST005,2025-05-02,4,647.87,0.15,completed,Cash
S0003475,C00985,P0145,ST004,2025-05-24,7,1495.4,0.15,completed,Cash
S0006176,C00417,P0131,ST013,2025-09-18,5,1293.81,0.05,Completed,Cash
S0006098,C00197,P0154,ST008,2026-05-07,1,26.95,0.1,completed,Bank Transfer
S0003580,C00764,P0191,ST011,2026-06-15,10,1381.08,0.15,Completed,Cash
S0009775,C00535,P0025,ST009,2025-08-03,3,330.52,0.05,completed,Bank Transfer
S0004646,C00199,P0133,ST003,2026-04-27,3,944.06,0.0,Cancelled,Card
S0000996,C00934,P0063,ST018,2025-05-23,1,1438.78,0.0,Completed,Bank Transfer
S0005255,C00375,P0085,ST015,2025-04-16,7,985.24,0.05,Returned,Cash
S0002801,C00484,P0026,ST011,2025-09-03,6,1074.98,0.0,Pending,Bank Transfer
S0001642,C00028,P0099,ST017,2025-02-02,10,1390.96,0.1,completed,Cash
S0009378,C00410,P0137,ST007,2026-02-11,4,155.63,0.2,completed,Bank Transfer
S0000221,C00419,P0002,ST002,2025-11-27,3,287.43,0.2,completed,Mobile Money
S0008284,C00715,P0041,ST012,2025-05-03,2,536.32,0.2,Cancelled,Card
S0008778,C00401,P0081,ST017,2025-06-20,7,205.09,0.15,completed,Cash
S0005676,C00258,P0140,ST018,2025-09-19,7,1312.97,0.15,Completed,Cash
S0004148,C00912,P0136,ST011,2025-03-21,3,101.79,0.15,Returned,Card
S0003692,C00280,P0050,ST014,2026-04-21,9,343.2,0.1,Pending,Mobile Money
S0000053,C00775,P0036,ST019,2026-07-19,8,1283.99,0.05,completed,Mobile Money
S0002381,C00558,P0079,ST013,2025-08-18,7,1036.22,0.2,Completed,Card
S0003346,C00860,P0142,ST019,2025-10-14,6,1167.34,0.05,Returned,Bank Transfer
S0004249,C00543,P0064,ST009,2025-01-15,6,1304.08,0.15,Pending,Bank Transfer
S0008393,C00836,P0106,ST002,2025-01-24,4,442.87,0.2,Returned,Bank Transfer
S0006998,C00802,P0062,ST008,2025-07-21,1,761.62,0.1,Completed,Bank Transfer
S0002492,C00546,P0027,ST019,2026-06-02,9,1021.97,0.1,Cancelled,Bank Transfer
S0000603,C00597,P0041,ST013,2026-04-14,4,538.47,0.1,completed,Card
S0008020,C00908,P0098,ST012,2025-11-13,2,808.06,0.2,Completed,Mobile Money
S0003554,C00629,P0174,ST011,2025-08-09,3,191.94,0.05,completed,Cash
S0003557,C00531,P0159,ST009,2026-03-29,2,583.65,0.05,Completed,Cash
S0004131,C00184,P0110,ST015,2025-09-04,3,1365.41,0.15,Returned,Bank Transfer
S0002628,C00836,P0088,ST008,2026-01-10,1,697.0,0.0,Completed,Bank Transfer
S0001923,C00390,P0058,ST020,2025-05-30,6,1326.09,0.1,Returned,Bank Transfer
S0003768,C00685,P0169,ST005,2025-09-02,10,1118.42,0.05,Returned,Cash
S0000325,C00735,P0024,ST020,2025-10-12,10,608.84,0.0,Completed,Bank Transfer
S0004595,C00890,P0186,ST002,2025-05-07,4,1351.68,0.1,completed,Card
S0008468,C00313,P0154,ST005,2025-07-31,10,22.74,0.2,Pending,Cash
S0008920,C00682,P0004,ST014,2026-03-15,9,1495.82,0.2,Pending,Cash
S0007259,C00268,P0122,ST002,2026-04-05,10,1123.47,0.0,Cancelled,Bank Transfer
S0008689,C00286,P0057,ST001,2026-04-16,8,209.39,0.1,completed,Mobile Money
S0006060,C00439,P0107,ST009,2025-11-15,1,401.95,0.1,completed,Bank Transfer
S0005613,C00197,P0073,ST008,2026-01-07,10,563.42,0.15,completed,Card
S0001126,C00579,P0094,ST014,2026-07-04,2,487.94,0.15,Pending,Card
S0009665,C00155,P0150,ST020,2025-06-22,7,677.6,0.0,Cancelled,Bank Transfer
S0004863,C00257,P0096,ST005,2025-11-24,10,962.02,0.1,completed,Bank Transfer
S0008712,C00957,P0102,ST003,2026-06-25,1,764.23,0.1,Cancelled,Bank Transfer
S0009712,C00916,P0105,ST002,2026-02-15,4,733.72,0.2,Cancelled,Cash
S0000505,C00991,P0070,ST013,2025-05-22,2,1137.75,0.2,completed,Card
S0004506,C00367,P0015,ST010,2025-07-26,1,1127.88,0.15,Pending,Bank Transfer
S0003975,C00175,P0186,ST009,2025-07-27,1,1353.07,0.1,Cancelled,Cash
S0002452,C00618,P0110,ST016,2026-04-10,9,1368.16,0.05,Returned,Card
S0004628,C00306,P0041,ST015,2025-01-22,9,537.51,0.0,completed,Card
S0001650,C00279,P0112,ST017,2026-07-14,5,123.92,0.15,Completed,Mobile Money
S0001445,C00762,P0076,ST016,2025-04-06,6,709.94,0.05,completed,Mobile Money
S0005223,C00293,P0179,ST012,2026-06-18,4,622.31,0.0,Pending,Bank Transfer
S0007347,C00313,P0101,ST006,2025-08-10,2,1240.3,0.15,Completed,Cash
S0006671,C00961,P0191,ST009,2025-03-25,5,1383.24,0.15,completed,Card
S0009287,C00712,P0016,ST012,2026-07-16,9,993.7,0.15,completed,Cash
S0002437,C00722,P0097,ST012,2025-11-12,3,1379.28,0.1,Cancelled,Mobile Money
S0005124,C00349,P0096,ST014,2025-09-07,3,961.02,0.2,Pending,Bank Transfer
S0007671,C00306,P0041,ST008,2026-05-29,3,538.69,0.1,completed,Card
S0009966,C00513,P0146,ST017,2025-05-01,4,1390.58,0.15,Returned,Mobile Money
S0009518,C00184,P0015,ST016,2025-10-01,2,1125.66,0.0,completed,Bank Transfer
S0003256,C00822,P0158,ST009,2025-04-04,2,99.57,0.15,Completed,Mobile Money
S0005879,C00236,P0148,ST016,2026-01-25,2,556.95,0.2,Returned,Cash
S0005625,C00147,P0089,ST006,2025-01-17,7,281.47,0.05,completed,Bank Transfer
S0001678,C00949,P0122,ST010,2025-10-31,5,1121.3,0.1,Pending,Card
S0001330,C00889,P0008,ST004,2026-05-14,7,1260.59,0.15,completed,Card
S0004865,C00975,P0134,ST006,2026-07-24,5,1254.84,0.0,Pending,Mobile Money
S0006059,C00064,P0126,ST015,2025-01-10,9,455.98,0.0,Completed,Card
S0002076,C00964,P0047,ST014,2025-01-16,5,618.81,0.0,Completed,Mobile Money
S0000859,C00118,P0010,ST004,2025-11-14,9,98.57,0.0,Completed,Bank Transfer
S0002502,C00819,P0016,ST016,2025-06-23,5,992.12,0.05,Pending,Bank Transfer
S0000720,C00712,P0115,ST004,2025-12-06,4,613.28,0.1,Pending,Card
S0006716,C00780,P0165,ST016,2025-06-11,9,828.41,0.0,Completed,Bank Transfer
S0005699,C00052,P0125,ST007,2025-12-09,2,648.02,0.1,Returned,Mobile Money
S0008515,C00464,P0050,ST002,2025-07-03,3,343.31,0.15,Pending,Card
S0006085,C00378,P0045,ST001,2025-04-17,7,1246.33,0.05,Completed,Cash
S0005903,C00259,P0148,ST007,2026-04-13,3,554.71,0.0,completed,Bank Transfer
S0007541,C00510,P0103,ST017,2026-01-19,1,1296.07,0.1,Pending,Bank Transfer
S0007568,C00647,P0180,ST015,2025-03-11,7,686.91,0.05,Returned,Mobile Money
S0003672,C00057,P0137,ST010,2025-07-06,6,148.52,0.05,Returned,Mobile Money
S0000950,C00322,P0188,ST002,2025-05-18,8,800.66,0.15,Completed,Card
S0009129,C00817,P0162,ST003,2025-08-13,6,311.74,0.0,Returned,Bank Transfer
S0008264,C00301,P0100,ST005,2025-10-25,4,914.99,0.15,Pending,Mobile Money
S0008242,C00837,P0166,ST010,2025-07-17,8,1097.51,0.2,Pending,Cash
S0002044,C00117,P0009,ST007,2025-10-01,4,149.3,0.05,Returned,Card
S0004585,C00068,P0134,ST016,2025-06-12,2,1254.87,0.1,Pending,Card
S0000566,C00240,P0009,ST015,2026-05-23,6,150.09,0.0,Completed,Cash
S0002429,C00854,P0152,ST014,2025-12-20,8,918.99,0.15,Completed,Cash
S0008382,C00188,P0088,ST005,2026-05-29,9,700.2,0.0,Pending,Bank Transfer
S0002360,C00481,P0132,ST005,2026-07-19,6,1404.64,0.2,Returned,Bank Transfer
S0009081,C00331,P0025,ST012,2025-12-19,9,330.92,0.0,Returned,Mobile Money
S0001113,C00326,P0028,ST019,2025-12-05,2,146.46,0.2,Pending,Mobile Money
S0004142,C00824,P0189,ST014,2025-09-17,1,641.8,0.05,completed,Card
S0008039,C00654,P0106,ST006,2025-10-12,10,442.84,0.2,Completed,Cash
S0004910,C00982,P0136,ST004,2025-01-22,5,100.41,0.0,Pending,Mobile Money
S0005275,C00097,P0127,ST010,2025-06-28,9,1486.65,0.1,Completed,Card
S0008431,C00524,P0030,ST012,2025-10-16,6,1373.43,0.05,Completed,Bank Transfer
S0005419,C00038,P0100,ST004,2025-01-11,10,913.38,0.2,Pending,Mobile Money
S0001089,C00602,P0193,ST010,2025-07-27,3,907.87,0.2,completed,Mobile Money
S0009286,C00244,P0118,ST002,2025-03-20,1,807.94,0.1,Returned,Bank Transfer
S0004233,C00759,P0200,ST018,2025-03-31,10,595.42,0.05,completed,Cash
S0009765,C00833,P0179,ST014,2025-12-17,9,628.85,0.05,Completed,Mobile Money
S0003927,C00720,P0182,ST013,2026-07-19,8,552.01,0.0,Returned,Mobile Money
S0009398,C00685,P0081,ST008,2025-09-24,3,206.04,0.1,Cancelled,Mobile Money
S0005349,C00724,P0088,ST011,2025-11-26,5,692.02,0.05,Returned,Mobile Money
S0006620,C00140,P0105,ST007,2026-04-19,6,733.77,0.15,Returned,Bank Transfer
S0003145,C00058,P0046,ST006,2026-04-27,5,923.67,0.15,Completed,Bank Transfer
S0005667, C00244 ,P0007,ST011,2025-07-20,5,111.95,0.15,Completed,Card
S0007830,C00712,P0049,ST016,2026-01-14,3,470.82,0.1,Returned,Cash
S0005369,C00125,P0196,ST012,2025-02-11,4,499.71,0.0,Completed,Mobile Money
S0003954,C00711,P0077,ST007,2025-04-16,3,941.06,0.2,Pending,Card
S0004405,C00835,P0026,ST006,2026-06-14,7,1077.48,0.15,Completed,Cash
S0005594,C00524,P0190,ST014,2025-06-01,5,955.19,0.15,Completed,Bank Transfer
S0007098,C00692,P0001,ST012,2025-02-16,5,1037.75,0.0,Completed,Cash
S0003563,C00825,P0098,ST013,2026-01-27,2,808.56,0.05,Pending,Bank Transfer
S0007180,C00053,P0100,ST007,2025-07-26,5,912.14,0.15,Cancelled,Mobile Money
S0001945,C00816,P0033,ST013,2026-06-13,5,333.99,0.0,Cancelled,Bank Transfer
S0005225,C00475,P0197,ST012,2026-03-13,3,114.06,0.15,completed,Card
S0008392,C00011,P0014,ST007,2026-05-21,5,244.05,0.2,Pending,Card
S0002424,C00388,P0006,ST014,2025-08-05,2,1224.2,0.05,Cancelled,Mobile Money
S0004859,C00700,P0147,ST005,2025-08-01,5,1333.46,0.05,completed,Bank Transfer
S0003910,C00699,P0088,ST002,2025-07-25,5,695.03,0.0,Completed,Cash
S0007396,C00359,P0029,ST012,2025-05-07,6,1227.63,0.0,Completed,Card
S0005726,C00179,P0100, ST018 ,2025-07-22,1,915.9,0.1,Returned,Cash
S0000855,C00558,P0091,ST019,2026-05-30,6,457.21,0.15,Cancelled,Mobile Money
S0006591,C00115,P0068,ST010,2026-05-19,5,100.19,0.2,Pending,Cash
S0005467,C00387,P0021,ST018,2025-06-23,5,1309.88,0.1,Completed,Cash
S0004101,C00210,P0072,ST011,2025-06-11,9,1113.58,0.1,Cancelled,Card
S0005800,C00694,P0133,ST016,2026-05-31,8,939.59,0.15,Pending,Mobile Money
S0002448,C00006,P0164,ST006,2025-11-03,9,1254.89,0.0,Completed,Bank Transfer
S0008637,C00630,P0146,ST019,2026-06-08,8,1392.19,0.0,Cancelled,Cash
S0004551,C00504,P0036,ST012,2025-11-10,10,1281.11,0.05,Completed,Bank Transfer
S0000760,C00015,P0094,ST012,2025-07-01,8,487.68,0.05,completed,Cash
S0000521,C00798,P0075,ST013,2025-08-16,10,428.77,0.0,Cancelled,Cash
S0002010,C00500,P0200,ST014,2026-07-03,1,599.39,0.05,completed,Mobile Money
S0005805,C00092,P0062,ST017,2025-02-21,2,760.71,0.0,completed,Card
S0008491,C00904,P0163,ST008,2025-11-13,5,1402.76,0.0,Returned,Card
S0002242,C00744,P0188,ST002,2026-04-08,0,803.78,,Pending,Cash
S0001668,C00091,P0101,ST013,2026-07-08,8,1237.76,0.1,Cancelled,Cash
S0006274,C00295,P0041,ST016,2026-07-03,1,537.09,0.1,Returned,Cash
S0005908,C00049,P0050,ST011,2025-06-17,10,344.04,0.1,completed,Cash
S0006940,C00350,P0035,ST009,2026-06-24,4,309.07,0.15,completed,Mobile Money
S0002355,C00270,P0179,ST010,2025-05-20,2,623.79,0.1,Returned,Mobile Money
S0002196,C00910,P0032,ST008,2026-06-01,1,488.23,0.2,Returned,Cash
S0009533,C00784,P0094,ST017,2026-02-11,2,486.95,0.1,Completed,Cash
S0003264,C00994,P0069,ST004,2025-01-14,7,1359.39,0.2,Cancelled,Mobile Money
S0003680,C00564,P0050,ST002,2025-02-01,5,341.27,0.2,Completed,Bank Transfer
S0006644,C00429,P0135,ST008,2025-12-07,4,1292.27,0.15,completed,Card
S0001329,C00743,P0060,ST019,2025-05-22,4,734.2,0.2,completed,Bank Transfer
S0002465,C00410,P0060,ST009,2025-11-30,10,734.05,0.05,Returned,Mobile Money
S0007914,C00247,P0070,ST004,2026-03-29,10,1139.93,0.0,completed,Card
S0008215,C00320,P0056,ST001,2026-05-18,5,1183.31,0.05,Returned,Cash
S0000045,C00760,P0045,ST003,2026-05-22,2,1247.59,0.2,completed,Mobile Money
S0007410,C00373,P0014,ST006,2025-08-05,9,243.8,0.05,completed,Bank Transfer
S0005190,C00809,P0111,ST019,2026-01-18,3,498.4,0.0,completed,Card
S0005181,C00163,P0008,ST006,2026-01-06,2,1262.16,0.1,Cancelled,Cash
S0009209,C00363,P0095,ST009,2025-08-16,8,51.25,0.0,Returned,Cash
S0005300,C00110,P0177,ST018,2025-06-26,2,18.78,0.05,Pending,Cash
S0002165,C00381,P0162,ST007,2025-06-06,6,305.73,0.0,Cancelled,Mobile Money
S0000597,C00492,P0137,ST005,2026-07-01,8,150.65,0.2,Cancelled,Mobile Money
S0008856,C00834,P0087,ST019,2025-05-07,3,778.77,0.0,Returned,Mobile Money
S0003501,C00964,P0139,ST017,2026-01-19,9,1110.18,0.0,Pending,Bank Transfer
S0007332,C00498,P0030,ST003,2025-07-08,8,1372.83,0.2,completed,Cash
S0008205,C00054,P0154,ST011,2025-12-18,1,25.81,0.1,Cancelled,Card
S0004205,C00563,P0097,ST005,2025-07-16,9,1380.01,0.1,Pending,Bank Transfer
S0003365,C00129,P0061,ST015,2025-05-18,7,237.34,0.15,Returned,Cash
S0002824,C00704,P0190,ST020,2025-06-26,2,955.59,0.2,Pending,Card
S0002809,C00985,P0087,ST004,2025-07-12,7,775.09,0.0,Cancelled,Cash
S0003667,C00632,P0080,ST018,2025-03-31,5,869.77,0.2,Completed,Cash
S0009249,C00992,P0132,ST012,2025-03-24,5,1404.43,0.2,Returned,Cash
S0007058,C00929,P0175,ST010,2025-08-12,9,519.76,0.1,completed,Bank Transfer
S0000723,C00121,P0158,ST020,2025-11-22,1,99.66,0.05,Completed,Cash
S0008652,C00838,P0070,ST001,2025-10-31,6,1140.44,0.0,Pending,Mobile Money
S0009526,C00517,P0160,ST010,2025-02-17,7,334.62,0.2,Returned,Mobile Money
S0003370,C00602,P0114,ST003,2026-04-01,1,553.28,0.05,Completed,Mobile Money
S0005092,C00389,P0062,ST008,2025-04-09,10,762.47,0.05,completed,Cash
S0005705,C00453,P0006,ST016,2026-06-30,5,1227.46,0.05,Completed,Mobile Money
S0000280,C00812,P0177,ST010,2026-07-31,4,15.62,0.2,Returned,Card
S0006247,C00761,P0018,ST019,2025-10-22,6,872.14,0.2,completed,Cash
S0002865,C00554,P0033,ST005,2026-05-16,4,332.65,0.2,completed,Cash
S0001827,C00371,P0159,ST008,2025-05-21,1,582.41,0.2,Cancelled,Card
S0009130,C00578,P0121,ST005,2025-08-07,3,1016.5,0.05,Returned,Mobile Money
S0008074,C00114,P0140,ST017,2025-08-14,2,1317.21,0.15,Pending,Mobile Money
S0004295,C00254,P0109,ST017,2026-01-11,8,190.92,0.1,Cancelled,Mobile Money
S0002723,C00313,P0150,ST002,2025-09-26,6,677.39,0.1,Completed,Bank Transfer
S0004858,C00200,P0140,ST008,2025-01-27,8,1310.97,0.1,completed,Card
S0000294,C00570,P0137,ST006,2025-08-14,4,147.7,0.1,Cancelled,Cash
S0009845,C00089,P0055,ST018,2025-12-03,8,321.21,0.2,Completed,Card
S0001186,C00910,P0067,ST012,2025-03-18,10,921.71,0.1,Cancelled,Mobile Money
S0005567,C00086,P0054,ST011,2025-11-11,4,103.85,0.1,Completed,Card
S0002530,C00772,P0193,ST004,2026-01-02,5,907.04,0.15,Completed,Card
S0005686,C00001,P0077,ST009,2026-05-27,6,945.34,0.0,Returned,Bank Transfer
S0009874,C00138,P0057,ST015,2026-05-06,3,204.74,0.05,Cancelled,Card
S0005421,C00908,P0048,ST002,2025-08-08,2,644.11,0.15,Cancelled,Card
S0004239,C00871,P0156,ST016,2025-05-11,1,643.09,0.1,completed,Bank Transfer
S0007651,C00097,P0084,ST001,2025-05-30,10,229.38,0.15,Completed,Cash
S0008244,C00871,P0142,ST002,2025-01-14,5,1165.56,0.1,completed,Card
S0001670,C00708,P0046,ST012,2026-03-02,2,925.42,0.0,Pending,Cash
S0006405,C00210,P0141,ST002,2025-06-01,7,100.93,0.1,Returned,Cash
S0009053,C00314,P0194,ST011,2025-01-12,6,1313.85,0.0,completed,Mobile Money
S0005922,C00630,P0058,ST004,2026-01-21,9,1324.92,0.15,completed,Bank Transfer
S0009221,C00459,P0097,ST012,2025-03-31,7,1380.66,0.0,Completed,Cash
S0009470,C00468,P0088,ST009,2025-10-29,6,694.68,0.15,Cancelled,Card
S0009925,C00887,P0115,ST003,2025-11-08,10,614.23,0.05,Returned,Mobile Money
S0004451,C00928,P0023, ST014 ,2025-01-18,3,838.96,0.1,Completed,Cash
S0005472,C00307, P0056 ,ST003,2026-02-19,10,1187.59,0.15,Completed,Cash
S0008561,C00223,P0088,ST007,2025-07-29,4,696.42,0.15,Completed,Mobile Money
S0007221,C00567,P0164,ST020,2025-11-03,10,1251.54,0.05,Completed,Bank Transfer
S0005982,C00783,P0076,ST007,2026-02-20,5,708.36,0.2,completed,Mobile Money
S0008143,C00981,P0192, ST016 ,2025-11-29,1,244.25,0.15,Pending,Card
S0003498,C00389,P0075,ST007,2025-02-27,10,428.45,0.2,Cancelled,Card
S0007629,C00217,P0047,ST019,2025-11-26,5,621.29,0.1,Returned,Card
S0007923,C00291,P0115,ST020,2025-05-18,3,617.35,0.2,Completed,Mobile Money
S0005284,C00476,P0033,ST011,2025-04-28,6,335.13,0.05,Returned,Bank Transfer
S0001800,C00661,P0020,ST010,2026-05-21,5,1324.51,0.05,Cancelled,Mobile Money
S0008114,C00990,P0019,ST010,2025-03-11,4,710.54,0.1,Cancelled,Cash
S0002353,C00843,P0081,ST016,2026-04-01,7,204.24,0.15,Cancelled,Cash
S0001526,C00346,P0116,ST014,2025-07-18,2,32.45,0.15,Returned,Mobile Money
S0002104,C00326,P0066,ST011,2026-08-03,6,157.5,0.2,Completed,Card
S0004563,C00796,P0002,ST008,2025-11-04,2,291.98,0.05,Cancelled,Bank Transfer
S0006475,C00878,P0140,ST012,2026-02-01,2,1312.41,0.2,Pending,Card
S0008786,C00390,P0008,ST012,2025-09-09,8,1262.4,0.0,completed,Bank Transfer
S0002608,C00623,P0055,ST015,2025-08-08,6,316.83,0.1,Completed,Card
S0006972,C00966,P0117,ST010,2025-08-21,7,293.38,0.0,Pending,Mobile Money
S0001353,C00689,P0127,ST019,2025-06-06,1,1483.31,0.2,Pending,Cash
S0008208,C00305,P0070,ST004,2025-05-01,5,1137.85,0.0,completed,Card
S0002590,C00911,P0151,ST002,2025-01-28,1,36.9,0.15,Pending,Mobile Money
S0005578,C00811,P0163,ST010,2025-03-16,1,1402.59,0.05,Cancelled,Bank Transfer
S0002911,C00315,P0136,ST016,2025-10-05,6,102.0,0.2,Pending,Card
S0006717,C00121,P0049,ST016,2025-06-13,6,468.61,0.0,Returned,Bank Transfer
S0001190,C00408,P0003,ST014,2025-06-15,9,627.2,0.05,Pending,Card
S0001125,C00439,P0106,ST009,2026-05-03,4,438.94,0.0,Completed,Bank Transfer
S0008992,C00757,P0160,ST001,2026-04-13,2,337.07,0.0,Cancelled,Mobile Money
S0000169,C00719,P0119,ST016,2025-08-12,4,416.92,0.0,Returned,Card
S0006163,C00989,P0166,ST005,2025-12-01,1,1093.87,0.2,completed,Bank Transfer
S0002620,C00305,P0130,ST019,2026-07-01,3,457.82,0.0,Returned,Bank Transfer
S0002978,C00554,P0198,ST012,2025-03-04,6,817.22,0.2,Pending,Card
S0005917,C00254,P0086,ST019,2026-03-18,1,351.77,0.15,Pending,Card
S0008678,C00725,P0099,ST020,2025-03-23,6,1392.0,0.05,Completed,Cash
S0001741,C00718,P0017,ST001,2026-06-07,7,153.65,0.15,completed,Mobile Money
S0005609,C00587,P0079,ST018,2026-01-04,1,1031.29,0.2,completed,Card
S0001808,C00636,P0118,ST006,2025-02-20,2,809.34,0.2,Cancelled,Card
S0001429,C00130,P0109,ST019,2025-10-31,7,189.99,0.2,Pending,Cash
S0003438,C00113,P0099,ST013,2025-03-07,10,1391.77,0.05,Cancelled,Cash
S0005052,C00241,P0138,ST012,2026-03-14,5,1442.69,0.1,Cancelled,Cash
S0008374,C00496,P0098,ST013,2025-08-13,5,809.93,0.15,Pending,Card
S0007042,C00830,P0103,ST004,2025-10-30,2,1295.9,0.1,Pending,Bank Transfer
S0007503,C00784,P0044,ST014,2026-03-17,1,919.74,0.05,Returned,Bank Transfer
S0001826,C00561,P0029,ST002,2026-05-27,3,1223.02,0.1,completed,Mobile Money
S0002739,C00724,P0170,ST018,2025-03-18,4,409.13,0.05,Completed,Mobile Money
S0007735,C00919,P0161,ST016,2025-04-28,6,101.48,0.15,Returned,Card
S0003686,C00249,P0150,ST011,2025-04-17,2,680.7,0.1,completed,Cash
S0003592,C00273,P0029,ST004,2025-10-09,1,1224.21,0.2,Cancelled,Bank Transfer
S0008557,C00640,P0147,ST013,2025-07-27,8,1332.7,0.1,completed,Cash
S0005128,C00524,P0114,ST012,2026-05-21,10,552.93,0.15,Completed,Cash
S0007270,C00035,P0084,ST001,2025-02-21,10,229.31,0.1,Completed,Mobile Money
S0000650,C00702,P0174,ST016,2026-05-27,1,192.08,0.2,completed,Bank Transfer
S0008309,C00762,P0185,ST016,2025-11-13,10,845.29,0.1,Returned,Card
S0000254,C00031,P0129,ST015,2025-12-15,4,1200.5,0.15,completed,Bank Transfer
S0005208,C00190,P0104,ST002,2026-03-08,8,165.59,0.2,Cancelled,Card
S0009066,C00162,P0031,ST002,2025-12-27,7,624.83,0.15,completed,Card
S0000564,C00465,P0068,ST016,2025-12-19,4,99.75,0.0,Pending,Bank Transfer
S0003889,C00280,P0094,ST008,2025-05-02,8,484.77,0.05,Completed,Bank Transfer
S0000019,C00949,P0022,ST002,2025-09-04,6,646.48,0.15,Completed,Cash
S0005952,C00596,P0019,ST020,2025-06-05,3,713.03,0.05,Pending,Cash
S0000543,C00109,P0046,ST007,2025-01-20,1,923.09,0.0,Cancelled,Bank Transfer
S0001443,C00801,P0154,ST999,2025-03-15,2,22.04,0.2,completed,Card
S0000555,C00881,P0079,ST019,2026-02-15,6,1025.32,0.1,completed,Bank Transfer
S0004045,,P0112,ST015,2026-04-11,9,123.83,0.1,Pending,Cash
S0004721,C00642,P0112,ST006,2025-11-07,2,127.05,0.2,Cancelled,Card
S0001620,C00118,P0140,ST010,2026-07-09,5,1309.17,0.0,Pending,Mobile Money
S0006509,C00967,P0042,ST002,2025-10-22,7,353.89,0.15,completed,Mobile Money
S0008298,C00684,P0186,ST001,2025-07-10,1,1353.92,0.1,Completed,Cash
S0009733,C00403,P0053,ST014,2025-05-04,5,1495.05,0.05,Completed,Card
S0004896,C00233,P0069,ST017,2025-04-26,5,1360.93,0.15,Pending,Cash
S0001953,C00492,P0068,ST011,2025-10-19,4,100.33,0.15,Cancelled,Mobile Money
S0002176,C00712,P0035, ST007 ,2025-07-22,7,303.79,0.0,Pending,Mobile Money
S0000041,C00054,P0186,ST016,2025-03-08,1,1349.27,0.05,completed,Mobile Money
S0003034,C00424,P0019,ST014,2026-05-02,1,717.28,0.1,Completed,Bank Transfer
S0004442,C00530,P0006,ST008,2025-10-15,2,1223.87,0.2,Completed,Mobile Money
S0005983,C00572,P0187,ST003,2025-01-29,1,392.44,0.15,Pending,Mobile Money
S0006393,C00473,P0066,ST017,2025-07-12,9,158.0,0.0,completed,Card
S0001798,C00334,P0113,ST008,2025-11-23,1,358.64,0.15,Returned,Cash
S0000982,C00729,P0182,ST015,2026-06-15,6,548.28,0.2,Completed,Card
S0006140,C00848,P0121,ST009,2025-04-21,9,1014.7,0.15,Returned,Bank Transfer
S0002673,C00226,P0146,ST017,2025-07-04,5,1388.77,0.15,Pending,Cash
S0002643,C00050,P0128,ST013,2026-02-10,2,202.03,0.2,Completed,Mobile Money
S0004164,C00925,P0190,ST005,2025-03-20,2,954.37,0.1,completed,Card
S0006022,C00105,P0002,ST009,2025-02-24,4,288.26,0.0,Cancelled,Card
S0006654,C00403,P0048,ST001,2025-04-05,3,647.5,0.1,completed,Mobile Money
S0009493,C00731,P0188,ST014,2025-10-08,2,800.89,0.05,Pending,Card
S0004059,C00288,P0131,ST003,2025-03-13,9,1295.7,0.05,Pending,Bank Transfer
S0007298,C00558,P0032,ST008,2025-01-12,1,486.32,0.15,Pending,Cash
S0007636,C00789,P0170,ST015,2026-01-30,6,406.46,0.2,Pending,Bank Transfer
S0001910,C00898,P0041,ST011,2026-06-19,2,540.04,0.0,Returned,Mobile Money
S0008269,C00006,P0131,ST004,2025-01-08,1,1292.29,0.0,Cancelled,Card
S0003292,C00802,P0169,ST009,2026-01-03,8,1118.55,0.15,Pending,Card
S0002647,C00414,P0175,ST016,2025-06-03,6,521.85,0.15,Returned,Mobile Money
S0004024,C00177,P0119,ST003,2025-11-27,3,413.06,0.15,Completed,Mobile Money
S0007319,C00007,P0084,ST020,2026-05-31,5,228.86,0.0,Completed,Cash
S0007340,C00382,P0057,ST001,2025-06-19,7,207.01,0.2,completed,Bank Transfer
S0005760,C00832,P0134,ST017,2025-06-03,7,1255.98,0.05,Cancelled,Bank Transfer
S0001390,C00156,P0037,ST006,2026-05-02,2,513.49,0.1,Returned,Mobile Money
S0005991,C00523,P0117,ST018,2025-06-12,1,294.95,0.05,Completed,Bank Transfer
S0000069,C00009,P0196,ST019,2026-05-08,3,501.48,0.2,Cancelled,Card
S0006447,C00780,P0096,ST012,2025-08-27,6,957.8,,Pending,Bank Transfer
S0004230,C00362,P0040,ST007,2026-04-07,7,1289.22,0.05,completed,Bank Transfer
S0007477,C00360,P0112,ST003,2026-03-03,8,123.87,0.0,Pending,Bank Transfer
S0003947,C00523,P0010,ST011,2025-12-29,8,99.46,0.0,Pending,Bank Transfer
S0002321,C00237,P0064,ST013,2025-02-26,9,1297.62,0.0,completed,Mobile Money
S0007945,C00365,P0138,ST009,2026-06-26,2,1440.15,0.1,Pending,Cash
S0005258,C00457,P0104,ST008,2025-09-19,5,159.98,0.0,Returned,Mobile Money
S0009323,C00472,P0198,ST012,2025-11-28,6,817.54,0.05,Completed,Card
S0003375,C00015,P0195,ST014,2025-06-04,10,892.35,0.2,Pending,Card
S0004466,C00013,P0046,ST017,2025-07-27,10,924.8,0.05,Completed,Bank Transfer
S0000301,C00057,P0088,ST016,2026-07-27,7,692.74,0.2,Returned,Cash
S0006067,C00386,P0012,ST001,2025-08-01,-2,1085.19,0.2,Returned,Mobile Money
S0003558,C00586,P0127,ST006,2025-08-25,1,1486.3,0.2,Completed,Mobile Money
S0007495,C00462,P0184,ST007,2025-10-21,4,102.08,0.2,completed,Card
S0000949,C00309,P0144,ST011,2025-04-24,6,1121.13,0.05,Pending,Cash
S0002913,C00584,P0082,ST012,2025-05-13,8,1222.96,0.0,completed,Cash
S0008101,C00323,P0004,ST006,2025-09-22,5,1498.49,0.0,Cancelled,Mobile Money
S0007475,C00852,P0187,ST008,2026-06-16,3,392.67,0.1,Completed,Mobile Money
S0009071,C00988,P0172,ST008,2026-02-25,3,1417.73,0.2,Pending,Card
S0001207,C00978,P0012,ST006,2025-11-14,4,1085.57,0.0,Pending,Bank Transfer
S0002217,C00989,P0185,ST015,2026-01-16,1,844.8,0.15,Returned,Mobile Money
S0006649,C00316,P0060,ST017,2025-09-16,6,738.67,0.15,Completed,Bank Transfer
S0005286,C00691,P0034,ST001,2026-04-30,7,1186.88,0.0,Completed,Bank Transfer
S0007195,C00888,P0008,ST001,2026-03-11,1,1264.15,0.2,Returned,Mobile Money
S0005106,C00312,P0046,ST016,2026-01-23,3,925.51,0.0,Returned,Card
S0009199,C00256,P0100,ST008,2025-06-24,1,914.24,0.1,completed,Bank Transfer
S0002727,C00950,P0180,ST020,2026-05-16,1,689.31,0.05,Completed,Bank Transfer
S0001773,C00382,P0039,ST006,2026-06-24,4,1494.01,0.15,Returned,Bank Transfer
S0000711,C00198,P0103,ST005,2025-01-31,10,1296.14,0.0,completed,Mobile Money
S0000748,C00708,P0028,ST019,2025-03-25,10,144.91,0.05,Completed,Cash
S0002046,C00424,P0067,ST002,2025-11-10,10,922.44,0.15,Pending,Mobile Money
S0003945,C00342,P0080,ST014,2025-09-20,8,866.51,0.15,Pending,Bank Transfer
S0006196,C00041,P0040,ST009,2026-04-20,7,1288.3,0.15,Pending,Cash
S0006160,C00851,P0020,ST016,2025-10-04,9,1321.34,0.05,Returned,Bank Transfer
S0002131,C00904,P0142,ST004,2025-12-16,8,1164.68,0.1,completed,Cash
S0001104,C00642,P0022,ST018,2026-05-12,10,644.94,0.0,completed,Card
S0000291,C00334,P0053,ST019,2025-07-18,7,1494.47,0.05,Cancelled,Bank Transfer
S0007707,C00097,P0113,ST020,2026-02-15,5,360.98,0.15,Returned,Bank Transfer
S0000871,C00549,P0093,ST007,2025-05-23,3,92.23,0.1,completed,Bank Transfer
S0000547,C00319,P0068,ST017,2026-07-07,2,99.82,0.15,completed,Card
S0003474,C00704,P0074,ST016,2026-03-02,8,1460.66,0.05,Pending,Cash
S0008214,C00798,P0133,ST018,2025-02-02,4,939.86,,completed,Mobile Money
S0002660,C00910,P0110,ST008,2026-04-20,3,1363.03,0.05,Cancelled,Mobile Money
S0002521,C00177,P0191,ST003,2025-07-19,4,1376.34,0.2,Cancelled,Bank Transfer
S0008236,C00077,P0168,ST012,2025-12-13,4,745.03,0.1,completed,Mobile Money
S0009259,C00530,P0079,ST007,2025-09-05,7,1029.78,0.05,Completed,Card
S0006251,C00074,P0084,ST002,2026-01-04,6,229.75,0.15,completed,Mobile Money
S0001469,C00645,P0101,ST013,2025-03-04,1,1240.16,0.2,Pending,Mobile Money
S0006037,C00658,P0108,ST011,2025-09-08,1,871.27,0.2,Returned,Mobile Money
S0005542,C00501,P0072,ST007,2025-06-16,2,1113.37,0.05,Returned,Cash
S0002654,C00660,P0041,ST008,2025-03-17,2,533.36,0.15,Completed,Card
S0004845,C00889,P0033,ST004,2025-10-19,6,335.51,0.05,Cancelled,Bank Transfer
S0001769,C00831,P0057,ST011,2026-02-16,8,204.52,0.15,Completed,Mobile Money
S0004532,C00779,P0163,ST013,2025-05-23,4,1402.58,0.15,Pending,Mobile Money
S0006252,C00528,P0166,ST019,2025-06-10,4,1097.58,0.15,Pending,Bank Transfer
S0006156,C00284,P0102,ST006,2025-03-19,2,763.01,0.2,Cancelled,Card
S0007257,C00750,P0133,ST016,2026-04-30,8,942.66,0.15,Returned,Card
S0009840,C00023,P0036,ST001,2025-02-20,7,1284.63,0.2,completed,Card
S0009003,C00279,P0097,ST006,2026-05-06,9,1384.64,0.1,Cancelled,Cash
S0000322,C00686,P0178,ST009,2025-06-10,7,1439.49,0.2,Cancelled,Bank Transfer
S0004701,C00446,P0096,ST005,2026-03-31,1,961.39,0.1,Cancelled,Cash
S0002057,C00721,P0106,ST002,2025-02-20,10,441.15,0.2,Pending,Cash
S0009906,C00084,P0101,ST017,2026-06-24,7,1239.94,0.05,Pending,Cash
S0003683,C00920,P0087,ST015,2025-05-20,10,781.67,0.0,completed,Mobile Money
S0009349,C00344,P0200,ST009,2025-12-15,7,601.39,0.05,Pending,Card
S0001634,C00357,P0059,ST002,2025-05-21,8,413.31,0.0,Completed,Mobile Money
S0005811,C00069,P0057,ST009,2026-06-09,7,204.86,0.1,Cancelled,Bank Transfer
S0001013,C00903,P0101,ST005,2026-07-20,2,0.0,0.1,Returned,Mobile Money
S0000709,C00708,P0089,ST010,2026-02-11,3,285.65,0.2,completed,Bank Transfer
S0002930,C00936,P0157,ST006,2025-11-30,7,1296.66,0.05,completed,Mobile Money
S0005604,C00488,P0038,ST017,2025-11-15,7,307.14,0.05,completed,Cash
S0007804,C00052,P0031,ST013,2025-12-18,4,626.31,0.1,completed,Card
S0002829,C00282,P0014,ST009,2025-12-03,1,245.55,0.2,Returned,Card
S0006779,C00854,P0092,ST009,2025-06-10,1,1117.08,0.05,Completed,Bank Transfer
S0008759,C00636,P0022,ST008,2025-01-04,5,645.49,0.05,Pending,Bank Transfer
S0002368,C00834,P0100,ST006,2026-02-28,1,914.27,0.2,Returned,Mobile Money
S0008797,C00504,P0192,ST016,2025-10-27,3,241.81,0.0,completed,Mobile Money
S0003064,C00921,P0049,ST006,2025-03-01,8,467.5,0.0,completed,Card
S0006431,C00519,P0128,ST006,2025-07-23,2,202.66,0.0,completed,Mobile Money
S0007623,C00497,P0018,ST012,2026-01-06,9,872.93,0.2,Completed,Bank Transfer
S0005344,C00642,P0159,ST012,2026-03-03,1,584.95,0.15,completed,Card
S0008388,C00781,P0121,ST003,2026-05-30,5,1020.97,0.15,Pending,Cash
S0008267,C00390,P0109,ST003,2026-03-29,2,194.22,0.15,Returned,Bank Transfer
S0005336,C00486,P0093,ST009,2025-05-20,3,90.06,0.2,Completed,Cash
S0004382,C00415,P0089,ST005,2026-06-20,3,285.45,0.0,Returned,Bank Transfer
S0007743,C00699,P0038,ST010,2026-06-21,1,309.21,0.1,Pending,Card
S0001534,C00309,P0191,ST006,2026-04-14,5,1385.01,0.2,Pending,Mobile Money
S0000655,C00176,P0138,ST019,2025-04-21,9,1441.4,0.0,Completed,Bank Transfer
S0005909,C00076,P0089,ST018,2025-08-22,4,286.81,0.05,Returned,Card
S0004086,C00583,P0008,ST019,2026-04-23,3,1261.82,0.0,Pending,Mobile Money
S0000735,C00925,P0166,ST015,2025-07-07,2,1105.26,0.0,completed,Mobile Money
S0003367,C00274,P0179,ST008,2025-03-14,2,626.78,0.05,Pending,Card
S0008774,C00760,P0058,ST005,2025-05-16,1,1327.32,0.15,Pending,Card
S0007083,C00131,P0083,ST011,2025-06-10,8,1058.86,0.15,completed,Cash
S0004726,C00737,P0084,ST001,2025-04-16,7,227.3,0.0,Returned,Cash
S0006573,C00108,P0143,ST006,2026-05-26,9,1168.58,0.05,Cancelled,Mobile Money
S0000366,C00965,P0083,ST019,2025-08-31,6,1057.78,0.1,Pending,Card
S0001846,C00737,P0016,ST020,2025-11-09,8,995.56,0.15,Completed,Bank Transfer
S0006191,C00245,P0037,ST012,2025-09-28,8,516.83,0.15,Returned,Cash
S0001018,C00010,P0123,ST011,2026-02-19,3,814.62,0.1,completed,Mobile Money
S0001027,C00889,P0021,ST012,2026-04-15,1,1312.07,0.15,Completed,Mobile Money
S0001837,C00624,P0183,ST020,2025-08-04,8,155.11,0.15,Completed,Card
S0006589,C00801,P0057,ST020,2026-04-13,2,204.5,0.0,Completed,Cash
S0003231,C00967,P0090,ST012,2025-03-22,10,620.13,0.1,Cancelled,Mobile Money
S0007266,C00320,P0045,ST013,2025-09-27,10,1246.37,0.15,Completed,Bank Transfer
S0005804,C00911,P0156,ST014,2026-07-13,6,643.57,0.05,Returned,Cash
S0007693,C00943,P0129,ST008,2025-06-27,7,1204.7,0.1,completed,Bank Transfer
S0005353,C00037,P0057,ST020,2025-04-28,7,205.07,0.15,Pending,Bank Transfer
S0005072,C00566,P0095,ST007,2025-05-25,5,58.08,0.2,Cancelled,Card
S0004010,C00588,P0078,ST007,2025-07-16,8,908.51,0.2,Pending,Bank Transfer
S0003216,C00328,P0060,ST003,2025-03-08,10,736.78,0.15,completed,Cash
S0001965,C00942,P0169,ST014,2026-05-27,8,1119.78,0.0,Completed,Bank Transfer
S0006843,C00626,P0168,ST001,2026-01-02,8,745.36,0.1,Completed,Cash
S0002341,C00862,P0024,ST007,2025-01-04,2,609.83,0.05,Pending,Bank Transfer
S0004570,C00709,P0176,ST008,2026-06-29,1,342.3,0.1,Returned,Cash
S0002042,C00187,P0179,ST001,2026-03-27,4,624.75,0.05,Completed,Card
S0005063,C00749,P0091,ST015,2026-03-26,8,458.86,0.0,Pending,Card
S0005388,C00228,P0077,ST008,2026-04-26,1,942.55,0.15,Completed,Card
S0004022,C00422,P0192,ST008,2025-11-20,2,243.14,0.1,Pending,Card
S0003595,C00833,P0112,ST007,2026-03-12,1,125.87,0.15,completed,Mobile Money
S0003724,C00947,P0006,ST010,2025-01-25,4,1225.62,0.0,Cancelled,Mobile Money
S0008641,C00242,P0079,ST012,2025-08-21,9,1033.32,0.1,Pending,Mobile Money
S0003439,C00839,P0032,ST014,2025-01-20,3,491.91,0.1,Pending,Mobile Money
S0005136,C00088,P0199,ST011,2025-08-11,3,780.78,0.1,Pending,Mobile Money
S0009632,C00259,P0099,ST002,2026-06-18,2,1391.39,0.15,Completed,Card
S0002640,C00941,P0050,ST019,2025-04-03,3,339.35,0.0,Completed,Cash
S0003660,C00349,P0180,ST004,2026-07-19,10,688.05,0.2,Completed,Card
S0008546,C00824,P0036,ST010,2025-01-04,6,1282.23,0.05,Cancelled,Card
S0002013,C00216,P0160,ST004,2025-11-04,1,332.25,0.15,Pending,Cash
S0003054,C00190,P0102,ST014,2026-06-30,7,766.31,0.0,completed,Bank Transfer
S0008117,C00998,P0045,ST004,2025-05-25,7,1247.59,0.05,Completed,Mobile Money
S0006278,C00056,P0163,ST006,2025-03-21,9,1402.27,0.15,Completed,Mobile Money
S0004132,C00954,P0064,ST018,2026-01-03,4,1302.6,0.05,Completed,Mobile Money
S0004734,C00669,P0111,ST006,2026-04-14,2,497.18,0.0,Pending,Cash
S0002954,C00161,P0187,ST005,2025-02-12,9,389.67,0.0,Returned,Bank Transfer
S0009770,C00469,P0170,ST020,2026-07-31,1,408.04,0.1,completed,Bank Transfer
S0003429,C00971,P0108,ST005,2025-05-29,4,872.89,0.15,completed,Bank Transfer
S0009379,C00024,P0192,ST006,2025-10-06,4,243.28,0.1,Pending,Card
S0006852,C00740,P0091,ST020,2026-06-25,9,460.13,0.1,completed,Cash
S0001084,C00584,P0178,ST006,2025-09-30,2,1446.32,0.05,Cancelled,Cash
S0009618,C00111,P0019,ST020,2025-02-15,3,712.7,0.15,Pending,Mobile Money
S0002768,C00887,P0077,ST013,2026-07-31,8,942.22,0.0,Returned,Bank Transfer
S0004656,C00723,P0172,ST017,2025-07-31,7,1417.75,0.1,Returned,Bank Transfer
S0007683,C00439,P0137,ST003,2025-04-24,5,149.41,0.15,Returned,Mobile Money
S0001480,C00588,P0181,ST004,2026-03-01,10,69.01,0.1,Returned,Bank Transfer
S0007488,C00065,P0048,ST016,2026-07-31,1,646.93,0.1,Pending,Cash
S0000849,C00507,P0090,ST013,2025-04-09,7,614.68,0.1,completed,Bank Transfer
S0009215,C00696,P0064,ST018,2026-07-20,9,1301.16,0.05,completed,Bank Transfer
S0007931,C00408,P0161,ST015,2026-02-21,4,97.23,0.15,Cancelled,Mobile Money
S0000453,C00501,P0063,ST006,2026-04-21,8,1438.63,0.2,completed,Bank Transfer
S0005669,C00848,P0108,ST015,2026-02-27,3,869.99,0.1,completed,Bank Transfer
S0005757,C00645,P0034,ST007,2025-04-02,6,1187.6,0.1,Returned,Mobile Money
S0008970,C00013,P0082,ST020,2026-05-13,1,1218.39,0.1,Completed,Card
S0008065,,P0025,ST012,2025-04-21,1,326.9,0.05,Cancelled,Bank Transfer
S0001680,C00164,P0196,ST001,2026-02-09,9,500.51,0.0,Returned,Cash
S0003442,C00381,P0092,ST011,2026-04-06,4,1115.05,0.0,Cancelled,Mobile Money
S0005975,C00955,P0157,ST014,2025-09-29,5,1294.16,0.15,Returned,Bank Transfer
S0003069,C00081,P0148,ST007,2026-04-13,6,554.28,0.1,Cancelled,Mobile Money
S0003961,C00199,P0049,ST019,2025-11-12,10,469.17,0.0,Completed,Mobile Money
S0006981,C00265,P0012,ST018,2025-03-14,8,1084.39,0.1,Pending,Cash
S0000583,C00570,P0003,ST009,2026-03-23,2,626.74,0.2,Returned,Cash
S0009596,C00349,P0069,ST009,2025-05-28,9,1359.35,0.1,Cancelled,Bank Transfer
S0006876,C00971,P0106,ST007,2025-11-08,9,443.74,0.2,completed,Bank Transfer
S0008924,C00511,P0091,ST010,2025-12-20,8,455.57,0.0,Returned,Cash
S0003527,C00643,P0055,ST018,2025-12-06,6,323.87,0.1,completed,Cash
S0009118,C00863,P0047,ST014,2026-03-15,7,621.16,0.2,completed,Mobile Money
S0009979,C00160,P0017,ST002,2025-12-04,1,150.58,0.1,Completed,Card
S0006301,C00252,P0065,ST003,2025-07-04,10,593.64,0.05,Completed,Bank Transfer
S0007267,C00819,P0045,ST008,2025-03-26,5,1245.91,0.15,Returned,Mobile Money
S0002231,C00824,P0019,ST013,2025-11-22,8,714.87,0.1,Cancelled,Cash
S0006935,C00398,P0110,ST013,2026-01-29,6,1366.17,0.1,Returned,Card
S0009664,C00300,P0038,ST011,2025-09-30,4,311.53,0.2,Pending,Mobile Money
S0003032,C00716,P0137,ST008,2025-01-18,8,151.86,0.15,Pending,Mobile Money
S0004825,C00434,P0163,ST007,2026-01-19,1,1403.73,0.05,completed,Cash
S0000518,C00632,P0193,ST011,2026-03-13,6,905.63,0.1,Returned,Cash
S0005192,C00315,P0140,ST014,2025-04-21,6,1312.16,0.2,Pending,Card
S0003764,C00604,P0032,ST008,2025-03-22,10,487.82,0.15,completed,Mobile Money
S0003166,C00545,P0094,ST019,2025-09-23,1,487.58,0.2,Pending,Bank Transfer
S0007917,C00540,P0192,ST006,2026-05-10,10,0.0,0.15,Cancelled,Mobile Money
S0005771,C00001,P0185,ST012,2025-11-04,7,842.96,0.2,Completed,Mobile Money
S0003410,C00561,P0076,ST017,2026-05-27,7,709.69,0.05,Returned,Cash
S0005387,C00422,P0178,ST002,2026-05-07,1,1445.08,0.1,Completed,Cash
S0003537,C00461,P0055,ST006,2025-09-04,1,322.2,0.1,Completed,Bank Transfer
S0003745,C00082,P0167,ST016,2025-01-14,3,360.72,0.05,Cancelled,Card
S0009450,C00297,P0152,ST014,2025-01-07,4,921.95,0.0,Pending,Cash
S0002094,C00428,P0165,ST006,2025-05-27,6,829.13,0.0,completed,Cash
S0000819,C00147,P0118,ST002,2026-03-14,7,807.61,0.15,completed,Bank Transfer
S0007560,C00575,P0059,ST012,2025-09-10,5,416.0,0.15,Pending,Card
S0004675,C00256,P0054,ST018,2025-07-06,7,97.37,0.15,Returned,Mobile Money
S0006306,C00965,P0072,ST016,2025-09-30,2,1114.02,0.15,completed,Bank Transfer
S0006975,C00149,P0049,ST019,2026-04-05,7,470.76,0.0,completed,Mobile Money
S0004001,C00571,P0181,ST007,2025-05-01,5,69.89,0.1,Completed,Cash
S0008907,C00376,P0023,ST007,2026-02-08,3,836.05,0.2,Pending,Cash
S0003036,C00441,P0141,ST019,2025-10-29,3,99.55,0.1,Pending,Cash
S0001000, C00246 ,P0198,ST012,2025-10-03,2,814.72,0.05,Pending,Mobile Money
S0002084,C00382,P0130,ST017,2026-03-16,7,458.08,0.1,Pending,Card
S0008076,C00592,P0075,ST004,2025-06-02,5,427.01,0.2,Completed,Mobile Money
S0001708,C00124,P0110,ST014,2026-07-21,2,1363.59,0.05,Returned,Mobile Money
S0005455,C00417,P0152,ST012,2026-06-01,0,921.28,0.05,Cancelled,Cash
S0001787,C00740,P0083,ST015,2025-04-30,8,1054.45,0.1,Cancelled,Mobile Money
S0009227,C00605,P0172,ST019,2025-06-17,6,1420.49,0.1,completed,Cash
S0003923,C00395,P0085,ST016,2025-02-05,6,988.13,0.15,Cancelled,Cash
S0004811,C00492,P0063,ST012,2025-07-26,7,1438.59,0.1,Returned,Bank Transfer
S0006282,C00313,P0039,ST020,2026-04-01,10,1493.85,0.0,Returned,Card
S0001619,C00040,P0124,ST018,2026-05-18,7,637.65,0.2,Completed,Card
S0003121,C00008,P0006,ST015,2025-01-17,6,1227.88,0.05,Returned,Card
S0000257,C00675,P0168,ST001,2025-09-18,7,747.01,0.05,Completed,Bank Transfer
S0005835,C00547,P0025,ST017,2026-01-21,6,331.0,0.15,Completed,Bank Transfer
S0004598,C00955,P0042,ST017,2026-06-07,7,354.61,0.05,Pending,Bank Transfer
S0004280,C00987,P0153,ST014,2025-04-11,5,501.89,0.0,Cancelled,Mobile Money
S0007453,C00992,P0109,ST017,2025-07-08,6,192.6,0.1,Cancelled,Cash
S0002811,C00600,P0004,ST013,2026-07-07,5,1498.19,0.1,Completed,Bank Transfer
S0008719,C00713,P0066,ST013,2025-04-26,2,156.57,0.2,Pending,Bank Transfer
S0002103,C00957,P0159,ST010,2026-01-24,3,583.22,0.0,completed,Mobile Money
S0000715, C00830 ,P0188,ST011,2025-03-07,7,803.53,0.1,Returned,Card
S0005171,C00467,P0057,ST011,2025-03-16,1,204.53,0.0,Completed,Mobile Money
S0002252,C00239,P0033,ST018,2026-01-25,7,331.76,0.1,Returned,Card
S0001042,C00623,P0134,ST015,2026-07-17,8,1257.47,0.2,Completed,Mobile Money
S0004837,C00758,P0084,ST003,2025-08-04,5,228.26,0.2,completed,Card
S0002282,C00716,P0174,ST012,2026-06-03,4,190.49,0.2,Completed,Card
S0002740,C00385,P0073,ST003,2026-04-22,10,563.06,0.2,completed,Cash
S0007530,C00623,P0188,ST006,2025-11-24,1,802.32,0.0,Cancelled,Bank Transfer
S0002445,C00769,P0110,ST009,2026-02-06,9,1365.12,0.1,Completed,Cash
S0001887,C00945,P0163,ST014,2026-05-07,2,1405.89,0.0,Completed,Card
S0001666,C00763,P0003,ST006,2026-01-11,6,627.97,0.0,Returned,Cash
S0005241,C00353,P0060,ST014,2025-05-09,9,733.71,0.1,Completed,Bank Transfer
S0004790,C00762,P0155,ST002,2026-01-31,2,1412.81,0.15,Pending,Card
S0004469,C00146,P0023,ST015,2025-06-03,10,837.77,0.05,completed,Card
S0001663,C00272,P0050,ST014,2025-09-14,3,343.39,0.1,Completed,Mobile Money
S0007611,C00455,P0195,ST008,2026-01-20,7,894.65,0.2,Pending,Card
S0003084,C00160,P0093,ST012,2025-10-24,3,94.8,0.1,Pending,Bank Transfer
S0000251,C00558,P0181,ST018,2025-04-04,8,70.23,0.15,Returned,Mobile Money
S0003046,C00920,P0079,ST010,2025-09-11,5,1034.47,0.2,Returned,Bank Transfer
S0003349,C00141,P0120,ST016,2025-05-19,10,539.64,0.0,Pending,Cash
S0008728,C00341,P0185,ST020,2026-01-15,4,845.99,0.1,Completed,Bank Transfer
S0005949,C00686,P0072,ST005,2025-04-26,6,1110.83,0.0,Returned,Bank Transfer
S0009939,C00717,P0026,ST013,2025-03-07,4,1074.29,0.2,Returned,Card
S0002585,C00843,P0182,ST011,2025-11-19,8,549.16,0.1,completed,Card
S0005169,C00652,P0185,ST019,2026-03-02,9,845.66,0.05,Returned,Bank Transfer
S0005316,C00588,P0160,ST012,2025-06-24,6,338.02,0.0,Cancelled,Card
S0008841,C00847,P0064,ST002,2026-02-07,9,1302.56,0.15,Completed,Bank Transfer
S0004139,C00360,P0091,ST002,2026-04-06,9,457.7,0.0,Completed,Bank Transfer
S0006584,C00095,P0103,ST002,2025-11-28,7,1299.66,0.05,Pending,Cash
S0002743,C00503,P0093,ST001,2025-10-19,6,93.56,0.05,Completed,Mobile Money
S0004246,C00234,P0180,ST008,2026-04-14,2,691.96,0.15,Returned,Cash
S0004303,C00717,P0178,ST004,2025-03-04,10,1439.48,0.0,completed,Card
S0004399,C00694,P0054,ST002,2025-12-11,3,100.03,0.05,Cancelled,Cash
S0009105,C00230,P0011,ST007,2025-01-14,4,153.37,0.15,Returned,Cash
S0003027,C00540,P0146,ST006,2026-05-26,7,1393.08,0.0,completed,Bank Transfer
S0000613,C00064,P0035,ST017,2026-06-22,3,306.34,0.05,Cancelled,Mobile Money
S0006050,C00017,P0087,ST002,2025-03-10,9,779.65,0.1,completed,Cash
S0004762,C00830,P0118,ST003,2026-01-11,5,807.95,0.15,Completed,Bank Transfer
S0009636,C00319,P0144,ST007,2025-05-27,8,1115.59,0.05,Cancelled,Cash
S0009544,C00026,P0200,ST013,2025-08-04,10,597.57,0.0,Returned,Card
S0002860,C00013,P0152,ST016,2025-11-14,3,918.15,0.0,completed,Mobile Money
S0004977,C00367,P0001,ST001,2025-07-29,6,1036.99,0.05,Completed,Card
S0006519,C00500,P0115,ST006,2025-12-09,3,615.37,0.15,Completed,Mobile Money
S0001133,C00469,P0126,ST013,2026-06-23,9,456.39,0.15,Cancelled,Card
S0003940,C00574,P0155,ST004,2025-09-23,10,1412.68,0.15,completed,Bank Transfer
S0001601, C00235 ,P0090,ST008,2025-12-23,3,617.71,0.1,Returned,Bank Transfer
S0006505,C00038,P0043,ST009,2025-04-23,10,1027.47,0.15,Returned,Mobile Money
S0008399,C00181,P0200,ST007,2026-03-06,4,595.86,0.1,Cancelled,Card
S0001067,C00490,P0105,ST014,2025-05-26,1,734.91,0.15,Completed,Bank Transfer
S0007211,C00495,P0191,ST015,2025-06-20,8,1380.36,0.05,Cancelled,Card
S0002804,C00865,P0027,ST003,2025-03-10,7,1019.38,0.2,Completed,Bank Transfer
S0005813,C00213,P0121,ST006,2025-09-01,4,1017.6,0.1,Completed,Bank Transfer
S0003348,C00556,P0006,ST014,2025-02-19,4,1223.75,0.1,completed,Bank Transfer
S0005514,C00241,P0027,ST015,2025-06-05,3,1024.6,0.15,Returned,Card
S0007793,C00102,P0175,ST004,2025-05-15,-2,520.57,0.2,completed,Mobile Money
S0008819,C00543,P0051,ST007,2025-11-11,5,534.67,0.1,Pending,Mobile Money
S0008969,C00048,P0137,ST014,2025-08-01,8,153.62,0.2,Returned,Cash
S0004020,C00651,P0113,ST020,2026-02-28,10,362.47,0.2,Returned,Card
S0004594,C00384,P0043,ST016,2026-03-31,4,1027.04,0.15,completed,Bank Transfer
S0005249,C00106,P0152,ST003,2026-05-24,6,922.89,0.0,completed,Mobile Money
S0001848,C00039,P0011,ST019,2025-03-03,4,156.69,0.0,Cancelled,Mobile Money
S0006147,C00312,P0100,ST006,2026-03-03,2,914.99,0.2,Returned,Bank Transfer
S0006104,C00188,P0146,ST014,2025-05-07,2,1392.66,0.1,completed,Mobile Money
S0009655,C00651,P0016,ST010,2025-02-10,10,994.78,0.05,Pending,Card
S0000071,C00672,P0159,ST010,2025-01-11,6,580.45,0.0,Cancelled,Bank Transfer
S0005453,C00311,P0162,ST012,2026-06-22,6,308.21,0.05,completed,Cash
S0001527,C00741,P0060,ST010,2025-08-04,10,733.88,0.1,Completed,Bank Transfer
S0003704,C00434,P0182,ST013,2026-03-27,4,554.93,0.05,Completed,Cash
S0002858,C00702,P0015,ST019,2026-01-16,2,1128.97,0.0,Pending,Cash
S0006783,C00514,P0048,ST017,2025-08-02,7,646.29,0.15,Pending,Mobile Money
S0002123,C00555,P0027,ST016,2026-04-26,4,1025.05,0.1,completed,Bank Transfer
S0002657,C00870,P0092,ST013,2025-04-06,7,1117.25,0.0,completed,Mobile Money
S0001032,C00149,P0074,ST019,2025-01-14,7,1467.66,0.15,Completed,Card
S0009350,C00497,P0199,ST020,2025-02-20,6,784.83,0.2,Cancelled,Bank Transfer
S0008175,C00573,P0083,ST019,2025-08-31,7,1054.56,0.2,Completed,Card
S0000733,C00324,P0113,ST004,2025-09-14,4,363.04,0.05,Cancelled,Bank Transfer
S0001784,C00904,P0027,ST018,2026-02-23,2,1026.86,0.2,completed,Bank Transfer
S0004750, C00375 ,P0007,ST001,2025-07-25,4,112.27,0.1,completed,Bank Transfer
S0005508,C00916,P0152,ST001,2025-09-23,8,918.32,0.0,Cancelled,Card
S0004849,C00296,P0143,ST016,2026-05-23,10,1166.85,0.05,Pending,Card
S0006825,C00765,P0081,ST008,2026-01-30,8,204.75,0.2,completed,Cash
S0001785,C00819,P0183,ST008,2026-03-17,10,156.55,0.1,Completed,Card
S0008345,C00761,P0037,ST015,2026-07-07,1,515.92,0.1,Pending,Mobile Money
S0006582,C00796,P0082,ST005,2026-02-02,3,1222.41,0.1,Pending,Bank Transfer
S0004909,C00599,P0106,ST015,2026-07-30,8,442.65,0.2,Pending,Mobile Money
S0002332,C00430,P0100,ST006,2025-12-14,5,917.8,0.1,completed,Card
S0005138,C00382,P0030,ST010,2025-04-28,6,1371.13,0.15,Pending,Cash
S0003990,C00703,P0044, ST018 ,2025-10-09,8,917.93,0.05,Pending,Cash
S0008624,C00549,P0149,ST013,2025-11-13,7,276.65,0.2,completed,Mobile Money
S0002315,C00545,P0117,ST011,2025-03-03,3,291.9,0.15,Cancelled,Mobile Money
S0002160,C00460,P0028,ST016,2025-12-31,9,143.96,0.0,Cancelled,Card
S0004783,C00854,P0147,ST005,2026-06-02,4,1338.34,0.1,completed,Cash
S0001890,C00702,P0168,ST016,2026-01-31,10,743.99,0.15,Completed,Bank Transfer
S0007930,C00592,P0128,ST019,2026-01-18,9,203.99,0.0,Pending,Cash
S0001351,C00586,P0143,ST017,2026-01-27,4,1165.55,0.1,Returned,Mobile Money
S0004408,C00868,P0154,ST018,2025-03-30,9,23.69,0.0,completed,Bank Transfer
S0003146,C00575,P0048,ST020,2025-07-21,2,645.45,0.1,Cancelled,Bank Transfer
S0009257,C00786,P0074,ST015,2025-10-11,6,1466.03,0.05,Cancelled,Card
S0004841,C00046,P0027,ST006,2026-01-30,1,1023.04,0.05,completed,Bank Transfer
S0001517,C00231,P0059,ST015,2026-03-01,8,416.32,0.0,Returned,Bank Transfer
S0005961,C00221,P0153,ST003,2025-04-02,5,504.27,0.2,completed,Card
S0005459,C00990,P0120,ST003,2025-01-20,8,543.8,0.1,completed,Card
S0005373,C00510,P0021,ST020,2025-04-02,7,1307.95,0.15,Completed,Cash
S0007561,C00665,P0009,ST014,2026-06-14,3,149.78,0.15,completed,Cash
S0005485,C00293,P0060,ST011,2025-07-05,8,732.6,0.2,completed,Mobile Money
S0004809,C00206,P0175,ST005,2026-04-30,8,518.56,0.15,Pending,Card
S0009509,C00975,P0173,ST012,2026-03-26,10,662.19,0.15,Completed,Card
S0008360,C00957,P0004,ST019,2025-11-17,6,1494.06,0.05,Completed,Cash
S0008325,C00485,P0200,ST007,2026-02-21,5,593.51,0.05,Completed,Card
S0001372,C00396,P0195,ST015,2025-09-19,5,895.17,0.2,Completed,Mobile Money
S0006469,C00242,P0183,ST004,2026-06-19,10,152.8,0.15,Completed,Card
S0008543,C00976,P0055,ST003,2026-04-12,10,319.96,0.15,completed,Cash
S0008342,C00962,P0117,ST001,2026-01-07,7,293.83,0.0,Completed,Cash
S0000200,C00779,P0184,ST012,2025-03-11,4,107.95,0.05,Cancelled,Mobile Money
S0000167,C00203,P0162,ST002,2025-08-30,6,307.54,0.1,Pending,Mobile Money
S0003167,C00886,P0021,ST003,2025-05-14,6,1312.98,0.2,Pending,Bank Transfer
S0002619,C00708,P0118,ST020,2026-06-10,1,809.37,0.05,completed,Bank Transfer
S0009911,C00998,P0028,ST005,2025-11-20,4,149.14,0.05,Cancelled,Card
S0003149,C00993,P0091,ST002,2025-09-19,3,460.17,0.1,completed,Bank Transfer
S0005864,C00462,P0044,ST002,2025-12-17,7,916.03,0.1,Pending,Bank Transfer
S0008046,C00304,P0153,ST008,2025-11-19,7,505.44,0.15,completed,Cash
S0003184,C00011,P0090,ST013,2026-01-14,4,617.74,0.2,completed,Card
S0008687,C00799,P0082,ST018,2026-05-12,3,1219.29,0.05,Returned,Card
S0007610,C00672,P0163,ST015,2025-11-15,5,1405.34,0.2,completed,Bank Transfer
S0006606,C00810,P0184,ST016,2026-05-09,10,109.03,0.0,completed,Cash
S0008476,C00518,P0068,ST002,2025-05-15,4,99.14,0.05,completed,Mobile Money
S0008190,C00412,P0100,ST010,2025-07-19,1,916.37,0.15,Returned,Card
S0005550,C00517,P0019,ST019,2025-02-09,3,712.07,0.1,completed,Bank Transfer
S0007460,C00674,P0052,ST001,2026-05-14,10,1039.31,0.0,Pending,Cash
S0005987,C00746,P0109,ST008,2025-01-21,10,191.43,0.05,Cancelled,Mobile Money
S0009994,C00272,P0010,ST007,2025-11-05,8,100.87,0.05,completed,Mobile Money
S0003885,C00701,P0043,ST009,2025-01-09,8,1027.27,0.05,Pending,Bank Transfer
S0003810,C00079,P0108,ST014,2025-02-28,10,874.02,0.0,Completed,Mobile Money
S0001105,C00493,P0140,ST011,2025-12-24,8,1312.05,0.05,Returned,Bank Transfer
S0005860,C00459,P0090,ST002,2025-06-10,8,612.52,0.15,Pending,Mobile Money
S0007275,C00549,P0164,ST009,2025-06-10,2,1254.16,0.15,Pending,Mobile Money
S0004543,C00965,P0110,ST009,2025-01-07,6,1365.44,0.15,Pending,Cash
S0006331,C00323,P0025,ST002,2025-02-18,5,333.73,0.05,Returned,Bank Transfer
S0003632,C00582,P0195,ST012,2025-01-06,7,892.72,0.15,Cancelled,Bank Transfer
S0008164,C00518,P0155,ST019,2026-03-14,10,1413.64,0.2,Returned,Card
S0006444,C00054,P0050,ST014,2025-07-08,6,343.0,0.15,Cancelled,Bank Transfer
S0004860,C00052,P0118,ST013,2025-04-24,7,806.67,0.1,completed,Mobile Money
S0007328,C00535,P0035,ST006,2026-07-31,2,305.5,0.0,completed,Bank Transfer
S0009989,C00188,P0021,ST014,2025-03-22,9,1310.92,0.2,Completed,Card
S0003863,C00506,P0003,ST011,2026-04-15,10,625.7,0.15,Completed,Mobile Money
S0003972,C00511,P0012,ST014,2025-12-01,7,1081.13,0.2,Completed,Mobile Money
S0002924,C00146,P0045,ST020,2025-02-21,5,1251.64,0.15,Completed,Card
S0006633,C00922,P0002,ST011,2026-06-02,9,286.59,0.0,Completed,Card
S0009569,C00954,P0148,ST002,2025-08-07,10,555.69,0.2,Pending,Mobile Money
S0003481,C00242,P0038,ST001,2025-05-18,8,311.42,0.1,Pending,Bank Transfer
S0009406,C00008,P0198,ST018,2025-03-23,5,820.27,0.0,Cancelled,Bank Transfer
S0005462,C00866,P0042,ST018,2026-02-10,3,353.35,0.15,Cancelled,Card
S0000412,C00273,P0183,ST011,2025-10-09,4,151.64,0.2,Returned,Bank Transfer
S0009676,C00403,P0197,ST001,2025-10-02,2,113.0,0.05,Cancelled,Card
S0005263,C00329,P0065,ST005,2025-06-04,2,589.63,0.1,Cancelled,Bank Transfer
S0000698,C00086,P0052,ST008,2026-06-18,3,1036.59,0.2,Cancelled,Card
S0003156,C00778,P0135,ST003,2025-06-18,8,1293.51,0.15,Returned,Mobile Money
S0009637,C00681,P0043,ST001,2025-04-30,0,1027.94,0.05,Pending,Cash
S0003215,C00305,P0124,ST002,2025-07-21,1,637.59,0.1,Cancelled,Mobile Money
S0003866,C00162,P0039,ST014,2025-04-06,1,1498.31,0.15,Returned,Cash
S0000162,C00847,P0120,ST014,2026-03-19,7,542.53,0.2,Returned,Cash
S0004161,C00941,P0087,ST014,2026-01-24,5,779.94,,Pending,Mobile Money
S0006590,C00430,P0115,ST009,2025-04-17,3,611.95,0.05,Cancelled,Bank Transfer
S0007895,C00770,P0053,ST016,2025-10-18,4,1494.48,0.05,Pending,Bank Transfer
S0005709,C00430,P0125,ST001,2026-04-05,2,648.62,0.0,Returned,Bank Transfer
S0007168,C00255,P0083,ST007,2026-06-10,9,1054.87,0.0,Pending,Bank Transfer
S0003628,C00561,P0150,ST014,2025-02-18,4,680.15,0.0,Returned,Mobile Money
S0008167,C00733,P0112,ST009,2026-02-15,2,123.59,0.0,Completed,Cash
S0001703,C00523,P0093,ST006,2025-02-07,1,96.88,0.05,Pending,Card
S0004617,C00685,P0181,ST012,2025-09-03,8,68.13,0.15,Cancelled,Card
S0002696,C00073,P0134,ST016,2026-03-10,9,1255.3,0.15,Completed,Card
S0009238,C00537,P0181,ST012,2025-08-30,4,71.12,0.0,Pending,Card
S0001586,C00125,P0148,ST007,2025-03-10,10,552.1,0.0,Pending,Bank Transfer
S0009972,C00732,P0021,ST020,2025-10-30,3,1311.95,0.0,Cancelled,Bank Transfer
S0006336,C00870,P0043,ST005,2026-05-11,1,1024.86,0.2,Pending,Bank Transfer
S0009462,C00417,P0100,ST011,2025-06-25,9,910.81,0.0,Pending,Bank Transfer
S0005173,C00092,P0017,ST017,2026-05-13,8,149.24,0.2,Completed,Cash
S0005839,C00378,P0192,ST013,2025-08-05,4,241.66,0.15,Returned,Mobile Money
S0007181,C00955,P0168,ST004,2025-09-23,6,748.82,0.2,Completed,Mobile Money
S0003030,C00552,P0119,ST008,2025-06-05,5,412.67,0.1,Completed,Bank Transfer
S0009982,C00249,P0124,ST003,2025-02-03,3,639.12,0.05,completed,Mobile Money
S0004240,C00998,P0117,ST017,2025-12-21,5,296.15,0.05,Returned,Bank Transfer
S0001415,C00821,P0107,ST018,2025-03-17,1,401.4,0.15,Returned,Cash
S0008560,C00769,P0083,ST012,2026-07-12,2,1056.17,0.15,completed,Card
S0007646,C00146,P0126,ST002,2025-11-13,2,451.38,0.15,Returned,Card
S0008961,C00577,P0162,ST003,2025-07-31,7,304.42,0.2,Pending,Cash
S0007018,C00594,P0103,ST008,2025-04-04,9,1298.4,0.1,Cancelled,Cash
S0006411,C00152,P0133,ST013,2025-11-16,9,944.61,0.2,Pending,Mobile Money
S0009562,C00001,P0154,ST015,2025-01-17,5,18.49,0.2,Cancelled,Card
S0004325,C00121,P0200,ST004,2025-12-22,3,600.8,0.1,Pending,Card
S0009788,,P0182,ST014,2026-02-08,7,549.36,0.2,Pending,Cash
S0009417,C00309,P0038,ST012,2026-04-04,3,311.58,0.1,Pending,Card
S0008753,C00746,P0049,ST019,2025-08-29,3,467.11,0.1,Pending,Cash
S0007364,C00912,P0125,ST018,2026-06-12,5,649.75,0.15,Returned,Mobile Money
S0006713,C00195,P0047,ST020,2025-08-02,10,619.4,0.05,Pending,Mobile Money
S0002442,C00231,P0141,ST014,2025-08-05,5,100.68,0.2,Returned,Cash
S0000742,C00355,P0105,ST014,2025-10-23,10,735.98,0.1,Returned,Bank Transfer
S0000046,C00287,P0128,ST006,2026-02-10,5,202.86,0.05,Pending,Cash
S0001145,C00087,P0156,ST007,2026-02-10,2,640.45,0.2,Completed,Bank Transfer
S0001553,C00444,P0197,ST010,2026-03-28,10,114.82,0.15,Pending,Mobile Money
S0000037,C00557,P0087,ST019,2026-04-17,8,778.54,0.05,Cancelled,Card
S0009149,C00627,P0019,ST010,2025-10-25,4,714.17,0.0,completed,Bank Transfer
S0006726,C00718,P0082,ST007,2025-11-27,4,1220.7,0.1,Cancelled,Card
S0000915,C00885,P0007,ST003,2025-12-21,5,114.76,0.1,Returned,Bank Transfer
S0009270,C00297,P0185,ST016,2025-11-05,8,849.65,0.2,Completed,Mobile Money
S0008551,C00337,P0129,ST001,2026-04-24,3,1202.41,0.05,Pending,Cash
S0009843,C00740,P0136,ST002,2026-03-08,2,101.57,0.15,completed,Bank Transfer
S0003656,C00487,P0182,ST017,2026-01-02,8,550.12,0.05,Pending,Bank Transfer
S0001917, C00483 ,P0092,ST013,2025-11-16,1,1119.02,0.0,Returned,Cash
S0007730,C00153,P0086,ST005,2025-11-01,2,353.7,0.2,Completed,Card
S0000327,C00961,P0187,ST008,2025-11-10,5,391.33,0.15,Completed,Cash
S0005666,C00838,P0105,ST012,2025-04-19,6,736.67,0.05,Completed,Mobile Money
S0006831,C00047,P0178,ST016,2025-02-11,4,1444.15,0.15,Returned,Mobile Money
S0008594,C00649,P0059,ST015,2026-01-01,3,411.77,0.0,Pending,Mobile Money
S0004354,C00472,P0037,ST003,2025-12-29,8,516.5,0.1,Completed,Bank Transfer
S0009606,C00640,P0024,ST013,2025-04-24,7,604.42,0.1,Returned,Card
S0004167,C00464,P0077,ST018,2025-01-10,10,937.77,0.05,Cancelled,Bank Transfer
S0009810,C00449,P0067,ST016,2025-12-05,10,922.94,0.15,Cancelled,Bank Transfer
S0005787,C00911,P0179,ST019,2025-07-06,1,624.95,0.2,Completed,Bank Transfer
S0000342,C00359,P0159,ST010,2026-04-23,9,579.12,0.15,Returned,Mobile Money
S0002637,C00750,P0120,ST013,2026-01-27,1,541.04,0.0,Completed,Card
S0003393,C00891,P0023,ST007,2026-01-30,7,839.16,0.0,completed,Card
S0008647,C00888,P0141,ST008,2025-08-16,1,99.39,0.15,Completed,Cash
S0003140,C00739,P0026,ST004,2026-01-31,3,1075.85,0.05,Returned,Cash
S0004412,C00006,P0109,ST017,2025-06-19,2,186.57,0.2,Returned,Bank Transfer
S0008222,C00976,P0078,ST013,2026-01-12,10,911.44,0.15,completed,Mobile Money
S0001444,C00016,P0114,ST017,2025-01-27,4,552.52,0.2,Returned,Bank Transfer
S0001017,C00506,P0073,ST009,2025-03-07,1,565.57,0.1,Pending,Cash
S0003274,C00717,P0087,ST018,2025-11-15,2,785.42,0.1,Pending,Bank Transfer
S0004706,C00749,P0037,ST002,2026-04-07,3,516.49,0.15,Completed,Card
S0002787,C00895,P0175,ST003,2026-02-22,1,518.8,0.05,Returned,Bank Transfer
S0003841,C00907,P0003,ST018,2025-05-16,8,628.98,0.2,Completed,Card
S0005674,C00199,P0003,ST013,2025-11-14,6,627.93,0.0,Returned,Bank Transfer
S0009579,C00041,P0138,ST001,2026-03-15,3,1439.3,0.05,Pending,Bank Transfer
S0000628,C00902,P0050,ST004,2025-02-02,10,343.73,0.2,completed,Cash
S0001240,C00381,P0130,ST009,2026-05-23,10,457.79,0.1,Returned,Mobile Money
S0001005,C00038,P0102,ST013,2025-07-17,5,762.98,0.2,Cancelled,Bank Transfer
S0005398,C00116,P0186,ST005,2026-03-14,8,1353.03,0.1,Completed,Cash
S0003609,C00508,P0057,ST001,2026-05-24,4,211.29,0.0,Cancelled,Card
S0009038,C00227,P0042,ST004,2025-08-29,6,354.98,0.15,Pending,Cash
S0006952,C00494,P0044,ST010,2025-05-11,10,916.36,0.15,Pending,Mobile Money
S0009161,C00480,P0022,ST003,2025-08-07,4,649.38,0.05,Cancelled,Card
S0005722,C00589,P0014,ST009,2025-06-03,9,245.27,0.15,Completed,Bank Transfer
S0000267,C00959,P0150,ST011,2026-05-12,10,679.04,0.2,Returned,Mobile Money
S0002664,C00411,P0033,ST011,2026-04-18,10,329.47,0.2,Completed,Bank Transfer
S0007279,C00547,P0071,ST008,2025-08-09,2,1338.23,0.15,Returned,Mobile Money
S0001458,C00695,P0050,ST005,2025-10-06,2,340.13,0.1,Pending,Card
S0000410,C00040,P0187,ST014,2026-07-21,8,387.35,0.0,Cancelled,Bank Transfer
S0004715,C00499,P0123,ST016,2025-07-22,2,810.44,0.15,Pending,Mobile Money
S0006179,C00180,P0049,ST002,2025-11-20,2,471.52,0.05,Cancelled,Bank Transfer
S0002799,C00018,P0164,ST008,2025-04-04,7,1253.83,0.0,Completed,Cash
S0004073,C00836,P0056,ST005,2026-01-02,1,1184.11,0.15,Completed,Mobile Money
S0003334,C00271,P0159,ST009,2025-06-11,5,583.16,0.2,Pending,Bank Transfer
S0006174,C00190,P0037,ST002,2026-07-09,5,512.33,0.05,Returned,Cash
S0006754,C00228,P0079,ST015,2025-09-24,10,1033.52,0.1,Cancelled,Card
S0000728,C00356,P0148,ST016,2026-03-04,8,556.66,0.2,Cancelled,Bank Transfer
S0004112,C00389,P0172,ST018,2026-05-24,8,1418.17,0.0,completed,Card
S0007456,C00521,P0164,ST007,2026-06-07,10,1252.95,0.05,Completed,Cash
S0001325,C00603,P0101,ST012,2026-01-08,4,1238.95,0.2,Cancelled,Mobile Money
S0009550,C00699,P0115,ST005,2026-04-02,3,612.0,0.2,Returned,Mobile Money
S0005039,C00730,P0142,ST016,2025-08-26,10,1167.01,0.1,Pending,Mobile Money
S0007507,C00297,P0105,ST009,2025-12-10,6,735.78,0.1,Completed,Cash
S0008199,C00327,P0124,ST018,2026-03-27,6,636.84,0.1,Pending,Mobile Money
S0000026,C00032,P0164,ST002,2025-02-24,7,1252.92,0.05,Pending,Bank Transfer
S0001909,C00691,P0051,ST001,2026-01-23,2,530.78,0.2,Returned,Card
S0004145,C00327,P0184,ST002,2025-02-28,9,103.9,0.15,Pending,Card
S0002324,C00999,P0191,ST017,2026-03-11,7,1378.53,0.15,Cancelled,Cash
S0003822,C00253,P0191,ST012,2025-06-19,9,1380.91,0.2,Cancelled,Cash
S0001825,C00108,P0134,ST019,2025-05-26,1,1257.51,0.15,Pending,Cash
S0005038,C00965,P0031,ST001,2026-02-25,1,624.97,0.0,Cancelled,Mobile Money
S0009079,C00564,P0198,ST005,2026-03-24,8,813.69,0.1,Pending,Card
S0000850,C00179,P0084,ST012,2025-12-14,6,229.29,0.0,Pending,Mobile Money
S0002871,C00971,P0172,ST018,2025-06-28,10,1419.96,0.1,completed,Cash
S0001867,C00592,P0185,ST012,2025-01-30,1,844.01,0.1,completed,Card
S0002985,C00099,P0049,ST006,2025-10-11,1,467.73,0.2,Returned,Mobile Money
S0004934,C00986,P0007,ST009,2025-01-11,2,115.02,0.05,Completed,Card
S0006780,C00416,P0121,ST018,2026-03-25,4,1016.08,0.2,Pending,Mobile Money
S0008094,C00444,P0005,ST019,2025-07-25,10,304.24,0.0,completed,Bank Transfer
S0001249,C00966,P0010,ST018,2026-01-13,10,102.91,0.05,Returned,Mobile Money
S0007336,C00551,P0075,ST020,2025-08-22,7,428.54,0.0,Pending,Card
S0008548,C00128,P0166,ST014,2025-10-18,9,1098.48,0.1,Returned,Cash
S0005729,C00135,P0153,ST011,2026-07-07,8,507.78,0.0,Cancelled,Cash
S0009226,C00885,P0106,ST003,2025-06-03,3,446.01,0.15,Cancelled,Card
S0001473,C00750,P0027,ST005,2026-04-23,8,1023.41,0.0,completed,Bank Transfer
S0004165,C00747,P0122,ST003,2025-06-15,6,1121.88,0.0,completed,Cash
S0009627,C00322,P0161,ST016,2026-04-26,4,99.2,0.05,Pending,Mobile Money
S0001936,C00848,P0013,ST016,2025-07-08,4,98.28,0.1,completed,Bank Transfer
S0006321,C00783,P0163,ST008,2025-04-09,6,1402.61,0.2,Pending,Card
S0009524,C00156,P0032,ST020,2026-02-11,4,488.46,0.05,Cancelled,Mobile Money
S0003620,C00254,P0051,ST007,2025-03-24,3,530.62,0.05,Pending,Card
S0001894,C00528,P0041,ST007,2025-05-29,2,536.93,0.0,Cancelled,Mobile Money
S0006587,C00178,P0124,ST020,2025-03-14,6,639.35,0.0,completed,Mobile Money
S0001267,C00900,P0087,ST013,2025-03-05,6,780.02,0.1,Pending,Bank Transfer
S0006448,C00783,P0046,ST013,2026-06-03,9,921.76,0.0,completed,Bank Transfer
S0003495,C00258,P0047,ST004,2025-04-26,1,614.62,0.15,Cancelled,Mobile Money
S0002499,C00605,P0192,ST008,2025-08-06,7,242.31,0.05,Completed,Card
S0002064,C00117,P0164,ST006,2025-11-30,9,1255.37,0.2,completed,Cash
S0002005,C00951,P0127,ST019,2025-07-23,10,1486.0,0.05,Completed,Mobile Money
S0007578,C00444,P0025,ST001,2026-03-07,1,329.38,0.05,Cancelled,Card
S0006093,C00633,P0062,ST013,2025-02-19,4,755.72,0.05,Cancelled,Cash
S0001747,C00681,P0052,ST008,2025-01-01,7,1034.69,0.0,Completed,Mobile Money
S0004903,C00386,P0002,ST003,2025-08-24,6,285.16,0.2,Returned,Bank Transfer
S0008084,C00851,P0050,ST010,2025-07-15,7,341.22,0.2,Cancelled,Bank Transfer
S0002145,C00518,P0002,ST002,2025-07-11,9,286.22,0.0,Cancelled,Bank Transfer
S0007196,C00607,P0109,ST003,2025-12-21,9,187.94,0.15,completed,Mobile Money
S0007826,C00899,P0030,ST017,2026-07-01,8,1371.07,0.05,Returned,Card
S0005116,C00553,P0004,ST018,2026-02-14,5,1497.46,0.15,Returned,Card
S0006432,C00648,P0104,ST014,2025-01-24,5,162.96,0.1,Completed,Card
S0002731,C00732,P0088,ST011,2025-05-23,5,694.51,0.0,Completed,Bank Transfer
S0004838,C00397,P0024,ST020,2026-04-14,5,607.0,0.0,Pending,Bank Transfer
S0002180,C00018,P0171,ST019,2025-09-03,9,598.98,0.2,Returned,Card
S0007729,C00620,P0074,ST002,2026-04-29,9,1461.76,0.05,Cancelled,Card
S0006230,C00086,P0121,ST001,2025-10-29,2,1013.32,0.15,Cancelled,Card
S0009863,C00884,P0102,ST013,2026-06-18,8,768.35,0.05,Cancelled,Cash
S0003330,C00242,P0091,ST009,2025-01-26,10,459.37,0.0,Returned,Cash
S0007215,C00884,P0102,ST020,2025-04-30,4,765.67,0.0,Returned,Mobile Money
S0003468,C00247,P0055,ST016,2026-06-05,9,323.18,0.15,Returned,Cash
S0009661, C00760 ,P0085,ST002,2025-05-27,9,985.5,0.15,Completed,Cash
S0005289,C00647,P0198,ST005,2025-07-23,10,818.1,0.0,Returned,Cash
S0004573,C00003,P0159,ST002,2025-01-19,3,580.87,0.1,Pending,Mobile Money
S0007468,C00951,P0055,ST010,2025-08-06,7,322.05,0.15,Completed,Bank Transfer
S0000507, C00961 ,P0122,ST999,2025-08-23,8,1122.63,0.0,Returned,Bank Transfer
S0004083,C00466,P0143,ST011,2026-02-02,3,1166.93,0.0,Returned,Bank Transfer
S0007063,C00714,P0132,ST002,2026-03-22,8,1404.41,0.05,Returned,Card
S0009251,C00022,P0027,ST017,2026-06-21,2,1025.45,0.0,Cancelled,Bank Transfer
S0004509,C00945,P0132,ST007,2025-05-02,8,1401.81,0.2,Returned,Bank Transfer
S0007136,C00505,P0141,ST011,2026-01-30,10,97.83,0.2,Returned,Mobile Money
S0005250,C00557,P0060,ST004,2025-06-26,6,732.77,0.1,Pending,Card
S0000283,C00229,P0199,ST012,2025-11-16,7,782.9,0.15,completed,Card
S0002383,C00884,P0197,ST007,2026-01-09,5,111.86,0.1,Cancelled,Mobile Money
S0003280,C00468,P0048,ST004,2025-05-23,8,648.56,0.15,completed,Bank Transfer
S0000592,C00632,P0158,ST009,2025-06-06,6,100.42,0.15,Completed,Bank Transfer
S0006919,C00230,P0088,ST008,2026-05-15,7,694.91,0.05,Returned,Card
S0005746,C00359,P0193,ST010,2025-01-27,9,908.59,0.0,Completed,Card
S0003304,C00743,P0127,ST013,2025-03-09,5,1484.81,0.0,Cancelled,Cash
S0002700,C00205,P0152,ST013,2025-12-24,3,917.9,0.1,completed,Bank Transfer
S0002060,C00493,P0138,ST003,2026-04-04,10,1441.55,0.0,Returned,Cash
S0007088,C00724,P0125,ST002,2026-05-06,3,645.61,0.1,Completed,Cash
S0004636,C00483,P0086,ST018,2025-03-25,7,354.24,0.1,Completed,Card
S0002119,C00211,P0093,ST016,2025-07-12,4,95.74,0.15,Returned,Bank Transfer
S0003321,C00964,P0118,ST003,2025-10-11,1,811.5,0.0,Returned,Bank Transfer
S0004574,C00913,P0034,ST006,2026-02-27,8,1186.44,0.2,Pending,Bank Transfer
S0003842,C00708,P0161,ST017,2025-02-26,2,100.42,0.1,Returned,Mobile Money
S0009290,C00909,P0087,ST017,2026-05-02,6,780.85,0.1,Pending,Bank Transfer
S0004454,C00774,P0200,ST011,2026-03-08,3,600.89,0.2,Completed,Cash
S0007533,C00047,P0187,ST005,2026-03-02,5,391.94,0.1,Pending,Cash
S0002399,C00205,P0184,ST017,2026-06-10,9,104.25,0.15,Cancelled,Mobile Money
S0001796,C00956,P0034,ST001,2026-05-01,2,1181.79,0.0,Returned,Card
S0003970,C00401,P0018,ST019,2026-05-09,9,873.88,0.1,Cancelled,Cash
S0009029,C00451,P0015,ST008,2025-02-17,8,1129.38,0.0,Completed,Card
S0002240,C00709,P0073,ST005,2025-06-22,8,566.48,0.05,Pending,Mobile Money
S0000943,C00304,P0008,ST015,2025-11-19,10,1263.65,0.15,Cancelled,Bank Transfer
S0002135,C00468,P0180,ST002,2025-07-16,10,686.26,0.2,Pending,Mobile Money
S0006572,C00238,P0162,ST018,2025-05-26,8,309.33,0.1,Returned,Bank Transfer
S0000809,C00621,P0157,ST006,2025-08-25,6,1299.32,0.05,Completed,Mobile Money
S0007525,C00472,P0036,ST005,2025-12-12,7,1281.38,0.0,Pending,Cash
S0005412,C00946,P0106,ST005,2025-11-03,6,441.16,0.0,Cancelled,Card
S0009474,C00513,P0039,ST014,2026-03-13,9,1496.51,0.0,Returned,Card
S0003688,C00784,P0138,ST002,2025-10-12,9,1440.95,0.2,Returned,Cash
S0008260,C00198,P0113,ST010,2025-06-30,4,362.97,0.1,completed,Card
S0004072,C00738,P0021,ST016,2025-01-26,5,1306.78,0.05,Completed,Bank Transfer
S0001538,C00271,P0036,ST018,2025-05-26,3,1280.63,0.0,Completed,Card
S0002184,C00937,P0168,ST006,2025-09-27,7,749.29,0.15,completed,Mobile Money
S0005833,C00423,P0158,ST003,2025-07-22,2,101.36,0.15,Returned,Cash
S0008380,C00375,P0165,ST014,2026-06-13,5,830.21,0.1,Completed,Mobile Money
S0005806,C00952,P0139, ST019 ,2025-03-04,10,1113.77,0.2,Pending,Mobile Money
S0008157,C00543,P0114,ST002,2026-02-19,6,553.25,0.0,Returned,Mobile Money
S0002992,C00994,P0105,ST012,2025-02-16,6,733.91,0.1,completed,Card
S0005618,C00702,P0036,ST016,2025-01-22,8,1284.08,0.05,Completed,Bank Transfer
S0006992,C00632,P0187,ST013,2025-04-24,3,388.39,0.15,Cancelled,Card
S0003345,C00152,P0009,ST011,2025-06-02,3,148.44,0.2,Returned,Mobile Money
S0003639,C00094,P0157,ST012,2025-07-27,8,1289.67,0.2,Pending,Bank Transfer
S0003541,C00809,P0057,ST010,2026-02-20,8,205.55,0.15,completed,Card
S0007975,C00921,P0166,ST008,2026-03-24,6,1096.73,0.05,Returned,Cash
S0000927,C00936,P0041,ST005,2026-07-09,6,538.65,0.15,completed,Mobile Money
S0005347,C00955,P0022,ST019,2025-11-29,9,652.04,0.0,Pending,Card
S0009173,C00481,P0144,ST019,2025-01-28,1,1117.97,0.05,Returned,Cash
S0009278,C00828,P0008,ST020,2026-07-17,7,1262.12,0.2,Pending,Cash
S0005969,C00545,P0070,ST004,2025-04-09,2,1140.61,0.0,Returned,Bank Transfer
S0004792,C00404,P0138,ST002,2026-03-15,1,1443.43,0.0,Returned,Card
S0009552,C00736,P0185,ST008,2025-12-31,4,843.22,0.0,Pending,Mobile Money
S0009502,C00593,P0024,ST013,2025-05-04,3,609.61,0.2,Returned,Bank Transfer
S0003281,C00306,P0194,ST020,2025-01-31,6,1311.89,0.1,Returned,Cash
S0003269,C00116,P0168,ST019,2025-10-08,1,749.14,0.1,Pending,Mobile Money
S0004983,C00419,P0197,ST012,2025-10-21,3,114.33,0.1,completed,Mobile Money
S0007842,C00711,P0092,ST017,2025-03-22,9,1117.93,0.05,Completed,Card
S0001584,C00679,P0052,ST017,2026-03-28,2,1037.09,0.05,Completed,Card
S0007648,C00526,P0195,ST006,2025-01-30,9,898.67,0.15,Completed,Card
S0006449,C00506,P0015,ST019,2025-11-14,3,1129.16,0.1,Cancelled,Cash
S0008869,C00729,P0195,ST013,2025-02-21,4,893.56,0.05,Completed,Cash
S0007878,C00185,P0107,ST016,2026-01-30,1,402.43,0.05,Pending,Bank Transfer
S0000121,C00704,P0157,ST016,2026-06-07,2,1297.56,0.0,Completed,Cash
S0008024,C00451,P0066,ST019,2026-04-07,4,156.9,0.1,Cancelled,Card
S0003913,C00485, P0014 ,ST015,2025-03-04,7,242.17,0.2,Pending,Mobile Money
S0009773,C00462,P0142,ST019,2025-09-10,5,1168.3,0.15,Pending,Cash
S0003490,C00606,P0070,ST011,2026-01-23,2,1137.41,0.15,Returned,Mobile Money
S0006150,C00995,P0071,ST019,2025-02-10,9,1338.39,0.0,Completed,Bank Transfer
S0003110,C00397,P0091,ST006,2025-09-07,9,458.72,0.15,Pending,Cash
S0003175,C00135,P0090,ST020,2026-01-28,6,615.86,0.2,completed,Mobile Money
S0006789,C00429,P0139,ST012,2026-03-04,1,1110.89,0.15,Completed,Cash
S0003720,C00828,P0129,ST002,2025-11-08,1,1200.36,0.1,Completed,Cash
S0004383,C00467,P0160,ST004,2026-01-28,3,338.44,0.0,Pending,Bank Transfer
S0003949,C00183,P0196,ST003,2025-07-10,4,501.59,0.05,Cancelled,Mobile Money
S0001412,C00047,P0198,ST003,2025-11-25,9,817.66,0.15,Completed,Cash
S0004957,C00819,P0010,ST003,2026-07-06,9,101.27,0.2,Cancelled,Card
S0000601,C00124,P0168,ST007,2025-07-24,8,747.96,0.15,completed,Bank Transfer
S0001897,C00381,P0171,ST017,2025-11-07,2,600.12,0.05,Completed,Card
S0001148,C00298,P0183,ST007,2025-05-16,6,151.74,0.1,Pending,Mobile Money
S0006623,C00266,P0152,ST008,2025-11-14,1,924.75,0.2,Pending,Cash
S0004765,C00252,P0181,ST014,2026-03-15,4,71.94,0.1,Completed,Mobile Money
S0004846,C00720,P0019,ST013,2026-04-14,5,710.4,0.0,Pending,Cash
S0002694,C00499,P0016,ST005,2025-03-09,9,992.77,0.1,completed,Card
S0005120,C00836,P0023,ST003,2026-03-03,6,835.91,0.15,Returned,Mobile Money
S0000424,C00272,P0139,ST017,2026-05-26,9,1112.79,0.15,Completed,Mobile Money
S0008027,C00601,P0056,ST009,2025-07-19,8,1185.31,0.2,Returned,Bank Transfer
S0007415,C00492,P0071,ST016,2026-04-24,10,1336.89,0.15,Cancelled,Mobile Money
S0005396,C00719,P0002,ST003,2025-05-30,2,290.68,0.05,Cancelled,Bank Transfer
S0008376,C00393,P0060,ST005,2025-10-29,7,733.38,0.05,Completed,Mobile Money
S0004181,C00103,P0112,ST019,2025-12-26,2,120.61,0.2,Pending,Mobile Money
S0006616,C00379,P0008,ST004,2025-06-23,9,1262.73,0.15,Cancelled,Cash
S0006324,C00318,P0134,ST010,2025-05-13,5,1256.73,0.2,Completed,Card
S0009804,C00830,P0188,ST007,2026-06-19,9,799.06,0.2,Cancelled,Mobile Money
S0000177,C00294,P0015,ST001,2025-07-16,2,1130.46,0.0,Pending,Bank Transfer
S0001498,C00255,P0062,ST001,2025-12-10,4,761.46,0.05,Returned,Cash
S0003379,C00033,P0025,ST020,2025-01-19,8,331.31,0.0,Returned,Mobile Money
S0001266,C00673,P0168,ST005,2025-07-19,7,-50.0,0.05,Cancelled,Card
S0004358,C00123,P0112,ST014,2025-05-29,3,126.43,0.15,Pending,Mobile Money
S0001815,C00643,P0115,ST010,2026-02-26,10,610.46,0.05,Cancelled,Cash
S0007103,C00266,P0170,ST006,2026-03-30,8,408.77,0.2,Pending,Bank Transfer
S0007529,C00958,P0154,ST011,2025-11-06,5,21.07,0.2,Returned,Cash
S0007844,C00471,P0160,ST008,2025-03-15,6,340.0,0.0,completed,Card
S0008047,C00958,P0191,ST006,2025-06-18,1,1380.6,0.1,Returned,Bank Transfer
S0004942,C00310,P0099,ST006,2025-06-28,2,1389.1,0.1,Cancelled,Bank Transfer
S0004798,C00551,P0116,ST004,2026-03-01,3,36.35,0.05,completed,Card
S0006074,C00126,P0063,ST015,2026-03-03,7,1440.29,0.1,Completed,Bank Transfer
S0006246,C00752,P0056,ST018,2025-10-30,10,1187.56,0.1,Completed,Cash
S0006065,C00496,P0118,ST018,2026-07-01,2,809.49,0.2,Pending,Bank Transfer
S0006821,C00119,P0017,ST002,2025-06-07,3,150.08,0.05,Cancelled,Bank Transfer
S0005114,C00919,P0009,ST017,2025-11-11,3,152.05,0.1,Completed,Cash
S0006974,C00288,P0046,ST018,2026-04-25,8,922.31,0.1,Pending,Mobile Money
S0000452,C00846,P0151,ST003,2025-05-28,6,33.92,0.2,completed,Cash
S0001248,C00206,P0018,ST001,2025-06-21,10,875.28,0.15,Completed,Cash
S0008077,C00432,P0185,ST012,2025-09-19,10,844.76,0.15,completed,Card
S0008817,C00175,P0159,ST015,2025-08-24,5,579.52,0.05,Completed,Card
S0009570,C00027,P0003,ST003,2025-03-07,10,626.14,0.15,completed,Cash
S0001546,C00035,P0047,ST019,2026-05-16,2,618.92,0.05,completed,Mobile Money
S0004234,C00753,P0020,ST005,2025-08-25,6,1325.25,0.05,Completed,Card
S0007397,C00177,P0129,ST008,2025-12-30,3,1201.37,0.2,Completed,Mobile Money
S0001360,C00591,P0137,ST020,2025-09-25,10,151.93,0.15,Completed,Card
S0006592,C00703,P0009,ST014,2025-09-04,2,155.63,0.1,completed,Cash
S0007927,C00646,P0028,ST005,2025-01-13,3,149.17,0.05,completed,Cash
S0003679,C00155,P0099,ST002,2025-11-16,5,1392.33,0.05,completed,Cash
S0008106,C00608,P0047,ST013,2025-10-09,7,620.74,0.05,Returned,Bank Transfer
S0007178,C00108,P0052,ST005,2025-10-08,1,1036.7,0.0,Completed,Mobile Money
S0006182,C00830,P0139,ST009,2025-01-09,9,1108.4,0.05,Returned,Bank Transfer
S0007879,C00771,P0138,ST014,2025-04-15,10,1445.14,0.05,Completed,Bank Transfer
S0006099,C00736,P0044,ST020,2025-11-03,4,917.42,0.0,Returned,Cash
S0003812,C00888,P0103,ST010,2026-06-29,9,1296.94,0.05,completed,Cash
S0003325,C00017,P0113,ST003,2025-07-11,8,361.16,0.1,Returned,Bank Transfer
S0002343,C00672,P9999,ST018,2025-03-29,8,646.68,0.15,Returned,Mobile Money
S0003830,C00206,P0074,ST008,2025-10-20,5,1461.15,0.05,Returned,Bank Transfer
S0002221,C00297,P0014,ST017,2026-05-26,6,247.08,0.1,completed,Cash
S0006631,C00146,P0187,ST005,2026-01-27,3,388.4,0.2,completed,Card
S0000740,C00775,P0170,ST015,2025-04-30,8,411.44,0.1,Cancelled,Bank Transfer
S0001914,C00883,P0040,ST016,2026-04-20,5,1286.85,0.0,completed,Cash
S0008859,C00598,P0125,ST003,2025-02-27,9,644.8,0.0,Returned,Mobile Money
S0002888,C00762,P9999,ST007,2025-02-09,8,403.58,0.2,completed,Mobile Money
S0003579,C00239,P0189,ST010,2026-06-26,5,641.4,0.05,Returned,Bank Transfer
S0008528,C00783,P0107,ST018,2026-07-19,7,405.98,0.0,completed,Bank Transfer
S0000066,C00536,P0057,ST008,2026-03-26,6,205.65,0.2,completed,Mobile Money
S0000983,C00123,P0085,ST015,2025-09-25,6,985.76,0.1,Pending,Mobile Money
S0006258,C00225,P0121,ST002,2025-10-17,9,1018.6,0.15,Returned,Cash
S0003155,C00555,P0082,ST016,2025-03-01,9,1219.75,0.15,Pending,Bank Transfer
S0004160,C00777,P0109,ST008,2026-04-23,6,190.83,0.1,Completed,Cash
S0003847,C00199,P0018,ST009,2025-03-24,4,870.89,0.0,completed,Bank Transfer
S0006792,C00436,P0195,ST011,2026-04-29,9,892.53,0.2,Returned,Card
S0006379,C00457,P0037,ST016,2026-05-18,7,512.94,0.15,Cancelled,Cash
S0003649,C00987,P0111,ST013,2026-06-06,6,496.95,0.2,completed,Card
S0009158,C00354,P0160,ST012,2025-12-28,10,335.02,0.1,Cancelled,Bank Transfer
S0008928,C00294,P0127,ST019,2025-02-25,9,1485.34,0.1,completed,Card
S0004075,C00634,P0181,ST004,2026-06-03,3,69.09,0.05,completed,Bank Transfer
S0006693,C00498,P0065,ST013,2025-10-05,8,590.5,0.2,Returned,Cash
S0007057,C00886,P0064,ST005,2025-07-01,8,1299.69,0.0,Cancelled,Cash
S0007779,C00149,P0192,ST015,2025-10-28,9,244.59,0.15,Completed,Mobile Money
S0009394,C00274,P0038,ST014,2025-09-10,1,310.67,0.2,Pending,Bank Transfer
S0004390,C00353,P0030,ST009,2026-05-31,6,1373.17,0.15,Returned,Bank Transfer
S0006401,C00799,P0113,ST003,2025-10-18,10,363.2,0.15,Pending,Bank Transfer
S0004812,C00784,P0063,ST001,2026-04-07,9,1437.96,0.0,completed,Bank Transfer
S0000654,C00089,P0140,ST020,2026-06-26,3,1309.84,0.15,Returned,Card
S0004766,C00334,P0057,ST007,2025-08-07,10,207.99,0.1,Pending,Bank Transfer
S0005229,C00820,P0185,ST011,2025-11-23,7,846.74,0.0,Returned,Mobile Money
S0000370,C00339,P0175,ST017,2025-06-17,6,523.53,0.2,Completed,Cash
S0004179,C00088,P0047,ST006,2026-03-08,6,620.56,0.2,Cancelled,Card
S0009835,C00993,P0197,ST017,2025-04-15,5,113.52,0.15,Pending,Mobile Money
S0001511,C00580,P0021,ST019,2026-03-29,10,1313.86,0.0,completed,Bank Transfer
S0007242,C00590,P0010,ST014,2025-02-27,1,102.68,0.2,Returned,Mobile Money
S0000535,C00669,P0126,ST011,2026-04-04,4,458.49,0.2,Returned,Mobile Money
S0005504,C00174,P0183,ST019,2025-12-04,10,155.92,0.05,completed,Bank Transfer
S0002174,C00111,P0068,ST011,2025-08-04,3,100.55,0.0,Pending,Cash
S0006982,C00779,P0080,ST018,2025-09-11,10,868.9,0.0,Pending,Mobile Money
S0003929,C00118,P0023,ST001,2026-01-23,6,837.01,0.05,Pending,Cash
S0001166,C00109,P0046,ST008,2025-12-17,5,924.07,0.0,Pending,Card
S0008373,C00663,P0061,ST006,2026-05-25,6,235.72,0.0,Completed,Bank Transfer
S0000704,C00335,P0106,ST010,2025-03-27,4,439.78,0.0,Cancelled,Cash
S0004495,C00339,P0002,ST005,2026-06-21,8,288.9,0.2,Cancelled,Mobile Money
S0005232,C00737,P0149,ST006,2026-07-22,7,276.13,0.0,Completed,Card
S0007889,C00063,P0158,ST011,2025-01-31,9,103.72,0.1,Cancelled,Card
S0008394,C00903,P0098,ST003,2025-02-06,10,806.22,0.1,Cancelled,Mobile Money
S0000851,C00561,P0195,ST010,2025-03-06,9,896.24,0.1,Returned,Cash
S0003529,C00889,P0090,ST017,2026-06-06,5,615.64,0.05,completed,Mobile Money
S0001530,C00530,P0044,ST010,2025-05-06,6,919.25,0.05,completed,Mobile Money
S0001667,C00192,P0110,ST008,2025-02-26,1,1365.92,0.1,completed,Mobile Money
S0007613,C00183,P0026,ST006,2025-01-28,2,1075.51,0.15,Cancelled,Bank Transfer
S0007502,C00779,P0180,ST019,2026-04-04,6,686.42,0.05,Completed,Mobile Money
S0003776,C00822,P0179,ST016,2026-04-23,5,630.42,0.1,Returned,Card
S0000786,C00521,P0072,ST002,2025-01-08,9,1114.16,0.0,Pending,Bank Transfer
S0004268,C00185,P0141,ST007,2025-10-06,8,104.13,0.2,Returned,Card
S0003710,C00161,P0002,ST015,2025-09-18,8,285.53,0.15,completed,Mobile Money
S0003197,C00758,P0156,ST012,2025-07-10,8,644.34,0.1,Pending,Card
S0008602,C00149,P0158,ST008,2025-07-17,9,99.96,0.15,Returned,Mobile Money
S0009494,C00187,P0161,ST011,2026-06-24,5,102.67,0.1,Cancelled,Card
S0008080,C00573,P0107,ST011,2025-05-24,4,400.72,0.2,Pending,Cash
S0005017,C00507,P0032,ST012,2026-04-06,5,484.83,0.05,Returned,Mobile Money
S0001334,C00257,P0084,ST020,2025-08-30,8,228.42,0.2,completed,Bank Transfer
S0005269,C00409,P0142,ST010,2025-02-27,7,1166.73,0.0,completed,Cash
S0004388,C00866,P0102,ST008,2026-01-14,3,764.84,0.1,Returned,Mobile Money
S0006210,C00507,P0033,ST013,2025-08-15,3,334.2,0.1,Cancelled,Bank Transfer
S0004016,C00854,P0046,ST018,2025-09-19,8,926.39,0.05,Cancelled,Mobile Money
S0002607,C00344,P0086,ST005,2025-07-29,4,359.17,0.15,Cancelled,Card
S0002632,C00237,P0018,ST011,2025-01-30,4,875.97,0.1,completed,Bank Transfer
S0005060,C00289,P0192,ST011,2025-01-03,5,245.98,0.1,Pending,Bank Transfer
S0000556,C00904,P0114,ST007,2025-04-13,2,551.02,0.15,Completed,Mobile Money
S0006568,C00139,P0157,ST017,2025-02-11,9,1296.37,0.0,Completed,Bank Transfer
S0007642,C00525,P0135,ST011,2026-03-27,7,1293.64,0.15,completed,Cash
S0009024,C00456,P0080,ST002,2025-08-27,6,865.7,0.05,Returned,Card
S0008090,C00336,P0118,ST017,2026-02-05,1,808.47,0.1,Returned,Card
S0002534,C00770,P0084,ST006,2026-04-19,7,227.94,0.05,Returned,Mobile Money
S0003861,C00320,P0058,ST020,2025-12-20,1,1326.48,0.0,Pending,Bank Transfer
S0006955,C00574,P0123,ST020,2025-06-08,2,814.38,0.05,Pending,Cash
S0009357,C00787,P0095,ST011,2026-03-21,9,57.97,0.1,Cancelled,Cash
S0008459,C00990,P0083,ST005,2025-05-02,1,1059.01,0.15,Returned,Bank Transfer
S0001916,C00817,P0001,ST013,2025-05-09,4,1034.15,0.15,Cancelled,Mobile Money
S0004424,C00039,P0033,ST001,2026-01-05,7,333.34,0.0,Pending,Cash
S0001946,C00186,P0156,ST007,2025-12-26,4,639.45,,Pending,Cash
S0002412,C00387,P0180,ST017,2026-01-15,7,688.65,0.1,Returned,Bank Transfer
S0007557,C00153,P0057,ST020,2025-03-24,7,203.0,0.05,Cancelled,Bank Transfer
S0006724,C00282,P0070,ST017,2025-08-09,9,1140.74,0.2,Cancelled,Card
S0007229,C00175,P0145,ST014,2025-01-01,3,1493.71,0.05,completed,Cash
S0001270,C00116,P0008,ST018,2026-02-14,8,1266.06,0.2,Cancelled,Mobile Money
S0005317,C00184,P0197,ST019,2025-12-19,8,115.47,0.1,Returned,Cash
S0007654,C00719,P0107,ST011,2025-10-07,6,399.33,0.05,Pending,Cash
S0007239,C00576,P0196,ST015,2026-07-19,8,507.72,0.05,Cancelled,Card
S0008079,C00020,P0063,ST010,2025-03-31,1,1440.6,0.1,Completed,Cash
S0008900,C00395,P0049,ST020,2026-06-14,1,470.57,0.15,Returned,Cash
S0009877,C00538,P0021,ST014,2026-04-13,10,1310.15,0.2,Cancelled,Bank Transfer
S0004372,C00716,P0013,ST003,2025-07-27,2,100.98,0.15,completed,Card
S0004192,C00038,P0094,ST012,2026-03-10,8,487.9,0.1,Completed,Cash
S0001078,C00238,P0147,ST001,2025-12-28,3,1338.07,0.05,completed,Bank Transfer
S0003769,C00655,P0169,ST019,2026-11-05,3,1119.66,0.2,Completed,Cash
S0009197,C00467,P0189,ST001,2026-04-14,3,647.98,0.1,Returned,Card
S0000148,C00589,P0106,ST020,2025-12-21,2,444.23,0.0,Cancelled,Bank Transfer
S0005501,C00150,P0126,ST003,2026-07-28,7,455.5,0.05,Pending,Mobile Money
S0008395,C00839,P0045,ST010,2025-08-20,7,1245.68,0.1,Completed,Bank Transfer
S0008530,C00529,P0170,ST011,2025-12-16,6,406.75,0.1,Returned,Cash
S0004820,C00438,P0049,ST009,2025-12-02,2,466.97,0.05,Returned,Bank Transfer
S0002485,C00038,P0121,ST012,2026-05-16,7,1015.92,0.05,Returned,Mobile Money
S0009026,C00526,P0086,ST004,2025-01-05,1,355.33,0.2,Pending,Card
S0002311,C00069,P0092,ST005,2026-03-11,2,1114.8,0.0,Completed,Bank Transfer
S0008504,C00411,P0192,ST004,2026-02-07,3,247.31,0.2,Pending,Cash
S0007647,C00437,P0080,ST008,2025-07-01,3,871.01,0.1,Pending,Mobile Money
S0007021,C00421,P0148,ST018,2026-04-07,7,556.91,0.1,Cancelled,Card
S0001760,C00952,P0145,ST014,2025-07-26,2,1491.63,0.15,Returned,Bank Transfer
S0008283,C00111,P0040,ST012,2026-07-17,9,1286.39,0.2,completed,Cash
S0006102,C00896,P0172,ST016,2025-07-11,3,1423.05,0.2,completed,Card
S0006007,C00295,P0179,ST006,2025-06-09,10,628.59,0.1,Pending,Bank Transfer
S0002380,C00743,P0015,ST001,2025-09-03,9,1128.38,0.15,Completed,Mobile Money
S0001147,C00202,P0089,ST019,2025-12-08,9,284.79,0.1,completed,Card
S0002203,C00332,P0079,ST003,2025-01-15,1,1030.67,0.0,Returned,Mobile Money
S0002258,C00022,P0084,ST011,2026-06-27,2,230.46,0.15,Returned,Card
S0008123,C00806,P0170,ST003,2026-02-08,10,402.83,0.1,Cancelled,Bank Transfer
S0004051,C00205,P0165,ST019,2025-12-05,4,829.65,0.1,Pending,Card
S0005226,C00543,P0015,ST012,2026-04-21,5,1128.04,0.0,Cancelled,Cash
S0006219,C00292,P0110,ST014,2025-02-11,8,1366.49,0.1,completed,Bank Transfer
S0009133,C00833,P0053,ST006,2026-04-12,6,1494.84,0.05,completed,Bank Transfer
S0002045,C00694,P0033,ST007,2026-02-26,8,328.84,0.0,completed,Mobile Money
S0000079,C00953,P0190,ST006,2025-12-07,9,951.66,0.1,Returned,Mobile Money
S0006249,C00090,P0159,ST002,2025-09-04,1,581.46,0.05,Completed,Bank Transfer
S0005476,C00817,P0187,ST016,2025-06-17,7,388.92,0.1,Pending,Cash
S0000567,C00029,P0145,ST001,2026-05-08,8,1490.92,0.1,Cancelled,Bank Transfer
S0006651,C00797,P0047,ST014,2025-11-12,2,618.85,0.1,Cancelled,Mobile Money
S0000147,C00807,P0054,ST013,2025-11-27,10,99.38,0.0,completed,Bank Transfer
S0005893,C00314,P0097,ST005,2025-11-29,2,1375.36,0.1,Returned,Card
S0004653,C00623,P0049,ST014,2026-02-02,4,464.9,0.2,Pending,Cash
S0005206,C00163,P0039,ST011,2025-06-07,7,1493.34,0.0,Cancelled,Cash
S0002410,C00651,P0195,ST018,2025-08-22,5,892.6,0.1,Completed,Cash
S0004144,C00800,P0121,ST004,2026-06-06,1,1014.12,0.1,Completed,Cash
S0009580,C00118,P0004,ST018,2025-10-22,10,1500.86,0.2,Returned,Cash
S0009013,C00111,P0200,ST003,2025-06-18,10,595.19,0.15,Completed,Card
S0000460,C00727,P0041,ST017,2026-04-03,2,535.22,0.15,Completed,Card
S0006545,C00510,P0051,ST014,2025-10-02,7,528.61,0.2,Returned,Bank Transfer
S0000754,C00074,P0167,ST008,2026-02-09,7,359.03,0.1,Completed,Mobile Money
S0002606,C00540,P0079,ST007,2025-02-26,10,1028.73,0.05,completed,Mobile Money
S0002316,C00761,P0002,ST014,2026-02-21,7,285.82,0.1,Completed,Mobile Money
S0009204,C00922,P0155,ST020,2025-08-14,3,1412.02,0.15,completed,Cash
S0009101,C00481,P0092,ST007,2025-03-08,10,1116.8,0.0,Returned,Mobile Money
S0005620,C00778,P0084,ST013,2025-11-04,9,229.96,0.05,Cancelled,Card
S0009737,C00989,P0038,ST002,2026-07-21,8,308.23,0.1,Completed,Cash
S0002742,C00284,P0180,ST013,2025-05-14,7,683.35,0.0,Pending,Card
S0009595,C00604,P0193,ST002,2025-08-01,8,911.97,0.05,Cancelled,Mobile Money
S0005769,C00436,P0144,ST005,2025-10-17,4,1114.59,0.2,Completed,Mobile Money
S0005433,C00966,P0007,ST020,2025-06-26,8,112.17,0.1,completed,Card
S0002497,C00623,P0005,ST016,2025-06-13,4,302.99,0.1,Returned,Cash
S0001842,C00247,P0199,ST001,2026-06-13,6,782.7,0.1,Cancelled,Card
S0002345,C00441,P0027,ST002,2026-02-20,4,1023.84,0.0,Completed,Card
S0004393,C00077,P0141,ST004,2025-12-26,5,97.51,0.0,Cancelled,Cash
S0008566,C00905,P0011, ST010 ,2025-05-16,8,156.88,0.15,Completed,Bank Transfer
S0001019,C00295,P0100,ST015,2026-04-05,2,919.63,0.1,Returned,Cash
S0001662,C00832,P0162,ST001,2025-05-07,10,308.68,0.15,completed,Mobile Money
S0006874,C00665,P0082,ST006,2026-06-12,10,1220.35,0.0,completed,Cash
S0000413,C00237,P0015,ST003,2026-02-01,7,1127.51,0.15,Completed,Card
S0002863,C00048,P0035,ST004,2026-07-29,6,302.34,0.05,Returned,Card
S0004866,C00913,P0141,ST001,2026-01-06,8,99.9,0.05,Returned,Bank Transfer
S0009092,C00022,P0078,ST011,2026-07-06,4,914.83,0.05,Cancelled,Card
S0003605,C00881,P0082,ST020,2026-06-23,5,1218.52,0.05,Returned,Cash
S0004417,C00478,P0092,ST003,2025-07-09,4,1112.96,0.1,Cancelled,Cash
S0008218,C00802,P0003,ST019,2025-09-19,4,627.03,0.0,Cancelled,Mobile Money
S0007115,C00688,P0137,ST012,2025-02-10,9,153.23,0.05,Cancelled,Cash
S0005881,C00561,P0142,ST007,2025-03-31,9,1166.6,0.2,Pending,Cash
S0009578,C00791,P0053,ST004,2025-08-05,8,1497.39,0.1,Pending,Card
S0006030,C00126,P0190,ST008,2025-12-11,7,951.59,0.1,Returned,Mobile Money
S0001732,C00714,P0141,ST008,2025-08-19,9,95.54,0.2,completed,Card
S0003210,C00106,P0043,ST008,2025-07-07,1,1023.43,0.0,Cancelled,Card
S0001044,C00459,P0175,ST010,2026-01-15,7,520.7,0.2,Completed,Bank Transfer
S0003112,C00088,P0010,ST004,2025-09-01,9,99.08,0.15,Cancelled,Bank Transfer
S0001161,C00827,P0061,ST006,2025-06-02,7,235.88,0.0,completed,Mobile Money
S0007593,C00970,P0093,ST017,2025-10-16,9,89.28,0.2,Returned,Bank Transfer
S0006929,C00083,P0038,ST007,2025-11-18,10,309.27,0.1,Returned,Mobile Money
S0008964,C00457,P0059,ST006,2025-12-26,10,414.86,0.15,Pending,Card
S0009859,C00953,P0040,ST011,2025-06-10,2,1287.37,0.2,Returned,Card
S0009162,C00150,P0114,ST002,2026-05-24,8,554.38,0.15,Completed,Mobile Money
S0002704,C00438,P0057,ST015,2025-04-03,1,208.73,0.05,Returned,Mobile Money
S0002034,C00503,P0153,ST008,2025-06-16,8,501.39,0.0,Returned,Cash
S0002107,C00268,P0140,ST001,2026-03-09,5,1308.12,0.15,Returned,Cash
S0000702,C00306,P0025,ST008,2025-03-19,4,330.1,0.15,Completed,Cash
S0000404,C00734,P0099,ST013,2025-10-24,5,1390.35,0.0,Returned,Mobile Money
S0008989,C00159,P0112,ST006,2025-06-15,1,123.55,0.05,Pending,Card
S0005871,C00693,P0167,ST007,2025-10-30,3,358.05,0.2,completed,Mobile Money
S0002397,C00673,P0057,ST007,2025-05-31,5,204.39,0.1,Completed,Bank Transfer
S0004492,C00598,P0069,ST004,2026-06-26,7,1361.08,0.2,Cancelled,Bank Transfer
S0001711,C00600,P0150,ST019,2025-03-28,4,680.82,0.15,completed,Mobile Money
S0003432,C00053,P0186,ST006,2025-11-19,8,1353.22,0.0,completed,Bank Transfer
S0002388,C00780,P0147,ST016,2026-04-27,2,1336.15,0.2,Pending,Mobile Money
S0003882,C00683,P0113,ST003,2026-02-21,9,359.36,0.0,Returned,Cash
S0003081,C00059,P0150,ST012,2025-08-04,10,679.58,0.0,Pending,Card
S0000539,C00689,P0185,ST018,2025-05-07,5,841.95,0.2,Pending,Cash
S0004000,C00158,P0181,ST019,2026-05-13,5,70.95,0.2,Pending,Mobile Money
S0005854,C00565,P0065,ST005,2026-02-01,7,588.43,0.0,Cancelled,Mobile Money
S0009112,C00443,P0094,ST018,2025-12-30,10,489.09,0.05,Completed,Mobile Money
S0009332,C00497,P0177,ST013,2025-01-14,8,14.39,0.15,Pending,Card
S0000991,C00468,P0069,ST020,2026-04-29,8,1360.73,0.15,completed,Bank Transfer
S0006732,C00065,P0153,ST015,2025-08-08,6,504.54,0.05,Cancelled,Card
S0008089, C00923 ,P0059,ST015,2025-08-27,5,414.19,0.0,completed,Mobile Money
S0004459,C00355,P0129,ST007,2026-05-17,4,1199.48,0.2,Completed,Bank Transfer
S0003856,C00687,P0039,ST016,2025-09-15,8,1492.72,0.05,completed,Mobile Money
S0009477,C00652,P0174,ST016,2025-12-13,2,192.37,0.2,Returned,Cash
S0004732,C00606,P0028,ST003,2026-05-02,2,151.99,0.05,completed,Card
S0001888,C00784,P0043,ST015,2025-12-05,2,1029.79,0.15,Completed,Bank Transfer
S0009042,C00752,P0117,ST013,2025-04-27,5,296.47,0.0,Pending,Cash
S0000568,C00554,P0004,ST019,2026-02-25,8,1500.77,0.0,Completed,Bank Transfer
S0004130,C00704,P0125,ST001,2026-07-17,9,647.1,0.2,Pending,Bank Transfer
S0001974,C00583,P0125,ST012,2025-04-14,1,644.93,0.05,Cancelled,Bank Transfer
S0006937,C00536,P0068,ST006,2026-07-05,6,100.52,0.1,Pending,Mobile Money
S0003559,C00382,P0059,ST004,2025-07-10,6,415.01,0.1,Completed,Cash
S0007282,C00978,P0003,ST014,2026-07-17,8,630.82,0.15,Cancelled,Mobile Money
S0005820,C00343,P0053,ST006,2026-04-15,4,1494.18,0.0,Cancelled,Bank Transfer
S0004392,C00857,P0099,ST012,2025-07-22,5,1390.95,0.05,Returned,Mobile Money
S0000402,C00683,P0070,ST002,2025-11-28,6,1139.25,0.15,Pending,Bank Transfer
S0007582,C00221,P0141,ST020,2025-10-05,3,100.08,0.15,Returned,Mobile Money
S0009807,C00122,P0150,ST011,2025-06-20,3,676.32,0.0,Cancelled,Bank Transfer
S0003199,C00806,P0107,ST010,2025-11-18,9,396.92,0.0,Completed,Mobile Money
S0000446,C00262,P0089,ST011,2025-11-28,6,285.1,0.05,Returned,Card
S0008165,C00552,P0074,ST018,2025-05-08,4,1465.33,0.2,completed,Cash
S0008533,C00473,P0096,ST007,2025-02-27,1,962.08,0.0,Returned,Cash
S0007243,C00508,P0114,ST001,2026-02-20,2,555.04,0.05,Pending,Mobile Money
S0004363,C00824,P0109,ST008,2025-06-25,9,189.41,0.05,Pending,Cash
S0004527,C00267,P0139,ST006,2025-10-29,4,1107.41,0.0,Returned,Card
S0006739,C00754,P0011,ST006,2025-05-06,9,158.18,0.0,Pending,Bank Transfer
S0006696,C00023,P0079,ST011,2025-08-09,7,1030.98,0.15,Cancelled,Cash
S0007007,C00451,P0175,ST018,2026-03-04,8,520.42,0.2,Completed,Card
S0007263,C00571,P0172,ST014,2025-02-26,8,1422.55,0.0,Pending,Card
S0008328,C00957,P0154,ST004,2025-10-30,8,20.68,0.0,Returned,Mobile Money
S0009317,C00767,P0038,ST003,2025-08-03,4,308.96,0.2,completed,Bank Transfer
S0006261,C00305,P0090,ST002,2025-11-01,10,618.72,0.1,Pending,Cash
S0005872,C00533,P0178,ST014,2025-05-11,5,1444.18,0.2,Cancelled,Cash
S0000837,C00211,P0193,ST013,2026-06-29,8,907.2,0.2,Cancelled,Mobile Money
S0004648,C00449,P0183,ST004,2026-07-06,1,151.51,0.05,completed,Mobile Money
S0009414,C00167,P0089,ST007,2026-07-01,10,286.22,0.15,Completed,Mobile Money
S0000303,C00881,P0060,ST017,2026-03-21,4,734.26,0.1,completed,Mobile Money
S0003896,C00026,P0024,ST018,2025-06-27,6,607.45,0.05,completed,Cash
S0009448,C00206,P0119,ST007,2026-04-24,1,411.83,0.2,Pending,Bank Transfer
S0002032,C00591,P0156,ST007,2025-10-19,9,639.7,0.05,Returned,Card
S0005198,C00727,P0055,ST005,2025-02-21,8,317.84,0.2,Returned,Card
S0005834,C00733,P0151,ST002,2025-09-14,9,34.44,0.2,completed,Mobile Money
S0001570,C00712,P0054,ST004,2025-03-15,1,98.28,0.1,Returned,Cash
S0004409,C00160,P0117,ST014,2025-06-21,8,292.24,0.15,Cancelled,Bank Transfer
S0001629,C00605,P0127,ST013,2025-08-10,4,1485.57,0.2,Returned,Cash
S0002964,C00231,P0186,ST004,2025-02-15,4,1349.96,0.1,Cancelled,Card
S0000957,C00744,P0176,ST013,2025-07-28,6,339.18,0.0,Returned,Cash
S0008829,C00873,P0077,ST007,2026-01-07,4,942.36,0.05,completed,Mobile Money
S0009815,C00944,P0187,ST019,2026-05-06,8,390.25,0.05,Returned,Card
S0005142,C00162,P0181,ST004,2025-08-28,3,68.2,0.15,Completed,Cash
S0004258,C00980,P0196,ST014,2025-09-05,8,502.59,0.2,Pending,Bank Transfer
S0000773,C00501,P0198,ST006,2025-10-19,8,813.93,0.2,completed,Cash
S0004847,C00022,P0121,ST001,2025-01-13,6,1018.02,0.15,Returned,Mobile Money
S0003758,C00027,P0091,ST007,2026-06-23,8,460.56,0.1,Pending,Cash
S0007481,C00432,P0022,ST005,2026-02-13,4,647.89,0.2,Returned,Card
S0005677,C00401,P0163,ST010,2026-06-04,9,1402.64,0.0,completed,Bank Transfer
S0007391,C00260,P0075,ST014,2025-01-14,8,428.84,0.0,Cancelled,Bank Transfer
S0007369,C00962,P0181,ST014,2025-03-18,4,70.36,0.15,Cancelled,Mobile Money
S0000033,C00961,P0055,ST011,2025-01-30,6,319.28,0.05,Returned,Card
S0006956,C00526,P0187,ST006,2025-05-23,4,390.52,0.05,Pending,Bank Transfer
S0005147,C00579,P0164,ST014,2025-08-11,8,1250.37,0.0,completed,Card
S0003384,C00628,P0080,ST012,2025-07-16,4,868.83,0.2,Returned,Cash
S0001478,C00778,P0199,ST010,2025-06-21,2,784.35,0.1,Returned,Card
S0002276,C00345,P0018,ST015,2025-07-11,5,876.4,0.2,Completed,Mobile Money
S0009055,C00062,P0103,ST004,2025-06-09,6,1294.27,0.15,Cancelled,Bank Transfer
S0008520,C00083,P0094,ST006,2025-09-18,5,488.48,0.2,Returned,Mobile Money
S0003427,C00680,P0177,ST016,2026-01-24,3,16.63,0.1,Completed,Bank Transfer
S0005772,C00829,P0077,ST014,2026-03-20,8,942.73,0.1,Cancelled,Card
S0000913,C00634,P0188,ST019,2025-12-01,3,802.74,0.05,Completed,Bank Transfer
S0009500,C00560,P0145,ST013,2025-03-31,10,1490.45,0.1,completed,Bank Transfer
S0001069,C00298,P0026,ST004,2025-02-10,5,1080.15,0.05,Completed,Mobile Money
S0006371,C00491,P0128,ST019,2026-01-22,7,200.69,0.15,Cancelled,Mobile Money
S0000234,C00032,P0017,ST006,2025-07-24,2,147.1,0.2,completed,Mobile Money
S0008193,C00789,P0099,ST005,2026-07-15,1,1392.28,0.2,Pending,Cash
S0005623,C00692,P0069,ST004,2025-01-10,8,1362.39,0.05,Pending,Mobile Money
S0007873,C00738,P0089,ST001,2025-10-08,8,287.65,0.0,Returned,Card
S0001731,C00645,P0109,ST013,2026-06-07,10,192.07,0.2,Returned,Cash
S0009759,C00253,P0088,ST011,2026-05-06,9,695.9,0.2,Completed,Cash
S0001908,C00751,P0173,ST014,2025-08-22,9,663.88,0.05,Cancelled,Cash
S0003343,C00502,P0190,ST013,2025-08-10,7,949.53,0.15,Pending,Bank Transfer
S0006421,C00138,P0056,ST010,2025-12-15,8,1185.62,0.15,Pending,Bank Transfer
S0006019,C00315,P0141,ST016,2025-11-27,8,100.36,0.15,Cancelled,Bank Transfer
S0008902,C00366,P0033,ST001,2025-01-01,9,330.06,0.05,Completed,Mobile Money
S0004994,C00035,P0049,ST004,2025-03-25,3,466.12,0.15,Cancelled,Cash
S0006558,C00618,P0012,ST020,2025-07-06,8,1084.8,0.1,Pending,Cash
S0004566,C00097,P0100,ST015,2026-02-10,8,911.12,0.15,completed,Bank Transfer
S0009560,C00315,P0173,ST020,2026-02-12,4,662.79,0.1,Cancelled,Bank Transfer
S0003152,C00823,P0133,ST019,2025-07-11,3,943.07,0.2,Completed,Mobile Money
S0007943,C00189,P0184,ST016,2025-02-23,6,107.69,0.05,Returned,Card
S0009785,C00450,P0193,ST005,2025-08-13,6,0.0,0.05,Cancelled,Card
S0007313,C00648,P0114,ST012,2026-07-24,8,554.66,0.15,Returned,Cash
S0002692,C00750,P0197,ST004,2025-07-11,8,113.96,0.0,completed,Cash
S0007899,C00098,P0027,ST007,2025-11-01,4,1022.33,0.2,Cancelled,Mobile Money
S0005090,C00947,P0191,ST013,2026-05-21,8,1380.72,0.1,completed,Bank Transfer
S0009157,C00025,P0038,ST017,2025-10-27,8,314.61,0.0,completed,Card
S0000346,C00697,P0133,ST003,2026-05-26,7,939.42,0.2,completed,Bank Transfer
S0007788,C00349,P0065,ST015,2026-06-05,3,591.04,0.0,Completed,Mobile Money
S0002501,C00239,P0012,ST004,2025-04-23,2,1083.23,0.1,completed,Cash
S0009563,C00675,P0117,ST006,2025-06-02,8,293.57,0.15,completed,Bank Transfer
S0003925,C00355,P0195,ST007,2025-02-25,7,898.3,0.2,Pending,Card
S0008629,C00381,P0084,ST003,2026-04-20,4,228.99,0.15,Completed,Bank Transfer
S0004203,C00577,P0087,ST004,2026-07-31,9,777.08,0.0,Completed,Card
S0008104,C00437,P0067,ST018,2025-12-07,4,923.19,0.0,Pending,Card
S0008096,C00330,P0185,ST003,2025-01-14,6,847.09,0.0,completed,Cash
S0005685,C00608,P0006,ST009,2025-01-14,9,1223.77,0.1,Completed,Mobile Money
S0006250,C00082,P0192,ST001,2026-06-08,1,244.17,0.0,Pending,Cash
S0003936,C00658,P0112,ST012,2025-07-31,2,123.86,0.2,Pending,Cash
S0002386,C00442,P0015,ST018,2026-06-12,9,1129.99,0.0,Completed,Cash
S0009402,C00761,P0044,ST005,2025-03-16,8,916.05,0.05,completed,Mobile Money
S0007130,C00970,P0153,ST020,2025-05-04,4,500.98,0.0,Cancelled,Mobile Money
S0007897,C00039,P0138,ST006,2025-03-01,7,1441.82,0.15,Returned,Bank Transfer
S0004379,C00744,P0153,ST003,2026-12-02,6,507.01,0.2,Cancelled,Mobile Money
S0004861,C00238,P0088,ST012,2025-09-20,4,696.39,0.0,Returned,Cash
S0006347,C00866,P0157,ST008,2025-12-02,10,1294.05,0.05,Pending,Mobile Money
S0005515,C00577,P0072,ST016,2025-06-01,8,1116.07,0.1,Pending,Mobile Money
S0002641,C00524,P0185,ST012,2026-05-03,10,844.15,0.0,Returned,Card
S0006924,C00026,P0109,ST003,2026-06-05,4,190.32,0.1,Pending,Cash
S0009711,C00648,P0054,ST009,2025-07-04,9,100.78,0.05,Completed,Bank Transfer
S0009830,C00343,P0025,ST009,2025-07-31,6,329.04,0.0,Pending,Cash
S0008801,C00011,P0035,ST001,2026-01-25,8,304.37,0.05,Cancelled,Cash
S0003999,C00195,P0061,ST007,2025-01-12,6,234.22,0.15,Returned,Mobile Money
S0000904,C00274,P0148,ST015,2025-09-12,7,551.9,0.15,Cancelled,Bank Transfer
S0005503,C00309,P0038,ST009,2026-02-17,5,309.07,0.05,completed,Cash
S0005652,C00348,P0147,ST016,2025-08-25,8,1334.88,0.1,Completed,Bank Transfer
S0006791,C00697,P0080,ST016,2025-01-13,5,864.81,0.1,Completed,Bank Transfer
S0004353,C00821,P0074,ST016,2025-09-18,6,1462.66,0.15,Cancelled,Mobile Money
S0004301,C00938,P0182,ST008,2026-04-20,3,550.73,0.05,Pending,Card
S0009572,C00428,P0006,ST016,2025-08-14,4,1224.61,0.2,Returned,Cash
S0005522,C00336,P0152,ST018,2025-06-04,4,923.65,0.1,Completed,Card
S0000496,C00198,P0149,ST019,2025-02-24,2,273.33,0.0,Cancelled,Card
S0008195,C00848,P0031,ST008,2025-07-25,6,624.13,0.2,completed,Card
S0001685,C00327,P0119,ST002,2026-05-19,7,413.1,0.1,Completed,Mobile Money
S0003869,C00305,P0062,ST018,2026-02-27,4,760.51,0.2,Cancelled,Cash
S0007413,C00039,P0001,ST008,2025-03-26,1,1033.62,0.05,completed,Card
S0005499,C00675,P0133,ST006,2026-01-12,2,939.3,0.05,Completed,Cash
S0001729,C00153,P0136,ST009,2025-03-09,10,97.85,0.05,Pending,Cash
S0000434,C00145,P0049,ST015,2026-02-23,2,469.32,0.05,Returned,Mobile Money
S0006495,C00981,P0045,ST001,2025-09-27,3,1249.31,0.0,Returned,Card
S0006354,C00858,P0016,ST004,2026-01-24,1,994.42,0.1,Pending,Card
S0002022,C00084,P0181,ST009,2025-03-27,8,68.38,0.1,Completed,Mobile Money
S0009108,C00685,P0154,ST003,2026-04-19,3,24.11,0.15,Cancelled,Mobile Money
S0002296,C00158,P0014,ST011,2026-05-26,3,245.02,0.0,completed,Cash
S0005331,C00368,P0014,ST001,2025-09-06,6,245.08,0.15,Returned,Bank Transfer
S0000477,C00483,P0015,ST015,2025-11-04,7,1126.07,0.2,Cancelled,Card
S0007281,C00093,P0033,ST009,2026-02-11,4,331.72,0.0,Pending,Cash
S0003914,C00214,P0137,ST007,2026-03-03,8,148.88,0.05,completed,Card
S0003239,C00566,P0164,ST004,2025-10-25,7,1255.52,0.1,Returned,Bank Transfer
S0004827,C00380,P0188,ST003,2025-11-10,1,801.63,0.0,Cancelled,Cash
S0000343,C00620,P0053,ST011,2025-01-08,4,1494.77,0.2,Pending,Cash
S0009184,C00511,P0196,ST015,2025-05-22,7,501.95,0.05,completed,Bank Transfer
S0008952,C00570,P0034,ST009,2025-05-12,7,1184.07,0.0,Returned,Mobile Money
S0002697,C00159,P0159,ST008,2026-03-05,7,-50.0,0.15,Completed,Bank Transfer
S0000854,C00451,P0049,ST010,2025-11-21,2,467.98,0.0,Cancelled,Cash
S0006388,C00730,P0190,ST002,2026-03-27,7,951.67,0.0,Pending,Bank Transfer
S0006685,C00248,P0096,ST011,2025-08-31,6,961.0,0.0,Completed,Cash
S0002062,C00487,P0067,ST018,2026-07-09,5,920.89,0.0,Pending,Mobile Money
S0009808,C00905,P0069,ST011,2025-09-24,2,1357.96,0.0,Completed,Card
S0003738,C00329,P0156,ST002,2026-07-07,1,641.35,0.1,Cancelled,Bank Transfer
S0004360,C00719,P0178,ST002,2025-02-07,9,1441.54,0.05,completed,Bank Transfer
S0008724,C00043,P0150,ST014,2025-06-04,3,679.39,0.1,completed,Bank Transfer
S0007350,C00353,P0190,ST015,2026-07-16,3,951.9,0.2,Cancelled,Mobile Money
S0007291,C00076,P0103,ST016,2025-10-21,1,1299.77,0.1,Cancelled,Cash
S0009745,C00611,P0044,ST008,2025-02-02,9,918.35,0.0,Pending,Cash
S0004770,C00198,P0073,ST019,2025-10-13,8,564.61,0.1,Completed,Bank Transfer
S0006846,C00681,P0177,ST016,2026-05-12,7,19.55,0.15,Cancelled,Bank Transfer
S0007515,C00836,P0164,ST015,2025-04-14,6,1251.36,0.0,completed,Cash
S0004313,C00450,P0104,ST020,2026-05-07,10,162.17,0.15,Returned,Card
S0002615,C00471,P0060,ST018,2025-04-28,7,735.05,0.0,Cancelled,Bank Transfer
S0005573,C00883,P0136,ST014,2025-11-19,6,101.29,0.2,Returned,Cash
S0009622,C00603,P0111,ST008,2025-02-18,2,501.45,0.1,Cancelled,Mobile Money
S0009382,C00090,P0067,ST018,2025-08-10,2,923.45,0.15,Cancelled,Mobile Money
S0008671,C00844,P0006,ST019,2025-05-04,5,1223.41,0.2,Pending,Card
S0003663,C00955,P0041,ST019,2026-05-13,2,537.29,0.1,Completed,Card
S0006454,C00687,P0057,ST015,2026-11-04,5,205.4,0.1,Returned,Mobile Money
S0003839,C00040,P0020,ST011,2026-05-09,2,1328.24,0.1,Completed,Card
S0008108,C00734,P0073,ST016,2026-03-04,7,562.82,0.15,Pending,Bank Transfer
S0009296,C00645,P0018,ST015,2025-11-04,3,873.8,0.0,Pending,Card
S0001452,C00740,P0098,ST001,2025-11-29,8,811.17,0.05,Returned,Cash
S0005067,C00009,P0053,ST005,2025-02-27,4,1496.18,0.0,Completed,Mobile Money
S0008908,C00264,P0080,ST016,2025-12-09,7,866.37,0.0,Pending,Mobile Money
S0009288,C00292,P0052,ST018,2026-02-13,7,1035.02,0.1,Completed,Card
S0005264,C00427,P0031,ST018,2025-05-17,1,627.8,0.1,Pending,Cash
S0002940,C00193,P0118,ST001,2026-05-28,4,811.29,0.15,Pending,Mobile Money
S0007688,C00280,P0001,ST009,2025-03-18,3,1036.36,0.15,Pending,Cash
S0001508,C00231,P0020,ST010,2025-09-29,2,1326.7,0.15,Pending,Mobile Money
S0003848,C00364, P0021 ,ST008,2025-02-11,3,1305.2,0.0,completed,Cash
S0002682,C00363,P0197,ST005,2025-12-13,5,112.58,0.15,Returned,Cash
S0002391,C00305,P0021,ST002,2026-02-26,3,1310.74,0.1,completed,Mobile Money
S0002559,C00990,P0007,ST018,2025-03-28,2,114.11,0.15,completed,Cash
S0005519,C00965,P0139,ST013,2026-03-15,7,1109.03,0.15,Completed,Mobile Money
S0003466,C00513,P0133,ST003,2026-02-01,1,936.89,0.15,Cancelled,Mobile Money
S0007273,C00982,P0035,ST003,2026-06-11,10,305.86,0.15,completed,Cash
S0008847,C00741,P0147,ST006,2025-05-12,5,1335.41,0.15,Pending,Mobile Money
S0003907,C00348,P0103,ST011,2026-02-18,3,1298.75,0.0,Returned,Mobile Money
S0005775,C00720,P0002,ST009,2025-05-12,6,286.33,0.05,completed,Card
S0008773,C00019,P0147,ST005,2025-08-08,9,1336.73,0.05,Returned,Bank Transfer
S0006601,C00084,P0168,ST014,2026-07-07,8,745.65,0.2,Cancelled,Mobile Money
S0003513,C00903,P0088,ST013,2025-12-12,8,695.71,0.05,Completed,Mobile Money
S0008210,C00062,P0093,ST007,2026-07-21,6,96.58,0.05,Pending,Card
S0002839,C00979,P0036,ST003,2025-05-29,5,1284.58,0.2,Pending,Cash
S0007262,C00063,P0050,ST009,2025-08-11,1,337.09,0.05,Returned,Mobile Money
S0003016,C00879,P0170,ST002,2025-03-10,2,406.21,0.15,Pending,Mobile Money
S0006382,C00846,P0112,ST011,2025-09-02,1,125.79,0.0,Pending,Cash
S0006383,C00529,P0123,ST010,2025-02-19,9,811.88,0.1,completed,Bank Transfer
S0004149,C00580,P0061,ST016,2025-02-14,4,232.85,0.1,Cancelled,Card
S0009876,C00090,P0074,ST006,2026-03-16,10,1462.71,0.1,Completed,Bank Transfer
S0003434,C00947,P0086,ST006,2026-02-09,6,356.29,0.1,Cancelled,Cash
S0009421,C00597,P0068,ST017,2025-04-23,4,100.31,0.1,Returned,Mobile Money
S0002070,C00373,P0187,ST009,2025-02-03,4,391.9,0.0,completed,Cash
S0007920,C00527,P0002,ST009,2025-06-19,7,289.7,0.05,completed,Cash
S0001215,C00947,P0181, ST004 ,2026-07-19,6,73.09,0.05,completed,Bank Transfer
S0008163,C00662,P0054,ST002,2026-01-31,1,97.51,0.0,Returned,Mobile Money
S0004729,C00867,P0189,ST010,2026-06-17,10,645.24,0.05,Completed,Cash
S0008013,C00121,P0144,ST005,2025-03-25,8,1115.07,0.2,completed,Cash
S0001757,C00021,P0107,ST002,2026-02-22,6,403.92,0.2,Cancelled,Cash
S0003963,C00221,P0013,ST018,2026-02-27,6,97.82,0.15,Completed,Mobile Money
S0004088,C00343,P0162,ST004,2026-05-08,9,309.12,0.0,completed,Cash
S0006858,C00525,P0002,ST004,2026-01-31,3,287.12,0.05,Pending,Bank Transfer
S0000801,C00016,P0159,ST014,2025-07-17,10,581.51,0.05,Returned,Bank Transfer
S0007055,C00369,P0078,ST010,2026-04-29,10,910.45,0.2,Completed,Card
S0001257,C00793,P0015,ST014,2025-02-25,3,1127.85,0.05,completed,Mobile Money
S0006833,C00997,P0164,ST020,2026-05-06,10,1254.53,0.15,completed,Card
S0005397,C00461,P0047,ST013,2025-05-25,4,621.62,0.15,Cancelled,Card
S0009794,C00938,P0059,ST007,2025-06-12,9,414.48,0.0,Returned,Card
S0009174,C00596,P0114,ST006,2026-05-09,9,0.0,0.1,Pending,Cash
S0007662,C00924,P0135,ST014,2025-09-13,2,1295.08,0.15,Completed,Bank Transfer
S0001391,C00585,P0127,ST006,2026-03-14,2,1485.04,0.1,completed,Mobile Money
S0006962,C00749,P0164,ST003,2025-05-05,1,1252.75,0.2,Completed,Mobile Money
S0008568,C00866,P0183,ST009,2026-01-21,5,150.94,0.1,Cancelled,Mobile Money
S0006801,C00936,P0059,ST016,2025-02-27,6,414.14,0.1,Completed,Bank Transfer
S0007998,C00498,P0157,ST006,2025-06-09,10,1293.5,0.15,Cancelled,Card
S0001417,C00241,P0035,ST014,2025-12-06,9,304.34,0.2,Pending,Cash
S0009475,C00460,P0071,ST012,2025-01-11,9,1332.98,0.15,Cancelled,Bank Transfer
S0005849,C00861,P0089,ST003,2025-04-26,10,283.83,0.2,Cancelled,Cash
S0000341,C00642,P0098,ST013,2025-10-04,3,810.38,0.2,completed,Cash
S0001556,C00125,P0133,ST008,2025-04-19,10,942.95,0.05,Pending,Cash
S0005606,C00492,P0143,ST007,2026-01-25,8,1164.48,0.1,Completed,Bank Transfer
S0000941,C00686,P0199,ST011,2025-04-20,3,786.89,0.2,completed,Bank Transfer
S0005736,C00175,P0002,ST008,2025-06-23,1,288.61,0.05,Completed,Bank Transfer
S0004491,C00797,P0057,ST003,2025-12-02,8,207.67,0.15,Pending,Mobile Money
S0004531,C00172,P0063,ST003,2026-06-20,7,1438.28,0.15,completed,Bank Transfer
S0007808,C00066,P0115,ST011,2025-09-10,4,615.07,0.05,Completed,Mobile Money
S0003484,C00124,P0026,ST013,2025-08-29,6,1075.81,0.2,Returned,Bank Transfer
S0002957,C00827,P0035,ST004,2026-02-28,2,310.64,0.2,Pending,Card
S0003211,C00680,P0060,ST009,2025-09-22,7,738.61,0.2,Returned,Mobile Money
S0009894,C00992,P0147,ST011,2026-05-16,7,1334.96,0.15,Returned,Cash
S0002190,C00169,P0074,ST011,2026-07-24,8,1460.86,0.0,completed,Mobile Money
S0008740,C00174,P0062,ST017,2025-07-15,9,761.09,0.15,Cancelled,Cash
S0000214,C00334,P0008,ST008,2026-07-14,1,1262.9,0.1,Returned,Bank Transfer
S0004200,C00945,P0007,ST010,2025-03-27,10,115.44,0.05,Completed,Card
S0001348,C00358,P0136,ST005,2025-01-07,9,102.62,0.2,completed,Mobile Money
S0005215,C00206,P0078,ST017,2025-12-28,3,913.74,0.2,Cancelled,Bank Transfer
S0006839,C00839,P0170,ST001,2025-09-14,1,410.87,0.0,Pending,Mobile Money
S0009958,C00301,P0200,ST012,2026-01-25,1,597.04,0.1,Cancelled,Card
S0005404,C00447,P0041,ST011,2026-03-20,1,539.09,0.05,completed,Bank Transfer
S0008402,C00817,P0118,ST018,2026-01-13,6,809.57,0.2,Completed,Card
S0009873,C00181,P0031,ST005,2025-05-14,9,624.69,0.2,Pending,Cash
S0009044,C00603,P0122,ST003,2026-07-09,2,1125.82,0.2,Pending,Mobile Money
S0004298,C00239,P0181,ST012,2026-04-18,10,67.01,0.05,Cancelled,Card
S0001479,C00972,P0158,ST017,2026-03-29,8,103.46,0.15,Cancelled,Card
S0000508,C00214,P0146,ST019,2025-03-06,4,1388.82,0.1,Cancelled,Card
S0000299,C00949,P0102,ST011,2026-07-12,3,762.51,0.0,Returned,Mobile Money
S0006224,C00880,P0022,ST020,2025-06-04,10,646.59,0.15,Returned,Card
S0000882,C00301,P0200,ST009,2025-08-23,2,600.21,0.05,completed,Bank Transfer
S0006529,C00122,P0119,ST020,2025-02-05,2,413.4,0.05,Cancelled,Card
S0006413,C00450,P0003,ST004,2025-01-31,10,626.3,0.0,completed,Mobile Money
S0002225,C00693,P0189,ST016,2025-05-06,4,646.05,0.05,completed,Cash
S0000356,C00099,P0059,ST010,2025-02-14,4,414.92,0.0,Cancelled,Card
S0005571,C00507,P0158,ST012,2026-01-15,1,102.21,0.05,Cancelled,Cash
S0000696,C00184,P0121,ST005,2026-01-06,6,1016.14,0.15,Returned,Bank Transfer
S0004102,C00778,P0011,ST018,2026-03-04,1,153.96,0.15,Completed,Mobile Money
S0002262,C00941,P0092,ST009,2026-02-22,5,1111.69,0.0,Returned,Card
S0006491,C00303,P0001,ST006,2026-03-16,10,1034.02,0.05,Returned,Bank Transfer
S0007970,C00915,P0107,ST008,2025-04-11,2,402.83,0.15,completed,Card
S0005698,C00174,P0091,ST020,2026-03-21,9,458.12,0.1,Pending,Mobile Money
S0004844,C00180,P0161,ST004,2025-01-05,3,102.96,0.2,Pending,Card
S0008225,C00664,P0106,ST014,2025-05-20,5,444.43,0.0,Returned,Card
S0009758,C00353,P0107,ST001,2026-05-10,3,404.58,0.15,Returned,Card
S0005938,C00285,P0093,ST020,2025-12-03,10,0.0,0.0,Pending,Bank Transfer
S0001920,C00907,P0084,ST001,2025-11-02,9,230.09,0.15,Completed,Card
S0002362,C00230,P0195,ST017,2025-11-26,1,893.97,0.2,Completed,Card
S0008861,C00248,P0159,ST012,2026-04-25,4,581.29,0.0,completed,Bank Transfer
S0009635,C00839,P0093,ST018,2025-06-29,5,94.79,0.15,Completed,Mobile Money
S0005185,C00634,P0132,ST012,2026-02-05,6,1402.41,0.1,Cancelled,Bank Transfer
S0008708,C00681,P0142,ST014,2025-01-18,4,1167.01,0.1,Cancelled,Bank Transfer
S0006883,C00974,P0117,ST006,2026-07-16,9,294.4,0.15,completed,Mobile Money
S0006951,C00550,P0041,ST008,2026-06-06,1,538.29,0.2,Returned,Mobile Money
S0004535,C00137,P0063,ST010,2025-05-11,7,1440.3,0.15,Cancelled,Mobile Money
S0004876,C00904,P0188,ST013,2025-07-14,3,802.52,0.15,completed,Card
S0006746,C00030,P0162,ST020,2025-10-11,8,307.48,0.05,Completed,Mobile Money
S0000378,C00343,P0150,ST008,2026-02-15,3,680.2,0.1,Cancelled,Cash
S0003435,C00849,P0164,ST009,2026-03-05,9,1253.76,0.15,Completed,Mobile Money
S0001593,C00887,P0007,ST009,2026-05-04,2,116.2,0.0,Returned,Mobile Money
S0005799,C99999,P0071,ST010,2025-01-14,4,1337.77,0.15,completed,Cash
S0000538,C00595,P0030,ST019,2025-11-11,2,1371.64,0.15,Cancelled,Bank Transfer
S0005422,C00039,P0148,ST008,2026-05-13,3,557.13,0.15,Pending,Card
S0002710,C00713,P0033,ST014,2025-05-27,7,334.3,0.1,completed,Cash
S0007777, C00938 ,P0149,ST014,2026-01-15,4,278.48,0.1,completed,Cash
S0007016,C00878,P0119,ST001,2025-10-17,9,412.14,0.05,Returned,Card
S0002279,C00576,P0143,ST001,2026-01-01,7,1163.45,0.0,Cancelled,Cash
S0009457,C00441,P0097,ST015,2025-07-05,4,1381.76,0.15,Cancelled,Cash
S0007841,C00416,P0131,ST004,2025-10-26,6,1295.12,0.0,Cancelled,Mobile Money
S0009945,C00568,P0031,ST003,2025-01-17,5,627.16,0.15,Cancelled,Cash
S0006185,C00040,P0154,ST015,2026-07-10,5,23.61,0.1,Cancelled,Mobile Money
S0009753,C00522,P0033,ST013,2025-02-20,2,329.71,0.2,Returned,Mobile Money
S0000725,C00645,P0128,ST011,2025-09-16,3,204.28,0.15,Pending,Cash
S0003703,C00708,P0108,ST014,2025-01-02,2,873.43,0.05,Cancelled,Card
S0007762,C00519,P0178,ST013,2026-03-06,5,1442.7,0.0,Returned,Card
S0007423,C00886,P0172,ST014,2026-02-27,8,1420.06,0.1,Returned,Card
S0001276,C00602,P0197,ST020,2026-02-28,4,109.76,0.2,Completed,Mobile Money
S0006470,C00283,P0098,ST018,2025-04-07,5,810.92,0.2,Pending,Bank Transfer
S0009384,C00479,P0053,ST010,2025-05-02,1,1493.13,0.05,Completed,Cash
S0007199,C00509,P0099,ST003,2026-06-01,8,1392.25,0.0,Completed,Cash
S0008353,C00411,P0110,ST002,2026-06-29,9,1360.79,0.2,Cancelled,Bank Transfer
S0008200,C00466,P0070,ST012,2025-07-17,7,1138.93,0.1,Cancelled,Bank Transfer
S0003047,C00827,P0200,ST018,2025-03-13,3,600.22,0.15,Pending,Mobile Money
S0002141,C00300,P0006,ST005,2026-03-24,2,1222.99,0.1,Returned,Bank Transfer
S0007968,C00499,P0171,ST012,2026-03-03,8,598.21,0.15,Cancelled,Bank Transfer
S0008914,C00486,P0100,ST019,2026-05-31,8,912.02,0.1,Returned,Card
S0005141,C00588,P0034,ST016,2025-03-02,8,1182.55,0.2,Returned,Bank Transfer
S0003826,C00947,P0062,ST015,2025-05-04,9,760.32,0.0,Cancelled,Card
S0008319,C00982,P0099,ST017,2025-07-29,4,1389.62,0.2,Returned,Card
S0001976,C00989,P0132,ST006,2025-12-29,2,1405.53,0.05,Cancelled,Mobile Money
S0000841,C00755,P0025,ST019,2025-06-02,3,329.99,0.2,Returned,Bank Transfer
S0005028,C00970,P0119,ST016,2026-07-08,3,410.54,0.15,completed,Cash
S0009675,C00941,P0158,ST010,2025-04-10,7,100.95,0.15,Pending,Card
S0004840,C00481,P0051,ST003,2026-03-27,4,531.89,0.0,Pending,Mobile Money
S0006627,C00785,P0013,ST013,2026-02-05,7,95.31,0.0,Pending,Cash
S0005708,C00014,P0070,ST012,2026-03-05,5,1138.0,0.0,Returned,Bank Transfer
S0000375,C00593,P0105,ST006,2025-02-27,9,736.61,0.0,Pending,Mobile Money
S0009344,C00967,P0109,ST018,2025-09-04,1,193.28,0.2,completed,Card
S0002364,C00696,P0197,ST010,2025-09-24,4,111.72,0.05,Pending,Bank Transfer
S0009175,C00003,P0194,ST009,2025-01-14,4,1315.81,0.2,completed,Cash
S0006859,C00931,P0029,ST010,2026-02-20,6,1223.17,0.2,Returned,Cash
S0004918,C00825,P0189,ST013,2026-01-28,9,645.25,0.2,Returned,Cash
S0004309,C00811,P0133,ST018,2026-03-25,6,945.96,0.15,Returned,Cash
S0004396,C00348,P0198,ST005,2025-09-26,10,816.96,0.05,Cancelled,Card
S0005088,C00160,P0149,ST015,2026-01-14,5,271.97,0.1,Cancelled,Cash
S0003142,C00834,P0172,ST009,2025-09-30,3,1421.69,0.2,Completed,Cash
S0001868,C00469,P0024,ST005,2025-12-16,5,611.54,0.1,Completed,Card
S0000706,C00484,P0019,ST014,2025-09-16,2,713.04,0.15,Cancelled,Card
S0007874,C00408,P0076,ST009,2025-07-11,3,708.33,0.15,Returned,Mobile Money
S0005345,C00036, P0101 ,ST018,2025-12-08,5,1237.97,0.1,Returned,Cash
S0003834,C00775,P0077,ST012,2025-09-08,2,938.89,0.15,Returned,Cash
S0005626,C00650,P0194,ST003,2026-02-17,9,1315.79,0.15,completed,Mobile Money
S0007665,C00141,P0174,ST017,2026-06-30,7,191.53,0.2,Pending,Bank Transfer
S0008206,C00588,P0039,ST009,2026-04-30,3,1498.92,0.2,Pending,Cash
S0009043,C00589,P0125,ST002,2025-04-04,2,645.6,0.2,Completed,Card
S0000946,C00404,P0105,ST012,2026-07-22,1,733.3,0.05,Pending,Card
S0006159,C00590,P0078,ST008,2025-01-08,3,913.86,0.1,completed,Card
S0008871,C00605,P0155,ST012,2025-05-19,7,1412.37,0.05,Returned,Mobile Money
S0007820,C00189,P0005,ST006,2025-03-13,5,305.88,0.2,Completed,Card
S0005066,C00274,P0146,ST001,2026-01-28,3,1390.22,0.05,Cancelled,Mobile Money
S0005724,C00427,P0007,ST001,2025-07-26,6,113.44,0.1,Completed,Cash
S0006822,C00566,P0142,ST015,2026-06-25,10,1168.18,0.0,Completed,Cash
S0003322,C00239,P0081,ST012,2025-01-26,4,204.14,0.2,Completed,Mobile Money
S0006428,C00700,P0155,ST020,2025-02-17,6,1417.46,0.0,Completed,Card
S0004807,C00346,P0048,ST020,2026-07-30,7,645.91,0.05,Returned,Mobile Money
S0004664,C00644,P0103,ST003,2026-04-18,4,1297.32,0.1,Cancelled,Cash
S0003677,C00243,P0085,ST012,2025-02-10,6,986.61,0.1,Pending,Card
S0008052,C00833,P0157,ST003,2026-07-02,5,1293.86,0.15,Pending,Card
S0004831,C00509,P0079,ST003,2025-02-26,7,1033.38,0.1,Completed,Card
S0005556,C00905,P0080,ST011,2025-08-29,8,867.28,0.2,Returned,Bank Transfer
S0000044,C00525,P0196,ST010,2026-06-11,2,502.04,0.05,Completed,Card
S0008377,C00076,P0070, ST001 ,2025-08-31,7,1136.91,0.1,Completed,Card
S0009468,C00022,P0200,ST014,2025-04-04,4,597.09,0.2,Completed,Card
S0007169,C00877,P0102,ST018,2025-10-04,0,762.3,0.1,Cancelled,Card
S0004591,C00885,P0066,ST005,2025-07-07,7,157.54,0.1,Pending,Cash
S0001684,C00922,P0167,ST003,2026-07-28,3,357.46,0.2,Pending,Mobile Money
S0002718,C00509,P0163,ST009,2025-10-17,4,1408.58,0.15,Completed,Card
S0005576,C00012,P0070,ST016,2026-07-04,6,1137.8,0.05,Completed,Cash
S0001425,C00475,P0058,ST013,2026-06-20,6,1324.49,0.1,completed,Mobile Money
S0008806,C00275,P0173,ST006,2025-12-06,3,665.81,0.0,Returned,Cash
S0007728,C00503,P0147,ST015,2025-10-20,8,1335.77,0.1,completed,Bank Transfer
S0005131,C00841,P0161,ST008,2026-04-03,10,97.3,0.2,completed,Bank Transfer
S0003880,C00687,P0165,ST001,2026-04-16,2,828.0,0.0,Completed,Card
S0003006,C00413,P0032,ST007,2025-08-21,5,481.5,0.15,Pending,Cash
S0009537,C00259,P0200,ST001,2025-10-23,8,597.71,0.05,Completed,Mobile Money
S0003383,C00695,P0180,ST002,2025-07-19,7,688.22,0.2,Completed,Card
S0001322,C00777,P0122,ST005,2025-05-12,7,1122.7,0.05,Completed,Cash
S0003849,C00418,P0176,ST012,2025-03-22,7,338.8,0.05,completed,Bank Transfer
S0003939,C00274,P0137,ST013,2025-05-19,3,150.97,0.05,Completed,Cash
S0003524,C00025,P0178,ST001,2025-04-19,1,1441.64,0.15,Completed,Cash
S0007585,C00782,P0068,ST014,2025-07-31,8,100.06,0.05,Returned,Bank Transfer
S0001981,C00764,P0076,ST015,2025-10-09,10,712.35,0.2,Pending,Mobile Money
S0004077,C00116,P0066,ST001,2025-02-13,8,160.94,0.2,Pending,Card
S0003253,C00143,P0097,ST017,2026-01-09,1,1379.85,0.0,Returned,Mobile Money
S0000651,C00664,P0080,ST019,2026-05-23,2,866.15,0.05,Cancelled,Card
S0005945,C00290,P0072,ST016,2026-04-03,2,1114.21,0.15,Returned,Bank Transfer
S0006811,,P0003,ST010,2026-05-07,6,625.76,0.1,Pending,Mobile Money
S0000497,C00769,P0053,ST013,2026-03-01,3,1495.12,0.05,Completed,Card
S0009358,C00364,P0146,ST018,2026-03-09,6,1388.59,0.0,Returned,Cash
S0001533,C00470,P0146,ST018,2026-06-25,8,1393.17,0.1,Completed,Bank Transfer
S0008766,C00960,P0062,ST015,2025-10-12,4,758.86,0.15,Cancelled,Cash
S0001343,C00311,P0117,ST012,2025-06-23,9,292.95,0.0,Cancelled,Card
S0003419,C00523,P0090,ST002,2026-02-25,9,617.89,0.0,Cancelled,Mobile Money
S0003262,C00806,P0020,ST018,2026-05-15,1,1327.05,0.2,completed,Card
S0001468,C00193,P0114,ST009,2026-05-06,9,550.21,0.1,Returned,Bank Transfer
S0005233,C00041, P0046 ,ST008,2025-08-28,6,922.92,0.1,Cancelled,Mobile Money
S0006407,C00866,P0026,ST011,2025-05-05,3,1076.31,0.1,Pending,Bank Transfer
S0008542,C00497,P0102,ST005,2025-06-11,6,0.0,0.05,Completed,Card
S0002814,C00437,P0194,ST014,2025-06-29,4,1316.99,0.1,completed,Bank Transfer
S0006742,C00355,P0185,ST011,2025-01-29,7,851.66,0.05,Completed,Cash
S0003702,C00502,P0106,ST009,2025-01-31,5,439.0,0.1,Cancelled,Cash
S0001756,C00207,P0079,ST011,2025-06-29,8,1034.58,0.15,Completed,Mobile Money
S0004674,C00753,P0049,ST018,2025-12-25,2,467.92,0.2,Pending,Mobile Money
S0003780,C00459,P0127,ST002,2025-01-10,9,1487.69,0.2,completed,Card
S0001083,C00757,P0130,ST012,2025-08-01,9,458.83,0.0,completed,Bank Transfer
S0003941,C00320,P0152,ST017,2025-08-27,8,918.39,0.0,Returned,Cash
S0006201,C00434,P0027,ST003,2026-06-29,9,1022.63,0.2,Pending,Cash
S0004808,C00480,P0200,ST014,2025-11-21,2,598.86,0.05,Completed,Bank Transfer
S0004954,C00566,P0060,ST004,2025-06-07,8,737.34,0.2,Cancelled,Card
S0009593,C00849,P0040,ST004,2026-03-28,6,1289.93,0.05,completed,Cash
S0003421,C00383,P0099,ST007,2026-05-19,1,1391.8,0.15,Pending,Bank Transfer
S0008219,C00036,P0036,ST013,2025-08-22,9,1281.74,0.05,completed,Mobile Money
S0003094,C00091,P0125,ST010,2025-10-03,8,646.25,0.1,Pending,Card
S0003662,C00627,P0045,ST010,2025-04-17,2,1246.68,0.0,Cancelled,Mobile Money
S0002846,C00792,P0054,ST005,2026-04-10,4,97.31,0.15,Pending,Cash
S0000721,C00305,P0063,ST004,2025-04-16,-2,1437.16,0.0,Returned,Card
S0009931,C00790,P0113,ST018,2025-11-09,4,361.48,0.1,completed,Bank Transfer
S0000018,C00079,P0194,ST020,2026-01-16,2,1314.78,0.15,Cancelled,Bank Transfer
S0006815,C00457,P0030,ST003,2025-10-04,4,1371.16,0.05,Cancelled,Bank Transfer
S0000114,C00958,P0152,ST003,2025-12-08,6,917.26,0.15,Completed,Mobile Money
S0008110,C00081,P0054,ST019,2025-07-19,4,102.19,0.15,Pending,Card
S0005270,C00840,P0084,ST011,2026-02-11,6,230.08,0.05,completed,Cash
S0004250,C00370,P0145,ST005,2025-09-07,8,1490.76,0.0,Completed,Mobile Money
S0007513,C00707,P0109,ST013,2025-04-10,8,190.48,0.05,Pending,Mobile Money
S0003806,C00744,P0067,ST009,2025-03-15,10,922.53,0.15,Completed,Mobile Money
S0005752,C00162,P0075,ST014,2025-07-24,1,424.49,0.05,Pending,Card
S0004760,C00328,P0183,ST003,2025-07-24,10,153.05,0.2,Completed,Bank Transfer
S0008271,C00044,P0191,ST005,2025-05-03,2,1381.67,0.05,Cancelled,Mobile Money
S0004292,C00132,P0034,ST001,2026-01-30,5,1186.94,0.1,Cancelled,Cash
S0001365,C00907,P0093,ST008,2025-06-25,8,93.31,0.1,Cancelled,Mobile Money
S0008100,C00841,P0101,ST019,2025-05-31,2,1235.48,0.15,Returned,Mobile Money
S0007418,C00520,P0091,ST009,2025-03-21,5,459.14,0.2,Pending,Cash
S0004554,C00305,P0016,ST015,2025-10-09,5,997.92,0.2,Returned,Cash
S0008239,C00636,P0196,ST007,2025-08-03,2,499.31,0.1,completed,Bank Transfer
S0001233,C00664,P0077,ST002,2026-03-01,10,940.28,0.15,Completed,Card
S0006681,C00048,P0196,ST013,2025-08-13,1,505.35,0.1,Cancelled,Bank Transfer
S0001802,C00831,P0157,ST014,2025-01-30,6,1294.12,0.1,Completed,Card
S0000165,C00194,P0010,ST014,2025-07-24,4,97.78,0.2,Cancelled,Cash
S0004842,C00410,P0016,ST001,2025-07-15,5,992.5,0.0,Completed,Card
S0007785,C00581,P0155,ST016,2025-08-05,5,1414.47,0.2,Returned,Bank Transfer
S0009536,C00642,P0175,ST020,2026-06-24,2,520.28,0.0,Cancelled,Mobile Money
S0003273,C00554,P0032,ST017,2025-08-17,4,485.72,0.15,Pending,Cash
S0006367,C00352,P0115,ST011,2026-06-15,10,614.24,0.1,Completed,Cash
S0009685,C00223,P0017,ST006,2025-06-26,4,150.3,0.05,Pending,Card
S0003803,C00144,P0070,ST011,2025-03-09,4,1139.39,0.0,completed,Bank Transfer
S0009404,C00652,P0189,ST004,2026-02-26,6,642.41,0.0,Completed,Card
S0004926,C00779,P0026,ST006,2025-05-04,0,1074.86,0.2,Returned,Bank Transfer
S0000872,C00304,P0137, ST006 ,2025-03-27,1,153.36,0.2,Completed,Bank Transfer
S0007832,C00653,P0173,ST007,2025-03-07,5,667.73,0.1,Returned,Bank Transfer
S0009327,C00412,P0049,ST013,2025-01-04,2,468.02,0.1,Cancelled,Mobile Money
S0003043,C00997,P0046,ST001,2025-08-07,8,925.06,0.0,Cancelled,Card
S0000206,C00711,P0150,ST016,2026-05-23,10,679.6,0.2,completed,Mobile Money
S0000002,C00035,P0038,ST005,2026-04-14,8,308.96,0.15,Cancelled,Bank Transfer
S0001883,C00346,P0169,ST017,2025-04-28,4,1118.04,0.15,Returned,Mobile Money
S0007210,C00523,P0044,ST011,2025-03-01,2,917.81,0.05,Completed,Mobile Money
S0002577,C00965,P0120,ST003,2026-07-10,5,543.56,0.15,Returned,Mobile Money
S0006727,C00660,P0144,ST013,2025-09-09,1,1119.2,0.0,Returned,Card
S0002126,C00329,P0031,ST015,2025-06-13,3,628.2,0.05,completed,Card
S0004262,C00211,P0012,ST010,2026-01-02,6,1082.37,0.1,Cancelled,Cash
S0001012,C00222,P0159,ST018,2025-06-25,1,583.41,0.0,Pending,Mobile Money
S0009271,C00169,P0188,ST016,2026-07-19,2,801.68,0.0,Completed,Cash
S0001283,C00805,P0022,ST016,2025-01-24,1,647.13,0.0,Completed,Bank Transfer
S0003568,C00161,P0198,ST004,2026-02-20,7,817.92,0.2,completed,Cash
S0001537,C00191,P0126,ST019,2025-06-28,4,456.63,0.1,completed,Bank Transfer
S0000349,C00789,P0024,ST008,2025-04-22,7,607.55,0.0,Completed,Bank Transfer
S0009761,C00214,P0030,ST020,2025-06-13,4,1372.75,0.2,Pending,Card
S0004096,C00470,P0054,ST015,2025-02-02,1,101.99,0.15,Pending,Cash
S0009634,C00511,P0079,ST013,2026-04-16,4,1031.95,0.2,Completed,Mobile Money
S0007961,C00446,P0150,ST004,2025-04-27,7,678.13,0.2,Pending,Card
S0007151,C00756,P0054,ST016,2026-06-12,3,100.09,0.15,Completed,Cash
S0001864,C00377,P0141,ST004,2026-02-14,10,100.53,0.1,completed,Bank Transfer
S0009168,C00564,P0137,ST011,2025-12-12,9,150.86,0.05,Cancelled,Bank Transfer
S0007208,C00865,P0043,ST012,2026-04-02,8,1023.05,0.15,Pending,Cash
S0006271,C00299,P0144,ST014,2025-02-04,2,1120.65,0.15,Cancelled,Card
S0004581,C00651,P0113,ST013,2025-11-11,7,362.37,0.1,Pending,Bank Transfer
S0001571,C00305,P0010,ST017,2025-02-14,3,101.11,0.1,Completed,Mobile Money
S0003464,C00491,P0150,ST001,2026-03-14,9,676.84,0.1,Cancelled,Mobile Money
S0004868,C00325,P0157,ST006,2026-07-13,7,1292.93,0.15,completed,Bank Transfer
S0009028,C00408,P0189,ST020,2025-09-16,4,644.26,0.2,Cancelled,Card
S0009683,C00272,P0029,ST004,2026-05-01,3,1221.21,0.05,Pending,Mobile Money
S0001051,C00087,P0164,ST016,2025-10-30,5,1254.34,0.0,completed,Cash
S0006881,C00133,P0180,ST013,2026-05-28,8,691.09,0.2,Pending,Cash
S0005826,C00852,P0044,ST013,2026-04-22,4,918.5,0.2,completed,Card
S0008918,C00680,P0049,ST006,2025-07-13,4,467.57,0.0,Completed,Mobile Money
S0009219,C00908,P0120,ST017,2026-01-05,3,544.74,0.15,Returned,Card
S0007794,C00017,P0064,ST009,2025-08-06,6,1302.51,0.05,Returned,Bank Transfer
S0009486,C00365,P0153,ST016,2025-05-15,2,506.36,0.05,Cancelled,Mobile Money
S0007888,C00941,P0197,ST012,2025-12-01,6,112.53,0.05,Completed,Bank Transfer
S0007002,C00082,P0062,ST017,2025-03-25,4,761.5,0.1,Completed,Bank Transfer
S0002876,C00563,P0017,ST017,2025-04-12,7,151.14,0.0,Pending,Mobile Money
S0007493,C00282,P0175,ST006,2025-01-26,7,521.51,0.05,Completed,Mobile Money
S0001701,C00167,P0198,ST011,2026-03-11,4,817.36,0.0,Completed,Cash
S0006180,C00546,P0142,ST016,2025-02-25,8,1166.43,0.05,Completed,Cash
S0002264,C00831,P0197,ST002,2025-06-18,9,112.84,0.15,Cancelled,Mobile Money
S0006410,C00403,P0176,ST006,2025-10-08,5,337.37,0.1,Cancelled,Cash
S0000120,C00033,P0010,ST014,2026-04-18,5,101.2,0.05,Returned,Mobile Money
S0004005,C00113,P0125,ST006,2025-12-02,3,650.45,0.1,Completed,Mobile Money
S0009008,C00609,P0120,ST010,2026-01-18,5,0.0,0.1,Pending,Bank Transfer
S0008972,C00860,P0059,ST005,2025-04-10,3,415.39,0.15,Cancelled,Mobile Money
S0005386,C00195,P0152,ST013,2025-12-18,10,920.06,0.05,completed,Mobile Money
S0004687,C00994,P0018,ST016,2026-07-17,7,874.2,0.2,completed,Card
S0001761,C00228,P0016,ST002,2026-01-03,6,992.87,0.1,completed,Mobile Money
S0007786,C00174,P0031,ST003,2026-04-21,9,629.17,0.0,Pending,Cash
S0003398,C00047,P0114,ST019,2026-03-23,1,552.11,0.0,Completed,Cash
S0000231,C00128,P0119,ST003,2025-08-25,10,412.73,0.0,Returned,Card
S0000250,C00633,P0131,ST017,2025-04-29,2,1295.93,0.0,Returned,Mobile Money
S0005082,C00056,P0023,ST006,2026-05-01,10,840.55,0.2,Cancelled,Mobile Money
S0008066,C00460,P0071,ST011,2025-12-20,4,1335.64,0.1,Pending,Mobile Money
S0001397,C00787,P0189,ST016,2025-12-29,5,645.91,0.15,Returned,Card
S0004897,C00652,P0182,ST018,2025-10-16,4,550.31,0.0,Pending,Cash
S0008858,C00199,P0130,ST007,2026-09-05,4,458.42,0.0,Completed,Card
S0004855,C00184,P0047,ST010,2026-06-14,0,619.87,0.1,Returned,Bank Transfer
S0009673,C00222,P0124,ST011,2026-07-02,7,638.87,0.05,Pending,Mobile Money
S0007372,C00584,P0053,ST016,2025-10-12,1,1496.6,0.0,Cancelled,Cash
S0006378,C00729,P0117,ST020,2026-05-20,7,295.98,0.0,Completed,Mobile Money
S0000646,C00988,P0184,ST009,2025-02-06,8,104.67,0.05,Pending,Mobile Money
S0002374,C00328,P0186,ST001,2025-05-18,2,1352.28,0.1,Pending,Bank Transfer
S0001007,C00114,P0127,ST013,2026-05-11,9,1488.38,0.15,Returned,Mobile Money
S0005793,C00106,P0095,ST013,2025-01-26,10,58.08,0.2,Completed,Mobile Money
S0002749,C00432,P0187,ST012,2025-12-10,3,386.53,0.15,Returned,Card
S0007796,C00778,P0074,ST007,2026-07-15,5,1464.65,0.05,Returned,Bank Transfer
S0003502,C00689,P0155,ST013,2026-07-28,8,1415.13,0.0,Pending,Card
S0009697,C00806,P0107,ST014,2026-03-13,1,401.43,0.0,Returned,Bank Transfer
S0007676,C00689,P0040,ST001,2026-04-12,9,1290.44,0.05,completed,Cash
S0001413,C00828,P0096, ST004 ,2026-06-07,3,959.14,0.1,completed,Mobile Money
S0006994,C00989,P0154,ST004,2025-04-15,2,22.64,0.05,Completed,Cash
S0000392,C00214,P0101,ST004,2026-03-10,5,1239.76,0.05,Completed,Cash
S0003225,C00352,P0125,ST004,2025-07-27,3,646.18,0.2,Pending,Mobile Money
S0007505,C00055,P0185,ST012,2025-10-23,9,843.76,0.0,completed,Card
S0003373,C00540,P0178,ST015,2025-12-21,2,1445.56,0.2,completed,Card
S0008583,C00702,P0075,ST011,2025-03-28,4,430.05,0.0,completed,Cash
S0006312,C00388,P0089,ST008,2025-09-27,10,282.45,0.15,Returned,Mobile Money
S0008386,C00001,P0015,ST003,2026-01-04,4,1127.13,0.2,Returned,Bank Transfer
S0007940,C00016,P0176,ST017,2025-02-09,7,339.03,0.1,completed,Card
S0006290,C00280,P0071,ST004,2026-05-19,10,1338.54,0.0,Cancelled,Bank Transfer
S0007479,C00879,P0105,ST015,2025-05-01,10,733.93,0.05,Returned,Mobile Money
S0005182,C00474,P0181,ST007,2025-08-25,4,73.3,0.1,Completed,Bank Transfer
S0009356,C00440,P0126,ST005,2025-08-18,2,458.78,0.0,Completed,Card
S0001320,C00147,P0169,ST002,2025-09-18,5,1122.29,0.05,Cancelled,Cash
S0007837,C00436,P0015,ST004,2025-09-20,5,1128.22,0.05,Returned,Cash
S0004991,C00887,P0040,ST001,2025-09-13,10,1288.16,0.05,Pending,Mobile Money
S0003294,C00664,P0102,ST020,2025-08-01,8,765.64,0.15,completed,Card
S0003935,C00539,P0038,ST015,2026-06-06,5,310.51,0.15,completed,Mobile Money
S0006119,C00431,P0195,ST007,2025-12-14,10,893.23,0.0,Completed,Card
S0005243,C00785,P0196,ST006,2025-01-24,6,498.69,0.2,Returned,Cash
S0009354,C00207,P0121,ST003,2025-09-23,9,1018.89,0.05,Pending,Cash
S0009273,C00744,P0093,ST002,2026-01-13,9,91.46,0.15,Cancelled,Bank Transfer
S0001641,C00380,P0064,ST016,2025-11-08,7,1297.79,0.2,Cancelled,Bank Transfer
S0002498,C00182,P0080,ST015,2026-07-28,3,869.01,0.2,Pending,Cash
S0005101,C00493,P0108,ST008,2026-07-21,3,871.83,0.05,completed,Bank Transfer
S0005054,C00759,P0082,ST014,2025-01-04,10,1222.71,0.15,Returned,Card
S0007972,C00025,P0097,ST008,2025-01-14,3,1378.47,0.2,Completed,Card
S0002493,C00789,P0172,ST002,2025-06-07,7,1418.5,0.2,Returned,Card
S0003731,C00289,P0115,ST016,2025-03-22,7,613.77,0.2,Returned,Cash
S0003525,C00130,P0146,ST008,2025-08-15,5,1389.73,0.2,completed,Mobile Money
S0008054,C00801,P0122,ST015,2025-06-13,3,1122.72,0.15,completed,Cash
S0006849,C00924,P0089,ST013,2026-02-01,4,284.51,0.05,Completed,Bank Transfer
S0007586,C00748,P0062,ST005,2025-06-06,7,761.08,0.15,Cancelled,Mobile Money
S0003622,C00564,P0089,ST008,2025-11-02,1,285.4,0.15,Cancelled,Bank Transfer
S0007827,C00296,P0021,ST002,2025-04-13,5,1306.43,0.15,completed,Mobile Money
S0005158,C00481,P0189,ST001,2026-02-20,2,644.15,0.15,Pending,Mobile Money
S0004955,C00127,P0191,ST009,2026-06-08,7,1378.47,0.0,Cancelled,Bank Transfer
S0004236,C00687,P0022,ST007,2026-06-07,1,647.05,0.0,Returned,Cash
S0001531,C00119,P0115,ST016,2026-07-31,10,612.1,0.1,Returned,Mobile Money
S0001077,C00360,P0085,ST006,2026-03-09,9,986.45,0.2,Completed,Card
S0009245,C00865,P0058,ST010,2025-10-01,9,1326.43,0.2,completed,Cash
S0005953,C00338,P0030,ST010,2025-07-25,3,1369.72,0.0,completed,Bank Transfer
S0002678,C00691,P0037,ST014,2026-06-17,2,512.29,0.2,completed,Cash
S0003265,C00762,P0173,ST010,2026-02-15,1,665.54,0.15,Cancelled,Bank Transfer
S0000042,C00171,P0132,ST018,2026-04-21,1,1406.07,0.2,Returned,Mobile Money
S0003229,C00872,P0134,ST015,2026-04-08,5,1257.31,0.2,Completed,Cash
S0007167,C00721,P0173,ST002,2026-03-10,10,665.21,0.0,Completed,Cash
S0001195,C00140,P0130,ST020,2026-03-11,1,457.06,0.0,completed,Cash
S0004864,C00903,P0073,ST015,2025-02-27,3,562.69,0.05,Cancelled,Bank Transfer
S0001529,C00838,P0106,ST019,2025-12-25,1,442.77,0.05,completed,Cash
S0006025,C00118,P0118,ST018,2025-11-26,1,810.74,0.2,Cancelled,Cash
S0007235,C00370,P0141,ST007,2026-02-08,1,101.75,0.1,Cancelled,Bank Transfer
S0005093,C00411,P0095,ST006,2026-03-17,6,56.11,0.0,Completed,Card
S0003068,C00107,P0138,ST002,2025-07-09,1,1440.22,0.0,Cancelled,Cash
S0005882,C00110,P0149,ST006,2026-07-25,10,273.65,0.05,Returned,Cash
S0002750,C00692,P0111,ST001,2026-02-24,6,496.99,0.0,Completed,Cash
S0005719,C00115,P0104,ST014,2025-12-02,9,164.77,0.05,Returned,Bank Transfer
S0006695,C00042,P0112,ST014,2025-02-23,9,125.65,0.05,completed,Card
S0009852,C00721,P0061,ST011,2025-04-05,6,237.07,0.0,Returned,Card
S0008288,C00652,P0068,ST015,2025-01-03,10,96.31,0.15,Returned,Mobile Money
S0001373,C00794,P0053,ST015,2025-09-07,3,1493.76,0.15,completed,Bank Transfer
S0007516,C00606,P0158,ST007,2025-04-02,10,99.42,0.2,completed,Cash
S0007508,C00707,P0072,ST010,2025-06-03,6,1116.39,0.0,completed,Bank Transfer
S0009816,C00942,P0104,ST015,2025-09-29,7,160.52,0.05,Completed,Cash
S0003796,C00805,P0057,ST009,2025-01-22,3,204.82,0.2,Completed,Bank Transfer
S0002470,C00100,P0089,ST009,2026-04-08,1,282.51,0.05,completed,Bank Transfer
S0003316,C00600,P0032,ST001,2026-07-24,1,485.65,0.05,completed,Mobile Money
S0003115,C00406,P0028,ST019,2025-10-06,6,150.48,0.1,Completed,Cash
S0003755,C00777,P0115,ST020,2025-08-07,9,614.47,0.15,Returned,Mobile Money
S0003371,C00881,P0005,ST007,2025-09-05,1,304.89,0.2,Cancelled,Card
S0007673,C00981,P0185,ST007,2026-01-22,10,841.91,0.1,Returned,Card
S0004402,C00740,P0187,ST018,2025-06-28,4,389.27,0.1,completed,Cash
S0005649,C00709,P0177,ST011,2025-06-27,4,15.22,0.2,Cancelled,Card
S0002016,C00851,P0016,ST001,2025-08-17,2,994.1,0.0,Returned,Card
S0007260,C00540,P0177,ST014,2025-09-25,6,15.64,0.2,Completed,Bank Transfer
S0005294,C00860,P0032,ST004,2025-03-01,1,487.47,0.05,Pending,Bank Transfer
S0007757,C00859,P0065,ST004,2025-03-01,2,590.04,0.0,completed,Cash
S0002970,C00288,P0190,ST008,2025-03-04,7,951.35,0.15,Returned,Mobile Money
S0004944,C00735,P0087,ST013,2025-08-28,3,782.84,0.0,Returned,Card
S0003159,C00354,P0003,ST001,2025-11-09,3,624.77,0.1,completed,Bank Transfer
S0003153,C00865,P0007,ST013,2026-04-27,9,111.44,0.1,Pending,Bank Transfer
S0008585,C00563,P0007,ST019,2025-10-16,6,110.03,0.2,completed,Mobile Money
S0000588,C00614,P0163,ST007,2025-08-02,2,1400.36,0.05,Pending,Cash
S0002420,C00302,P0194,ST003,2025-04-28,9,1314.41,0.2,Completed,Cash
S0003196,C00800,P0055,ST006,2025-05-21,5,322.0,0.2,Pending,Mobile Money
S0005544,C00944,P0143,ST020,2026-07-30,9,1167.32,0.1,Returned,Mobile Money
S0007511,C00700,P0167,ST006,2025-03-10,10,358.01,0.15,Completed,Card
S0005308,C00108,P0121,ST019,2026-06-26,5,1017.59,0.15,Cancelled,Bank Transfer
S0007901,C00117,P0190,ST009,2026-05-17,1,947.92,0.2,Cancelled,Bank Transfer
S0001592,C00291,P0167,ST019,2025-03-05,4,358.5,0.2,Returned,Card
S0001096,C00605,P0042,ST009,2025-03-14,1,353.79,0.05,Cancelled,Mobile Money
S0006323,C00518,P0092,ST020,2026-03-08,2,1114.34,0.05,completed,Card
S0004839,C00676,P0086,ST005,2026-02-06,9,354.45,0.15,Pending,Bank Transfer
S0004345,C00663,P0101,ST017,2025-05-28,3,1241.09,0.0,Returned,Bank Transfer
S0002185,C00858,P0112,ST007,2025-01-07,2,125.78,0.1,Returned,Mobile Money
S0003920,C00871,P0192,ST012,2026-02-13,5,245.38,0.15,Returned,Cash
S0006760,C00457,P0196,ST012,2025-10-23,9,500.42,0.1,Completed,Card
S0001517,C00231,P0059,ST015,2026-03-01,8,416.32,0.0,Returned,Bank Transfer
S0002096,C00505,P0025,ST009,2026-07-08,8,330.04,0.05,Returned,Bank Transfer
S0006915,C00934,P0036,ST005,2025-10-27,8,1285.59,0.2,Completed,Card
S0003528,C00689,P0058,ST020,2025-01-16,5,1325.88,0.15,Completed,Bank Transfer
S0006096,C00819,P0152,ST016,2025-06-21,10,922.18,0.05,Returned,Card
S0005940,C00424,P0003,ST020,2025-05-23,4,622.71,0.05,Cancelled,Card
S0005981,C00901,P0175,ST016,2026-04-24,3,517.16,0.2,Returned,Cash
S0001738,C00798,P0087,ST004,2026-06-03,2,782.95,0.05,Pending,Card
S0008454,C00431,P0169, ST011 ,2025-08-31,3,1119.68,0.15,Cancelled,Cash
S0003306,C00529,P0182,ST008,2025-12-07,1,551.26,0.2,Pending,Bank Transfer
S0009191,C00664,P0086,ST017,2025-05-22,9,356.14,0.2,Completed,Cash
S0006886,C00110,P0174,ST013,2025-03-03,8,193.07,0.1,completed,Cash
S0008171,C00158,P0031,ST002,2025-07-06,10,625.62,0.0,Completed,Mobile Money
S0006539,C00505,P0064,ST020,2025-12-01,2,1301.25,0.2,Pending,Mobile Money
S0000185,C00302,P0125,ST013,2026-04-04,7,647.67,0.2,Completed,Card
S0008172,C00426,P0109,ST005,2025-05-17,8,195.15,0.1,Returned,Mobile Money
S0008307,C00766,P0095,ST017,2025-04-08,7,54.3,0.1,Completed,Cash
S0000431,C00787,P0080,ST016,2026-03-11,1,869.38,0.05,completed,Card
S0001217,C00100,P0033,ST008,2025-12-16,3,334.4,0.15,completed,Bank Transfer
S0007022,C00898,P0199,ST016,2025-04-03,9,783.28,0.2,Completed,Bank Transfer
S0005878,C00763,P0178,ST002,2026-06-20,1,1443.51,0.0,Pending,Cash
S0001557,C00887,P0132,ST009,2025-08-22,8,1406.93,0.2,completed,Cash
S0009503,C00764,P0108,ST013,2025-11-27,3,871.08,0.0,Returned,Cash
S0009882,C00768,P0023,ST017,2026-07-08,4,841.33,0.0,Completed,Cash
S0007454,C00907,P0101,ST002,2025-03-28,10,1239.92,0.15,Returned,Bank Transfer
S0003858,C00801,P0190,ST018,2025-03-15,1,951.95,0.15,completed,Card
S0004355,C00410,P0069,ST013,2026-02-16,9,1359.2,0.05,completed,Mobile Money
S0007484,C00442,P0019,ST012,2025-07-08,5,711.3,0.15,Pending,Bank Transfer
S0006398,C00261,P0155,ST007,2026-03-25,2,1413.72,0.15,Cancelled,Mobile Money
S0006461,C00920,P0034,ST004,2026-01-10,7,1189.26,0.2,completed,Card
S0007434,C00041,P0162,ST004,2025-03-12,4,306.9,0.0,Cancelled,Mobile Money
S0000529,C99999,P0150,ST012,2025-03-08,9,678.41,0.15,Completed,Bank Transfer
S0000001,C00218,P0200,ST015,2025-04-06,5,597.12,0.15,Completed,Mobile Money
S0002561,C00618,P0143,ST015,2025-01-22,1,1162.79,0.0,Cancelled,Mobile Money
S0000799,C00120,P0199,ST013,2025-10-28,9,783.53,0.1,completed,Mobile Money
S0001540,C00716,P0095,ST010,2026-05-07,7,54.15,0.2,Cancelled,Card
S0005008,C00494,P0013,ST003,2026-05-11,2,100.07,0.1,Returned,Card
S0008702,C00148,P0044,ST007,2025-04-21,9,916.77,0.15,Cancelled,Bank Transfer
S0006419,C00754,P0163,ST013,2025-07-27,2,1405.36,0.15,Pending,Card
S0009890,C00954,P0031,ST004,2025-12-11,1,623.7,0.1,completed,Mobile Money
S0006893,C00580,P0018,ST012,2025-12-27,10,874.56,0.05,Cancelled,Cash
S0009229,C00404,P0071,ST011,2025-07-09,3,1336.93,0.1,Cancelled,Bank Transfer
S0008252,C00975,P0114,ST001,2025-07-09,6,551.29,0.0,Pending,Card
S0006044,C00449,P0173,ST011,2026-02-23,9,668.02,0.05,Pending,Cash
S0002350,C00628,P0017,ST014,2025-08-07,6,151.06,0.1,Returned,Card
S0009820,C00840,P0022,ST003,2025-07-15,1,645.97,0.15,Pending,Card
S0006418,C00378,P0095,ST012,2025-06-02,10,56.58,0.15,Returned,Card
S0003915,C00790,P0034,ST011,2025-11-07,9,1187.5,0.15,completed,Cash
S0009231,C00953,P0094,ST015,2026-04-26,1,488.61,0.0,Completed,Bank Transfer
S0009752,C00902,P0163,ST003,2026-05-08,5,1405.4,0.05,Cancelled,Cash
S0007039,C00431,P0168,ST019,2026-06-22,1,745.81,0.1,Cancelled,Mobile Money
S0007773,C00514,P0024,ST011,2026-07-02,6,610.42,0.1,Completed,Mobile Money
S0000605,C00415,P0012,ST008,2025-03-29,2,1080.78,0.0,Cancelled,Cash
S0000615,C00610,P0076,ST012,2025-12-26,2,708.86,0.05,Completed,Bank Transfer
S0009302,C00116,P0142,ST020,2025-10-13,9,1164.62,0.1,Returned,Cash
S0001216,C00025,P0036,ST010,2025-10-17,8,1282.09,0.05,completed,Bank Transfer
S0001709,C00176,P0043,ST019,2026-03-20,4,1028.53,0.05,Pending,Mobile Money
S0005524,C00529,P0088,ST006,2025-06-04,6,696.53,0.2,Returned,Mobile Money
S0000365,C00088,P0074,ST015,2026-01-01,6,1462.3,0.2,Completed,Card
S0005587,C00544,P0118,ST018,2025-01-13,5,807.49,0.15,Pending,Mobile Money
S0008614,C00228,P0108,ST002,2025-04-14,6,874.25,0.1,completed,Card
S0002007,C00450,P0094,ST010,2026-05-14,3,488.02,0.0,completed,Cash
S0003653,C00323,P0178,ST011,2025-12-15,4,1443.02,0.2,Returned,Cash
S0006202,C00081,P0063,ST004,2025-08-15,10,1438.06,0.1,Completed,Bank Transfer
S0007261,C00714,P0043,ST004,2025-03-27,5,1027.59,0.1,Completed,Cash
S0001040,C00561,P0163,ST004,2025-12-15,4,1404.79,0.0,completed,Cash
S0000134,C00580,P0145,ST017,2026-01-23,5,1494.91,0.2,Completed,Mobile Money
S0004707,C00207,P0159,ST006,2026-01-29,2,580.67,0.05,Returned,Cash
S0009678,C00809,P0171,ST019,2026-01-12,5,600.57,0.15,Pending,Cash
S0000741,C00501,P0147,ST008,2025-03-04,7,1337.08,0.2,completed,Mobile Money
S0001370,C00336,P0109,ST008,2026-05-18,8,190.93,0.2,Returned,Cash
S0003335,C00907,P0167,ST014,2026-01-19,3,361.02,0.1,Cancelled,Card
S0006229,C00037,P0133,ST016,2025-12-26,5,941.21,0.15,Returned,Mobile Money
S0004786,C00515,P0048,ST006,2025-02-05,4,641.84,0.15,Pending,Mobile Money
S0007859,C00280,P0021,ST020,2025-12-01,10,1310.72,0.15,completed,Cash
S0008772,C00128,P0107,ST003,2025-11-08,8,400.86,0.0,Returned,Card
S0002845,C00172,P0150,ST002,2025-11-24,2,678.68,0.2,Cancelled,Bank Transfer
S0009248,C00748,P0062,ST003,2025-05-27,4,760.45,0.0,completed,Mobile Money
S0004190,C00471,P0055,ST020,2026-05-30,3,320.37,0.15,completed,Card
S0001464,C00853,P0083,ST012,2026-01-04,4,1056.02,0.15,Cancelled,Cash
S0005065,C00572,P0173,ST017,2025-06-18,6,666.36,0.2,Completed,Cash
S0009059,C00836,P0200,ST019,2026-05-27,3,599.47,0.05,completed,Mobile Money
S0008198,C00145,P0082,ST012,2025-10-06,6,1220.05,0.15,Returned,Mobile Money
S0006243,C00830,P9999,ST014,2025-04-29,2,1337.99,0.05,Cancelled,Mobile Money
S0008550,C00333,P0007,ST017,2026-01-04,9,111.49,0.1,Pending,Cash
S0006832,C00318,P0071,ST005,2026-06-01,7,1340.19,0.0,Cancelled,Card
S0006574,C00808,P0128,ST020,2025-02-12,6,204.44,0.15,Completed,Mobile Money
S0007380,C00941,P0183,ST020,2025-10-02,7,153.85,0.2,Pending,Mobile Money
S0007699,C00104,P0014,ST018,2026-04-04,9,245.83,0.15,Completed,Card
S0006535,C00887,P0034,ST014,2025-01-21,4,1184.27,0.1,completed,Cash
S0008186,C00118,P0197,ST003,2025-01-28,9,114.58,0.15,Returned,Cash
S0009239,C00735,P0194,ST005,2025-10-07,4,1316.2,0.1,Returned,Bank Transfer
S0004314,C00965,P0155,ST002,2025-04-28,4,1413.54,0.0,Completed,Card
S0009139,C00794,P0081,ST019,2025-01-12,7,202.27,0.05,completed,Cash
S0003583,C00152,P0114,ST006,2025-04-25,5,553.32,0.1,Completed,Bank Transfer
S0002676,C00097,P0137,ST003,2025-12-18,8,152.39,0.2,Cancelled,Bank Transfer
S0009621,C00610,P0093,ST005,2025-11-15,8,92.37,0.2,completed,Cash
S0005047,C00689,P0102,ST013,2025-07-17,1,764.42,0.15,Pending,Card
S0009814,C00962,P0025,ST017,2026-01-20,9,328.95,0.15,Cancelled,Bank Transfer
S0006112,C00872,P0030,ST015,2026-07-28,10,1374.15,0.15,Pending,Cash
S0002202,C00664,P0048,ST014,2025-04-23,7,646.3,0.2,Pending,Mobile Money
S0008378,C00534,P0005,ST012,2026-01-16,1,306.7,0.05,Returned,Card
S0004479,C00466,P0054,ST019,2026-06-08,1,99.2,0.2,Cancelled,Cash
S0004561,C00309,P0051,ST012,2026-03-29,5,534.25,0.2,Cancelled,Bank Transfer
S0002451,C00788,P0035,ST008,2026-06-16,2,304.19,0.05,Pending,Cash
S0009467,C00782,P0057,ST001,2025-02-08,6,204.94,0.2,completed,Cash
S0000485,C00988,P0189,ST011,2026-02-25,7,642.66,0.0,completed,Cash
S0000092,C00107,P0061,ST009,2026-01-23,10,235.24,0.05,Cancelled,Mobile Money
S0001117,C00062,P0175,ST006,2025-08-25,10,521.41,0.0,Returned,Card
S0004699,C00823,P0003,ST003,2026-03-06,10,629.56,0.0,completed,Mobile Money
S0008748,C00818,P0001,ST013,2026-01-29,10,1034.26,0.2,completed,Mobile Money
S0004645,C00207,P0079,ST002,2025-03-19,6,1032.18,0.1,Pending,Mobile Money
S0009435,C00843,P0146,ST008,2025-05-11,8,1388.96,0.05,completed,Bank Transfer
S0001721,C00836,P0022,ST010,2025-02-12,7,647.77,,completed,Bank Transfer
S0009027, C00180 ,P0179,ST013,2026-02-02,5,624.02,0.1,completed,Mobile Money
S0002765,C00771,P0177,ST005,2026-06-23,10,19.03,0.1,Cancelled,Card
S0005791,C00171,P0050,ST001,2025-01-04,6,343.18,0.05,completed,Card
S0006772,C00220,P0022,ST002,2025-11-03,7,649.17,0.2,Returned,Bank Transfer
S0001632,C00179,P0078,ST006,2025-05-14,9,914.57,0.05,Returned,Cash
S0010000,C00472,P0029,ST002,2025-03-26,10,1223.75,0.1,Cancelled,Card
S0005723,C00166,P0141,ST005,2025-03-23,8,99.33,0.15,completed,Bank Transfer
S0006836,C00814,P0072,ST015,2025-02-20,7,1112.23,0.05,Pending,Mobile Money
S0000384,C00434,P0097,ST020,2026-05-23,3,1376.63,0.2,Completed,Cash
S0009846,C00110,P0198,ST018,2025-01-18,5,816.09,0.05,Pending,Cash
S0004916,C00776,P0116,ST018,2025-08-10,7,33.8,0.15,Returned,Cash
S0007354,C00805,P0093,ST008,2026-01-30,2,95.33,0.2,Pending,Mobile Money
S0004580,C00107,P0025,ST020,2025-01-08,2,331.75,0.0,Cancelled,Mobile Money
S0001994,C00142,P0136,ST010,2025-09-04,2,99.81,0.0,Completed,Bank Transfer
S0007635,C00910,P0005,ST009,2025-08-20,3,302.98,0.2,Returned,Cash
S0000579,C00080,P0009,ST006,2026-01-03,7,149.61,0.1,Returned,Cash
S0004907,C00158,P0082,ST004,2026-05-18,2,1221.84,0.2,Completed,Card
S0009120,C00352,P0148,ST015,2025-05-02,6,556.48,0.1,Cancelled,Cash
S0002457,C00143,P0180,ST004,2026-03-09,9,689.52,0.15,Returned,Bank Transfer
S0008512,C00379,P0146,ST007,2025-08-24,1,1396.24,0.05,Pending,Bank Transfer
S0003168,C00384,P0082,ST014,2025-11-22,7,1223.74,0.0,Returned,Card
S0005801,C00721,P0192,ST011,2025-08-05,5,247.79,0.05,Returned,Card
S0006638,C00915,P0180,ST016,2025-10-22,3,685.14,0.2,completed,Card
S0002784,C00427,P0130,ST001,2026-06-03,2,461.85,0.05,Returned,Cash
S0005048,C00585,P0089,ST016,2025-04-24,8,285.78,0.2,Completed,Mobile Money
S0003011,C00611,P0092,ST020,2026-03-27,9,1114.72,0.2,Pending,Cash
S0002382,C00940,P0028,ST009,2026-05-22,5,145.55,0.05,Completed,Cash
S0001163,C00977,P0038,ST018,2026-04-15,5,309.12,0.05,completed,Bank Transfer
S0007134,C00293,P0176,ST015,2025-11-24,9,339.22,0.1,Cancelled,Cash
S0004116,C00939,P0150,ST014,2025-07-23,6,674.7,0.0,Pending,Card
S0004342,C00785,P0036,ST003,2025-09-04,10,1283.61,0.05,Completed,Card
S0000472,C00243,P0083,ST014,2026-04-15,7,1057.81,0.15,completed,Mobile Money
S0002303,C00988,P0039,ST009,2026-01-06,9,1499.42,0.05,Returned,Card
S0003080,C00502,P0181,ST012,2025-12-24,4,69.59,0.2,Cancelled,Cash
S0003659,C00513,P0187,ST007,2025-08-25,1,389.15,0.2,Cancelled,Card
S0004794,C00523,P0007,ST012,2025-10-20,3,109.18,0.1,Returned,Mobile Money
S0001494,C00042,P0097,ST007,2026-05-28,1,1375.45,0.0,Pending,Cash
S0000195,C00951,P0072,ST018,2025-10-26,4,1111.59,0.15,Completed,Mobile Money
S0009438,C00213,P0100,ST013,2025-07-11,9,913.03,0.1,Returned,Card
S0004620,C00358,P0121,ST009,2026-01-27,9,1018.79,0.15,Cancelled,Mobile Money
S0006752,C00606,P0193,ST017,2025-01-07,2,908.65,0.15,completed,Bank Transfer
S0003033,C00746,P0080,ST007,2025-06-09,5,866.26,0.2,Completed,Bank Transfer
S0005290,C00298,P0137,ST007,2026-07-15,8,154.37,0.15,Pending,Card
S0008061,C00184,P0118,ST007,2025-08-09,5,805.83,0.05,Returned,Mobile Money
S0004980,C00449,P0193,ST017,2025-10-05,10,914.09,0.0,Cancelled,Card
S0003811,C00582,P0162,ST016,2025-04-08,4,308.94,0.0,Completed,Bank Transfer
S0002017,C00195,P0091,ST006,2025-11-28,7,459.31,0.2,Returned,Mobile Money
S0000921,C00586,P0147,ST005,2025-05-19,2,1339.17,,Returned,Cash
S0009918,C00588,P0047,ST013,2025-01-05,10,617.3,0.05,Cancelled,Bank Transfer
S0004975,C00423,P0030,ST004,2026-02-12,10,1372.18,0.0,Completed,Cash
S0009063,C00441,P0122,ST014,2026-02-09,9,1121.28,0.2,Completed,Cash
S0006422,C00425,P0128,ST007,2025-02-03,9,204.33,0.05,Cancelled,Card
S0004867,C00718,P0048,ST007,2025-02-03,10,647.42,0.15,Completed,Bank Transfer
S0002422,C00433,P0168,ST016,2025-07-31,5,743.82,0.15,Returned,Bank Transfer
S0006376,C00387,P0040,ST013,2025-08-28,9,1285.09,0.1,Pending,Mobile Money
S0007658,C00320,P0038,ST002,2025-01-15,9,308.38,0.2,Cancelled,Mobile Money
S0000822,C00984,P0079,ST019,2025-09-05,10,1033.56,0.15,completed,Mobile Money
S0005773,C00143,P0188,ST013,2025-09-25,9,805.29,0.1,Pending,Bank Transfer
S0009217,C00828,P0176,ST018,2025-03-03,6,342.27,0.05,Pending,Cash
S0005010,C00093,P0050,ST002,2026-05-19,3,339.58,0.05,Returned,Mobile Money
S0001247,C00182,P0074,ST016,2025-06-25,1,1465.96,0.15,Returned,Cash
S0003122,C00423,P0002,ST006,2025-02-24,3,284.78,0.0,completed,Card
S0002287,C00155,P0125,ST016,2026-05-12,1,645.1,0.15,completed,Cash
S0001939,C00199,P0013,ST001,2025-07-17,1,102.03,0.2,Returned,Cash
S0005616,C00291,P0009,ST017,2025-02-28,10,149.24,0.05,Completed,Mobile Money
S0004387,C00190,P0063,ST015,2025-12-09,3,1439.08,0.05,Returned,Mobile Money
S0002872, C00022 ,P0170,ST014,2025-06-06,7,408.39,0.05,Returned,Card
S0000624,C00223,P0019,ST003,2025-11-08,7,714.14,0.2,Returned,Card
S0006704,C00010,P0007,ST015,2025-09-25,8,110.08,0.0,completed,Cash
S0000236,C00839,P0185,ST006,2025-09-22,2,847.65,0.15,completed,Cash
S0001393,C00716,P0028,ST016,2025-12-29,7,151.37,0.15,Returned,Card
S0002662,C00807,P0020,ST009,2025-10-23,1,1325.24,0.15,Pending,Mobile Money
S0009682,C00465,P0086,ST012,2026-06-09,7,353.54,0.1,Completed,Bank Transfer
S0003164,C00975,P0198,ST014,2026-02-09,3,818.58,0.2,completed,Card
S0001453,C00174,P0048,ST007,2025-10-07,1,647.03,0.15,completed,Card
S0005493,C00786,P0158,ST013,2025-09-01,2,98.97,0.1,Cancelled,Bank Transfer
S0006113,C00392,P0037,ST002,2026-05-22,10,518.66,0.05,Returned,Bank Transfer
S0008686,C00906,P0023,ST008,2026-01-03,5,839.13,0.05,Completed,Bank Transfer
S0005959,C00106,P0187,ST009,2025-07-06,10,386.57,0.0,completed,Cash
S0001291,C00472,P0159,ST017,2025-08-15,4,582.24,0.0,Returned,Bank Transfer
S0003781,C00165,P0182,ST007,2025-07-28,8,552.21,0.2,completed,Card
S0009575,C00613,P0141,ST013,2025-12-07,5,96.44,0.05,completed,Cash
S0000086,C00675,P0129,ST019,2025-07-03,4,1205.14,0.05,Returned,Card
S0009208,C00173,P0143,ST002,2026-03-27,4,1161.24,0.0,Completed,Mobile Money
S0001925,C00084,P0015,ST018,2025-02-26,5,1128.38,0.0,completed,Card
S0008216,C00770,P0145,ST014,2025-10-11,3,1495.13,0.2,Pending,Bank Transfer
S0002228,C00002,P0083,ST014,2025-12-06,7,1052.81,0.1,Completed,Mobile Money
S0006430,C00386,P0183,ST016,2025-06-24,6,150.82,0.2,Returned,Bank Transfer
S0007727,C00174,P0182,ST002,2025-04-19,1,549.83,0.0,completed,Mobile Money
S0004391,C00770,P0101,ST001,2026-06-04,5,1240.93,,completed,Bank Transfer
S0006038,C00803,P0200,ST015,2026-05-13,4,597.77,0.15,Returned,Mobile Money
S0001062,C00559,P0038,ST016,2025-07-30,3,312.51,0.0,Completed,Bank Transfer
S0003072,C00003,P0006,ST016,2025-03-05,9,1221.81,0.05,Pending,Mobile Money
S0007890,C00395,P0139,ST020,2025-10-09,3,1112.69,0.15,Pending,Bank Transfer
S0008554,C00954,P0095,ST006,2026-07-08,7,56.07,0.05,Pending,Mobile Money
S0002118,C00496,P0123,ST006,2025-01-18,5,815.08,0.0,completed,Mobile Money
S0009501,C00125,P0068,ST018,2026-06-12,3,97.85,0.0,Pending,Mobile Money
S0009790,C00627,P0174,ST007,2026-02-24,2,193.33,0.05,Cancelled,Bank Transfer
S0003820,C00025,P0034,ST017,2025-06-10,10,1184.24,0.15,Cancelled,Mobile Money
S0003676,C00659,P0116,ST014,2025-02-07,8,34.48,0.1,Cancelled,Bank Transfer
S0007902,C00027,P0174,ST020,2026-02-18,4,188.63,0.2,completed,Card
S0003087,C00186,P0058,ST017,2025-07-05,2,1321.66,0.1,Returned,Bank Transfer
S0000456,C00617,P0074,ST018,2025-07-09,10,1462.28,0.2,Completed,Mobile Money
S0006532,C00267,P0106,ST009,2025-01-29,3,443.14,0.15,Completed,Mobile Money
S0009743,C00336,P0176,ST001,2026-03-23,5,338.72,0.2,Pending,Cash
S0005781,C00510,P0171,ST006,2026-06-20,5,598.01,0.05,Pending,Mobile Money
S0007142,C00007,P0145,ST006,2026-01-30,5,1492.21,0.1,Pending,Mobile Money
S0001258,C00789,P0015,ST019,2025-05-15,9,1125.98,0.1,Cancelled,Bank Transfer
S0007166,C00829,P0138,ST003,2026-03-02,6,1442.76,0.1,Returned,Bank Transfer
S0006453,C00560,P0097,ST011,2025-07-24,9,1379.86,0.1,Completed,Cash
S0009629,C00348,P0035,ST020,2025-03-30,3,305.88,0.15,completed,Bank Transfer
S0001845,C00406,P0182,ST020,2026-04-14,1,551.94,0.2,completed,Cash
S0000978,C00170,P0086,ST001,2026-07-14,5,355.28,0.0,Cancelled,Bank Transfer
S0003158,C00590,P0114,ST005,2025-11-17,1,553.2,0.15,Returned,Card
S0001366,C00925,P0085,ST001,2025-06-07,1,988.02,0.2,completed,Bank Transfer
S0006634,C00034,P0076,ST002,2026-01-10,6,708.96,0.05,Completed,Card
S0009984,C00116,P0140,ST003,2025-04-24,9,1313.94,0.05,Pending,Bank Transfer
S0005086,C00093,P0090,ST015,2025-05-07,8,620.41,0.2,Cancelled,Mobile Money
S0000136,C00876,P0068,ST002,2026-07-04,4,99.76,0.15,Completed,Cash
S0000737,C00982,P0045,ST007,2025-01-27,3,1249.91,0.05,Cancelled,Mobile Money
S0006691,C00794,P0109,ST018,2026-01-01,1,193.63,0.0,Returned,Card
S0004463,C00257,P0168,ST002,2026-05-29,10,745.95,0.05,Completed,Card
S0001087,C00557,P0191,ST019,2026-04-01,5,1384.42,0.1,completed,Card
S0006220,C00945,P0034,ST015,2025-02-13,6,1187.73,0.15,completed,Mobile Money
S0005389,C00952,P0095,ST006,2025-09-17,5,56.93,0.1,completed,Mobile Money
S0002645,C00822,P0156,ST015,2026-02-18,10,639.53,0.1,Cancelled,Cash
S0008699,C00355,P0110,ST019,2025-04-10,7,1367.11,0.15,Returned,Cash
S0001545,C00555,P0008,ST009,2025-03-03,9,1263.26,0.2,Returned,Mobile Money
S0003201,C00978,P0141,ST006,2025-11-17,7,97.89,0.15,completed,Mobile Money
S0004782,C00019,P0060,ST003,2026-03-15,10,732.49,0.0,Pending,Card
S0004689,C00814,P0142,ST012,2025-01-27,3,1164.39,0.2,Returned,Card
S0001921,C00631,P0138,ST019,2025-09-09,9,1443.23,0.1,Pending,Cash
S0008176,C00516,P0132,ST020,2025-02-15,5,1403.79,0.15,Returned,Card
S0001998,C00045,P0153,ST014,2025-07-06,4,503.83,0.1,Pending,Mobile Money
S0006175,C00570,P0114,ST010,2025-08-22,9,554.9,0.0,Cancelled,Card
S0003214,C00341,P0099,ST004,2026-04-25,8,1390.89,0.15,completed,Bank Transfer
S0005814,C00493,P0136,ST010,2026-07-15,1,98.39,0.15,Cancelled,Card
S0006072,C00528,P0069,ST017,2025-01-01,6,1362.7,0.2,Cancelled,Bank Transfer
S0001376,C00889,P0025,ST006,2025-02-05,7,329.56,0.2,Pending,Card
S0004195,C00985,P0187,ST003,2025-09-05,5,391.82,0.2,Completed,Card
S0009277,C00937,P0127,ST009,2025-11-25,8,1485.09,0.1,Pending,Mobile Money
S0002520,C00825,P0001,ST009,2026-06-29,4,1034.11,0.05,completed,Cash
S0003801,C00324,P0138,ST009,2026-06-22,5,1442.3,0.05,Returned,Bank Transfer
S0002535, C00148 ,P0142,ST013,2025-06-11,1,1165.63,0.15,Returned,Card
S0000836,C00466,P0030,ST019,2025-03-23,4,1369.92,0.0,Cancelled,Cash
S0005633,C00788,P0058,ST015,2026-06-29,7,1324.74,0.2,Completed,Cash
S0004113,C00263,P0199,ST014,2025-11-25,2,783.86,0.2,Completed,Bank Transfer
S0005247,C00210,P0160,ST011,2025-12-10,5,336.64,0.0,Completed,Cash
S0002855,C00626,P0190,ST006,2025-04-09,3,954.83,0.2,Completed,Bank Transfer
S0005986,C00107,P0148,ST009,2026-02-17,5,554.22,0.2,Returned,Bank Transfer
S0008458,C00965,P0158,ST007,2026-01-30,10,98.59,0.05,Returned,Bank Transfer
S0004398,C00156,P0159,ST003,2025-04-07,7,583.02,0.2,Completed,Mobile Money
S0008665,C00948,P0022,ST007,2026-04-20,10,647.16,0.1,Pending,Bank Transfer
S0009652,C00692,P0174,ST019,2026-05-10,5,193.7,0.1,completed,Card
S0001580,C00244,P0105,ST008,2025-11-20,4,737.56,0.15,Completed,Bank Transfer
S0009504,C00955,P0091,ST008,2026-03-30,10,459.1,0.1,Cancelled,Bank Transfer
S0009165,C00166,P0095,ST002,2025-09-17,1,55.92,0.0,Completed,Mobile Money
S0009709,C00142,P0153,ST010,2025-04-29,6,505.47,0.2,Returned,Mobile Money
S0006149,C00161,P0078,ST002,2025-04-18,8,908.06,0.05,completed,Card
S0007621,C00619,P0140,ST007,2026-06-12,1,1309.9,0.2,Returned,Mobile Money
S0000968,C00494,P0153,ST005,2026-07-06,4,504.15,0.1,Completed,Card
S0005568,C00193,P0094,ST005,2025-11-17,3,487.56,0.0,Pending,Cash
S0007948,C00673,P0154,ST018,2026-05-22,2,22.34,0.15,Returned,Bank Transfer
S0002976,C00903,P0163,ST017,2026-04-23,3,1407.09,0.2,Returned,Cash
S0006653,C00656,P0026,ST005,2025-06-26,10,1074.28,0.0,Completed,Mobile Money
S0008878,C00267,P0069,ST006,2025-10-31,5,1356.89,0.0,Returned,Mobile Money
S0008850,C00658,P0114,ST004,2026-03-10,7,552.64,0.0,Cancelled,Card
S0000694,C00659,P0174,ST003,2025-10-03,4,194.34,0.15,Cancelled,Card
S0006335,C00191,P0134,ST009,2026-06-24,8,1258.38,0.05,Cancelled,Bank Transfer
S0000328,C00936,P0188,ST018,2026-06-13,3,803.41,0.15,completed,Bank Transfer
S0002229,C00556,P0038,ST009,2026-03-07,1,306.03,0.0,Cancelled,Cash
S0004920,C00296,P0031,ST003,2026-04-21,3,624.96,0.0,Cancelled,Mobile Money
S0006873,C00657,P0114,ST015,2025-12-19,1,555.51,0.15,Pending,Card
S0004990,C00360,P0169,ST010,2025-07-05,1,1118.18,0.15,Completed,Bank Transfer
S0009610,C00974,P0188,ST015,2026-07-30,1,804.25,0.05,completed,Cash
S0008405,C00888,P0018,ST019,2026-04-20,7,876.31,0.2,completed,Bank Transfer
S0007123,C00044,P0191,ST017,2026-01-24,3,1378.46,0.05,Cancelled,Card
S0008581,C00304,P0049,ST016,2025-03-17,2,469.14,0.15,completed,Cash
S0001038,C00955,P0013,ST004,2025-05-08,4,104.62,0.15,Pending,Bank Transfer
S0006672,C00045,P0070, ST014 ,2025-10-07,2,1139.94,0.0,Cancelled,Cash
S0000995,C00950,P0040,ST008,2025-11-25,3,1291.15,0.1,completed,Mobile Money
S0000352,C00034,P0071,ST006,2025-01-24,4,1334.96,0.2,completed,Card
S0003351,C00978,P0184,ST007,2026-07-11,9,104.42,0.1,completed,Card
S0008544,C00867,P0147,ST004,2026-03-24,7,1336.04,0.0,Pending,Card
S0004397,C00354,P0037,ST008,2026-04-05,8,515.46,0.0,Pending,Cash
S0000563,C00897,P0006,ST003,2026-03-06,1,1225.21,0.1,completed,Card
S0008495,C00349,P0197,ST012,2025-11-18,3,110.45,0.2,completed,Bank Transfer
S0006628,C00442,P0067,ST003,2025-07-09,4,923.08,0.05,completed,Mobile Money
S0004932,C00174,P0072,ST010,2026-03-12,1,1113.89,0.2,Returned,Mobile Money
S0007044,C00513,P0177,ST005,2026-04-07,5,16.74,0.15,Pending,Bank Transfer
S0008396,C00496,P0105,ST014,2025-07-14,10,733.92,0.0,completed,Cash
S0002059,C00299,P0175,ST007,2026-02-27,5,524.07,0.1,Completed,Card
S0009677,C00406,P0130,ST011,2026-01-25,8,460.47,0.15,Completed,Cash
S0001614,C00430,P0003,ST016,2026-03-29,8,626.61,0.15,Completed,Bank Transfer
S0005942,C00865,P0078,ST007,2025-03-10,10,914.78,0.1,Cancelled,Card
S0004526,C00345,P0023,ST010,2025-09-20,1,840.03,0.1,Cancelled,Bank Transfer
S0000788,C00966,P0181,ST001,2025-04-12,6,68.18,0.2,Pending,Cash
S0008471,C00761,P0167,ST007,2025-12-25,10,354.94,0.0,Returned,Cash
S0001020,C00740,P0167,ST002,2026-07-17,3,357.95,0.0,Returned,Cash
S0006847,C00654,P0063,ST016,2026-02-21,1,1439.61,0.2,Cancelled,Bank Transfer
S0002418,C00025,P0052,ST013,2026-01-09,3,1038.88,0.15,Returned,Card
S0002677,C00358,P0118,ST010,2026-07-16,5,808.25,0.2,Completed,Mobile Money
S0004476,C00615,P0025,ST011,2025-11-18,10,332.65,0.05,Pending,Cash
S0003407,C00818,P0121,ST016,2025-06-11,2,1017.59,0.0,Cancelled,Cash
S0006004,C00541,P0107,ST019,2025-06-10,8,405.44,0.15,Cancelled,Bank Transfer
S0008562,C00118,P0102,ST019,2026-01-03,4,766.06,0.1,Pending,Cash
S0000523,C00587,P0057,ST018,2025-06-21,1,207.09,0.15,Pending,Bank Transfer
S0004238,C00907,P0124,ST019,2025-02-07,7,637.59,0.2,Returned,Cash
S0006183,C00993,P0109,ST009,2026-07-25,1,188.41,0.1,Completed,Cash
S0000645,C00691,P0099,ST006,2025-08-23,2,1391.06,0.05,Cancelled,Bank Transfer
S0000797,C00438,P0017,ST011,2025-06-28,3,151.71,0.15,Cancelled,Card
S0003618,C00646,P0007,ST017,2025-04-28,8,114.04,0.2,completed,Cash
S0009207,C00417,P0017,ST002,2025-08-26,6,150.97,0.1,Completed,Mobile Money
S0007110,C00795,P0172,ST014,2025-07-20,3,1417.61,0.15,completed,Mobile Money
S0007053,C00482,P0112,ST010,2025-02-12,1,124.52,0.15,Cancelled,Bank Transfer
S0008904,C00033,P0117,ST003,2025-08-09,5,295.7,0.05,Cancelled,Mobile Money
S0007047,C00655,P0070,ST020,2025-03-16,6,1140.64,0.05,Completed,Bank Transfer
S0006617,C00202,P0068,ST016,2025-05-23,5,97.1,0.15,Cancelled,Bank Transfer
S0008769,C00713,P0198,ST008,2025-01-30,3,815.32,0.0,Returned,Cash
S0001345,C00381,P0143,ST006,2025-12-08,5,1164.51,0.2,Pending,Mobile Money
S0009811,C00326,P0047,ST002,2025-05-09,6,619.79,0.0,Cancelled,Cash
S0004505,C00158,P0007,ST020,2025-09-20,3,112.16,0.0,Completed,Card
S0005661,C00060,P0137,ST004,2025-01-07,7,147.61,0.0,Returned,Mobile Money
S0003690,C00841,P0178,ST019,2026-06-18,7,1443.22,0.0,Cancelled,Card
S0008696,C00907,P0125,ST018,2025-09-24,2,646.15,0.05,Cancelled,Mobile Money
S0001722,C00094,P0097,ST010,2025-12-30,2,1379.23,0.1,Completed,Card
S0001561,C00987,P0074,ST012,2026-01-13,8,1468.34,0.15,completed,Card
S0009134,C00648,P0089,ST020,2025-12-11,8,286.03,0.0,completed,Card
S0009803,C00648,P0093,ST007,2025-12-11,10,91.14,0.0,completed,Card
S0005976,C00503,P0142,ST009,2025-08-10,3,1165.24,0.0,completed,Cash
S0002069,C00455,P0141,ST006,2025-10-02,4,100.22,0.15,Pending,Card
S0001149,C00932,P0059,ST001,2026-02-03,2,413.84,0.05,Returned,Cash
S0004187,C00427,P0139,ST012,2025-04-16,6,1109.61,0.0,Completed,Mobile Money
S0002480,C00657,P0185,ST011,2026-01-29,3,845.46,0.1,completed,Mobile Money
S0009672,C00493,P0009,ST020,2026-01-25,1,149.15,0.05,completed,Bank Transfer
S0008180,C00245,P0111,ST011,2026-01-02,1,498.36,0.1,Cancelled,Bank Transfer
S0008091,C00429,P0119,ST001,2025-10-05,5,413.38,0.1,Completed,Bank Transfer
S0005154,C00785,P0062,ST016,2025-06-19,1,762.59,0.2,Pending,Cash
S0004189,C00225,P0098,ST012,2025-10-20,5,813.24,0.2,completed,Card
S0005525,C00619,P0163,ST019,2026-03-23,5,1404.23,0.2,Completed,Cash
S0007226,C00650,P0096,ST001,2025-10-20,0,0.0,0.1,Completed,Cash
S0009321,C00310,P0084,ST012,2025-07-30,6,229.09,0.0,Completed,Card
S0007305,C00829,P0098,ST013,2026-07-01,1,811.59,0.05,Pending,Mobile Money
S0007182,C00372,P0149,ST013,2025-11-24,5,273.34,0.0,completed,Cash
S0004380,C00138,P0094,ST019,2025-06-20,8,487.69,0.05,Completed,Mobile Money
S0008014,C00255, P0199 ,ST012,2025-09-19,6,783.6,0.05,Returned,Bank Transfer
S0006005,C00178,P0048,ST008,2025-09-02,7,643.68,0.0,Returned,Cash
S0009615,C00362,P0051,ST013,2025-01-12,3,531.62,0.05,Pending,Card
S0000027,C00742,P0106,ST002,2026-03-16,2,443.23,0.05,Returned,Bank Transfer
S0008782,C00254,P0071,ST015,2025-10-08,8,1336.41,0.1,Cancelled,Card
S0009236,C00406,P0052,ST020,2025-07-07,8,1036.32,0.0,Returned,Card
S0002209,C00998,P0187,ST011,2025-09-16,4,390.72,0.15,completed,Card
S0000528,C00995,P0174,ST003,2025-01-29,6,189.63,0.2,Returned,Cash
S0006666,C00223,P0110,ST005,2026-07-24,7,1366.44,0.15,Returned,Bank Transfer
S0005342,C00468,P0159,ST016,2025-11-12,4,580.24,0.15,Cancelled,Card
S0005468,C00966,P0187,ST003,2025-06-04,3,387.75,0.0,Completed,Bank Transfer
S0000403,C00831,P0186,ST001,2025-11-29,6,1351.3,0.0,Cancelled,Cash
S0008666,C00490,P0024,ST005,2026-02-01,2,611.01,0.2,Pending,Card
S0005511,C00446,P0065, ST010 ,2026-06-10,2,591.27,0.15,completed,Bank Transfer
S0008032,C00680,P0011,ST008,2026-01-21,5,152.01,0.2,completed,Bank Transfer
S0005727,,P0080,ST010,2026-05-17,3,870.75,0.1,Cancelled,Mobile Money
S0000449,C00470,P0097,ST016,2025-04-01,3,1375.47,0.15,Returned,Cash
S0009062,C00837,P0070,ST003,2025-04-19,9,1138.8,0.0,Returned,Bank Transfer
S0000398,C00075,P0185,ST008,2025-11-30,9,844.87,0.15,Completed,Cash
S0005678,C00691,P0116,ST005,2026-03-12,4,35.09,0.05,Pending,Cash
S0004282,C00899,P0122,ST018,2026-05-25,10,1123.62,0.05,Returned,Cash
S0009769,C00844,P0017,ST014,2026-05-12,7,151.11,0.05,Pending,Cash
S0000659,C00933,P0072,ST007,2025-01-12,1,1112.56,0.05,Cancelled,Bank Transfer
S0000330,C00456,P0011,ST014,2025-08-24,2,154.72,0.0,Completed,Mobile Money
S0003078,C00784,P0174,ST011,2025-01-08,1,192.33,0.0,Pending,Card
S0008194,C00441,P0141,ST003,2025-11-02,7,104.64,0.1,Cancelled,Mobile Money
S0005102,C00686,P0152,ST002,2025-01-27,9,920.6,0.0,Returned,Cash
S0007540,C00418,P0011,ST005,2026-02-22,3,156.12,0.05,completed,Card
S0000500,C00770,P0083,ST008,2025-12-10,1,1057.16,0.1,Pending,Cash
S0009432,C00918,P0148,ST001,2025-03-26,9,556.55,0.05,Completed,Bank Transfer
S0009144,C00946,P0156,ST016,2026-07-11,8,638.44,0.05,completed,Bank Transfer
S0002105,C00301,P0111,ST018,2026-07-11,1,493.6,0.15,Returned,Cash
S0006081,C00079,P0141,ST011,2025-01-14,1,101.73,0.05,Returned,Card
S0000937,C00630,P0182,ST011,2025-12-18,3,550.92,0.0,Cancelled,Mobile Money
S0002317,C00837,P0106,ST001,2025-06-11,5,443.16,0.0,Pending,Bank Transfer
S0007893,C00608,P0103,ST011,2026-05-26,6,1293.06,0.2,Cancelled,Card
S0005821,C00744,P0023,ST004,2025-01-13,2,838.32,0.2,Returned,Cash
S0008723,C00575,P0047,ST002,2025-10-10,5,618.92,0.0,completed,Card
S0007343,C00982,P0091,ST013,2025-09-29,1,457.62,0.05,Returned,Bank Transfer
S0001389,C00296,P0003,ST010,2026-02-13,9,625.85,0.15,Pending,Cash
S0007807,C00704,P0100,ST002,2026-06-10,9,915.96,0.1,Returned,Mobile Money
S0007747,C00890,P0194,ST002,2025-05-18,9,1316.44,0.0,Completed,Cash
S0000936,C00856,P0194,ST007,2025-12-11,9,1316.18,0.15,Pending,Cash
S0006689,C00417,P0191,ST001,2025-05-20,1,1384.81,0.15,Completed,Cash
S0005770,C00057,P0164,ST009,2025-10-08,8,1254.24,0.0,completed,Cash
S0002586,C00653,P0077,ST014,2026-07-22,6,944.26,0.05,Cancelled,Cash
S0005031,C00585,P9999,ST003,2026-06-25,7,924.92,0.1,completed,Card
S0001003,C00233,P0055,ST003,2026-01-29,7,322.91,0.0,Returned,Bank Transfer
S0002127,C00857,P0156,ST005,2025-04-01,6,642.19,0.1,Returned,Bank Transfer
S0008078,C00642,P0133,ST019,2025-09-15,4,939.47,0.0,Completed,Cash
S0000265,C00027,P0087,ST015,2025-08-18,8,779.97,0.0,Pending,Cash
S0002390,C00002,P0180,ST001,2025-09-02,3,686.21,0.2,completed,Bank Transfer
S0007696,C00576,P0003,ST009,2026-06-30,7,628.72,0.0,Cancelled,Card
S0001171,C00849,P0078,ST017,2026-01-23,8,914.97,0.15,Cancelled,Card
S0002909,C00096,P0172,ST017,2026-04-10,3,1416.85,0.1,Returned,Bank Transfer
S0004300,C00262,P0077,ST002,2025-03-15,6,941.75,0.0,Pending,Cash
S0006613,C00140,P0181,ST012,2025-01-15,8,70.89,0.0,Completed,Cash
S0000142,C00433,P0131,ST011,2026-05-03,2,1293.77,0.15,Returned,Cash
S0008255,C00870,P0114,ST002,2025-04-17,6,552.92,0.1,Cancelled,Cash
S0005474,C00028,P0075,ST009,2025-10-04,8,426.89,0.2,Pending,Mobile Money
S0001124,C00132,P0154,ST020,2026-02-25,2,23.7,0.05,Cancelled,Mobile Money
S0001070,C00574,P0057,ST013,2025-07-03,10,206.46,0.1,Completed,Cash
S0002090,C00457,P0038,ST999,2025-02-23,6,311.37,0.0,Completed,Mobile Money
S0006412,C00577,P0186,ST009,2025-12-14,9,1352.44,0.0,Cancelled,Cash
S0002595,C00400,P0080,ST016,2025-12-05,8,865.87,0.05,Pending,Card
S0004502,C00216,P0007,ST014,2025-06-14,3,111.02,0.15,Cancelled,Cash
S0001716,C00358,P0086,ST015,2025-03-22,1,356.17,0.05,Pending,Mobile Money
S0009240,C00502,P0063,ST011,2025-10-24,1,1435.73,0.05,Returned,Mobile Money
S0009832,C00314,P0137,ST019,2025-04-24,1,155.5,0.05,completed,Bank Transfer
S0000089,C00947,P0015,ST017,2026-05-18,10,1129.98,0.15,Returned,Mobile Money
S0004710,C00935,P0041,ST009,2025-03-25,7,540.36,0.2,Cancelled,Card
S0009052,C00682,P0025,ST018,2025-02-04,9,330.61,0.15,Cancelled,Card
S0004173,C00571,P0173,ST012,2025-09-13,2,662.74,0.0,Cancelled,Cash
S0002055,C00580,P0025,ST010,2026-01-22,8,331.18,0.1,Returned,Bank Transfer
S0002533,C00483,P0185,ST006,2025-01-20,7,841.29,0.1,Pending,Card
S0002507,C00999,P0069,ST014,2026-07-29,4,1360.26,0.2,Returned,Cash
S0000570,C00006,P0079,ST001,2025-12-11,3,1028.9,0.15,Cancelled,Cash
S0001941,C00266,P0146,ST015,2026-06-24,8,1393.15,0.0,Completed,Bank Transfer
S0005621,C00430,P0019,ST013,2026-03-18,4,711.73,0.1,Pending,Card
S0008631,C00561,P0161,ST008,2025-07-25,6,102.9,0.05,completed,Cash
S0006517,C00729,P0149,ST006,2025-10-12,8,274.86,0.15,completed,Card
S0003126,C00646,P0052,ST003,2026-05-28,9,1038.08,0.05,Cancelled,Card
S0008727,C00483,P0051,ST001,2025-10-15,10,533.76,0.0,Completed,Card
S0008929,C00330,P0057,ST014,2025-03-07,3,-50.0,0.0,Cancelled,Card
S0004416,C00678,P0059,ST005,2025-07-24,1,413.51,0.1,Completed,Card
S0004493,C00818,P0198,ST004,2026-03-30,10,818.62,0.15,Completed,Bank Transfer
S0008430,C00485,P0162,ST015,2025-06-29,6,306.2,0.0,Cancelled,Cash
S0009176,C00478,P0036,ST017,2025-12-23,3,1284.84,0.0,completed,Bank Transfer
S0003254,C00983,P0089,ST005,2025-08-14,9,282.72,0.0,Completed,Bank Transfer
S0000137,C00996,P0118,ST015,2026-01-23,2,807.72,0.15,completed,Card
S0000288,C00856,P0013,ST004,2025-04-21,2,100.78,0.2,completed,Card
S0000997,C00020,P0158,ST004,2026-01-16,9,101.04,0.15,Pending,Bank Transfer
S0007411,C00658,P0143,ST009,2026-05-11,10,1165.45,0.0,Pending,Cash
S0000196,C00649,P0162,ST005,2025-06-14,6,309.86,0.0,Cancelled,Card
S0008270,C00711,P0188,ST001,2025-07-20,10,805.19,0.0,completed,Mobile Money
S0004596,C00124,P0073,ST005,2025-07-07,9,563.82,0.2,Cancelled,Cash
S0005043,C00445,P0061,ST005,2025-06-07,9,234.46,0.05,completed,Card
S0004013,C00741,P0020,ST014,2026-02-13,9,1325.9,0.0,Completed,Bank Transfer
S0007858,C00154,P0151,ST012,2025-01-22,9,35.58,0.15,Returned,Card
S0004830,C00199,P0127,ST003,2025-09-26,6,1485.56,0.2,completed,Cash
S0000557,C00953,P0015,ST016,2026-04-24,6,1123.87,0.2,Pending,Cash
S0005279,C00019,P0034,ST003,2025-10-21,10,1189.27,0.05,Completed,Card
S0005641,C00666,P0132,ST011,2025-02-10,8,1403.99,0.0,Completed,Mobile Money
S0000767,C00776,P0007,ST011,2025-12-31,7,115.98,0.2,Completed,Cash
S0004248,C00444,P0007,ST002,2025-09-26,7,112.64,0.15,Pending,Cash
S0003753,C00036,P0160,ST006,2025-09-14,4,335.51,0.15,Returned,Bank Transfer
S0001648,C00717,P0091,ST004,2026-03-23,6,457.41,0.15,Pending,Bank Transfer
S0006215,C00392,P0138,ST006,2025-09-20,5,1442.76,0.2,Returned,Bank Transfer
S0000308,C00031,P0034,ST009,2026-07-02,5,1184.21,0.0,Cancelled,Card
S0003998,C00165,P0163,ST007,2025-07-17,4,1403.58,0.05,completed,Mobile Money
S0002049,C00185,P0028,ST020,2025-04-21,10,147.77,0.05,Completed,Cash
S0004582,C00682,P0192,ST019,2026-01-23,6,241.9,0.15,Returned,Cash
S0001146,C00465,P0063,ST016,2026-02-17,7,1439.62,0.2,Pending,Cash
S0006556,C00869,P0169,ST007,2026-03-31,2,1120.45,0.2,completed,Cash
S0002760,C00010,P0060,ST020,2026-06-28,1,733.65,0.2,Returned,Cash
S0008986,C00432,P0121,ST004,2025-09-08,2,1018.43,0.1,Returned,Cash
S0005080,C00922,P0014,ST015,2026-01-13,5,246.58,0.15,Pending,Bank Transfer
S0007000,C00833,P0021,ST016,2026-06-26,8,1312.8,0.1,completed,Mobile Money
S0007487,C00739,P0039,ST012,2025-05-24,7,1496.18,0.05,Pending,Cash
S0002043,C00250,P0005,ST013,2026-04-24,6,305.84,0.05,Pending,Bank Transfer
S0001613,C00980,P0146,ST020,2025-11-07,3,1391.86,0.0,Completed,Bank Transfer
S0003101,C00419,P0040,ST013,2026-02-28,7,1287.56,0.05,Completed,Mobile Money
S0000227,C00360,P0102,ST002,2026-05-01,10,766.62,0.1,Completed,Card
S0009780,C00060,P0049,ST019,2025-10-06,3,470.01,0.0,completed,Card
S0005547,C00530,P0023,ST004,2026-07-07,4,838.33,0.1,Completed,Mobile Money
S0007312,C00334,P0122,ST004,2025-04-01,4,1122.64,0.0,Completed,Bank Transfer
S0002841,C00364,P0105,ST019,2026-05-18,9,733.13,0.0,Completed,Card
S0007576,C00003,P0130,ST012,2025-07-21,5,458.18,0.0,Returned,Mobile Money
S0004169,C00172,P0150,ST013,2025-05-05,3,677.53,0.1,Completed,Card
S0005704,C00283,P0057,ST006,2025-06-22,8,201.79,0.15,completed,Bank Transfer
S0004545,C00855,P0190,ST010,2026-02-17,7,954.39,0.15,Cancelled,Cash
S0000977,C00049,P0016,ST013,2025-05-10,6,995.04,0.1,Pending,Card
S0004395,C00325,P0194,ST013,2026-05-19,10,1314.09,0.05,Pending,Bank Transfer
S0000371,C00545,P0029,ST006,2026-02-09,3,1225.95,0.05,Pending,Cash
S0007373,C00447,P0145,ST009,2026-02-21,6,1494.61,0.05,Cancelled,Bank Transfer
S0002297,C00020,P0197,ST006,2026-01-23,2,114.55,0.05,Cancelled,Cash
S0006728,C00502,P0095,ST011,2025-07-13,3,55.34,0.15,completed,Bank Transfer
S0009789,C00571,P0164,ST017,2025-04-19,6,1250.01,0.05,Returned,Cash
S0003573,C00300,P0033,ST008,2026-02-27,4,330.85,0.0,Completed,Bank Transfer
S0009455,C00423,P0141,ST016,2025-02-07,8,95.68,0.1,Returned,Bank Transfer
S0000685,C00016,P0111,ST018,2025-10-14,6,498.62,0.2,Cancelled,Mobile Money
S0003053,C00387,P0105,ST003,2026-04-14,4,735.93,0.05,Pending,Bank Transfer
S0003412,C00538,P0053,ST020,2025-11-02,2,1496.41,0.1,Cancelled,Cash
S0008102,C00132,P0092,ST006,2025-07-23,2,1117.34,0.15,Pending,Bank Transfer
S0008238,C00459,P0105,ST003,2025-05-16,6,737.23,0.15,Completed,Bank Transfer
S0000173,C00207,P0009,ST007,2025-01-01,9,151.86,0.05,Returned,Card
S0003029,C00509,P0033,ST003,2026-01-10,5,332.59,0.2,Completed,Mobile Money
S0009547,C00404,P0047,ST007,2025-05-09,2,618.33,0.15,Completed,Mobile Money
S0004890,C00894,P0150,ST005,2026-02-19,8,680.25,0.1,completed,Mobile Money
S0005240,C00697,P0188,ST011,2026-03-25,5,797.41,0.15,Completed,Bank Transfer
S0006241,C00119,P0045,ST016,2025-11-02,5,1244.95,0.0,Pending,Bank Transfer
S0002172,C00349,P0147,ST008,2026-04-20,2,1337.17,0.0,Returned,Cash
S0003515,C00659,P0062,ST005,2025-08-24,9,759.11,0.15,completed,Mobile Money
S0008982,C00802,P0028,ST003,2025-04-29,5,147.52,0.05,Completed,Card
S0009319,C00347,P0153,ST007,2025-03-11,4,503.43,0.0,completed,Bank Transfer
S0000680,C00985,P0169,ST010,2026-06-13,6,1119.54,0.15,Pending,Bank Transfer
S0002687,C00546,P0109,ST019,2025-09-30,4,191.25,0.2,completed,Mobile Money
S0006083,C00377,P0148,ST010,2026-01-28,7,556.6,0.15,Returned,Card
S0009064,C00508,P0013,ST004,2026-07-30,7,98.65,0.05,Completed,Bank Transfer
S0005494,C00867,P0115,ST013,2025-06-15,5,614.16,0.1,Returned,Mobile Money
S0009480,C00759,P0102,ST013,2025-10-24,9,763.52,0.15,completed,Cash
S0004758,C00203,P0141,ST004,2025-06-20,6,103.61,0.05,Pending,Cash
S0006020,C00745,P0085,ST007,2026-01-24,3,986.85,0.0,Returned,Mobile Money
S0007987,C00086,P0094,ST016,2025-12-02,10,485.91,0.15,Completed,Mobile Money
S0006814,C00618,P0174,ST018,2025-01-31,6,187.62,0.1,Returned,Bank Transfer
S0007915,C00746,P0006,ST013,2025-11-28,2,1224.74,0.2,Pending,Card
S0004461,C00468,P0131,ST011,2025-07-28,8,1293.29,0.2,Cancelled,Mobile Money
S0002263,C00214,P0131,ST020,2025-08-04,1,1291.54,0.2,Pending,Bank Transfer
S0003161,C00125,P0102,ST017,2026-04-09,8,765.86,0.1,Pending,Card
S0000377,C00767,P0082,ST015,2025-05-18,-2,1217.25,0.2,Returned,Cash
S0006909,C00870,P0094,ST009,2025-07-24,1,489.06,0.0,Completed,Card
S0002086,C00325,P0090,ST001,2025-08-03,1,617.55,0.0,Returned,Card
S0001551,C00447,P0042,ST015,2025-02-15,3,357.26,0.2,Completed,Bank Transfer
S0002523,C00840,P0127,ST016,2026-03-05,7,1488.42,0.0,Completed,Bank Transfer
S0003338,C99999,P0051,ST008,2025-04-21,5,532.1,0.2,Cancelled,Cash
S0007068,C00359,P0113,ST001,2026-03-24,1,360.65,0.0,Pending,Bank Transfer
S0000988,C00013,P0037,ST003,2026-06-10,5,515.74,0.2,Returned,Bank Transfer
S0009614,C00248,P0010,ST004,2026-07-06,3,100.19,0.2,Pending,Card
S0007978,C00351,P0094,ST013,2026-05-15,3,490.77,0.2,Returned,Card
S0006891,C00450,P0116,ST011,2025-12-10,8,31.04,0.0,Cancelled,Mobile Money
S0002021,C00431,P0110,ST001,2025-12-13,1,1362.2,0.0,Pending,Card
S0001966,C00634,P0104,ST002,2026-01-03,4,162.09,0.15,Pending,Cash
S0008286,C00400,P0131,ST016,2026-03-27,9,1297.51,0.1,completed,Bank Transfer
S0000300,C00159,P0007,ST020,2025-12-30,6,113.98,0.2,completed,Card
S0001438,C00012,P0139,ST004,2025-03-16,6,1113.21,0.0,Cancelled,Card
S0007216,C00593,P0110,ST005,2025-04-05,3,1367.9,0.2,completed,Bank Transfer
S0009340,C00107,P0020,ST001,2026-05-10,2,1328.58,0.2,Cancelled,Card
S0003569,C00180,P0066,ST004,2025-02-18,3,155.02,0.2,Pending,Card
S0006729,C00117,P0126,ST008,2025-05-05,7,456.33,0.0,Completed,Mobile Money
S0006917,C00181,P0191,ST005,2025-06-17,8,1385.21,0.2,Completed,Mobile Money
S0008623,C00145,P0013,ST016,2025-04-24,3,100.23,0.2,Completed,Bank Transfer
S0003162,C00972,P0074,ST019,2025-04-16,2,1462.16,0.1,Completed,Bank Transfer
S0008633,C00221,P0044,ST010,2026-03-09,4,915.99,0.15,Pending,Card
S0002802,C00865,P0075,ST012,2025-07-30,1,430.71,0.0,Returned,Mobile Money
S0003236,C00371,P0141,ST016,2025-03-08,8,99.98,0.2,Pending,Cash
S0006543,C00347,P0111,ST016,2026-07-21,9,495.75,0.1,Completed,Cash
S0008842,C00984,P0046,ST006,2025-05-09,2,921.85,0.15,Pending,Bank Transfer
S0007631,C00141,P0025,ST012,2026-04-11,7,330.97,0.0,Completed,Cash
S0005989,C00844,P0031,ST009,2025-01-08,2,624.09,0.15,completed,Mobile Money
S0004800,C00166,P0063,ST004,2026-01-29,6,1442.27,0.0,completed,Bank Transfer
S0000502,C00955,P0015,ST009,2025-05-21,2,1128.41,0.2,Completed,Card
S0003535,C00704,P0061,ST003,2025-02-24,5,0.0,0.0,Pending,Mobile Money
S0004513,C00521,P0173,ST003,2026-03-19,7,665.2,0.15,Cancelled,Bank Transfer
S0005816,C00070,P0022,ST014,2025-02-28,7,645.78,0.05,Completed,Mobile Money
S0009186,C00788,P0068,ST004,2026-05-05,4,101.02,0.2,Returned,Mobile Money
S0003163,C00507,P0006,ST003,2026-01-26,7,1227.96,0.15,Cancelled,Mobile Money
S0004438,C00586,P0125,ST010,2026-02-25,10,645.36,0.05,Returned,Card
S0006076,C00308,P0128,ST006,2025-04-11,5,205.3,0.0,Completed,Cash
S0005585,C00979,P0138,ST016,2025-09-13,1,1442.88,0.15,completed,Cash
S0006184,C00658,P0177,ST001,2026-06-12,5,17.69,0.05,Pending,Mobile Money
S0003507,C00208,P0146,ST003,2026-01-02,9,1390.93,0.05,Returned,Card
S0000218,C00762,P0146,ST014,2025-04-07,10,1393.99,0.15,Cancelled,Bank Transfer
S0008368,C00839,P0172,ST008,2025-08-18,7,1418.49,0.0,completed,Mobile Money
S0006710,C00450,P0126,ST011,2025-05-02,4,454.25,0.0,completed,Mobile Money
S0006854,C00744,P0057,ST020,2026-06-22,6,206.08,0.15,completed,Card
S0004948,C00018,P0140,ST015,2025-10-16,10,1309.6,0.2,Completed,Cash
S0008975,C00605,P0190,ST007,2026-04-24,1,949.47,0.1,Returned,Mobile Money
S0001702,C00098,P0124,ST004,2025-07-21,4,636.71,0.2,completed,Cash
S0000211,C00317,P0015,ST015,2025-06-18,5,1125.74,0.05,Returned,Bank Transfer
S0007363,C00475,P0136,ST016,2026-02-03,8,100.28,0.15,Pending,Cash
S0007217,C00306,P0024,ST005,2025-06-06,2,610.64,0.1,Returned,Bank Transfer
S0004323,C00025,P0040,ST008,2026-04-16,1,1289.08,0.0,completed,Mobile Money
S0006165,C00899,P0014,ST007,2025-09-16,9,244.2,0.05,Pending,Card
S0007458,C00854,P0179,ST011,2025-11-03,7,623.95,0.15,Cancelled,Bank Transfer
S0005589,C00606,P0068,ST017,2025-01-07,9,100.07,0.2,Completed,Card
S0007116,C00058,P0191,ST006,2025-08-15,3,1383.6,0.2,Cancelled,Bank Transfer
S0002624,C00435,P0049,ST015,2025-05-01,10,466.22,0.1,Pending,Cash
S0003589,C00881,P0093,ST009,2026-06-11,4,92.9,0.1,completed,Mobile Money
S0006860,C00769,P0032,ST020,2026-07-31,3,487.65,0.05,Pending,Card
S0006341,C00664,P0144,ST009,2026-07-21,9,1118.2,0.1,completed,Cash
S0008713,C00314,P0076,ST013,2026-06-13,2,709.44,0.0,Cancelled,Bank Transfer
S0004447,C00960,P0147,ST018,2026-02-18,2,1336.02,0.0,Pending,Mobile Money
S0002335,C00326,P0155,ST014,2025-03-14,2,1417.12,0.15,Completed,Cash
S0005972,C00144,P0102,ST005,2025-08-14,8,759.98,0.05,Completed,Card
S0001605,C00895,P0173,ST011,2025-03-06,1,666.8,0.05,Completed,Mobile Money
S0006536,C00760,P0071,ST006,2026-03-24,6,1338.17,0.2,Returned,Bank Transfer
S0008403,C00237,P0093,ST015,2025-11-28,9,97.36,0.2,Returned,Card
S0000100,C00428,P0021,ST003,2026-07-25,10,1311.43,0.1,Completed,Bank Transfer
S0002475,C00929,P0096,ST004,2025-06-03,3,960.97,0.15,Returned,Card
S0001301,C00596,P0023,ST009,2025-08-08,2,835.87,0.05,Completed,Card
S0008034,C00953,P0107,ST005,2025-08-10,10,399.37,0.05,Cancelled,Card
S0002192,C00047,P0041,ST010,2025-04-22,5,534.59,0.2,Completed,Mobile Money
S0002756,C00796,P0104,ST008,2025-04-16,10,161.23,0.15,completed,Cash
S0007174,C00199,P0126,ST001,2025-03-23,1,456.21,0.05,Pending,Mobile Money
S0004720,C00199,P0121,ST009,2025-01-10,1,1015.23,0.15,Cancelled,Card
S0009032,C00810,P0169,ST015,2025-04-30,5,1120.03,0.15,Pending,Cash
S0003634,C00859,P0177,ST007,2026-06-09,7,16.63,0.0,completed,Bank Transfer
S0001482,C00321,P0047,ST014,2025-04-07,3,621.87,0.0,Pending,Mobile Money
S0006443,C00810,P0100,ST010,2026-02-11,5,913.97,0.0,Returned,Bank Transfer
S0007490,C00511,P0178,ST007,2026-03-23,10,1443.42,0.15,Returned,Card
S0005516,C00915,P0193,ST013,2025-05-12,7,907.7,0.0,Completed,Mobile Money
S0005161,C00860,P0097,ST020,2026-02-18,0,1378.6,0.05,completed,Bank Transfer
S0007884,C00560,P0035,ST006,2026-03-08,3,304.95,0.1,Completed,Cash
S0008465,C00838,P0093,ST017,2026-02-27,1,92.07,0.15,completed,Cash
S0002766,C00113,P0170,ST002,2026-02-02,7,404.74,0.2,completed,Card
S0000536,C00744,P0084,ST008,2025-10-03,8,226.42,0.1,completed,Cash
S0007435,C00133,P0079,ST011,2025-03-12,6,1033.33,0.2,completed,Bank Transfer
S0009935,C00330,P0018,ST011,2025-05-04,2,872.56,0.2,Returned,Mobile Money
S0004254,C00479,P0097,ST015,2025-11-23,4,1378.34,0.1,Pending,Mobile Money
S0009447,C00801,P0081,ST003,2025-12-26,8,202.99,0.2,Completed,Bank Transfer
S0003320,C00143,P0199,ST007,2025-09-07,4,780.46,0.05,Returned,Bank Transfer
S0006084,C00561,P0176,ST011,2026-01-08,5,336.82,0.0,Cancelled,Cash
S0005795,C00159,P0176,ST019,2026-04-16,2,339.33,0.1,completed,Mobile Money
S0008573,C00455,P0021,ST020,2025-01-30,6,1306.47,0.0,Pending,Mobile Money
S0008951,C00706,P0058,ST011,2025-12-26,2,1325.15,0.05,Cancelled,Cash
S0000810,C00270,P0049,ST005,2025-08-09,4,471.17,0.15,Pending,Mobile Money
S0008221,C00508,P0100,ST017,2025-01-26,7,911.39,0.05,Cancelled,Cash
S0005561,C00116,P0095,ST016,2025-09-14,10,55.77,0.15,Pending,Cash
S0004968,C00521,P0134,ST013,2026-07-01,2,1255.98,0.2,Returned,Bank Transfer
S0008301,C00022,P0120,ST013,2026-01-18,3,541.81,0.1,Pending,Bank Transfer
S0002333,C00384,P0124,ST008,2025-10-08,5,638.0,0.15,Cancelled,Bank Transfer
S0002513,C00643, P0165 ,ST015,2026-02-03,3,823.56,0.2,Cancelled,Bank Transfer
S0006745,C00415,P0162,ST016,2025-08-04,8,309.21,0.0,completed,Cash
S0000693,C00578,P0193,ST005,2025-11-18,1,910.93,0.2,completed,Card
S0000516,C00425,P0045,ST003,2025-09-27,6,1247.19,0.1,Pending,Card
S0001074,C00300,P0175,ST014,2025-11-22,2,518.09,0.15,Returned,Mobile Money
S0000689,C00660,P0095,ST019,2026-04-01,3,58.29,0.05,Cancelled,Cash
S0001499,C00223,P0033,ST008,2025-08-23,6,330.22,0.15,Completed,Bank Transfer
S0007552,C00391,P0074,ST014,2025-07-27,6,1461.42,0.15,Pending,Cash
S0007286,C00325,P0014,ST007,2026-03-15,10,245.42,0.05,Cancelled,Bank Transfer
S0008845,C00330,P0156,ST007,2026-03-17,4,643.29,0.1,Completed,Mobile Money
S0005751,C00165,P0039,ST020,2025-07-20,5,1492.3,0.2,Cancelled,Mobile Money
S0001588,C00347,P0017,ST004,2026-04-02,8,152.42,0.1,Completed,Mobile Money
S0006280,C00246,P0079,ST001,2025-07-30,2,1032.08,0.05,Completed,Cash
S0008209,C00781,P0129,ST002,2025-03-17,8,1205.45,0.05,completed,Card
S0005309,C00869,P0175,ST011,2025-06-21,8,522.69,0.1,Cancelled,Cash
S0009974,C00417,P0079,ST007,2025-02-15,4,1035.44,0.15,Completed,Mobile Money
S0001975,C00463,P0128,ST018,2025-01-07,5,203.89,0.1,completed,Cash
S0001022,C00495,P0137,ST004,2025-01-31,8,155.08,0.1,completed,Card
S0005607,C00114,P0031,ST011,2026-01-24,10,627.12,0.05,completed,Bank Transfer
S0009307,C00108,P0024,ST001,2026-07-01,7,608.01,0.05,Completed,Bank Transfer
S0008967,C00855,P0078,ST014,2026-02-03,1,914.03,0.05,Pending,Cash
S0005798,C00594,P0067,ST004,2026-01-15,9,924.08,0.1,Cancelled,Mobile Money
S0006228,C00485,P0024,ST013,2026-01-11,7,611.84,0.0,completed,Bank Transfer
S0008383,C00630,P0077,ST019,2026-02-20,3,942.14,0.2,Completed,Cash
S0008674,C00039,P0035,ST003,2026-03-29,2,309.43,0.0,Returned,Cash
S0000632,C00894,P0174,ST012,2026-04-04,1,190.94,0.1,Returned,Bank Transfer
S0008348,C00435,P0150,ST016,2026-03-19,5,677.32,0.05,completed,Mobile Money
S0006087,C00697,P0120,ST007,2025-04-21,5,-50.0,0.1,Completed,Cash
S0002237,C00994,P0171,ST018,2025-01-28,3,602.4,0.15,Cancelled,Bank Transfer
S0005980,C00380,P0061,ST012,2026-01-25,10,232.55,0.15,Pending,Card
S0006785,C00588,P0149,ST004,2026-03-04,9,275.21,0.0,Completed,Card
S0005628,C00969,P0123,ST019,2025-12-17,1,814.68,0.2,completed,Cash
S0003950,C00018,P0090,ST013,2025-09-30,1,619.37,0.1,Completed,Bank Transfer
S0006326,C00163,P0001,ST002,2026-03-30,8,1034.28,0.05,completed,Cash
S0001859,C00257,P0133,ST010,2025-10-07,4,941.45,0.05,Pending,Mobile Money
S0005011,C00042,P0085,ST003,2025-12-05,4,988.45,0.15,Pending,Card
S0003108,C00078,P0163,ST003,2026-05-02,10,1405.59,0.1,Returned,Card
S0007394,C00740,P0185,ST014,2025-05-27,4,848.36,0.15,Pending,Bank Transfer
S0007133,C00377,P0099,ST010,2025-05-07,9,1391.69,0.1,completed,Cash
S0004622,C00636,P0058,ST004,2025-10-03,6,1325.5,0.0,completed,Mobile Money
S0008449,C00299,P0164,ST014,2025-09-23,8,1252.88,0.05,Cancelled,Cash
S0000644,C00459,P0003,ST016,2026-06-28,5,630.38,0.0,Cancelled,Cash
S0000684,C00346,P0134,ST001,2025-02-24,3,1257.41,0.2,Completed,Card
S0004961,C00581,P0190,ST010,2026-04-03,1,951.4,0.1,Completed,Mobile Money
S0008416,C00166,P0010,ST015,2025-11-08,4,97.99,0.2,Cancelled,Card
S0003208,C00605,P0162,ST001,2025-12-15,10,305.23,0.15,Cancelled,Cash
S0004285,C00063,P0140,ST001,2025-06-02,9,1310.05,0.1,Cancelled,Bank Transfer
S0004667,C00783,P0133,ST005,2025-10-14,10,940.9,0.1,completed,Bank Transfer
S0006353,C00173,P0012,ST011,2025-07-21,3,1082.53,0.1,completed,Card
S0009014,C00274,P0054,ST006,2025-10-10,2,98.31,0.15,Pending,Card
S0003658,C00081,P0080,ST009,2025-06-18,9,0.0,0.1,Pending,Mobile Money
S0006902,C00373,P0153,ST010,2025-05-29,6,502.81,0.2,Pending,Bank Transfer
S0002504,C00067,P0196,ST004,2025-01-12,4,503.3,0.05,Returned,Cash
S0000036,C00347,P0083,ST017,2025-06-02,6,1056.3,0.2,completed,Card
S0009932,C00022,P0121,ST020,2025-02-28,4,1015.78,0.2,Completed,Card
S0005391,C00155,P0023,ST015,2026-07-15,6,839.26,0.15,Completed,Card
S0006946,C00428,P0185,ST003,2026-07-06,6,844.21,0.0,Cancelled,Card
S0001242,C00559,P0189,ST007,2025-07-30,4,647.01,0.15,Returned,Card
S0000493,C00124,P0041,ST009,2025-11-28,7,540.2,0.2,Returned,Bank Transfer
S0005108,C00638,P0028,ST006,2025-12-29,1,146.31,0.05,Pending,Bank Transfer
S0000976,C00305,P0192,ST011,2026-02-15,1,245.63,0.05,Returned,Cash
S0001362,C00811,P0102,ST012,2026-03-17,6,764.04,0.2,completed,Card
S0008437, C00781 ,P0051,ST014,2026-04-02,8,531.66,0.05,Completed,Mobile Money
S0006677,C00964,P0072,ST003,2025-08-01,1,1114.1,0.05,Cancelled,Card
S0007162,C00270,P0134,ST020,2026-03-09,2,1256.41,0.1,Pending,Card
S0001938,C00326,P0031,ST003,2025-04-26,6,629.16,0.1,Completed,Bank Transfer
S0003331,C00994,P0115,ST002,2026-05-01,1,614.59,0.15,completed,Bank Transfer
S0006579,C00427,P0087,ST020,2025-02-18,3,782.37,0.1,completed,Cash
S0007125,C00018,P0032,ST014,2026-01-24,9,487.23,0.15,Completed,Card
S0000339,C00179,P0070,ST007,2026-05-15,10,1137.13,0.0,Returned,Mobile Money
S0005334,C00509,P0197,ST014,2025-11-29,3,115.64,0.1,Returned,Cash
S0008026,C00206,P0173,ST019,2025-10-20,6,664.03,0.2,Completed,Card
S0001446,C00803,P0106,ST019,2026-05-14,7,441.28,0.2,Completed,Card
S0004089,C00875,P0148,ST015,2026-03-29,1,552.77,0.1,completed,Cash
S0006603,C00887,P0073,ST004,2026-04-28,1,561.92,0.1,Returned,Bank Transfer
S0003931,C00866,P0149,ST001,2025-03-07,5,0.0,0.0,completed,Cash
S0007703,C00483,P0080,ST019,2026-04-13,9,867.46,0.1,Completed,Mobile Money
S0000999,C00389,P0020,ST009,2025-01-30,8,1325.8,0.2,Completed,Bank Transfer
S0004996,C00107,P0117,ST005,2025-09-13,9,293.82,0.2,Pending,Bank Transfer
S0007253,C00603,P0098,ST007,2026-01-14,1,810.08,0.15,Completed,Bank Transfer
S0004267,C00800,P0117,ST015,2025-03-04,3,292.29,0.05,Pending,Bank Transfer
S0002746,C00387,P0082,ST008,2025-05-31,8,1220.8,0.0,Completed,Cash
S0002546,C00191,P0114,ST019,2026-04-13,2,558.17,0.0,Completed,Bank Transfer
S0006380,C00161,P0099,ST005,2026-06-11,8,1391.17,0.05,Cancelled,Cash
S0005545,C00596,P0196,ST017,2025-04-21,9,505.63,0.15,Cancelled,Mobile Money
S0006441,C00770,P0030,ST002,2026-03-18,8,1370.41,0.1,Pending,Bank Transfer
S0008522,C00054,P0163,ST009,2026-05-01,2,1402.25,0.1,Completed,Card
S0008253,C00732,P0031,ST003,2026-05-13,3,627.98,0.05,Pending,Card
S0006699,C00510,P0018,ST002,2025-09-08,10,870.6,0.0,Completed,Bank Transfer
S0008475,C00923,P0047,ST003,2026-03-07,9,617.87,0.15,Completed,Mobile Money
S0006806,C00379,P0173,ST005,2026-01-06,5,668.26,0.15,Cancelled,Mobile Money
S0000922,C00713,P0182,ST007,2026-05-16,1,548.3,0.05,Cancelled,Bank Transfer
S0006284,C00341,P0034,ST011,2025-05-17,2,1187.28,0.05,completed,Cash
S0007942,C00402,P0036,ST020,2026-05-02,4,1283.93,0.0,Completed,Mobile Money
S0005362,C00502,P0176,ST012,2025-07-05,4,339.13,0.0,Completed,Card
S0003983,C00101,P0061,ST008,2025-10-30,8,234.89,0.1,Returned,Card
S0003860,C00039,P0113,ST014,2026-04-28,4,361.86,0.05,Pending,Cash
S0009904,C00901,P0109,ST008,2026-02-13,2,191.79,0.05,completed,Card
S0002459,C00645,P0141,ST011,2026-01-18,3,98.29,0.05,Cancelled,Mobile Money
S0006702,C00493,P0174,ST002,2025-01-16,1,195.18,0.0,Pending,Bank Transfer
S0008139,C00535,P0177,ST019,2025-03-01,3,19.91,0.0,Cancelled,Cash
S0006221,C00543,P0097,ST001,2026-02-24,4,1377.74,0.1,Cancelled,Bank Transfer
S0002557,C00535,P0101,ST004,2025-03-09,8,1240.71,0.15,Completed,Bank Transfer
S0009952,C00367,P0102,ST020,2025-05-23,5,767.21,0.0,Completed,Card
S0000054,C00230,P0176,ST003,2026-01-02,7,338.89,0.1,Returned,Card
S0001539,C00394,P0040,ST011,2026-06-04,6,1289.11,0.15,Completed,Mobile Money
S0008930,C00849,P0021,ST005,2025-02-20,9,1309.68,0.0,Pending,Card
S0007080,C00192,P0088,ST015,2025-03-07,2,695.3,0.2,completed,Bank Transfer
S0009849,C00111,P0186,ST003,2026-05-29,6,1349.45,0.05,Returned,Cash
S0006622,C00928,P0075,ST020,2025-10-04,9,427.84,0.15,Cancelled,Bank Transfer
S0004275,C00898,P0111,ST013,2025-01-05,9,499.3,0.0,Returned,Cash
S0001990,C00119,P0011,ST005,2025-12-24,4,152.56,0.1,Completed,Bank Transfer
S0000558,C00978,P0062,ST012,2025-11-07,3,757.3,0.2,Cancelled,Card
S0000080,C00367,P0007,ST008,2026-07-02,4,111.09,0.0,Pending,Cash
S0008153,C00134,P0191,ST007,2026-03-19,3,1380.43,0.1,Completed,Cash
S0002199,C00967,P0160,ST007,2026-02-08,3,335.14,0.15,completed,Mobile Money
S0008599,C00482,P0060,ST011,2026-04-05,5,732.73,0.2,Completed,Cash
S0004700,C00178,P0038,ST012,2026-04-07,1,307.38,0.1,completed,Card
S0007172,C00918,P0093,ST008,2025-06-06,6,93.46,0.1,Pending,Bank Transfer
S0002204,C00347,P0079,ST014,2025-04-23,5,1030.33,0.05,Returned,Mobile Money
S0006898,C00988,P0032,ST011,2025-07-22,9,484.48,0.0,Cancelled,Card
S0000157,C00210,P0034,ST003,2026-04-09,9,1184.91,0.15,Cancelled,Card
S0008697,C00371,P0041,ST002,2026-05-07,1,538.24,0.0,completed,Cash
S0008514,C00540,P0169,ST006,2025-12-27,7,1115.38,0.1,Returned,Bank Transfer
S0003608,C00118,P0010,ST015,2025-09-18,2,97.61,0.15,Completed,Card
S0008532,C00554,P0198,ST019,2025-05-26,4,815.91,0.15,Pending,Bank Transfer
S0000376,C00547,P0112,ST011,2026-02-17,10,122.81,0.15,Pending,Cash
S0009809,C00262,P0154,ST018,2026-02-26,10,23.47,0.1,Completed,Mobile Money
S0007448,C00512,P0198,ST006,2026-04-07,3,816.72,0.15,Cancelled,Cash
S0004787,C00181,P0041,ST014,2026-03-02,5,535.56,0.2,Returned,Cash
S0001599,C00554,P0146,ST003,2025-12-01,1,1391.77,0.15,completed,Bank Transfer
S0009700,C00323,P0180,ST006,2025-01-04,9,689.41,0.2,Returned,Card
S0001094,C00073,P0008,ST015,2026-03-18,4,1263.12,0.05,Returned,Card
S0005318,C00901,P0045,ST019,2025-10-22,1,1246.0,0.15,Pending,Mobile Money
S0002061,C00738,P0033,ST004,2025-07-04,5,329.63,0.15,completed,Mobile Money
S0003552,C00716,P0086,ST012,2025-01-25,10,358.21,0.1,Returned,Mobile Money
S0003491,C00196,P0195,ST012,2026-06-17,5,897.6,0.0,Pending,Bank Transfer
S0007575,C00910,P0200,ST010,2026-01-14,8,596.34,0.1,Completed,Cash
S0008934,C00752,P0083,ST012,2025-10-29,9,1055.94,0.2,Cancelled,Cash
S0004125,C00698,P0185,ST019,2025-04-30,2,846.65,0.15,Returned,Cash
S0003128,C00911,P0021,ST017,2026-07-29,8,1307.12,0.1,Completed,Bank Transfer
S0009991,C00081,P0050,ST019,2025-11-25,6,341.72,0.05,Pending,Bank Transfer
S0002948,C00980,P0131,ST016,2025-07-05,8,1292.85,0.2,Returned,Card
S0008888,C00604,P0054,ST006,2026-06-05,2,98.81,0.1,Returned,Bank Transfer
S0007274,C00308,P0104,ST014,2026-06-23,1,160.22,0.1,Completed,Mobile Money
S0007634,C00303,P0174,ST010,2025-12-30,10,190.58,0.2,Pending,Card
S0007836,C00708,P0174,ST012,2026-01-13,10,190.19,0.0,Returned,Bank Transfer
S0009355,C00084,P0111,ST005,2025-01-21,2,501.76,0.2,Pending,Cash
S0005259,C00025,P0104,ST011,2025-12-27,8,163.33,0.1,completed,Mobile Money
S0008481,C00374,P0019,ST009,2025-04-30,8,715.49,0.0,Cancelled,Bank Transfer
S0000436,C00886,P0156,ST009,2025-09-26,8,642.1,0.15,Returned,Card
S0004064,C00698,P0036,ST007,2026-04-08,6,1282.41,0.0,Cancelled,Mobile Money
S0006614,C00933,P0111,ST018,2025-07-23,6,498.08,0.1,Pending,Bank Transfer
S0002425,C00101,P0165,ST014,2025-10-24,2,827.84,0.05,Cancelled,Cash
S0003443,C00949,P0141,ST012,2025-04-15,9,102.39,0.1,completed,Mobile Money
S0008648,C00702,P0171,ST001,2025-02-22,2,601.72,0.0,Completed,Cash
S0005680,C00825,P0078,ST008,2026-07-05,10,913.07,0.15,Pending,Cash
S0008937,C00410,P0041,ST017,2025-04-14,10,538.5,0.1,Completed,Bank Transfer
S0006781,C00254,P0135,ST010,2026-05-02,10,1296.99,0.2,Cancelled,Mobile Money
S0006337,C00812,P0169,ST005,2026-04-17,2,1119.56,0.2,completed,Mobile Money
S0007296,C00199,P0062,ST006,2025-04-26,1,758.3,0.1,Returned,Bank Transfer
S0008604,C00020,P0081,ST006,2025-11-18,6,210.2,0.0,Completed,Mobile Money
S0005000,C00973,P0097,ST001,2026-02-22,10,1381.33,0.1,Cancelled,Card
S0007956,C00653,P0115,ST006,2025-06-07,6,611.32,0.0,Completed,Card
S0003919,C00658,P0175,ST002,2026-06-24,7,519.3,0.1,Completed,Mobile Money
S0001422,C00180,P0188,ST019,2026-02-17,8,801.03,0.1,completed,Bank Transfer
S0000430,C00928,P0015,ST017,2025-07-05,8,1129.38,0.15,Pending,Cash
S0008973,C00691,P0111,ST001,2025-09-29,8,496.36,0.0,Cancelled,Mobile Money
S0002320,C00940,P0175,ST003,2025-03-10,2,517.87,0.1,Completed,Cash
S0003586,C00843,P0079,ST015,2026-03-14,9,1032.36,0.15,Cancelled,Mobile Money
S0007768,C00526,P0148,ST016,2025-10-25,8,558.56,0.05,Cancelled,Card
S0009298,C00156,P0055,ST018,2026-01-07,2,322.14,0.1,Cancelled,Cash
S0008174,C00303,P0067,ST005,2026-01-19,3,926.5,0.1,completed,Cash
S0003748,C00993,P0181,ST012,2025-02-11,1,69.6,0.1,Completed,Cash
S0004394,C00582,P0135,ST001,2025-10-01,8,1299.37,0.05,Pending,Mobile Money
S0005562,C00010,P0184,ST020,2025-03-26,10,105.87,0.1,Returned,Mobile Money
S0005410,C00239,P0188,ST002,2025-10-28,5,800.43,0.0,completed,Card
S0002011,C00090,P0106,ST009,2025-01-24,2,444.79,0.2,Completed,Bank Transfer
S0005914, C00565 ,P0015,ST002,2026-01-23,9,1125.07,0.0,Completed,Card
S0000662,C00974,P0180,ST002,2025-09-02,1,687.58,0.0,completed,Cash
S0002728,C00989,P0106,ST017,2026-07-05,7,440.74,0.15,Pending,Cash
S0004802,C00381,P0180,ST005,2025-08-27,6,688.89,0.1,Cancelled,Card
S0009822,C00728,P0141,ST006,2025-12-09,10,98.48,0.2,Completed,Card
S0009039,C00292,P0061,ST015,2025-03-13,9,235.49,0.15,Returned,Card
S0006690,C00702,P0021,ST007,2025-07-20,4,1309.84,0.05,Pending,Mobile Money
S0001699,C00828,P0156,ST010,2025-08-17,5,636.84,0.05,Returned,Mobile Money
S0008803,C00904,P0090,ST016,2025-12-29,2,615.76,0.15,Pending,Cash
S0009957,C00406,P0089,ST011,2026-04-28,9,282.9,0.0,Completed,Bank Transfer
S0008539,C00993,P0193,ST015,2025-01-06,2,905.34,0.0,completed,Card
S0009264,C00823,P0118,ST016,2025-10-01,9,807.72,0.15,Pending,Mobile Money
S0005598,C00683,P0066,ST019,2026-02-17,2,155.48,0.05,Returned,Mobile Money
S0002955,C00003,P0173,ST006,2025-10-05,8,667.35,0.15,Returned,Card
S0006342,C00093,P0079,ST003,2026-03-28,6,1032.48,0.05,Completed,Cash
S0005401,C00717,P0071,ST011,2025-11-18,5,1336.24,0.1,completed,Cash
S0005640,C00855,P0062,ST011,2026-01-26,6,760.89,0.0,Completed,Mobile Money
S0002146,C00033,P0064,ST017,2026-01-13,2,1299.57,0.1,Completed,Card
S0008758,C00622,P0080,ST012,2025-06-16,3,865.86,0.2,Cancelled,Cash
S0005236,C00323,P0080,ST019,2025-12-18,10,867.52,0.1,Pending,Mobile Money
S0000730,C00407,P0140,ST020,2025-06-25,8,1313.18,0.1,Returned,Cash
S0009179,C00921,P0127,ST002,2025-08-24,10,1485.55,0.2,Cancelled,Mobile Money
S0006542,C00746,P0008,ST008,2025-07-03,3,1258.88,0.05,Pending,Bank Transfer
S0003711,C00436,P0156,ST006,2025-03-12,1,638.24,0.1,completed,Card
S0005272,C00721,P0142,ST003,2025-11-08,9,1169.0,0.2,Returned,Mobile Money
S0003456,C00888,P0176,ST005,2025-06-13,10,339.46,0.05,Pending,Cash
S0000747,C00999,P0197,ST014,2026-02-05,3,112.36,0.15,Returned,Cash
S0006969,C00585,P0116,ST009,2026-05-05,8,37.47,0.05,Cancelled,Card
S0003959,C00230,P0105,ST003,2025-04-02,4,736.19,0.1,Cancelled,Bank Transfer
S0004299,C00186,P0157,ST006,2026-03-09,10,1296.3,0.2,Cancelled,Cash
S0009650,C00081,P0158,ST001,2025-07-25,8,103.78,0.0,completed,Bank Transfer
S0002834,C00075,P0026,ST003,2026-03-03,8,1077.7,0.2,completed,Cash
S0008872,C00627,P0070,ST011,2026-02-16,3,1140.03,0.15,Cancelled,Bank Transfer
S0001779,C00083,P0109,ST017,2025-03-06,6,189.23,0.2,Cancelled,Cash
S0009103,C00680,P0116,ST016,2025-01-22,7,34.82,0.05,Pending,Bank Transfer
S0006021,C00007,P0077,ST007,2026-01-25,4,941.93,0.05,Returned,Cash
S0003147,C00435,P0138,ST004,2026-06-04,7,1441.71,0.2,Completed,Card
S0005671,C00739,P0040,ST012,2026-01-20,2,1285.29,0.2,Returned,Mobile Money
S0003492,C00481,P0190,ST006,2026-03-07,9,952.79,0.2,completed,Cash
S0003725,C00601,P0041,ST015,2025-03-22,10,537.34,0.2,Pending,Card
S0008170,C00065,P0143,ST020,2026-05-30,1,1167.79,0.0,completed,Mobile Money
S0005963,C00680,P0151,ST020,2025-08-18,9,33.87,0.1,Cancelled,Cash
S0006840,C00652,P0186,ST004,2025-05-06,8,1346.56,0.0,completed,Mobile Money
S0003083,C00357,P0155,ST002,2026-05-04,8,1415.32,0.1,Returned,Bank Transfer
S0002744,C00731,P0011,ST020,2026-05-15,10,152.18,0.05,completed,Bank Transfer
S0004924,C00682,P0158,ST019,2025-09-06,7,101.82,0.05,Pending,Bank Transfer
S0004851,C00303,P0106,ST001,2026-07-29,1,440.19,0.05,Pending,Mobile Money
S0001809,C00053,P0175,ST011,2026-05-12,6,520.48,0.1,Pending,Cash
S0004400,C00377,P0165,ST020,2025-11-29,9,825.81,0.0,Completed,Bank Transfer
S0002294,C00731,P0032,ST005,2026-02-21,5,485.3,0.15,Cancelled,Card
S0000207,C00498,P0170,ST006,2026-02-04,8,407.82,0.1,Pending,Cash
S0004351,C00867,P0148,ST016,2026-05-14,3,558.0,0.1,completed,Mobile Money
S0008072,C00345,P0130,ST006,2025-11-11,5,458.01,0.15,Returned,Bank Transfer
S0008777,C00359,P0042,ST016,2026-01-15,10,354.97,0.1,Cancelled,Bank Transfer
S0007657,C00164,P0155,ST009,2026-02-28,1,1415.15,0.05,Cancelled,Bank Transfer
S0002644,C00216,P0192,ST003,2025-01-25,1,244.15,0.2,Returned,Mobile Money
S0001847,C00185,P0077,ST001,2025-04-18,4,940.82,0.05,Returned,Bank Transfer
S0008119,C00918,P0027,ST003,2025-02-19,5,1023.96,0.2,Pending,Card
S0006372,C00763,P0010,ST004,2025-02-12,6,99.01,0.05,Completed,Bank Transfer
S0009330,C00624,P0067,ST007,2026-05-10,1,923.38,0.2,Completed,Mobile Money
S0004956,C00977,P0118,ST020,2025-01-06,1,808.48,0.2,Returned,Mobile Money
S0009886,C00495,P0075,ST004,2025-11-14,10,428.92,0.1,Cancelled,Cash
S0006828,C00718,P0010,ST010,2025-07-19,3,96.87,0.2,Returned,Bank Transfer
S0005498,C00824,P0046,ST011,2025-03-26,10,925.44,0.05,completed,Bank Transfer
S0004963,C00018,P0027,ST005,2026-01-28,3,1021.07,0.05,completed,Card
S0007085,C00759,P0029,ST001,2025-07-04,5,1220.12,0.05,Pending,Cash
S0003926,C00222,P0189,ST014,2025-02-06,5,644.63,0.1,Returned,Card
S0005003,C00780,P0109,ST005,2026-02-01,1,191.8,0.15,Completed,Bank Transfer
S0006645,C00694,P0064,ST010,2025-03-18,8,1301.45,0.2,Completed,Bank Transfer
S0001752,C00992,P0147,ST016,2025-05-28,10,1333.31,0.0,Returned,Card
S0007909,C00380,P0114,ST019,2025-01-30,3,554.58,0.2,Pending,Card
S0003228,C00172,P0017,ST008,2025-10-14,6,148.24,0.05,Returned,Bank Transfer
S0002210,C00460,P0079,ST013,2025-09-06,7,1031.35,0.15,Cancelled,Card
S0007536,C00080,P0158,ST020,2025-05-08,2,97.74,0.0,Completed,Cash
S0007153,C00370,P0092,ST007,2026-05-29,7,1113.95,0.05,completed,Bank Transfer
S0005251,C00884,P0095,ST009,2026-02-27,1,55.19,0.2,Returned,Bank Transfer
S0002882,C00696,P0181,ST009,2025-03-12,3,73.51,0.2,Cancelled,Bank Transfer
S0004801,C00831,P0026,ST019,2025-04-12,6,1077.22,0.0,Cancelled,Card
S0009295,C00914,P0087,ST014,2026-06-29,9,784.4,0.05,completed,Mobile Money
S0004589,C00020,P0185,ST012,2025-03-30,10,848.09,0.1,Completed,Bank Transfer
S0005841,C00798,P0192,ST009,2026-01-17,7,245.82,0.2,Pending,Card
S0005580,C00602,P0079,ST010,2025-02-09,2,1032.55,0.15,Pending,Bank Transfer
S0006479,C00565,P0039,ST008,2025-06-30,8,1495.94,0.15,completed,Cash
S0009252,C00195,P0091,ST016,2026-07-27,4,462.32,0.2,completed,Card
S0008556,C00405,P0057,ST002,2025-05-25,2,205.73,0.05,Returned,Cash
S0008035,C00104,P0118,ST006,2025-01-30,3,807.22,0.15,Pending,Cash
S0006682,C00199,P0123,ST003,2026-07-12,1,815.11,0.0,completed,Card
S0008649,C00031,P0100,ST006,2026-03-15,8,911.65,0.15,Pending,Cash
S0002419,C00067,P0178,ST004,2026-06-27,4,1442.68,0.05,Completed,Mobile Money
S0001442,C00861,P0160,ST017,2025-04-02,10,335.49,0.2,Completed,Cash
S0006499,C00740,P0099,ST001,2026-04-14,5,1391.06,0.2,completed,Bank Transfer
S0005553,C00244,P0186,ST008,2025-08-17,3,1352.87,0.05,Completed,Mobile Money
S0007206,C00290,P0104,ST011,2025-06-23,6,162.02,0.2,Pending,Cash
S0005180,C00553,P0108,ST012,2026-05-24,6,873.64,0.15,Returned,Mobile Money
S0007306,C00344,P0094,ST020,2026-07-05,1,485.56,0.0,Cancelled,Mobile Money
S0002721,C00531,P0052,ST006,2025-02-22,6,1035.34,0.15,Pending,Bank Transfer
S0002074,C00674,P0168,ST014,2025-03-25,9,748.01,0.15,Cancelled,Mobile Money
S0004168,C00817,P0059,ST014,2026-02-26,7,416.43,0.1,Returned,Mobile Money
S0001385,C00378,P0063,ST015,2025-07-31,6,1437.73,0.15,Pending,Cash
S0004583,C00195,P0015,ST007,2025-01-10,5,1131.54,0.05,Returned,Mobile Money
S0000104,C00583,P0006,ST015,2025-04-18,9,1224.51,0.05,Returned,Cash
S0008824,C00056,P0164,ST017,2026-02-21,7,1257.29,0.1,completed,Mobile Money
S0000726,C00626,P0138,ST018,2025-08-08,1,1444.88,0.15,Returned,Cash
S0003301,C00482,P0128,ST007,2025-12-05,3,202.55,0.2,Pending,Mobile Money
S0004369,C00022,P0040,ST002,2025-05-27,6,1287.64,0.2,Returned,Cash
S0000648,C00942,P0198,ST005,2025-03-19,9,815.68,0.0,Returned,Mobile Money
S0001470,C00379,P0186,ST011,2026-06-24,2,1352.21,0.2,Pending,Mobile Money
S0005394,C00048,P0162,ST002,2026-03-09,1,309.11,0.2,completed,Mobile Money
S0003377,C00756,P0148,ST006,2025-11-23,1,548.71,0.1,Pending,Mobile Money
S0007446,C00112,P0064,ST007,2026-01-31,3,1301.57,0.05,Returned,Bank Transfer
S0004889,C00638,P0137,ST010,2026-07-20,5,151.96,0.0,Cancelled,Card
S0004512,C00369,P0144,ST005,2025-04-08,5,1117.76,0.15,Completed,Bank Transfer
S0009151,C00622,P0143,ST006,2025-12-19,7,1168.21,0.2,Completed,Card
S0002880,C00322,P0184,ST018,2025-04-06,7,108.08,0.05,completed,Cash
S0003420,C00019,P0031,ST015,2025-10-29,10,623.86,0.0,completed,Bank Transfer
S0006588,C00340,P0171,ST016,2025-10-20,8,605.59,0.0,completed,Mobile Money
S0007030,C00843,P0165,ST006,2025-07-04,2,831.38,0.05,Returned,Card
S0000139,C00949,P0139,ST020,2025-05-26,1,1113.93,0.15,completed,Mobile Money
S0007367,C00307,P0085,ST017,2025-11-05,6,988.25,0.15,completed,Card
S0007023,C00488,P0089,ST002,2025-09-08,9,283.43,0.05,Cancelled,Mobile Money
S0006763,C00542,P0014,ST015,2026-07-29,10,242.89,0.15,Completed,Mobile Money
S0001151,C00999,P0078,ST006,2025-12-06,6,911.79,0.15,Returned,Bank Transfer
S0001617,C00917,P0052,ST004,2025-09-29,3,1036.9,0.1,Returned,Cash
S0003186,C00873,P0142,ST013,2025-11-21,7,1166.06,0.1,Returned,Mobile Money
S0002720,C00584,P0087,ST005,2025-01-04,5,782.01,0.0,Completed,Card
S0003063,C00994,P0050,ST003,2026-06-15,9,341.07,0.05,Returned,Mobile Money
S0001810,C00432,P0193,ST015,2025-07-06,5,907.63,0.15,completed,Mobile Money
S0001402,C00587,P0175,ST015,2026-05-27,4,520.3,0.1,completed,Cash
S0000873,C00063,P0157,ST009,2026-01-27,10,1295.19,0.2,Pending,Mobile Money
S0008365,C00108,P0116,ST006,2025-07-05,8,31.86,0.05,Returned,Card
S0005754,C00989,P0085,ST008,2025-10-08,2,983.7,0.15,Cancelled,Bank Transfer
S0008241,C00685,P0055,ST008,2026-07-26,9,320.28,0.1,Cancelled,Card
S0009950,C00267,P0120,ST007,2026-06-28,10,542.18,0.05,Cancelled,Cash
S0005591,C00468,P0067,ST001,2026-02-12,6,923.87,0.1,Pending,Card
S0005431,C00643,P0047,ST008,2025-08-11,7,618.74,0.15,Completed,Bank Transfer
S0003548,C00801,P0127,ST006,2025-09-16,5,1487.98,0.05,Pending,Bank Transfer
S0003674,C00770,P0190,ST018,2026-04-20,3,949.14,0.0,Returned,Bank Transfer
S0001999,C00671,P0078,ST004,2025-03-04,7,913.07,0.0,Pending,Card
S0007287,C00204,P0074,ST017,2025-05-12,2,1464.49,0.15,Returned,Card
S0002614,C00322,P0003,ST017,2025-09-03,1,626.51,0.05,Cancelled,Mobile Money
S0007227,C00976,P0198,ST017,2026-03-31,7,815.26,0.0,Completed,Card
S0003613,C00675,P0190,ST005,2025-01-18,6,953.79,0.0,completed,Mobile Money
S0008087,C00249,P0123,ST013,2026-01-17,3,813.17,0.0,Completed,Mobile Money
S0009591,C00919,P0007,ST005,2025-11-27,8,114.53,0.0,completed,Bank Transfer
S0000620,C00110,P0146,ST001,2025-09-27,7,1392.56,0.0,Completed,Mobile Money
S0007867,C00840,P0120,ST001,2026-04-14,5,542.68,0.2,Completed,Card
S0006863,C00110,P0034,ST002,2026-05-09,1,1185.35,0.2,Cancelled,Mobile Money
S0005469,C00485,P0066,ST017,2026-03-31,7,155.95,0.0,Completed,Card
S0006630,C00815,P0164,ST009,2025-06-26,4,1255.76,0.0,Completed,Bank Transfer
S0002755,C00463,P0124,ST011,2025-01-08,6,639.51,0.2,Pending,Card
S0003448,C00338,P0184,ST006,2025-03-18,6,102.99,0.1,completed,Mobile Money
S0000385,C00555,P0113,ST017,2026-03-03,6,357.94,0.15,Pending,Mobile Money
S0001932,C00991,P0150,ST010,2025-02-01,6,682.61,0.1,Returned,Cash
S0002810,C00472,P0139,ST011,2025-03-07,10,1106.81,0.05,Completed,Mobile Money
S0004035,C00414,P0103,ST008,2026-07-09,10,1300.66,0.15,Cancelled,Bank Transfer
S0009036,C00205,P0007,ST016,2026-05-07,4,114.13,0.05,Cancelled,Mobile Money
S0007600,C00818,P0169,ST007,2026-05-28,1,1118.27,0.15,Returned,Mobile Money
S0003902,C00853,P0109,ST009,2025-04-15,6,0.0,0.15,Returned,Mobile Money
S0005340,C00275,P0169,ST005,2025-06-23,9,1118.19,0.15,Cancelled,Mobile Money
S0009630,C00737,P0033,ST010,2025-12-22,3,331.38,0.1,completed,Bank Transfer
S0003369,C00827,P0065,ST011,2025-12-30,4,592.82,0.2,Returned,Cash
S0008851,C00398,P0193,ST017,2025-11-05,5,910.61,0.2,Pending,Mobile Money
S0002774,C00540,P0172,ST016,2025-05-02,10,1420.91,0.2,Cancelled,Cash
S0005603,C00540,P0134,ST011,2025-11-25,9,1254.83,0.2,Completed,Card
S0000007,C00502,P0069,ST002,2025-06-29,7,1364.38,0.15,Cancelled,Mobile Money
S0002406,C00816,P0179,ST012,2026-01-08,9,626.37,0.2,Completed,Card
S0002714,C00417,P0065,ST019,2025-12-21,1,591.11,0.1,Returned,Card
S0005639,C00378,P0112,ST002,2025-08-27,8,123.87,0.0,Returned,Cash
S0002508, C00611 ,P0049,ST009,2025-01-20,8,470.17,0.1,Returned,Mobile Money
S0003298,C00420,P0072,ST017,2025-11-24,2,1112.43,0.0,Returned,Cash
S0003873,C00499,P0162,ST010,2026-06-11,2,310.18,0.05,Completed,Mobile Money
S0002861,C00685,P0036,ST002,2025-12-10,4,1283.97,0.15,Returned,Mobile Money
S0000625,C00357,P0160,ST014,2025-08-02,8,333.21,0.2,Pending,Bank Transfer
S0002409,C00379,P0075,ST008,2025-08-23,1,428.15,0.0,Pending,Card
S0007102,C00864,P0023,ST003,2025-01-03,10,839.62,0.15,Completed,Mobile Money
S0005970,C00710,P0057,ST014,2025-03-06,10,207.28,0.15,Completed,Card
S0006079,C00345,P0135,ST003,2025-02-28,3,1297.7,0.0,Returned,Bank Transfer
S0008874,C00200,P0157,ST018,2025-10-02,7,1294.29,0.05,Cancelled,Card
S0002075,C00476,P0142,ST002,2025-05-29,3,1161.26,0.2,Cancelled,Cash
S0008083,C00147,P0038,ST020,2025-03-07,3,312.29,0.15,Cancelled,Mobile Money
S0005846,C00548,P0087,ST010,2025-09-13,8,783.93,0.1,completed,Card
S0008144,C00143,P0107,ST013,2026-06-27,7,402.61,0.1,Pending,Card
S0009048,C00132,P0100,ST010,2026-05-13,6,915.32,0.15,completed,Mobile Money
S0000393,C00968,P0092,ST004,2026-03-15,3,1120.45,0.2,Pending,Cash
S0008971,C00205,P0087,ST001,2025-04-20,1,781.06,0.0,Returned,Mobile Money
S0009411,C00536,P0023,ST015,2025-03-15,3,835.98,0.2,completed,Mobile Money
S0005408,C00054,P0080,ST004,2026-05-18,10,870.83,0.2,Completed,Bank Transfer
S0008683,C00131,P0037,ST001,2025-07-09,7,514.88,0.0,Pending,Bank Transfer
S0006145,C00170,P0109,ST018,2025-02-15,7,189.6,0.2,Completed,Card
S0008830,C00796,P0120,ST008,2025-07-15,10,549.08,0.2,Cancelled,Mobile Money
S0003508,C00045,P0031,ST018,2025-09-25,5,621.61,0.15,completed,Mobile Money
S0001192,C00438,P0120,ST004,2026-06-03,3,546.87,0.05,Returned,Card
S0009968,C00938,P0037,ST015,2025-11-18,3,514.34,0.1,Pending,Cash
S0003191,C00106,P0161,ST014,2025-07-11,2,97.61,0.15,Cancelled,Bank Transfer
S0000088,C00736,P0159,ST009,2026-04-23,6,580.35,0.2,Returned,Mobile Money
S0005776,C00795,P0143,ST016,2025-04-10,6,1164.29,0.2,Pending,Cash
S0004291,C00938,P0093,ST008,2025-05-22,2,96.06,0.0,Returned,Mobile Money
S0004071,C00379,P0107,ST004,2025-11-07,4,399.42,0.1,Pending,Mobile Money
S0004886,C00570,P0153,ST007,2026-02-21,8,502.78,0.0,completed,Mobile Money
S0001224,C00580,P0192,ST016,2025-07-18,10,242.58,0.0,completed,Bank Transfer
S0009975,C00992,P0018,ST015,2025-08-15,4,871.89,0.0,Cancelled,Cash
S0005368,C00901,P0051,ST010,2026-07-23,7,535.63,0.15,Completed,Cash
S0009346,C00930,P0155,ST009,2026-07-08,6,1409.81,0.05,Cancelled,Card
S0007860,C00637,P0173,ST014,2026-02-02,4,663.09,0.2,Cancelled,Mobile Money
S0001778,C00639,P0062,ST011,2026-01-15,7,756.39,0.0,Cancelled,Mobile Money
S0003354,C00100,P0173,ST017,2025-03-26,3,664.1,0.2,completed,Card
S0004002,C00175,P0002,ST007,2025-07-09,1,284.24,0.1,Pending,Bank Transfer
S0001640,C00716,P0124,ST010,2025-12-24,1,639.11,0.05,completed,Cash
S0001871,C00583,P0041,ST018,2025-12-28,7,540.66,0.2,Cancelled,Cash
S0007929,C00392,P0167,ST001,2025-11-23,8,358.27,0.15,Cancelled,Mobile Money
S0006918,C00436,P0087,ST016,2025-05-09,6,780.98,0.1,Completed,Mobile Money
S0008056,C00552,P0026,ST005,2025-07-15,9,1075.23,0.15,Cancelled,Card
S0002702,C00217,P0045,ST002,2025-08-09,4,1247.11,0.05,Completed,Bank Transfer
S0008673,C00629,P0029,ST009,2025-11-07,3,1221.01,0.15,Pending,Mobile Money
S0009086,C00692,P0117,ST014,2026-02-05,3,294.58,0.0,Cancelled,Mobile Money
S0000686,C00885,P0089,ST019,2025-10-03,2,284.1,0.15,Cancelled,Mobile Money
S0001121,C00635,P0099,ST019,2025-02-25,3,1394.25,0.0,Returned,Card
S0006188,C00173,P0056,ST020,2025-04-15,10,1180.97,0.05,completed,Card
S0005413,C00894,P0131,ST006,2025-04-18,1,1296.35,0.05,Completed,Mobile Money
S0002758,C00140,P0015,ST013,2025-03-20,2,1131.37,0.2,Returned,Bank Transfer
S0006547,C00040,P0055,ST014,2025-12-01,4,316.38,0.15,Completed,Card
S0001886,C00751,P0108,ST009,2025-07-07,2,871.21,0.0,completed,Bank Transfer
S0002807,C00396,P0023,ST003,2025-07-30,4,838.78,0.15,completed,Card
S0001321,C00273,P0173,ST017,2025-06-20,3,665.88,0.05,Cancelled,Card
S0005435,C00847,P0122,ST006,2026-04-10,8,1123.56,0.1,Completed,Mobile Money
S0007264,C00163,P0197,ST013,2025-07-02,3,111.32,0.15,Cancelled,Mobile Money
S0002840,C00103,P0193,ST009,2025-06-18,7,905.19,0.15,Cancelled,Mobile Money
S0002168,C00862,P0110,ST009,2026-01-01,6,1367.62,0.1,completed,Bank Transfer
S0000705,C00160,P0041,ST006,2026-04-03,5,535.52,0.05,completed,Bank Transfer
S0001021,C00917,P0086,ST018,2025-03-02,5,356.12,0.0,Completed,Mobile Money
S0001194,C00578,P0128,ST018,2025-03-31,3,204.68,0.0,Completed,Bank Transfer
S0009315,C00578,P0178,ST017,2026-05-07,1,1444.82,0.1,completed,Cash
S0005831,C00674,P0136,ST006,2025-11-19,9,100.51,0.2,Completed,Bank Transfer
S0008669,C00433,P0059,ST008,2025-07-21,2,413.12,0.15,Returned,Card
S0005164,C00341,P0140,ST014,2025-04-29,3,1310.47,0.15,completed,Bank Transfer
S0002243,C00764,P0115,ST014,2026-02-23,9,613.44,0.0,Completed,Card
S0005193,C00830,P0185,ST002,2026-04-15,4,846.12,0.0,Pending,Card
S0003303,C00209,P0102,ST017,2026-04-16,1,765.74,0.05,Completed,Cash
S0001628,C00982,P0029,ST019,2025-12-13,6,1226.24,0.15,Returned,Bank Transfer
S0004989,C00445,P0089,ST003,2025-02-03,9,286.14,0.0,Cancelled,Mobile Money
S0008968,C00835,P0193,ST006,2026-01-28,7,911.25,0.15,completed,Cash
S0002905,C00398,P0072,ST010,2026-03-09,4,1115.92,0.2,Cancelled,Mobile Money
S0005747,C00252,P0006,ST020,2025-10-10,3,1223.05,0.0,Cancelled,Card
S0006668,C00988,P0148,ST006,2026-03-04,5,553.23,0.2,Completed,Mobile Money
S0008469,C00186,P0031,ST019,2025-12-15,2,626.0,0.2,Returned,Card
S0001476,C00085,P0052,ST013,2025-09-17,6,1036.26,0.1,Pending,Cash
S0006896,C00195,P0116,ST012,2025-09-26,8,32.57,0.2,completed,Bank Transfer
S0001142,C00640,P0111,ST005,2025-06-14,9,497.91,0.1,Completed,Card
S0007564,C00606,P0100,ST006,2025-08-09,1,917.69,0.05,Completed,Bank Transfer
S0004352,C00520,P0084,ST020,2025-10-01,2,231.47,0.05,completed,Cash
S0005802,C00871,P0019,ST016,2025-06-24,3,713.18,0.2,Returned,Cash
S0004768,C00644,P0145,ST017,2025-01-22,8,1493.9,0.2,Returned,Cash
S0000703,C00535,P0138,ST011,2026-01-08,7,1440.23,0.15,completed,Bank Transfer
S0002517,C00431,P0158,ST018,2025-07-04,9,100.14,0.1,Cancelled,Mobile Money
S0000961,C00062,P0002,ST013,2025-09-21,7,286.78,0.05,completed,Mobile Money
S0009696,C00880,P0167,ST001,2025-03-31,2,359.74,0.2,Completed,Bank Transfer
S0004007,C00696,P0041,ST016,2025-03-26,3,538.71,0.05,Completed,Card
S0003884,C00095,P0085,ST002,2026-05-29,1,984.55,0.05,Cancelled,Mobile Money
S0001758,C00880,P0093,ST009,2025-09-24,9,95.24,0.2,Completed,Mobile Money
S0003056,C00040,P0108,ST017,2025-06-15,2,872.17,0.1,Returned,Bank Transfer
S0001995,C00203,P0044,ST008,2025-06-02,3,917.31,0.1,Cancelled,Card
S0009741,C00218,P0161,ST003,2026-07-09,9,98.75,0.15,completed,Bank Transfer
S0006800,C00765,P0044,ST004,2026-05-01,6,916.37,0.15,Cancelled,Cash
S0007146,C00517,P0032,ST015,2025-04-22,7,488.9,0.2,Returned,Mobile Money
S0009881,C00933,P0155,ST002,2026-05-30,1,1416.59,0.1,Returned,Bank Transfer
S0003337,C00183,P0153,ST012,2025-03-09,10,501.58,0.2,Cancelled,Cash
S0009616,C00641,P0049,ST013,2025-01-24,8,464.04,0.2,Completed,Bank Transfer
S0004703,C00871,P0064,ST005,2025-01-12,5,1301.28,0.0,Completed,Mobile Money
S0007501,C00458,P0094,ST007,2025-08-19,6,485.41,0.0,Cancelled,Mobile Money
S0009648,C00221,P0167,ST018,2025-07-20,3,357.69,0.2,completed,Cash
S0007451,C00999,P0186,ST015,2025-08-04,7,1349.01,0.2,Completed,Cash
S0004776,C00124,P0082,ST017,2025-01-29,3,1219.72,0.2,Cancelled,Card
S0002214,C00016,P0120,ST007,2026-05-04,4,540.66,0.15,Returned,Card
S0007800,C00431,P0098,ST015,2025-08-19,2,809.76,0.15,completed,Card
S0009870,C00634,P0130,ST018,2026-05-01,5,459.37,0.1,Pending,Cash
S0005765,C00244,P0194,ST019,2025-05-19,5,1316.34,0.2,Completed,Cash
S0006901,C00357,P0103,ST013,2025-02-15,1,1296.71,0.15,Pending,Card
S0006869,C00890,P0030,ST003,2026-04-22,1,1374.46,0.0,Returned,Bank Transfer
S0007548,C00317,P0016,ST002,2026-04-28,1,996.7,0.2,Pending,Cash
S0006018,C00238,P0135,ST003,2026-04-22,10,1294.26,0.15,Returned,Bank Transfer
S0007405,C00297,P0052,ST017,2025-08-07,4,1036.03,0.2,Pending,Bank Transfer
S0005836,C00049,P0155,ST016,2025-11-15,10,1412.95,0.05,Cancelled,Bank Transfer
S0008922,C00772,P0004,ST009,2025-07-01,2,1501.1,0.05,Pending,Bank Transfer
S0007731,C00937,P0026,ST004,2025-10-16,6,1071.45,0.1,Returned,Card
S0004497,C00739,P0072,ST020,2025-12-28,9,1115.34,0.2,Returned,Mobile Money
S0006694,C00801,P0137,ST016,2025-12-12,4,150.15,0.2,Pending,Mobile Money
S0008933,C00763,P0143,ST014,2025-08-15,2,1167.04,0.15,Pending,Bank Transfer
S0005612,C00957,P0159,ST016,2025-12-15,2,578.7,0.0,Completed,Card
S0005248,C00036,P0088,ST020,2025-10-27,3,693.61,0.05,completed,Mobile Money
S0000917,C00297,P0185,ST002,2025-06-20,7,841.24,0.15,Completed,Bank Transfer
S0005599,C00205,P0016,ST009,2026-06-20,10,996.72,0.0,completed,Bank Transfer
S0004588,C00765,P0111,ST013,2025-02-15,7,498.1,0.2,Cancelled,Card
S0004316,C00918,P0109,ST011,2026-06-02,2,190.24,0.0,Cancelled,Cash
S0000172,C00985,P0001, ST011 ,2025-09-14,9,1035.08,0.15,Returned,Mobile Money
S0007555,C00923,P0037,ST009,2025-07-08,8,514.23,0.1,Cancelled,Card
S0004487,C00955,P0058,ST014,2026-04-07,3,1328.98,0.15,completed,Bank Transfer
S0006744,C00206,P0114,ST014,2025-07-30,8,550.71,0.15,Pending,Card
S0007165,C00124,P0129,ST014,2025-06-12,7,1204.29,0.1,Returned,Card
S0007307,C00459,P0072,ST018,2025-12-20,6,1114.39,0.1,Pending,Card
S0004042,C00937,P0107,ST010,2025-12-06,7,403.65,0.1,Returned,Card
S0002206,C00693,P0165,ST016,2025-10-04,3,827.54,0.2,Completed,Cash
S0001339,C00506,P0036,ST011,2026-07-18,4,1286.72,0.05,Completed,Mobile Money
S0007740,C00471,P0021,ST007,2026-07-17,5,1315.43,0.2,completed,Cash
S0002949,C00157,P0195,ST012,2026-01-05,4,892.63,,Returned,Cash
S0004401,C00538,P0150,ST004,2026-01-25,6,676.66,0.2,completed,Bank Transfer
S0002491,C00304,P0150,ST009,2025-08-19,1,675.19,0.0,Cancelled,Bank Transfer
S0008008,C00505,P0166,ST020,2025-10-17,2,1102.42,0.15,Cancelled,Card
S0001519,C00391,P0147,ST020,2026-05-18,2,1333.88,0.0,Pending,Mobile Money
S0003737,C00012,P0035,ST011,2025-08-16,0,304.37,0.05,Cancelled,Card
S0006503,C00960,P0042,ST018,2025-03-19,3,353.67,0.15,Returned,Bank Transfer
S0001116,C00660,P0143,ST009,2025-12-11,9,1166.67,0.2,Cancelled,Card
S0001076,C00313,P0165,ST019,2026-04-27,4,831.29,0.0,completed,Bank Transfer
S0006551,C00026,P0095,ST015,2025-09-26,10,57.05,,Cancelled,Cash
S0000750,C00771,P0144,ST009,2026-07-01,6,1116.93,0.05,completed,Cash
S0000838,C00783,P0115,ST015,2026-02-06,9,613.53,0.05,completed,Bank Transfer
S0002838,C00149,P0077,ST012,2025-11-27,8,941.52,0.05,Cancelled,Mobile Money
S0004877,C00661,P0091,ST017,2025-12-06,8,460.69,0.0,Pending,Cash
S0008722,C00022,P0019,ST002,2025-11-12,8,712.99,0.15,Cancelled,Cash
S0005958,C00158,P0039,ST019,2025-07-10,8,1493.48,0.15,completed,Card
S0004979,C00674,P0098,ST014,2025-02-01,7,810.27,0.15,Pending,Cash
S0007071,C00745,P0051,ST012,2025-08-31,9,530.09,0.0,Returned,Mobile Money
S0001523,C00325,P0053,ST019,2025-09-21,4,1497.67,0.05,completed,Card
S0000468,C00685,P0048, ST004 ,2025-09-15,7,650.16,0.2,Returned,Bank Transfer
S0001310,C00060,P0171,ST020,2025-06-08,6,600.08,0.05,Pending,Card
S0003430,C00782,P0084,ST006,2025-08-09,6,230.31,0.0,completed,Cash
S0002796,C00866,P0106,ST013,2025-01-19,3,444.01,0.0,Completed,Mobile Money
S0008691,C00876,P0125,ST020,2026-04-11,10,647.73,0.2,Cancelled,Bank Transfer
S0005749,C00946,P0012,ST002,2025-02-21,1,1084.45,0.05,Pending,Mobile Money
S0001156,C00751,P0034,ST004,2026-06-02,5,1181.58,0.15,Returned,Mobile Money
S0004965,C00428, P0101 ,ST008,2026-01-24,10,1239.39,0.2,Returned,Card
S0004428,C00663, P0094 ,ST012,2025-06-25,1,488.6,0.1,Completed,Bank Transfer
S0002026,C00459,P0112,ST003,2025-07-01,8,127.27,0.05,Completed,Bank Transfer
S0001616,C00074,P0170,ST004,2025-11-11,8,408.5,0.15,completed,Card
S0007752,C00639,P0055,ST004,2025-10-24,10,321.21,0.15,Returned,Card
S0008954,C00763,P0067,ST006,2026-04-08,8,919.4,0.0,Returned,Cash
S0001028,C00206,P0090,ST014,2025-10-18,6,615.01,0.0,Completed,Card
S0001287,C00514,P0155,ST003,2025-04-27,10,1413.75,0.2,Cancelled,Bank Transfer
S0002035,C00802,P0162,ST004,2026-07-03,8,310.32,0.15,Pending,Cash
S0006993,C00595,P0110,ST002,2025-12-31,2,1366.32,0.05,Cancelled,Mobile Money
S0007384,C00415,P0038,ST011,2025-11-18,9,313.88,0.1,completed,Mobile Money
S0002098,C00295,P0012,ST016,2025-11-15,7,1082.62,0.05,Completed,Card
S0000465,C00964,P0073,ST004,2025-06-30,4,560.94,0.05,Returned,Mobile Money
S0006659,C00375,P0184,ST013,2025-07-26,6,101.52,0.05,Cancelled,Mobile Money
S0004477,C00038,P0058,ST004,2025-03-19,6,1328.83,0.0,Cancelled,Mobile Money
S0002549,C00408,P0186,ST017,2025-09-20,10,1352.37,0.2,Cancelled,Cash
S0005557,C00448,P0084,ST006,2025-11-01,5,231.59,0.1,Pending,Card
S0008162,C00196,P0149,ST016,2026-01-03,1,274.22,0.1,Pending,Mobile Money
S0008501,C00183,P0084,ST014,2025-07-14,5,226.16,0.2,Returned,Mobile Money
S0009100,C00365,P0071,ST011,2025-07-04,8,1338.18,0.1,Returned,Card
S0006516,C00107,P0063,ST013,2025-07-30,8,1440.99,0.0,Returned,Bank Transfer
S0007534,C00548,P0088,ST012,2026-07-14,9,694.78,0.0,Completed,Card
S0008397,C00248,P0097,ST005,2026-02-20,10,1377.44,0.05,Pending,Bank Transfer
S0007617,C00569,P0003,ST017,2026-01-29,4,629.02,0.15,Pending,Bank Transfer
S0008715,C00844,P0182,ST019,2025-03-25,3,552.51,0.15,Returned,Card
S0000690,C00826,P0174,ST011,2026-01-03,2,192.66,0.0,Cancelled,Mobile Money
S0003932,C00224,P0083,ST009,2026-04-20,9,1058.16,0.1,Pending,Cash
S0007780,C00498,P0176,ST017,2025-08-24,6,340.32,0.1,completed,Card
S0006194,C00230,P0154,ST016,2025-05-16,4,23.69,0.0,Cancelled,Card
S0009243,C00256,P0025,ST014,2025-07-14,8,328.49,0.2,completed,Card
S0006235,C00094,P0043,ST017,2025-08-07,1,1025.33,0.0,Cancelled,Mobile Money
S0006578,C00496,P0046,ST007,2025-11-25,3,923.43,0.15,Returned,Card
S0002621,C00055,P0012,ST013,2025-05-10,5,1081.31,0.2,Cancelled,Cash
S0002793,C00760,P0179,ST004,2025-06-14,3,628.31,0.15,Completed,Card
S0000965,C00635,P0121,ST007,2025-06-10,6,1014.86,0.1,completed,Card
S0009548,C00270,P0018,ST016,2026-01-06,6,873.17,0.15,Returned,Card
S0002405,C00060,P0163,ST003,2025-02-15,3,1403.42,0.15,Pending,Card
S0007960,C00600,P0104,ST009,2026-03-28,9,161.38,0.0,Cancelled,Cash
S0002738,C00180,P0131,ST001,2025-01-12,4,1295.32,0.0,completed,Cash
S0001876,C00366,P0192,ST012,2025-11-25,8,242.64,0.05,Cancelled,Card
S0007739,C00989,P0089,ST010,2025-10-05,2,283.97,0.15,Completed,Mobile Money
S0004076,C00032,P0073,ST007,2026-07-24,3,563.28,0.15,Returned,Mobile Money
S0000175,C00450,P0078,ST013,2026-02-26,2,916.89,0.0,Pending,Bank Transfer
S0003840,C00998,P0080,ST014,2026-05-05,4,871.17,0.15,Cancelled,Cash
S0006610,C00888,P0198,ST013,2025-12-30,1,817.03,0.2,Completed,Cash
S0007660,C00027,P0084,ST019,2026-05-08,1,228.6,0.2,Completed,Mobile Money
S0004253,C00524,P0100,ST017,2025-05-24,8,912.19,0.2,Pending,Bank Transfer
S0000149,C00272,P0146,ST015,2026-03-20,1,1392.68,0.15,Pending,Cash
S0000272,C00871,P0196,ST001,2025-10-19,10,503.8,0.15,Pending,Mobile Money
S0001742,C00317,P0085,ST005,2026-06-30,8,990.15,0.05,Cancelled,Bank Transfer
S0007853,C00584,P0177,ST011,2025-07-23,5,17.22,0.05,Completed,Bank Transfer
S0007528,C00625,P0124,ST006,2026-03-23,7,638.08,0.15,Completed,Card
S0006692,C00782,P0190,ST018,2025-11-16,9,952.56,0.2,completed,Mobile Money
S0003423,C00903,P0142,ST020,2026-07-11,7,1161.83,0.2,Cancelled,Mobile Money
S0004540,C00997,P0008,ST003,2025-08-26,4,1264.56,0.05,completed,Card
S0002715,C00641,P0064,ST014,2026-06-17,4,1304.02,0.15,Returned,Cash
S0005506,C00471,P0009,ST003,2025-08-28,5,152.97,0.05,Pending,Card
S0004244,C00892,P0040,ST002,2025-07-07,8,1290.36,0.15,completed,Cash
S0008363,C00640,P0044,ST020,2026-04-06,10,917.68,0.1,Pending,Bank Transfer
S0007252,C00716,P0037,ST009,2026-02-14,2,516.36,0.1,completed,Card
S0003010,C00308,P0171,ST019,2026-04-06,10,600.54,0.2,Cancelled,Mobile Money
S0005825,C00058,P0177,ST008,2026-03-05,6,14.41,0.0,Pending,Mobile Money
S0006311,C00673,P0142,ST007,2026-07-02,1,1165.4,0.0,Cancelled,Mobile Money
S0009463,C00937,P0194,ST007,2025-07-09,4,1313.91,0.2,Completed,Cash
S0009395,C00877,P0187,ST007,2025-10-03,7,389.44,0.1,Completed,Mobile Money
S0004147,C00657,P0071,ST006,2026-07-12,1,1338.19,0.0,Pending,Bank Transfer
S0001383,C00607,P0039,ST009,2025-07-18,1,1495.78,0.0,Pending,Bank Transfer
S0000156,C00916,P0038,ST015,2026-03-30,5,311.38,0.15,completed,Cash
S0007799,C00636,P0050,ST013,2026-06-26,3,339.61,0.15,Pending,Bank Transfer
S0003263,C00029,P0035,ST011,2026-07-18,8,306.14,0.1,Returned,Card
S0000638,C00845,P0112,ST012,2026-01-08,3,124.77,0.1,Completed,Card
S0002441,C00167,P0068,ST010,2025-09-10,5,102.19,0.2,Completed,Cash
S0004055,C00269,P0180,ST002,2026-04-25,8,687.44,0.15,Completed,Cash
S0007549,C00291,P0029,ST005,2026-05-21,8,1226.61,0.15,Returned,Mobile Money
S0003352,C00515,P0148,ST005,2026-06-04,6,554.44,0.0,completed,Card
S0002132,C00140,P0117,ST014,2025-05-17,8,294.46,0.05,Pending,Card
S0005381,C00840,P0016,ST006,2026-06-12,10,994.58,0.2,completed,Bank Transfer
S0007977,C00740,P0021,ST002,2026-05-23,4,1307.91,0.0,Pending,Cash
S0001985,C00484,P0007,ST008,2025-08-28,1,112.06,0.1,completed,Card
S0009549,C00216,P0084,ST011,2025-10-16,9,227.86,0.05,Cancelled,Bank Transfer
S0008474,C00689,P0105,ST006,2025-09-11,5,737.67,0.1,Pending,Card
S0000586,C00383,P0177,ST002,2026-03-31,4,16.81,0.15,Pending,Bank Transfer
S0009507,C00477,P0044,ST019,2025-03-06,10,914.02,0.0,Completed,Card
S0006595,C00430,P0092,ST004,2025-12-30,3,1114.35,0.1,completed,Bank Transfer
S0000133,C00333,P0089,ST006,2026-04-27,5,285.41,0.0,Completed,Mobile Money
S0001082,C00292,P0006,ST017,2026-07-22,1,1226.89,0.1,completed,Cash
S0004696,C00208,P0004,ST007,2025-11-08,9,1499.46,0.2,completed,Card
S0006525,C00250,P0021,ST013,2025-07-20,9,1308.35,0.2,Completed,Cash
S0000439,C00646,P0187,ST020,2026-06-25,6,390.51,0.1,Returned,Bank Transfer
S0006309,C00612,P0018,ST001,2025-08-09,9,871.05,0.0,Returned,Cash
S0001612,C00576,P0174,ST009,2026-02-17,3,192.89,0.15,Cancelled,Mobile Money
S0001138,C00813,P0007,ST016,2026-01-25,2,110.84,0.0,completed,Cash
S0000492,C00274,P0156,ST017,2025-11-21,1,643.34,0.0,Completed,Bank Transfer
S0003648,C00538,P0155,ST012,2025-05-23,1,1413.87,0.05,Pending,Card
S0008370,C00158,P0099,ST016,2025-11-27,2,1389.18,0.15,Completed,Bank Transfer
S0006512,C00908,P0075,ST019,2025-05-13,10,430.42,0.2,Returned,Cash
S0009917,C00357,P0153,ST014,2026-01-28,10,508.31,0.1,Cancelled,Cash
S0000833,C00789,P0195,ST009,2025-11-30,4,895.11,0.15,Pending,Bank Transfer
S0006602,C00843,P0112,ST016,2026-07-14,4,126.71,0.15,completed,Cash
S0003125,C00500,P0058,ST010,2026-06-18,8,1324.75,0.05,Completed,Mobile Money
S0000321,C00773,P0166,ST004,2026-06-30,5,1100.11,0.15,Returned,Mobile Money
S0004752,C00727,P0167,ST002,2025-09-26,7,356.74,0.2,Returned,Cash
S0009663,C00353,P0013,ST007,2026-01-18,7,103.44,0.15,Pending,Card
S0005461,C00735,P0068,ST010,2026-07-09,2,101.62,0.1,Completed,Bank Transfer
S0009987,C00348,P0182,ST020,2026-05-12,9,552.85,0.2,Cancelled,Mobile Money
S0002512,C00169,P0171,ST018,2025-12-02,1,604.76,0.1,Pending,Mobile Money
S0000663,C00418,P0149,ST006,2025-09-15,3,275.72,0.05,Completed,Bank Transfer
S0004085,C00041,P0124,ST018,2026-04-18,3,640.04,0.05,Pending,Card
S0005601,C00377,P0181,ST019,2026-07-10,2,69.6,0.2,Completed,Card
S0007248,C00936,P0113,ST009,2025-03-23,6,359.78,0.0,Cancelled,Bank Transfer
S0000509,C00558,P0044,ST009,2025-10-19,1,918.75,0.1,Returned,Cash
S0008092,C00147,P0022,ST015,2025-09-25,9,643.58,0.15,Cancelled,Mobile Money
S0005711,C00246,P0177,ST001,2025-09-22,1,15.19,0.0,Cancelled,Mobile Money
S0009612,C00026,P0034,ST005,2025-08-20,5,1184.42,0.2,Returned,Card
S0008519,C00820,P0051,ST020,2025-11-13,2,530.39,0.2,completed,Card
S0006303,C00016,P0153,ST006,2025-12-05,2,502.96,0.15,Cancelled,Cash
S0004286,C00846,P0134,ST012,2026-05-06,3,1253.58,0.05,Cancelled,Mobile Money
S0001515,C00787,P0038,ST020,2026-07-08,8,312.69,0.15,Completed,Bank Transfer
S0005563,C00060,P0160,ST018,2026-04-18,6,338.48,0.1,Cancelled,Cash
S0007374,C00772,P0047,ST008,2025-02-15,4,620.2,0.15,Pending,Mobile Money
S0007986,C00163,P0102,ST005,2025-03-30,2,761.16,0.05,Completed,Mobile Money
S0009285,C00786,P0056,ST008,2025-12-18,3,1182.59,0.15,completed,Mobile Money
S0003777,C00113,P0019,ST004,2026-07-21,5,713.77,0.0,Pending,Bank Transfer
S0004852,C00228,P0125,ST014,2025-10-24,8,648.18,0.1,Cancelled,Card
S0006424,C00669,P0116,ST019,2025-04-17,1,33.16,0.0,Completed,Cash
S0006507,C00419,P0093,ST012,2026-07-14,10,94.28,0.1,Pending,Mobile Money
S0004654,C00848,P0020,ST005,2025-04-23,3,1324.29,0.0,Completed,Card
S0007765,C00556,P0138,ST018,2026-06-24,1,1441.62,0.2,Pending,Mobile Money
S0001140,C00401,P0026,ST018,2025-05-13,1,1075.21,0.0,completed,Card
S0001206,C00310,P0109,ST010,2025-12-12,4,190.52,0.15,Returned,Card
S0001168,C00249,P0069,ST018,2025-12-29,10,1361.51,0.0,completed,Card
S0005865,C00644,P0119,ST017,2026-05-16,1,413.17,0.2,Cancelled,Bank Transfer
S0004462,C00512,P0124,ST009,2026-07-14,7,637.63,0.2,completed,Mobile Money
S0005367,C00680,P0189,ST015,2025-09-09,6,642.63,0.1,Completed,Card
S0009214,C00268,P0127,ST004,2026-04-01,10,1485.15,0.15,Returned,Mobile Money
S0004136,C00635,P0142,ST014,2025-08-15,7,1166.22,0.05,Returned,Cash
S0007249,C00054,P0096,ST006,2025-03-24,2,959.18,0.15,completed,Cash
S0001454,C00638,P0153,ST001,2026-07-05,7,502.38,0.0,Pending,Bank Transfer
S0002305,C00098,P0056,ST006,2025-08-08,10,1185.21,0.1,Cancelled,Mobile Money
S0004564,C00544,P0155,ST010,2026-02-07,4,1415.07,0.2,Returned,Cash
S0001091,C00653,P0114,ST016,2026-05-03,7,549.35,0.0,Completed,Bank Transfer
S0002273,C00145,P0158,ST009,2025-03-07,2,101.16,0.1,Cancelled,Mobile Money
S0000462,C00449,P0049,ST006,2026-06-07,1,469.36,0.2,completed,Cash
S0001218,C00140,P0048,ST015,2025-04-27,9,-50.0,0.2,Returned,Mobile Money
S0002942,C00475,P0194,ST015,2026-06-11,5,1313.4,0.15,Returned,Mobile Money
S0004885,C00155,P0135,ST013,2025-02-18,1,1294.99,0.15,Cancelled,Card
S0002124,C00244,P0011,ST020,2026-01-06,4,155.77,0.2,completed,Card
S0008679,C00683,P0080,ST014,2025-08-25,9,866.5,0.15,Cancelled,Cash
S0008477,C00727,P0147,ST010,2026-03-10,9,1338.96,0.1,Cancelled,Card
S0008865,C00795,P0179,ST006,2026-05-15,3,627.03,0.15,Completed,Cash
S0008757,C00009,P0070,ST009,2026-01-08,1,1137.21,0.15,Completed,Cash
S0000151,C00602,P0082,ST019,2025-03-13,6,1220.0,0.15,completed,Card
S0008320,C00968,P0188,ST014,2026-05-31,4,802.03,0.2,Returned,Mobile Money
S0006003,C00226,P0030,ST013,2026-01-28,3,1371.61,0.1,Completed,Bank Transfer
S0004386,C00745,P0192,ST009,2025-07-11,4,247.4,0.0,Pending,Cash
S0009390,C00552,P0037,ST016,2025-11-17,10,511.46,0.15,completed,Bank Transfer
S0003454,C00728,P0027,ST017,2025-09-08,9,1020.32,0.2,Returned,Cash
S0009691,C00529,P0091,ST012,2025-03-02,3,454.91,0.0,Cancelled,Bank Transfer
S0000270,C00577,P0112,ST017,2025-04-21,2,122.49,0.05,Cancelled,Cash
S0006154,C00032,P0100,ST003,2025-01-23,2,913.85,0.05,completed,Bank Transfer
S0005324,C00408,P0153,ST015,2025-05-28,10,506.7,0.0,Pending,Bank Transfer
S0001877,C00810,P0060,ST006,2025-06-19,5,735.86,0.05,completed,Card
S0005358,C00185,P0051,ST016,2025-12-18,4,532.49,0.0,Cancelled,Card
S0005897,C00524,P0081,ST001,2025-06-25,9,202.74,0.0,Returned,Bank Transfer
S0005447,C00607,P0132,ST003,2025-01-23,4,1403.52,0.15,Returned,Card
S0009706,C00655,P0123,ST008,2026-01-22,10,815.28,0.15,Returned,Bank Transfer
S0000360,C00037,P0043,ST001,2026-08-05,7,1026.93,0.15,Pending,Card
S0005932,C00564,P0141,ST020,2026-01-31,3,99.66,0.2,Pending,Card
S0006302,C00241,P0084,ST016,2026-04-30,9,229.58,0.15,Pending,Bank Transfer
S0006195,C00461,P0118,ST004,2025-04-27,9,807.48,0.05,Completed,Bank Transfer
S0008513,C00307,P0168,ST001,2025-01-17,7,741.48,0.0,Cancelled,Card
S0003851,C00313,P0180,ST020,2026-03-03,8,692.76,0.1,Completed,Card
S0009415,C00334,P0058,ST005,2025-09-05,6,1325.77,0.15,Pending,Cash
S0005148,C00662,P0015,ST002,2025-06-01,10,1126.38,0.05,Cancelled,Mobile Money
S0009929,C00442,P0088,ST018,2026-06-17,6,696.89,0.2,Pending,Mobile Money
S0009148,C00366,P0049,ST016,2026-04-30,10,471.54,0.15,Completed,Mobile Money
S0006983,C00805,P0022,ST020,2025-10-09,1,645.85,0.2,Pending,Mobile Money
S0003237,C00215,P0015,ST005,2025-04-19,2,1128.04,0.0,Cancelled,Card
S0005761,C00983,P0168,ST012,2025-05-01,9,744.97,0.15,completed,Cash
S0009313,C00229,P0077,ST003,2025-03-28,9,943.35,0.1,Returned,Mobile Money
S0008462,C00388,P0019,ST005,2026-04-03,10,713.97,0.2,Returned,Bank Transfer
S0000560,C00653,P0084,ST017,2025-11-02,9,232.46,0.15,Completed,Cash
S0009750,C00633,P0070,ST003,2025-12-13,4,1137.77,0.05,Completed,Cash
S0008232,C00264,P0134,ST020,2025-07-23,5,1255.12,0.15,Pending,Cash
S0009724,C00744,P0086,ST014,2025-06-23,5,357.3,0.15,Returned,Cash
S0003233,C00459,P0118,ST008,2026-02-07,6,807.05,0.15,Completed,Mobile Money
S0001010,C00651,P0173,ST013,2026-02-24,10,665.79,0.15,Completed,Cash
S0003988,C00309,P0150,ST007,2025-01-21,6,677.66,0.05,Pending,Cash
S0008616,C00851,P0010,ST005,2025-03-04,3,99.53,0.05,Cancelled,Card
S0003786,C00818,P0009,ST007,2026-07-02,8,153.73,0.15,Completed,Bank Transfer
S0008993,C00285,P0190,ST020,2025-12-12,10,951.78,0.2,Cancelled,Mobile Money
S0003553,C00493,P0081,ST004,2025-01-22,2,201.76,0.15,completed,Mobile Money
S0006888,C00003,P0007,ST018,2026-04-21,10,113.43,0.1,Returned,Bank Transfer
S0009031,C00053,P0151,ST020,2026-02-21,7,35.22,0.15,Pending,Card
S0004095,C00493,P0091,ST016,2026-04-02,3,460.34,0.2,Pending,Mobile Money
S0004018,C00707,P0101,ST002,2025-01-10,2,-50.0,0.1,Returned,Cash
S0006000,C00658,P0118,ST007,2025-09-29,7,806.47,0.2,completed,Mobile Money
S0002326,C00486,P0117,ST001,2026-05-16,2,293.67,0.15,completed,Bank Transfer
S0007650,C00068,P0138,ST002,2025-04-25,6,1442.62,0.0,Returned,Card
S0004306,C00290,P0040,ST001,2025-10-17,9,1287.58,0.05,completed,Bank Transfer
S0000491,C00349,P0129,ST016,2026-05-19,2,1203.85,0.1,Pending,Bank Transfer
S0002041,C00919,P0023,ST003,2025-08-13,5,838.68,0.15,Returned,Bank Transfer
S0009922,C00177,P0005,ST016,2025-05-02,10,309.26,0.0,Pending,Cash
S0006350,C00510,P0110,ST007,2025-08-19,1,1365.64,0.0,completed,Cash
S0008453,C00982,P0170,ST008,2026-07-02,4,406.36,0.0,completed,Cash
S0007014,C00107,P0022,ST015,2025-12-17,7,648.62,0.0,Pending,Mobile Money
S0008428,C00795,P0016,ST007,2026-07-28,5,991.18,0.1,Cancelled,Card
S0003997,C00230,P0031,ST008,2025-10-02,5,626.35,0.2,completed,Mobile Money
S0007639,C00945,P0034,ST018,2025-09-28,10,1184.63,0.15,completed,Bank Transfer
S0009660,C00989,P0053,ST015,2025-04-16,3,1493.25,0.1,Pending,Mobile Money
S0004694,C00281,P0159,ST008,2025-06-12,4,581.66,0.2,Pending,Cash
S0006403,C00170,P0156,ST016,2026-01-29,7,643.25,0.15,Completed,Mobile Money
S0009489,C00389,P0159,ST002,2025-12-10,1,578.6,0.05,Pending,Mobile Money
S0001500,C00288,P0185,ST012,2025-07-17,8,842.38,0.0,Completed,Bank Transfer
S0003739,C00973,P0007,ST017,2025-03-29,1,113.81,0.2,completed,Bank Transfer
S0008586,C00862,P0181,ST011,2026-04-13,9,72.68,0.1,Cancelled,Cash
S0001344,C00010,P0039,ST002,2025-04-07,3,1494.88,0.2,Pending,Bank Transfer
S0009934,C00760,P0027,ST003,2025-06-13,10,1023.48,0.05,Pending,Card
S0006597,C00734,P0147,ST020,2026-02-18,7,1335.46,0.15,Completed,Cash
S0003070,C00833,P0114,ST016,2026-06-27,1,556.5,0.15,Pending,Bank Transfer
S0004517,C00796,P0072,ST019,2025-08-18,6,1111.84,0.1,Completed,Cash
S0003542,C00970,P0197,ST004,2026-06-20,1,112.35,0.0,Returned,Mobile Money
S0002304,C00383,P0123,ST011,2026-05-26,4,812.84,0.15,completed,Bank Transfer
S0008726,C00441,P0170,ST018,2026-03-07,10,411.52,0.1,Returned,Bank Transfer
S0003809,C00962,P0055,ST011,2025-10-19,8,321.0,0.0,completed,Card
S0007640,C00145,P0137,ST015,2025-01-19,6,150.97,0.2,Cancelled,Card
S0004906,C00864,P0016,ST004,2026-06-06,7,993.9,0.05,completed,Cash
S0001093,C00372,P0058,ST017,2025-09-05,6,1325.88,0.0,Pending,Bank Transfer
S0003906,C00185,P0148,ST016,2025-12-15,8,554.87,0.15,completed,Cash
S0005763,C00207,P0171,ST017,2025-11-18,7,601.74,0.15,Returned,Card
S0000478,C00060,P0141,ST009,2025-05-23,10,100.64,0.15,Pending,Bank Transfer
S0009553,C00062,P0078,ST005,2025-09-14,7,911.5,0.0,Returned,Mobile Money
S0008482,C00163,P0046,ST003,2026-05-21,4,921.51,0.15,Pending,Card
S0005094,C00286,P0022,ST002,2026-01-10,3,649.05,0.05,Cancelled,Card
S0008936,C00322,P0021,ST009,2025-05-09,7,1311.24,0.15,Returned,Card
S0004829,C00956,P0044,ST017,2026-07-13,-2,917.5,0.15,completed,Card
S0005122,C00256,P0123,ST013,2025-02-17,3,810.83,0.2,Completed,Cash
S0003389,C00334,P0076,ST020,2026-04-10,10,708.76,0.2,Cancelled,Card
S0003174,C00576,P0159,ST019,2025-12-18,2,582.28,0.0,Completed,Card
S0004685,C00475,P0121,ST012,2026-04-24,4,1018.27,0.0,completed,Card
S0002869,C00129,P0114,ST002,2026-02-06,9,550.04,0.1,Pending,Card
S0001980,C00281,P0101,ST006,2026-04-17,4,1238.86,0.1,Cancelled,Cash
S0002806,C00230,P0028,ST007,2025-01-21,8,147.67,0.0,Cancelled,Mobile Money
S0009531,C00399,P0073,ST015,2025-09-04,8,563.95,0.15,Completed,Cash
S0008818,C00509,P0180,ST013,2026-02-11,3,690.8,0.0,Pending,Card
S0001672,C00940,P0046,ST020,2026-06-07,8,923.69,0.05,Pending,Cash
S0001892,C00565,P0082,ST010,2025-01-03,2,1221.69,0.1,Returned,Mobile Money
S0004031,C00716,P0070,ST003,2025-05-01,2,1138.75,0.2,Cancelled,Bank Transfer
S0006496,C00795,P0146,ST020,2025-01-30,8,1394.27,0.0,completed,Mobile Money
S0001225,C00144,P0167,ST008,2025-09-26,4,357.71,0.2,Completed,Bank Transfer
S0005577,C00118,P0155,ST017,2025-05-27,5,1413.96,0.15,Completed,Card
S0008213,C00288,P0114,ST013,2025-01-15,9,552.24,0.15,Returned,Mobile Money
S0000059,C00986,P0182,ST009,2025-06-29,6,553.95,0.15,Pending,Mobile Money
S0004761,C00596,P0120,ST003,2025-11-06,6,540.71,0.15,completed,Mobile Money
S0002334,C00412,P0149,ST018,2025-12-31,2,276.87,0.1,Pending,Cash
S0007062,C00881,P0172,ST016,2026-03-29,6,1421.43,0.05,completed,Bank Transfer
S0003405,C00719,P0113,ST008,2025-06-30,6,358.58,0.0,Returned,Card
S0005919,C00294,P0002,ST004,2025-04-15,1,282.61,0.2,Returned,Mobile Money
S0007558,C00180,P0047,ST007,2025-07-16,4,619.67,0.0,Returned,Mobile Money
S0003040,C00849,P0036,ST017,2025-09-20,10,1282.13,0.15,Returned,Cash
S0006451,C00167,P0146,ST012,2025-08-26,9,1392.35,0.15,Completed,Mobile Money
S0009738,C00698,P0076,ST005,2025-03-15,7,709.47,0.05,Pending,Card
S0001404,C00041,P0160,ST008,2026-03-13,9,334.42,0.05,Cancelled,Card
S0006315,C00280,P0061,ST006,2025-12-13,9,235.46,0.1,Cancelled,Cash
S0005146,C00750,P0130,ST010,2026-04-10,1,460.11,0.1,Completed,Cash
S0005261,C00458,P0109,ST004,2025-03-16,7,192.04,0.1,completed,Cash
S0003741,C00217,P0141,ST005,2025-07-17,6,97.36,0.2,Pending,Cash
S0000916,C00197,P0015,ST003,2025-04-07,5,1125.6,0.2,completed,Cash
S0008716,C00581,P0010,ST015,2025-11-10,8,96.51,0.2,Pending,Cash
S0002129,C00847,P0033,ST019,2025-09-14,8,333.92,0.05,Returned,Card
S0008137,C00495,P0038,ST016,2026-03-19,3,310.33,0.0,Cancelled,Cash
S0000565,C00534,P0084,ST007,2025-10-04,4,227.95,0.05,completed,Cash
S0009690,C00148,P0011,ST016,2025-04-30,4,155.74,0.0,completed,Bank Transfer
S0008294,C00367,P0149,ST010,2026-04-25,2,276.62,0.05,Pending,Cash
S0006468,C00441,P0171,ST020,2025-10-26,8,601.53,0.2,completed,Bank Transfer
S0003722,C00800,P0069,ST005,2025-02-02,4,1357.56,0.1,Completed,Bank Transfer
S0001644,C00422,P0125,ST019,2026-05-13,9,641.95,0.2,completed,Card
S0000209,C00576,P0198,ST019,2025-07-03,1,814.55,0.1,completed,Cash
S0001792,C00893,P0116,ST018,2026-07-25,5,32.61,0.0,completed,Cash
S0007440,C00574,P0166,ST015,2025-05-16,7,1100.81,0.2,Cancelled,Card
S0002106,C00928,P0069,ST018,2026-03-14,2,1361.2,0.1,Pending,Bank Transfer
S0002652,C00089,P0178,ST009,2025-06-13,6,1441.83,0.1,completed,Mobile Money
S0003350,C00896,P0175,ST014,2026-05-09,4,522.0,0.1,Returned,Card
S0000639,C00006,P0189,ST005,2025-01-18,9,644.96,0.0,Pending,Cash
S0008552,C00580,P0185,ST011,2025-12-21,9,849.28,0.0,Pending,Bank Transfer
S0007700,C00014,P0056,ST004,2026-04-13,5,1181.79,0.0,Pending,Card
S0009643,C00627,P0022,ST009,2025-10-02,3,648.62,0.15,Cancelled,Bank Transfer
S0000004,C00576,P0033,ST001,2026-05-28,4,331.64,0.0,Completed,Bank Transfer
S0007465,C00168,P0151,ST011,2025-07-06,10,36.16,0.2,completed,Bank Transfer
S0001141,C00379,P0197,ST014,2025-10-28,3,112.61,0.15,Returned,Cash
S0005710,C00132,P0003,ST017,2025-09-18,10,625.54,0.0,Completed,Mobile Money
S0008876,C00263,P0011,ST015,2025-06-04,4,153.09,0.1,Pending,Card
S0002384,C00206,P0166,ST009,2026-04-26,2,1096.28,0.1,Pending,Bank Transfer
S0007583,C00435,P0185,ST004,2026-03-26,7,849.23,0.15,Cancelled,Cash
S0002770,C00300,P0139,ST013,2025-07-05,7,1115.51,0.1,completed,Mobile Money
S0000598,C00877,P0073,ST008,2025-04-05,3,563.14,0.1,Cancelled,Bank Transfer
S0008760,C00721,P0081,ST013,2025-06-04,7,209.13,0.0,Cancelled,Card
S0004093,C00231,P0007,ST019,2026-02-04,4,113.93,0.2,Completed,Mobile Money
S0005920,C00245,P0146,ST003,2025-01-19,5,1391.16,0.2,Returned,Bank Transfer
S0008828,C00245,P0084,ST001,2026-07-22,9,224.69,0.15,Completed,Card
S0004731,C00586,P0108,ST001,2025-09-18,7,876.12,0.1,Returned,Cash
S0002773,C00802,P0062,ST019,2026-07-20,6,760.94,0.15,Cancelled,Bank Transfer
S0006248,C00171,P0052,ST002,2025-08-17,3,1037.9,0.2,Completed,Cash
S0007472,C00357,P0187,ST004,2025-01-21,6,389.91,0.05,Cancelled,Cash
S0002525,C00136,P0059,ST015,2025-08-01,3,410.55,0.15,Completed,Cash
S0000498,C00611,P0127,ST013,2026-05-10,10,1484.7,0.2,Returned,Bank Transfer
S0002338,C00092,P0175,ST009,2025-05-11,1,518.33,0.2,Pending,Mobile Money
S0000249,C00386,P0108,ST011,2025-09-07,10,874.15,0.15,Cancelled,Card
S0004319,C00839,P0085,ST016,2025-04-13,2,988.97,0.2,completed,Card
S0003531,C00830,P0068,ST010,2025-07-24,4,96.52,,Cancelled,Bank Transfer
S0007337,C00337,P0092,ST004,2026-06-10,3,1114.49,0.15,Completed,Card
S0000643,C00050,P0162,ST012,2025-02-05,3,306.68,0.15,Cancelled,Card
S0008943,C00704,P0194,ST017,2026-04-03,4,1316.38,0.05,Cancelled,Mobile Money
S0007692,C00204,P0042,ST018,2026-01-18,3,354.21,0.2,completed,Card
S0002843,C00173,P0014,ST009,2025-07-12,2,248.27,0.0,Cancelled,Bank Transfer
S0005371,C00300,P0169,ST011,2025-04-25,7,1121.12,0.05,Pending,Card
S0009505,C00116,P0125,ST015,2026-06-16,1,646.25,0.2,Cancelled,Mobile Money
S0009047,C00320,P0074,ST001,2025-07-30,5,1466.64,0.2,Returned,Cash
S0005721,C00208,P0155,ST020,2026-04-10,7,1414.19,0.0,completed,Cash
S0007919,C00089,P0001,ST012,2026-05-05,6,1035.81,0.0,completed,Mobile Money
S0002191,C00681,P0006,ST002,2026-04-13,4,1222.81,0.1,Returned,Cash
S0005239,C00044,P0023,ST010,2026-06-01,3,837.1,0.05,completed,Card
S0005304,C00522,P0094,ST015,2025-12-02,5,489.0,0.2,Cancelled,Cash
S0000629,C00232,P0024,ST009,2026-03-27,4,610.57,0.05,Pending,Mobile Money
S0003217,C00597,P0192,ST006,2026-07-14,4,246.61,0.15,completed,Cash
S0000660,C00146,P0038,ST014,2025-11-17,9,311.74,0.1,Completed,Bank Transfer
S0008947,C00824,P0147,ST005,2025-01-03,2,1334.3,0.15,Completed,Cash
S0006980,C00329,P0009,ST013,2026-02-05,10,151.66,0.15,Cancelled,Mobile Money
S0002547,C00069,P0155,ST012,2025-07-05,9,1411.74,0.2,Completed,Cash
S0008460,C00129,P0138,ST005,2025-10-09,8,1444.23,0.2,Returned,Mobile Money
S0009924,C00039,P0114,ST006,2026-02-09,10,552.31,0.0,Completed,Mobile Money
S0003344,C00895,P0084,ST008,2025-07-17,8,230.25,0.2,Cancelled,Cash
S0001575,C00582,P0176,ST019,2026-07-25,9,338.68,0.2,completed,Bank Transfer
S0006136,C00394,P0164,ST013,2025-10-15,2,1252.73,0.15,Pending,Bank Transfer
S0005658,C00037,P0031,ST014,2026-07-13,4,627.79,0.0,Pending,Mobile Money
S0003593,C00983,P0181,ST012,2025-02-28,1,69.99,0.15,completed,Bank Transfer
S0007606,C00420,P0004,ST004,2026-04-16,5,1493.4,0.1,Completed,Bank Transfer
S0006642,C00546,P0105,ST013,2026-02-01,7,738.25,0.05,Returned,Bank Transfer
S0005875,C00270,P0125,ST006,2025-06-13,2,645.85,0.2,Cancelled,Card
S0008019,C00647,P0169,ST019,2026-07-23,4,1120.32,0.1,Cancelled,Cash
S0005095,C00409,P0012,ST010,2025-12-28,8,1083.0,0.2,Cancelled,Mobile Money
S0004922,C00982,P0019,ST009,2025-07-29,2,712.32,0.15,Completed,Cash
S0001654,C00880,P0058,ST004,2026-07-07,7,1323.07,0.1,Returned,Cash
S0001504,C00913,P0094,ST012,2025-09-28,2,491.16,0.0,completed,Bank Transfer
S0003358,C00019,P0046,ST010,2025-08-30,1,926.39,0.15,Returned,Card
S0002466,C00493,P0120,ST002,2025-09-08,6,545.06,0.1,Completed,Bank Transfer
S0007767,C00505,P0185,ST012,2025-06-26,6,841.49,0.15,completed,Mobile Money
S0008367,C00225,P0101,ST016,2025-06-27,8,1241.01,0.05,Pending,Card
S0002695,C00648,P0060,ST009,2026-04-28,5,731.7,0.0,Completed,Mobile Money
S0000451,C00118,P0072,ST003,2025-06-07,2,1107.05,0.05,Pending,Mobile Money
S0006865,C00726,P0017,ST008,2026-05-23,3,150.27,0.2,Completed,Card
S0005732,C00911,P0178,ST011,2025-09-16,10,1442.31,0.0,completed,Bank Transfer
S0008650,C00577,P0161,ST008,2025-06-07,1,97.5,0.05,completed,Bank Transfer
S0006942,C00837,P0161,ST005,2026-04-20,7,97.04,0.0,Cancelled,Bank Transfer
S0001671,C00398,P0020,ST014,2025-11-03,1,1323.78,0.1,Pending,Card
S0009748,C00966,P0020,ST001,2026-06-01,7,1324.03,0.15,Cancelled,Card
S0002990,C00808,P0014,ST001,2026-05-15,8,248.41,0.05,Returned,Cash
S0005425,,P0077,ST012,2026-04-20,4,941.33,0.1,Pending,Card
S0000405,C00061,P0050,ST009,2026-07-29,6,341.51,0.05,Cancelled,Card
S0007598,C00912,P0137,ST007,2025-04-12,7,150.19,0.05,completed,Bank Transfer
S0004795,C00844,P0191,ST009,2026-02-05,9,1381.7,0.2,Cancelled,Bank Transfer
S0009192,C00595,P0070,ST007,2026-07-02,9,1141.26,0.15,Completed,Cash
S0005061,C00981,P0197,ST018,2025-06-23,3,109.01,0.05,completed,Mobile Money
S0001170,C00760,P0111,ST017,2026-07-31,3,494.21,0.2,Returned,Bank Transfer
S0008883,C00847,P0034,ST011,2026-05-15,10,1185.54,0.0,Completed,Bank Transfer
S0009520,C00891,P0164,ST018,2025-05-23,4,1251.7,0.0,completed,Bank Transfer
S0000831,C00986,P0143,ST013,2025-01-30,10,1163.73,0.05,Pending,Mobile Money
S0000944,C00554,P0079,ST006,2025-11-01,2,1034.17,0.0,Pending,Bank Transfer
S0007597,C00289,P0118,ST008,2025-04-23,3,811.64,0.1,Pending,Cash
S0000495,C00155,P0105,ST017,2025-12-13,6,732.31,0.1,Returned,Cash
S0008281,C00156,P0135,ST018,2026-06-16,3,1295.24,0.05,completed,Card
S0005470,C00614,P0051,ST017,2026-07-19,7,532.44,0.1,completed,Mobile Money
S0003041,C00642,P0134,ST010,2025-11-23,5,1257.65,0.05,Completed,Cash
S0004690,C00746,P0164,ST012,2025-04-13,5,1255.62,0.05,Cancelled,Cash
S0009772,C00433,P0184,ST015,2026-03-06,5,104.14,0.15,Completed,Cash
S0008873,C00648,P0178,ST018,2025-06-21,3,1444.6,0.05,Cancelled,Mobile Money
S0001043,C00155,P0145,ST007,2026-03-06,8,1491.92,0.2,Returned,Bank Transfer
S0002460,C00266,P0135,ST014,2025-10-09,5,1295.33,0.1,Returned,Cash
S0000466,C00562,P0047,ST016,2025-11-05,4,621.28,0.2,Completed,Cash
S0000307,C00817,P0063,ST018,2025-03-03,6,1438.47,0.1,Completed,Card
S0008470,C00655,P0133,ST017,2026-01-31,0,938.48,0.2,Completed,Mobile Money
S0003171,C00325,P0017,ST002,2025-03-17,3,147.06,0.0,Returned,Cash
S0000923,C00070,P0087,ST014,2025-04-22,5,780.12,0.05,Returned,Mobile Money
S0007784,C00997,P0143,ST001,2026-02-03,2,1164.45,0.05,Completed,Bank Transfer
S0001326,C00552,P0004,ST014,2026-06-18,1,1501.12,0.05,Pending,Mobile Money
S0001771,C00772,P0102,ST016,2026-01-31,3,763.18,0.1,Completed,Mobile Money
S0002665,C00613,P0007,ST020,2025-02-22,3,113.65,0.0,Cancelled,Cash
S0003962,C00242,P0092,ST005,2026-05-11,8,1117.79,0.15,Returned,Bank Transfer
S0009959,C00219,P0179,ST002,2025-10-03,5,624.84,0.0,completed,Mobile Money
S0007535,C00119,P0155,ST012,2026-07-08,10,1415.97,0.1,Completed,Bank Transfer
S0005037,C00290,P0194,ST009,2025-01-07,10,1313.73,0.1,Returned,Card
S0000945,C00095,P0071,ST007,2025-04-30,9,1336.73,0.1,Returned,Cash
S0008473,C00982,P0141,ST014,2026-05-02,8,100.27,0.0,completed,Mobile Money
S0008980,C00543,P0021,ST018,2025-03-22,2,1310.74,0.1,Returned,Mobile Money
S0009694,C00174,P0068,ST009,2025-09-30,4,99.91,0.1,Returned,Cash
S0008698,C00800,P0028,ST010,2026-03-25,1,147.27,0.2,Returned,Card
S0007741,C00627,P0041,ST009,2025-12-16,1,538.98,0.2,Cancelled,Cash
S0004090,C00529,P0047,ST010,2025-03-19,9,621.85,0.2,Returned,Bank Transfer
S0007325,C00982,P0023,ST006,2025-11-16,10,837.23,0.2,Cancelled,Card
S0008132,C00462,P0135,ST002,2026-02-03,7,1292.96,0.0,Cancelled,Card
S0007787,C00160,P0006,ST011,2026-06-18,5,1226.69,0.15,Returned,Cash
S0009585,C00050,P0079,ST006,2025-05-14,2,1028.18,0.0,Returned,Cash
S0000199,C00111,P0094,ST016,2026-05-20,4,489.73,0.1,Pending,Bank Transfer
S0001375,C00777,P0144,ST010,2025-07-14,8,1116.86,0.05,Cancelled,Cash
S0007625,C00607,P0035,ST020,2025-11-15,10,304.73,0.0,Returned,Mobile Money
S0002825,C00421,P0087,ST006,2025-02-22,3,777.7,0.05,completed,Bank Transfer
S0002967,C00419,P0022,ST015,2026-07-24,2,649.16,0.05,completed,Card
S0002972,C00926,P0028,ST017,2025-04-24,2,146.48,0.05,Returned,Cash
S0003536,C00382,P0047,ST003,2026-07-16,8,617.18,0.2,Pending,Bank Transfer
S0001086,C00537,P0042,ST011,2025-10-17,-2,351.29,0.1,Cancelled,Bank Transfer
S0002194,C00725,P0144,ST013,2026-01-05,10,1119.02,0.1,Cancelled,Cash
S0003000,C00198,P0169,ST019,2026-01-04,5,1119.32,0.05,Cancelled,Cash
S0007452,C00564,P0159,ST014,2026-03-07,6,583.74,0.0,Cancelled,Card
S0001332,C00607,P0188,ST014,2025-03-10,9,801.3,0.1,Returned,Mobile Money
S0009496,C00836,P0070,ST008,2025-12-28,7,1137.7,0.0,Returned,Card
S0000417,C00007,P0175,ST008,2025-02-17,4,521.2,0.2,Completed,Card
S0009320,C00143,P0001,ST012,2026-05-25,9,1033.26,0.0,Pending,Card
S0007040,C00373,P0100,ST009,2025-05-15,4,911.98,0.2,Pending,Mobile Money
S0008387,C00203,P0193,ST006,2025-03-11,5,909.56,0.0,Pending,Bank Transfer
S0001724,C00792,P0152,ST006,2026-07-28,2,918.59,0.0,Pending,Mobile Money
S0003257,C00032,P0040,ST019,2025-11-04,9,1288.99,0.2,completed,Card
S0006208,C00464,P0061,ST008,2026-06-16,4,236.87,0.15,Pending,Mobile Money
S0006172,C00141,P0166,ST019,2026-05-22,4,1097.1,0.15,Returned,Card
S0002853,C00672,P0131,ST006,2026-05-30,7,1295.68,0.0,Cancelled,Mobile Money
S0000975,C00103,P0089,ST004,2026-07-14,8,281.59,0.0,Returned,Card
S0007982,C00233,P0069,ST013,2026-01-27,2,1362.91,0.1,Pending,Mobile Money
S0009732,C00955,P0057,ST008,2025-05-24,10,206.72,0.15,Completed,Cash
S0007478,C00654,P0019,ST020,2026-02-19,10,712.08,0.0,Cancelled,Card
S0001544,C00817,P0079,ST018,2026-07-17,8,1033.05,0.1,Pending,Card
S0003928,C00517,P0087,ST003,2026-06-14,3,778.51,0.1,Pending,Cash
S0002713,C00423,P0073,ST019,2026-05-06,1,565.52,0.0,Completed,Mobile Money
S0007145,C00258,P0125,ST016,2026-06-02,2,651.1,0.15,Cancelled,Mobile Money
S0005817,C00467,P0092,ST012,2025-06-25,5,1117.25,0.05,Cancelled,Card
S0007601,C00455,P0110,ST019,2026-07-04,7,1367.17,,Cancelled,Mobile Money
S0001011,C00289,P0093,ST013,2025-11-13,2,96.42,0.0,Cancelled,Cash
S0000347,C00790,P0013,ST015,2025-06-21,6,100.03,0.0,completed,Card
S0009757,C00860,P0168,ST015,2025-06-22,4,744.38,0.2,Cancelled,Cash
S0003616,C00251,P0158,ST005,2025-10-07,7,97.49,0.2,Cancelled,Bank Transfer
S0008293,C00276,P0190,ST002,2025-09-01,4,953.11,0.0,Returned,Cash
S0007285,C00357,P0091,ST001,2026-06-17,7,457.44,0.05,Pending,Bank Transfer
S0000146,C00178,P0069,ST007,2025-08-01,1,1360.68,0.0,Completed,Bank Transfer
S0003551,C00648,P0031,ST019,2026-07-22,2,622.54,0.2,Cancelled,Card
S0002181,C00199,P0196,ST018,2025-11-16,10,501.47,0.1,Pending,Card
S0007290,C00749,P0162,ST004,2025-01-05,6,307.14,0.05,Returned,Bank Transfer
S0002866,C00346,P0008,ST010,2026-07-24,1,1261.67,0.0,Cancelled,Bank Transfer
S0003259,C00958,P0105,ST012,2025-10-14,1,737.29,0.2,Pending,Bank Transfer
S0003103,C00569,P0036,ST002,2025-09-11,2,1284.81,0.0,completed,Cash
S0005377,C00359,P0103,ST004,2026-06-14,8,1297.65,0.2,Cancelled,Bank Transfer
S0001978,C00369,P0122,ST011,2025-09-23,10,1122.03,0.0,Returned,Card
S0004969,C00051,P0031,ST004,2025-04-20,5,623.35,0.0,Pending,Cash
S0007108,C00701,P0059,ST016,2026-07-12,4,413.68,0.05,Returned,Mobile Money
S0000722,C00012,P0085,ST001,2026-07-18,3,985.68,0.2,Returned,Bank Transfer
S0006002,C00662,P0012,ST014,2026-06-04,2,1086.31,0.15,completed,Cash
S0009885,C00720,P0067,ST009,2025-08-05,3,922.96,0.0,Cancelled,Bank Transfer
S0009565,C00208,P0157,ST004,2026-11-01,7,1296.83,0.05,Pending,Cash
S0000029,C00790,P0130,ST013,2026-01-22,9,457.44,0.05,Cancelled,Bank Transfer
S0000962,C00260,P0039,ST002,2026-06-12,6,1494.71,0.05,Returned,Cash
S0006273,C00063,P0025,ST013,2026-02-11,10,331.28,0.05,Pending,Bank Transfer
S0005252,C00646,P0043,ST015,2025-05-16,5,1025.44,0.0,Pending,Card
S0001745,C00500,P0196,ST005,2026-03-09,4,501.11,0.05,Completed,Bank Transfer
S0006534,C00490,P0086,ST019,2026-02-22,10,352.95,0.05,Cancelled,Cash
S0000113,C00676,P0199,ST014,2025-12-10,9,779.04,0.0,Pending,Cash
S0000695,C00015,P0132,ST011,2025-02-24,2,1400.54,0.1,Cancelled,Mobile Money
S0003172,C00637,P0173,ST019,2026-01-04,4,662.68,0.15,completed,Bank Transfer
S0006812,C00052,P0047,ST001,2025-01-05,7,622.94,0.1,Completed,Mobile Money
S0003817,C00772,P0013,ST005,2025-09-18,2,99.76,0.1,Cancelled,Mobile Money
S0003797,C00751,P0025,ST002,2025-03-04,5,331.93,0.1,Cancelled,Mobile Money
S0007655,C00348,P0192,ST015,2026-05-20,4,244.74,0.15,Returned,Bank Transfer
S0001972,C00276,P0149,ST009,2026-03-21,5,276.74,0.05,Cancelled,Bank Transfer
S0009328,C00423,P0097,ST001,2025-07-09,3,1377.92,0.05,completed,Card
S0005303,C00747,P0049,ST007,2025-04-18,9,467.42,0.05,Pending,Bank Transfer
S0001777,C00784,P0073,ST011,2025-07-21,4,567.22,0.05,Cancelled,Mobile Money
S0004733,C00564,P0140,ST011,2025-12-02,8,1313.76,0.2,Completed,Card
S0009419,C00475,P0009,ST003,2026-04-06,9,152.93,0.05,Cancelled,Mobile Money
S0003717,C00781,P0030,ST018,2025-01-30,2,1373.7,0.2,Completed,Cash
S0009819,C00262,P0199,ST019,2026-07-06,3,786.03,0.05,Returned,Card
S0007946,C00178,P0027,ST017,2025-04-18,4,1022.9,0.15,Cancelled,Bank Transfer
S0006170,C00279,P0020,ST009,2025-08-04,8,1328.66,0.0,Returned,Bank Transfer
S0008389,C00663,P0064,ST014,2025-03-01,6,1300.87,0.05,Cancelled,Card
S0004484,C00668,P0133,ST002,2025-08-17,2,944.51,0.05,Returned,Card
S0004619,C00404,P0132,ST018,2026-07-17,10,1404.17,0.0,Cancelled,Cash
S0003909,C00434,P0098,ST007,2026-06-06,3,809.21,0.15,Cancelled,Bank Transfer
S0008632,C00037,P0154,ST002,2025-11-23,4,23.91,0.0,Returned,Card
S0001255,C00543,P0098,ST004,2026-07-14,8,813.16,0.05,Returned,Cash
S0009065,C00461,P0137,ST008,2026-01-31,10,153.66,0.15,Completed,Mobile Money
S0007371,C00117,P0098,ST011,2025-06-28,10,809.58,0.1,Completed,Bank Transfer
S0008636,C00700,P0144,ST017,2026-03-06,10,1116.53,0.0,completed,Bank Transfer
S0002707,C00717,P0183,ST017,2025-01-25,7,149.93,0.05,Cancelled,Bank Transfer
S0009046,C00292,P0078,ST016,2025-02-20,10,917.48,0.1,Returned,Bank Transfer
S0009854,C00154,P0177,ST011,2025-05-30,3,17.14,0.2,completed,Cash
S0008923,C00562,P0110,ST014,2025-01-20,10,1366.48,0.1,completed,Card
S0001063,C00844,P0131,ST017,2025-09-06,8,1294.62,0.05,completed,Bank Transfer
S0008159,C00509,P0159,ST017,2025-06-15,10,584.19,0.05,Completed,Card
S0004635,C00376,P0079,ST008,2025-08-10,8,1032.61,0.0,Pending,Cash
S0006013,C00422,P0014,ST002,2025-05-30,3,244.67,0.0,Returned,Mobile Money
S0000879,C00822,P0066,ST002,2026-03-07,6,157.81,0.15,completed,Bank Transfer
S0002318,C00085,P0028,ST018,2025-07-19,1,145.26,0.05,Cancelled,Card
S0009654,C00593,P0096,ST018,2026-03-18,5,957.09,0.0,Pending,Mobile Money
S0007012,C00156,P0047,ST019,2026-04-14,10,618.59,0.15,Returned,Mobile Money
S0009276,C00080,P0098,ST009,2025-06-02,7,807.79,0.05,Completed,Card
S0007432,C00787,P0195,ST003,2025-02-14,9,897.59,0.0,Completed,Mobile Money
S0006554,C00500,P0122,ST016,2025-06-22,7,1123.0,0.15,Completed,Card
S0004931,C00281,P0127,ST011,2025-01-25,2,1487.38,0.0,Returned,Cash
S0003246,C00163,P0094,ST010,2026-05-08,5,490.49,0.1,Cancelled,Card
S0004793,C00413,P0190,ST007,2025-12-08,6,953.48,0.1,Returned,Bank Transfer
S0003157,C00155,P0046,ST008,2026-02-20,8,921.09,0.0,Completed,Bank Transfer
S0001832,C00283,P0027,ST004,2026-05-13,9,1025.16,0.2,Pending,Cash
S0009465,C00391,P0089,ST008,2026-01-01,4,281.73,0.1,Completed,Cash
S0008033,C00994,P0183,ST015,2025-12-03,4,152.96,0.2,Cancelled,Card
S0001075,C00035,P0025,ST009,2026-04-19,5,332.48,0.05,completed,Cash
S0004220,C00094,P0179,ST004,2025-02-01,10,630.15,0.2,Returned,Card
S0009600,C00801,P0038,ST020,2025-08-10,7,310.71,0.0,Returned,Bank Transfer
S0005635,C00648,P0165,ST011,2025-09-05,7,830.58,0.15,Completed,Card
S0000667,C00898,P0154,ST013,2026-01-29,4,26.03,0.05,Cancelled,Card
S0008767,C00964,P0109,ST012,2025-06-02,5,191.78,0.2,Completed,Card
S0009858,C00533,P0160,ST005,2025-06-15,3,333.05,0.0,completed,Card
S0005046,C00982,P0175,ST012,2026-09-02,3,517.79,0.1,Completed,Card
S0001208,C00929,P0119,ST006,2025-07-05,3,417.32,0.1,Cancelled,Card
S0008063,C00843,P0004,ST011,2025-12-01,4,1500.09,0.15,completed,Bank Transfer
S0009265,C00457,P0071,ST011,2026-03-24,10,1336.84,0.05,Returned,Mobile Money
S0001047,C00042,P0107,ST010,2025-11-13,2,399.26,0.15,Cancelled,Bank Transfer
S0003685,C00602,P0199,ST012,2025-06-09,10,783.22,0.2,Pending,Cash
S0002634,C00443,P0066,ST014,2025-07-12,4,155.23,0.15,Returned,Card
S0003767,C00928,P0050,ST014,2025-07-04,4,345.63,0.1,Cancelled,Bank Transfer
S0003825,C00522,P0182,ST009,2025-01-09,6,551.49,0.15,Cancelled,Bank Transfer
S0000503,C00732,P0127,ST011,2025-12-07,8,1482.8,0.2,Completed,Card
S0000540,C00534,P0149,ST006,2025-01-04,3,276.33,0.15,Pending,Card
S0008503,C00941,P0085,ST020,2025-07-07,4,987.38,0.2,Cancelled,Bank Transfer
S0003205,C00152,P0124,ST020,2025-06-23,4,637.5,0.05,Completed,Cash
S0004978,C00434,P0002,ST010,2025-04-05,5,290.92,0.15,Pending,Card
S0002417,C00691,P0120,ST012,2025-06-07,3,547.85,0.0,Returned,Mobile Money
S0005936,C00513,P0164,ST019,2025-05-29,3,1255.77,0.1,Completed,Card
S0009847,C00774,P0118,ST009,2026-03-24,5,805.37,0.05,Pending,Bank Transfer
S0003096,C00058,P0189,ST016,2025-02-15,4,645.48,0.15,completed,Bank Transfer
S0005539,C00434,P0004,ST009,2025-11-02,1,1499.57,0.1,completed,Card
S0007244,C00160,P0110,ST001,2025-09-08,3,1370.07,0.05,Completed,Card
S0004445,C00949,P0167,ST005,2025-03-23,1,356.91,0.2,Returned,Mobile Money
S0007857,C00887,P0133,ST013,2025-09-11,5,942.89,0.05,Pending,Cash
S0001712,C00537,P0120,ST019,2025-02-08,3,545.32,0.0,Cancelled,Bank Transfer
S0001481,C00118,P0200,ST007,2025-12-05,8,598.11,0.0,Pending,Cash
S0008725,C00448,P0185,ST014,2026-06-01,9,845.73,0.15,Cancelled,Bank Transfer
S0000591,C00881,P0151,ST012,2025-08-14,3,35.92,0.1,Cancelled,Bank Transfer
S0002411,C00749,P0146,ST009,2025-11-30,9,1391.9,0.1,Completed,Cash
S0001950,C00486,P0177,ST007,2025-05-14,10,18.81,0.2,completed,Mobile Money
S0000212,C00649,P0010,ST002,2025-09-03,9,96.68,0.0,completed,Card
S0000561,C00554,P0055,ST009,2025-08-12,1,321.48,0.05,Returned,Bank Transfer
S0001231,C00289,P0171,ST014,2025-12-10,6,602.88,0.05,completed,Bank Transfer
S0000935,C00472,P0165,ST003,2026-07-26,7,830.36,0.1,completed,Card
S0004170,C00553,P0125,ST008,2025-06-07,8,651.04,0.0,Cancelled,Bank Transfer
S0007289,C00450,P0032,ST005,2026-06-12,3,484.5,0.15,Returned,Bank Transfer
S0000093,C00683,P0166,ST001,2025-11-16,3,1096.03,0.0,Returned,Card
S0003726,C00096,P0019,ST002,2026-04-04,1,712.15,0.0,Pending,Mobile Money
S0004184,C00902,P0188,ST011,2025-02-18,6,804.62,0.1,completed,Mobile Money
S0001590,C00775,P0109,ST012,2025-12-22,9,192.1,0.0,Completed,Card
S0000864,C00574,P0085,ST016,2025-05-31,3,984.96,0.1,Returned,Card
S0004712,C00220,P0083,ST009,2026-03-06,8,1054.85,0.1,Returned,Cash
S0006012,C00758,P0187,ST018,2026-06-04,6,386.3,0.2,Completed,Cash
S0001071,C00262,P0158,ST011,2026-07-15,5,99.83,0.1,Pending,Bank Transfer
S0002776,C00504,P0094,ST002,2025-08-25,4,485.12,0.1,completed,Bank Transfer
S0005295,C00998,P0166,ST004,2025-05-04,10,1098.84,0.2,Completed,Cash
S0002534,C00770,P0084,ST006,2026-04-19,7,227.94,0.05,Returned,Mobile Money
S0009485,C00579,P0120,ST002,2025-08-09,6,543.36,0.15,completed,Cash
S0005491,C00272,P0171,ST008,2026-06-22,9,600.29,0.1,Completed,Cash
S0007848,C00563,P0185,ST016,2025-12-16,2,842.99,0.0,Cancelled,Mobile Money
S0005189,C00913,P0045,ST005,2026-04-01,8,1247.09,0.0,Completed,Mobile Money
S0005889,C00576,P0114,ST008,2025-01-22,8,549.72,0.1,Pending,Cash
S0008412,C00623,P0154,ST010,2025-04-19,1,22.03,0.0,completed,Card
S0005288,C00246,P0028,ST012,2025-10-02,1,146.83,0.2,Pending,Card
S0008996,C00388,P0019,ST003,2025-11-21,3,713.01,0.1,Completed,Cash
S0003276,C00843,P0189,ST012,2025-09-21,3,641.27,0.05,completed,Cash
S0007500,C00078,P0051,ST012,2025-06-04,4,529.79,0.2,Completed,Cash
S0002108,C00767,P0089,ST018,2025-11-08,4,287.98,0.2,Completed,Cash
S0007013,C00957,P0192,ST010,2025-03-17,5,244.46,0.0,Cancelled,Bank Transfer
S0003646,C00727,P0024,ST011,2025-04-20,8,608.24,0.15,Cancelled,Mobile Money
S0007277,C00641,P0144,ST005,2026-01-23,7,1118.1,0.0,Cancelled,Card
S0002438,C00783,P0099,ST014,2025-09-02,4,1391.44,0.1,Returned,Cash
S0009254,C00723,P0019,ST011,2025-12-22,8,711.58,0.15,Returned,Mobile Money
S0000474,C00033,P0112,ST010,2025-03-11,9,124.47,0.15,Completed,Bank Transfer
S0000309,C00081,P0195,ST005,2025-10-03,5,895.19,0.05,Returned,Bank Transfer
S0008852,C00912,P0093,ST018,2026-04-20,8,96.16,0.1,Cancelled,Cash
S0007521,C00722,P0112,ST012,2026-07-08,3,127.13,0.1,completed,Cash
S0007980,C00918,P0073,ST016,2025-05-18,7,566.31,0.2,Returned,Cash
S0007095,C00083,P0015,ST012,2026-04-07,3,1128.23,0.1,Cancelled,Mobile Money
S0003102,C00892,P0036,ST020,2025-02-07,4,1283.43,0.0,Cancelled,Bank Transfer
S0009420,C00382,P0157,ST001,2026-03-09,5,1293.2,0.15,Pending,Bank Transfer
S0005700,C00825,P0142,ST017,2025-03-17,1,1163.19,0.0,completed,Card
S0004183,C00822,P0086,ST018,2025-12-07,7,355.42,0.0,Pending,Card
S0002666,C00552,P0193,ST007,2025-06-30,8,908.6,0.05,Returned,Card
S0001933,C00389,P0062,ST016,2025-06-19,1,760.09,0.15,Completed,Bank Transfer
S0001891,C00741,P0008,ST005,2026-03-07,9,1263.28,0.05,Cancelled,Mobile Money
S0002079,C00467,P0104,ST012,2025-02-28,6,164.79,0.0,Cancelled,Cash
S0003288,C00656,P0047,ST014,2025-04-14,2,621.4,0.1,completed,Mobile Money
S0001879,C00664,P0028,ST006,2026-03-06,5,148.28,0.2,Returned,Bank Transfer
S0002346,C00039,P0103,ST019,2025-10-20,9,1299.56,0.15,Returned,Cash
S0006260,C00591,P0053,ST005,2026-04-28,6,1492.21,0.15,Pending,Card
S0006245,C00095,P0072,ST017,2026-04-09,9,1113.86,0.1,Cancelled,Card
S0008338,C00250,P0023,ST016,2025-07-06,8,839.08,0.05,completed,Bank Transfer
S0001643,C99999,P0051,ST005,2025-06-13,10,533.55,0.2,completed,Mobile Money
S0008941,C00081,P0079,ST019,2026-04-24,7,1031.55,0.2,Pending,Mobile Money
S0007746,C00364,P0120,ST015,2025-09-07,2,541.85,0.2,Cancelled,Card
S0005537,C00384,P0063,ST020,2025-11-24,6,1438.73,0.05,Pending,Cash
S0005426,C00752,P0033,ST004,2025-04-18,8,332.24,0.15,Returned,Bank Transfer
S0001114,C00125,P0128,ST005,2026-07-06,2,204.79,0.05,completed,Bank Transfer
S0003643,C00195,P0083,ST017,2026-05-16,8,1055.04,0.05,Completed,Bank Transfer
S0008966,C00410,P0092,ST001,2026-02-20,1,1114.42,0.0,Completed,Card
S0002028,C00019,P0043,ST013,2025-06-27,5,1028.27,0.1,Cancelled,Cash
S0002272,C00280,P0063,ST003,2025-07-01,8,1440.48,0.05,Cancelled,Bank Transfer
S0004665,C00266,P0104,ST005,2026-03-25,10,164.36,0.1,Cancelled,Cash
S0004572,C00597,P0179,ST019,2026-04-02,1,626.9,0.1,Pending,Bank Transfer
S0004757,C00710,P0183,ST020,2025-06-04,6,152.52,0.15,Pending,Mobile Money
S0001838,C00831,P0139,ST005,2026-01-20,10,1111.76,0.15,completed,Mobile Money
S0001937,C00982,P0072,ST018,2025-01-02,4,1113.52,0.05,Cancelled,Bank Transfer
S0001836,C00636,P0193,ST002,2025-10-05,4,904.77,0.2,Pending,Mobile Money
S0003327,C00648,P0059,ST001,2025-09-19,7,413.69,0.0,Pending,Cash
S0002762,C00008,P0116,ST010,2026-05-13,9,30.44,0.05,Returned,Mobile Money
S0008487,C00453,P0072,ST006,2026-07-13,9,1114.69,0.0,Completed,Cash
S0004742,C00132,P0184,ST016,2026-03-14,7,103.05,0.1,Returned,Bank Transfer
S0006332,C00449,P0174,ST004,2026-04-11,9,191.43,0.2,Cancelled,Bank Transfer
S0000056,C00875,P0184,ST019,2025-05-04,5,106.16,0.15,completed,Cash
S0000657,C00924,P0193,ST015,2025-02-04,6,905.94,0.1,Returned,Cash
S0003462,C00570,P0186,ST003,2025-12-01,2,1351.86,0.15,completed,Bank Transfer
S0005527,C00015,P0022,ST012,2025-11-17,10,646.44,0.0,Returned,Bank Transfer
S0002201,C00369,P0168,ST004,2026-03-02,3,746.29,0.05,Cancelled,Card
S0008400,C00893,P0171,ST012,2025-05-04,3,601.14,0.15,Cancelled,Card
S0000414,C00319,P0094,ST018,2026-06-12,7,483.87,0.1,Pending,Card
S0008493,C00724,P0120,ST002,2025-04-16,2,544.49,0.1,Completed,Card
S0001817,C00857,P0119,ST018,2025-12-17,8,411.69,0.0,Pending,Card
S0009304,C00850,P0121,ST019,2025-01-07,6,1015.99,0.15,Pending,Cash
S0007385,C00200,P0059,ST017,2026-04-29,6,413.19,0.1,Completed,Cash
S0001971,C00548,P0095,ST006,2025-10-26,1,53.1,0.15,Completed,Card
S0000971,C00626,P0042,ST015,2025-06-05,8,355.65,0.05,Cancelled,Cash
S0004709,C00833,P0198,ST007,2025-07-17,10,816.31,0.15,Completed,Cash
S0007766,C00337,P0064, ST009 ,2026-04-19,4,1302.12,0.2,Completed,Cash
S0002602,C00839,P0136,ST003,2026-06-08,10,99.49,0.0,Completed,Bank Transfer
S0002971,C00809,P0132,ST017,2025-03-24,10,1403.1,0.05,Returned,Card
S0005731,C00308,P0107,ST009,2025-10-15,6,401.55,0.05,completed,Card
S0001967,C00734,P0106,ST006,2025-12-08,10,442.56,0.1,Completed,Mobile Money
S0004902,C00449,P0123,ST003,2025-12-18,3,813.22,0.0,Completed,Card
S0004084,C00816,P0006,ST003,2025-12-09,6,1224.28,0.1,Returned,Card
S0003089,C00435,P0187,ST018,2025-08-21,9,392.22,0.15,Completed,Bank Transfer
S0009674,C00539,P0126,ST014,2026-06-15,3,455.26,0.2,Cancelled,Cash
S0006764,C00428,P0115,ST019,2025-08-09,2,616.87,0.2,Pending,Mobile Money
S0003355,C00432,P0022,ST004,2025-12-27,1,648.65,0.0,Completed,Bank Transfer
S0009941,C00875,P0068,ST010,2025-11-26,8,100.06,0.2,completed,Mobile Money
S0008656,C00988,P0115,ST006,2025-09-30,8,613.72,0.0,Completed,Mobile Money
S0008609,C00099,P0052,ST005,2025-05-26,8,1039.25,0.15,Pending,Card
S0003441,C00612,P0040,ST003,2025-11-28,1,1283.93,0.05,Pending,Bank Transfer
S0002705,C00369,P0136,ST020,2026-06-04,3,103.0,0.15,Pending,Bank Transfer
S0001549,C00717,P0082,ST017,2025-09-21,9,1220.48,0.1,Cancelled,Bank Transfer
S0000893,C00084,P0048,ST005,2026-02-20,3,643.95,0.2,Completed,Cash
S0001463,C00931,P0108,ST015,2026-05-28,10,874.9,0.0,completed,Mobile Money
S0002071,C00665,P0127,ST010,2026-07-08,10,1483.69,0.1,Pending,Card
S0007156,C00802,P0042,ST002,2025-04-17,1,356.83,0.05,Cancelled,Mobile Money
S0005632,C00545,P0065,ST019,2026-02-13,10,590.77,0.15,Pending,Card
S0006632,C00149,P0047,ST009,2025-09-29,6,618.9,0.05,completed,Bank Transfer
S0008979,C00121,P0108,ST012,2026-04-11,8,872.02,0.15,Returned,Card
S0002509,C00648,P0106,ST015,2025-03-27,6,442.92,0.15,completed,Cash
S0005145,C00903,P0036,ST005,2025-07-08,4,1286.14,0.1,completed,Cash
S0006842,C00035,P0054,ST018,2025-12-07,4,99.2,0.05,Returned,Card
S0004228,C00464,P0080,ST013,2025-05-27,5,863.29,0.1,completed,Mobile Money
S0008660,C00320,P0089,ST012,2025-03-05,6,282.06,0.2,completed,Cash
S0006826,C00427,P0063,ST017,2026-06-13,9,1441.26,0.2,completed,Mobile Money
S0009218,C00984,P0006,ST012,2025-01-03,8,1221.0,0.0,completed,Cash
S0008154,C00232,P0133,ST006,2025-11-01,9,940.22,0.0,Completed,Cash
S0006708,C00742,P0177,ST005,2025-12-24,9,16.06,0.05,completed,Mobile Money
S0001968,C00931,P0024,ST019,2026-01-11,1,610.72,0.15,Completed,Card
S0004529,C00888,P0183,ST015,2025-10-27,5,151.64,0.2,Cancelled,Card
S0000875,C00362,P0143,ST001,2025-03-18,10,1163.64,0.15,Cancelled,Cash
S0002711,C00658,P0067,ST017,2025-11-22,5,923.95,0.1,Cancelled,Mobile Money
S0004937,C00808,P0177,ST009,2025-06-23,2,18.13,0.0,completed,Mobile Money
S0000986,C00430,P0148,ST009,2025-05-17,2,553.75,0.0,Completed,Bank Transfer
S0009397,C00489,P0170,ST013,2026-04-15,8,406.91,0.15,Returned,Mobile Money
S0008312,C00056,P0067,ST016,2025-11-20,4,919.78,0.0,Completed,Bank Transfer
S0007993,C00781,P0073,ST002,2026-03-28,9,566.76,0.2,Returned,Card
S0006117,C00859,P0180,ST002,2026-07-02,4,692.31,0.2,Cancelled,Card
S0000315,C00709,P0169,ST017,2025-05-30,10,1119.98,0.05,Returned,Mobile Money
S0006049,C00339,P0042,ST014,2025-11-07,3,353.53,0.15,completed,Card
S0002892,C00381,P0107,ST005,2025-05-11,3,397.6,0.15,Completed,Mobile Money
S0001943,C00072,P0132,ST003,2025-01-26,1,1402.82,0.0,Cancelled,Card
S0001630,C00043,P0002,ST007,2026-07-15,7,286.46,0.15,completed,Cash
S0000821,C00877,P0071,ST012,2025-08-14,9,1338.05,0.15,Returned,Mobile Money
S0008742,C00438,P0032,ST008,2025-06-11,8,484.27,0.0,Completed,Bank Transfer
S0007592,C00100,P0102,ST004,2026-05-13,1,762.6,0.05,Cancelled,Cash
S0002340,C00651,P0129,ST018,2026-04-16,9,1204.43,0.0,Cancelled,Cash
S0007974,C00564,P0167,ST020,2026-07-03,3,359.59,0.15,Completed,Cash
S0005753,C00399,P0166,ST004,2025-05-16,2,1096.85,0.05,Returned,Mobile Money
S0005654,C00984,P0118,ST008,2026-04-08,3,808.47,0.05,completed,Card
S0005099,C00322,P0097,ST008,2026-04-19,2,1378.3,0.2,Cancelled,Mobile Money
S0004410,C00151,P0196,ST015,2025-12-11,5,504.11,0.2,Completed,Bank Transfer
S0008311,C00173,P0088,ST018,2025-02-19,3,696.59,0.15,completed,Mobile Money
S0009915,C00668,P0030,ST002,2026-03-26,4,1370.21,0.2,Completed,Card
S0007326,C00848,P0001,ST015,2025-03-31,8,1039.68,0.1,Pending,Mobile Money
S0006720,C00908,P0080,ST006,2026-02-28,7,866.54,0.2,Completed,Card
S0006026,C00154,P0182,ST007,2025-08-25,3,550.72,0.2,Cancelled,Card
S0008681,C00669,P0100,ST005,2025-12-06,8,916.99,0.05,completed,Cash
S0006676,C00109,P0067,ST003,2025-03-24,2,925.27,0.2,Returned,Bank Transfer
S0000252,C00698,P0082,ST006,2026-04-21,4,1221.57,0.15,completed,Mobile Money
S0008916,C00673,P0172,ST019,2025-08-18,10,1416.85,0.1,completed,Bank Transfer
S0009443,C00805,P0135,ST004,2025-01-25,9,1294.49,0.0,Cancelled,Cash
S0000108,C00091,P0009,ST015,2026-04-15,10,-50.0,0.15,completed,Mobile Money
S0004871,C00756,P0027,ST020,2026-02-23,3,1023.84,0.05,Pending,Cash
S0000407,C00246,P0014,ST015,2025-09-28,10,248.16,0.1,Completed,Bank Transfer
S0005153,C00437,P0162,ST018,2026-05-01,3,306.6,0.15,completed,Mobile Money
S0008372,C00853,P0170,ST019,2025-01-01,8,409.06,0.1,Cancelled,Card
S0008362,C00139,P0087,ST011,2026-04-26,3,779.99,0.15,Completed,Cash
S0001193,C00037,P0174,ST004,2025-09-23,5,190.7,0.0,Pending,Mobile Money
S0008831,C00510,P0167,ST006,2025-02-15,7,359.54,0.0,Cancelled,Cash
S0006423,C00544,P0079,ST015,2025-11-25,6,1030.27,0.0,Pending,Cash
S0009246,C00973,P0177,ST008,2025-10-31,2,18.99,0.05,Pending,Bank Transfer
S0006466,C00902,P0015,ST003,2025-01-01,1,1127.65,0.0,Cancelled,Cash
S0009684,C00572,P0192,ST016,2026-06-07,8,243.43,0.05,completed,Mobile Money
S0005496,C00547,P0005,ST010,2025-06-19,6,304.22,0.1,completed,Mobile Money
S0009639,C00585,P0089,ST003,2026-02-02,1,283.4,0.1,Completed,Bank Transfer
S0003123,C00587,P0176,ST006,2025-01-03,4,337.61,0.05,Pending,Bank Transfer
S0000073,C00061,P0052,ST020,2025-04-17,5,1040.36,0.0,Pending,Mobile Money
S0000048,C00263,P0103,ST014,2025-11-14,3,1299.82,0.0,Returned,Cash
S0002358,C00668,P0043, ST002 ,2025-03-15,9,1025.46,0.1,Pending,Card
S0004908,C00537,P0104,ST014,2026-03-04,5,166.42,0.0,Cancelled,Card
S0001935,C00768,P0060,ST017,2025-07-05,2,733.43,0.2,completed,Cash
S0000627,C00854,P0042,ST001,2025-02-12,5,355.32,0.15,Completed,Mobile Money
S0001016,C00749,P0199,ST013,2025-02-04,10,782.25,0.0,Completed,Mobile Money
S0003978,C00807,P0129,ST019,2025-07-17,4,1202.89,0.0,Cancelled,Card
S0003073,C00737,P0079,ST010,2026-06-29,2,1031.9,0.1,Pending,Mobile Money
S0000918,C00366,P0132,ST017,2025-04-18,6,1404.65,0.2,Returned,Cash
S0006073,C00138,P0187,ST005,2025-04-08,6,387.84,0.2,completed,Mobile Money
S0007916,C00120,P0105,ST005,2026-04-01,1,736.53,0.2,Pending,Card
S0008814,C00222,P0191,ST001,2025-04-11,8,1378.72,0.15,Cancelled,Bank Transfer
S0002066,C00956,P0132,ST007,2025-10-30,10,1406.48,0.0,Cancelled,Mobile Money
S0008926,C00193,P0020,ST006,2025-12-02,9,1324.13,0.0,Cancelled,Cash
S0008516,C00950,P0058,ST006,2025-02-09,3,1324.99,0.0,Completed,Bank Transfer
S0001474,C00721,P0138,ST014,2025-11-05,6,1441.05,0.05,completed,Mobile Money
S0002330,C00930,P0108,ST014,2025-03-16,8,871.68,0.2,Returned,Cash
S0007457,C00493,P0046,ST017,2025-01-16,5,924.76,0.2,Pending,Card
S0002212,C00901,P0126,ST007,2025-08-03,2,451.48,0.05,Cancelled,Bank Transfer
S0000744,C00767,P0163,ST004,2025-03-16,6,1402.29,0.05,Cancelled,Bank Transfer
S0009006,C00511,P0030,ST008,2026-02-24,10,1372.04,0.1,Completed,Bank Transfer
S0005954,C00754,P0121,ST011,2025-06-26,6,1017.98,0.0,completed,Bank Transfer
S0002014,C00133,P0036,ST002,2025-07-19,1,1282.94,0.05,completed,Mobile Money
S0002433,C00051,P0002,ST007,2026-05-10,7,291.4,0.0,Completed,Card
S0002703,C00655,P0121,ST003,2026-02-12,6,1020.07,0.15,Returned,Bank Transfer
S0003444,C00384,P0041,ST002,2025-05-07,10,537.59,0.15,Returned,Bank Transfer
S0003606,C00309,P0125,ST010,2025-05-28,1,649.1,0.0,Pending,Mobile Money
S0007416,C00291,P0102,ST015,2025-05-22,1,766.38,0.2,Cancelled,Bank Transfer
S0000124,C00475,P0166,ST017,2026-01-28,6,1097.18,0.05,Pending,Bank Transfer
S0006765,C00704,P0109,ST013,2025-01-16,8,189.81,0.2,Cancelled,Mobile Money
S0008457,C00104,P0069,ST018,2025-10-29,7,1356.44,0.05,Cancelled,Card
S0000610,C00207,P0002,ST018,2026-03-15,6,283.86,0.15,completed,Bank Transfer
S0005281,C00014,P0122,ST013,2025-05-20,10,1123.94,0.2,completed,Cash
S0000602,C00510,P0083,ST001,2025-04-14,5,1056.12,0.05,completed,Mobile Money
S0000087,C00845,P0128,ST006,2026-01-10,3,205.5,0.05,Cancelled,Card
S0004216,C00420,P0054,ST010,2025-10-23,9,100.51,0.0,completed,Bank Transfer
S0008576,C00322,P0003,ST019,2025-07-16,1,627.44,0.2,Cancelled,Mobile Money
S0004608,C00570,P0066,ST018,2025-08-14,7,153.91,0.2,Completed,Cash
S0005079,C00514,P0041,ST017,2026-07-05,1,536.58,0.2,Pending,Cash
S0004150,C00224,P0140,ST010,2026-07-04,4,1310.58,0.1,Returned,Card
S0007220,C00253,P0049,ST018,2025-04-22,1,470.36,0.15,Completed,Bank Transfer
S0008451,C00731,P0040,ST017,2025-02-04,4,1286.31,0.2,Returned,Bank Transfer
S0007358,C00308,P0118,ST014,2026-05-03,8,809.53,0.05,completed,Mobile Money
S0000429,C00532,P0137,ST016,2025-10-09,1,151.03,0.0,Returned,Bank Transfer
S0006460,C00840,P0067,ST013,2025-07-31,5,925.41,0.15,Returned,Mobile Money
S0000348,C00824,P0052,ST017,2025-07-25,3,1034.26,0.1,completed,Cash
S0004698,C00946,P0172,ST003,2025-07-07,4,1421.14,0.1,Cancelled,Card
S0005483,C00273,P0146,ST010,2025-12-06,5,1393.48,0.2,Pending,Bank Transfer
S0008417,C00694,P0177,ST016,2025-12-17,6,15.03,0.0,Pending,Cash
S0003285,C00651,P0156,ST005,2025-07-15,4,640.21,0.0,Returned,Card
S0007690,C00709,P0013,ST017,2025-05-09,7,100.08,0.2,Pending,Cash
S0000063,C00653,P0180,ST019,2026-04-24,1,688.33,0.15,Cancelled,Mobile Money
S0009891,C00447,P0132,ST017,2025-03-17,5,1402.99,0.1,Completed,Mobile Money
S0005570,C00225,P0142,ST009,2025-02-08,2,1165.4,0.1,Pending,Mobile Money
S0009464,C00643,P0194,ST009,2026-07-25,2,1318.61,0.05,Completed,Card
S0003415,C00261,P0148,ST007,2025-07-18,7,555.61,0.2,Completed,Cash
S0000614,C00045,P0130,ST001,2026-01-05,10,455.1,0.1,completed,Mobile Money
S0006486,C00311,P0197,ST019,2025-05-14,5,114.51,0.05,Completed,Bank Transfer
S0000909,C00200,P0115,ST017,2026-02-03,10,613.89,0.1,completed,Bank Transfer
S0003555,C00442,P0045,ST013,2025-04-09,10,1248.14,0.15,Completed,Card
S0004217,C00183,P0193,ST004,2026-02-20,10,908.44,0.15,Completed,Card
S0005523,C00031,P0091,ST019,2025-07-14,2,460.92,0.0,Completed,Bank Transfer
S0000552,C00029,P0001,ST010,2026-03-15,9,1034.73,0.1,Completed,Mobile Money
S0009686,C00195,P0114,ST012,2025-10-29,9,553.34,0.2,Completed,Card
S0007480,C00724,P0072,ST014,2026-03-21,6,1113.02,0.15,Returned,Mobile Money
S0006563,C00474,P0114,ST019,2026-07-29,9,553.73,0.1,Pending,Cash
S0007408,C00919,P0145,ST005,2025-01-30,2,1490.96,0.05,Returned,Mobile Money
S0006069,C00528,P0197,ST016,2025-06-27,8,111.7,0.2,Completed,Cash
S0006397,C00469,P0053,ST005,2025-05-23,3,1489.79,0.1,Pending,Bank Transfer
S0005355,C00418,P0024,ST009,2025-03-19,9,607.59,0.15,Cancelled,Cash
S0003523,C00604,P0038,ST008,2026-04-16,2,311.19,0.05,Returned,Bank Transfer
S0006139,C00413,P0093,ST019,2025-03-02,2,94.85,0.0,Cancelled,Mobile Money
S0000551,C00926,P0079,ST004,2025-12-25,6,1033.13,0.1,Cancelled,Mobile Money
S0000714,C00841,P0113,ST012,2026-07-02,9,363.3,0.0,Returned,Cash
S0005943,C00746,P0162,ST009,2026-03-04,8,305.71,0.05,completed,Bank Transfer
S0007112,C00822,P0032,ST015,2025-01-31,5,486.19,0.1,Cancelled,Bank Transfer
S0004365,C00768,P0155,ST004,2025-10-31,2,1415.23,0.15,completed,Mobile Money
S0004284,C00972,P0113,ST007,2026-06-13,2,361.61,0.0,Completed,Mobile Money
S0005044,C00029,P0069,ST014,2026-04-15,1,1362.13,0.15,Cancelled,Card
S0005207,C00257,P0127,ST009,2026-02-15,1,1482.48,0.15,Pending,Cash
S0004743,C00801,P0048,ST013,2026-04-16,8,640.51,0.15,Cancelled,Cash
S0007733,C00761,P0025,ST017,2025-07-13,8,325.91,0.2,Completed,Cash
S0002385,C00088,P0052,ST011,2025-07-09,1,1034.59,0.2,completed,Cash
S0006571,C00096,P0157,ST013,2026-07-23,3,1295.61,0.0,Returned,Mobile Money
S0002786,C00697,P0107,ST013,2025-07-02,1,404.33,0.1,completed,Mobile Money
S0006803,C00638,P0041,ST010,2026-02-02,4,536.32,0.05,Completed,Bank Transfer
S0000316,C00777,P0159,ST010,2025-05-14,6,586.67,0.15,completed,Cash
S0001589,C00207,P0160,ST002,2025-07-20,10,335.37,0.0,Cancelled,Card
S0008500,C00426,P0110,ST002,2026-06-01,1,1368.21,0.1,Cancelled,Mobile Money
S0003138,C00139,P0013,ST013,2025-08-01,3,98.74,0.15,Returned,Bank Transfer
S0008837,C00642,P0158,ST011,2026-06-29,4,98.93,0.1,Pending,Mobile Money
S0008792,C00208,P0099,ST015,2025-12-26,7,1393.73,0.0,completed,Card
S0000006,C00801,P0085,ST012,2026-01-12,4,987.52,0.1,Completed,Bank Transfer
S0004662,C00316,P0003,ST020,2025-04-18,2,627.11,0.1,Returned,Mobile Money
S0004556,C00007,P0013,ST015,2025-10-21,6,100.58,0.05,completed,Mobile Money
S0009866,C00550,P0089,ST002,2026-05-07,10,285.51,0.15,Pending,Bank Transfer
S0001818,C00190,P0143,ST013,2025-09-28,5,1164.6,0.2,Cancelled,Cash
S0009166,C00681,P0039,ST017,2025-12-06,6,1495.96,0.1,Cancelled,Card
S0008960,C00030,P0067,ST001,2025-12-24,8,922.42,0.1,Cancelled,Bank Transfer
S0006467,C00272,P0118,ST004,2025-03-25,10,806.54,0.1,completed,Cash
S0008606,C00119,P0116,ST003,2026-01-16,5,35.23,0.2,Pending,Mobile Money
S0004418,C00424,P0171,ST012,2025-05-05,9,601.64,0.1,Completed,Cash
S0002213,C00603,P0144,ST015,2026-07-28,10,1115.86,0.1,Returned,Mobile Money
S0009948,C00625,P0168,ST006,2025-11-27,7,743.67,0.05,Returned,Card
S0003612,C00777,P0043,ST020,2025-01-16,8,1026.29,0.15,Completed,Card
S0003732,C00469,P0197,ST007,2026-01-12,3,114.71,0.05,completed,Cash
S0005313,C00374,P0093,ST010,2025-04-03,4,94.99,0.05,completed,Cash
S0009010,C00879,P0186,ST008,2025-07-12,6,1353.16,0.05,Pending,Card
S0002219,C00558,P0106,ST007,2025-06-08,9,443.87,0.05,Returned,Bank Transfer
S0006755,C00891,P0040,ST016,2025-08-05,5,1288.24,0.1,Returned,Mobile Money
S0006236,C00988,P0197,ST005,2025-11-16,7,114.35,0.1,completed,Mobile Money
S0000416,C00824,P0166,ST010,2026-03-17,8,1097.65,0.15,Pending,Mobile Money
S0001579,C00453,P0158,ST017,2026-03-25,8,102.35,0.0,completed,Mobile Money
S0008436,C00743,P0032,ST005,2025-03-29,2,487.42,0.0,Completed,Bank Transfer
S0009380,C00956,P0139,ST008,2026-02-25,5,1108.99,0.15,Completed,Mobile Money
S0001493,C00879,P0178,ST019,2025-11-29,4,1442.85,0.1,Cancelled,Cash
S0007545,C00783,P0144,ST001,2025-04-29,2,1116.79,0.15,Pending,Card
S0002328,C00455,P0134,ST013,2025-08-14,4,1256.45,0.15,Returned,Card
S0002295,C00750,P0145,ST010,2026-04-01,2,1494.9,0.05,Cancelled,Bank Transfer
S0003075,C00788,P0159,ST011,2026-04-26,4,581.03,0.2,Pending,Cash
S0000816,C00072,P0125,ST005,2026-03-16,9,644.58,0.0,Returned,Mobile Money
S0003836,C00884,P0025,ST003,2026-02-11,6,328.89,0.1,Completed,Bank Transfer
S0004883,C00668,P0138,ST012,2025-05-31,2,1444.32,0.15,Pending,Mobile Money
S0002837,C00240,P0180,ST016,2026-01-15,7,688.22,0.1,Completed,Mobile Money
S0009705,C00204,P0132,ST009,2026-07-06,6,1407.93,0.2,Cancelled,Card
S0000719,C00035,P0145,ST013,2025-05-11,6,1491.9,0.2,completed,Mobile Money
S0006327,C00486,P0126,ST001,2025-12-20,9,454.84,0.1,Completed,Bank Transfer
S0001569,C00307,P0048,ST012,2025-01-11,1,646.24,0.15,Returned,Mobile Money
S0004660,C00098,P0037,ST017,2026-04-14,2,517.2,0.05,Completed,Card
S0005346,C00440,P0132,ST001,2026-05-19,7,1403.85,0.0,Returned,Bank Transfer
S0005257,C00002,P0123,ST008,2025-06-06,8,816.99,0.15,Pending,Card
S0005955,C00534,P0091,ST011,2026-06-06,3,458.6,0.2,Pending,Cash
S0000710,C00104,P0189,ST010,2026-05-07,9,644.14,0.0,Cancelled,Bank Transfer
S0005957,C00528,P0196,ST014,2025-01-06,3,501.3,0.0,Pending,Card
S0006134,C00684,P0091,ST008,2025-12-24,1,461.92,0.2,Returned,Mobile Money
S0003500,C00554,P0084,ST012,2025-07-28,8,225.6,0.2,Returned,Bank Transfer
S0003576,C00229,P0150,ST019,2026-03-07,9,676.8,0.2,Returned,Bank Transfer
S0005819,C00533,P0157,ST002,2026-06-18,2,1292.61,0.05,completed,Cash
S0004684,C00010,P0113,ST015,2025-05-14,5,362.74,0.2,Completed,Mobile Money
S0009855,C00356,P0006,ST017,2025-08-17,7,1224.98,0.2,completed,Card
S0005900,C00926,P0025,ST019,2025-07-21,3,330.1,0.0,completed,Bank Transfer
S0000798,C00228,P0169,ST016,2026-05-10,6,1117.17,0.05,Returned,Cash
S0004403,C00796,P0146,ST009,2026-05-27,4,1394.65,0.1,Pending,Card
S0000925,C00574,P0199,ST006,2026-01-20,5,783.04,0.1,Returned,Mobile Money
S0007856,C00467,P0160,ST009,2025-06-24,10,337.38,0.0,Completed,Card
S0002626,C00092,P0188,ST017,2025-08-25,6,801.92,0.1,Returned,Card
S0007619,C00576,P0098,ST009,2025-05-01,1,809.89,0.0,Cancelled,Bank Transfer
S0009325,C00331,P0191,ST006,2025-10-04,9,1378.28,0.05,Completed,Card
S0007027,C00443,P0146,ST018,2025-03-14,5,1392.66,0.05,Returned,Mobile Money
S0002516,C00240,P0153,ST018,2025-12-20,8,503.34,0.2,Pending,Bank Transfer
S0000687,C00407,P0094,ST011,2025-12-28,5,487.96,0.15,Completed,Mobile Money
S0008755,C00314,P0193,ST005,2026-07-07,5,909.23,0.1,Cancelled,Bank Transfer
S0006871,C00991,P0159,ST001,2025-10-22,8,580.47,0.0,completed,Bank Transfer
S0000130,C00801,P0096,ST016,2026-06-01,9,957.53,0.1,Pending,Mobile Money
S0000450,C00161,P0043,ST009,2025-09-10,8,1027.67,0.15,Pending,Bank Transfer
S0005672,C00149,P0199,ST001,2026-03-19,10,782.1,0.0,completed,Bank Transfer
S0006984,C00701,P0126,ST004,2025-09-20,8,456.48,0.0,Pending,Bank Transfer
S0002319,C00434,P0125,ST005,2025-07-09,3,644.28,0.0,Cancelled,Cash
S0001596,C00772,P0174,ST018,2025-10-30,6,195.7,0.05,Completed,Card
S0000920,C00824,P0178,ST009,2025-12-15,3,1440.36,0.1,Pending,Card
S0000926,C00923,P0029,ST013,2025-02-01,6,1225.23,0.0,Cancelled,Mobile Money
S0006868,C00974,P0138,ST018,2025-03-22,8,1441.73,0.1,completed,Cash
S0001123,C00284,P0065,ST015,2025-08-07,3,590.08,0.2,Cancelled,Cash
S0006798,C00382,P0190,ST019,2025-08-17,2,955.1,0.05,Pending,Bank Transfer
S0002484,C00501,P0182,ST008,2025-12-10,4,550.54,0.0,Completed,Card
S0008898,C00312,P0117,ST004,2025-03-17,10,291.26,0.0,Cancelled,Cash
S0005395,C00939,P0133,ST007,2025-12-09,3,943.62,0.15,Returned,Bank Transfer
S0000808,C00922,P0100,ST003,2026-05-12,5,917.7,0.1,Returned,Card
S0005053,C00026,P0090,ST015,2025-04-14,6,619.34,0.0,completed,Card
S0006872,C00327,P0083,ST003,2025-01-11,3,1058.21,0.1,Cancelled,Card
S0002856,C00924,P0145,ST011,2026-06-23,9,1491.13,0.2,Cancelled,Cash
S0003048,C00924,P0129,ST018,2025-12-11,8,1205.63,0.15,Returned,Cash
S0002268,C00825,P0058,ST020,2025-01-01,7,1323.33,0.2,Completed,Cash
S0006857,C00377,P0103,ST004,2025-09-18,1,1298.54,0.2,Completed,Mobile Money
S0003245,C00916,P0184,ST020,2025-04-11,10,100.61,0.1,completed,Mobile Money
S0008994,C00676,P0080,ST020,2025-03-01,9,868.39,0.1,Returned,Mobile Money
S0002538, C00853 ,P0134,ST004,2026-04-10,3,1255.32,0.0,Returned,Cash
S0005489,C00729,P0048,ST004,2026-04-01,1,648.6,0.1,Pending,Bank Transfer
S0005492,C00824,P0188,ST013,2026-06-10,1,803.43,0.05,Completed,Cash
S0005688,C00217,P0200,ST005,2026-06-04,2,600.01,0.0,Cancelled,Bank Transfer
S0002580,C00381,P0174,ST004,2025-11-06,2,189.38,0.15,completed,Mobile Money
S0008203,C00468,P0090,ST010,2025-07-24,4,618.18,0.15,Returned,Card
S0003336,C00266,P0060,ST006,2025-06-09,10,736.16,0.0,Cancelled,Mobile Money
S0003883,C00348,P0190,ST003,2025-03-08,3,949.45,0.0,Completed,Bank Transfer
S0009324,C00575,P0124,ST001,2026-04-07,4,637.95,0.1,Pending,Mobile Money
S0007933,C00599,P0085,ST020,2026-05-22,2,986.98,0.0,Cancelled,Mobile Money
S0002259,C00264,P0022,ST019,2026-03-16,9,647.66,0.2,Returned,Mobile Money
S0009519,C00569,P0070,ST011,2025-04-01,9,1140.58,0.2,Returned,Bank Transfer
S0002377,C00013,P0060,ST007,2025-10-10,3,735.3,0.0,Pending,Mobile Money
S0000289,C00101,P0063,ST011,2025-04-08,10,1434.97,0.2,Pending,Cash
S0006738,C00368,P0031,ST008,2026-07-15,2,625.04,0.05,Returned,Card
S0008770,C00968,P0016,ST005,2026-04-27,9,992.79,0.2,completed,Bank Transfer
S0009196,C00752,P0134,ST006,2025-05-20,5,1256.03,0.2,completed,Card
S0009928,C00543,P0123,ST009,2025-09-27,5,814.34,0.0,Returned,Bank Transfer
S0008249,C00697,P0052,ST011,2026-03-15,2,1037.81,0.05,Cancelled,Card
S0009258,C00358,P0098,ST016,2025-10-28,1,809.4,0.2,completed,Bank Transfer
S0006774,C00607,P0010,ST012,2025-06-29,5,102.66,0.2,Returned,Card
S0002257,C00186,P0088,ST007,2025-04-21,6,693.0,0.1,completed,Cash
S0001451,C00712,P0090,ST016,2025-05-16,1,619.11,0.05,Cancelled,Card
S0002027,C00818,P0175,ST009,2025-01-24,2,519.84,0.15,completed,Cash
S0005254,C00345,P0136,ST003,2026-03-29,5,101.26,0.1,Cancelled,Mobile Money
S0007386,C00579,P0019,ST002,2025-09-14,1,711.29,,completed,Bank Transfer
S0003282,C00975,P0037,ST008,2026-01-19,2,517.55,0.1,Pending,Card
S0008361,C00524,P0040,ST001,2025-03-08,7,1290.97,0.2,Completed,Mobile Money
S0004813,C00010,P0146,ST017,2025-11-20,8,1393.26,0.1,completed,Bank Transfer
S0006848,C00720,P0072,ST007,2026-03-27,6,1113.32,0.05,Pending,Mobile Money
S0005808,C00758,P0170,ST020,2026-01-04,8,409.67,0.0,Pending,Card
S0005238,C00204,P0086,ST015,2025-05-08,7,353.91,0.1,Returned,Bank Transfer
S0002256,C00815,P0176,ST019,2026-03-07,6,338.02,0.2,completed,Cash
S0006945,C00454,P0178,ST011,2025-06-28,10,1444.17,0.15,Completed,Cash
S0009568,C00931,P0097,ST002,2025-12-15,6,1377.17,0.05,Cancelled,Cash
S0004485,C00454,P0160,ST020,2025-05-23,10,337.41,0.1,Completed,Bank Transfer
S0003185,C00248,P0050,ST001,2026-07-16,10,341.63,0.15,Cancelled,Cash
S0001095,C00621,P0084,ST020,2026-07-20,3,228.84,0.0,Pending,Cash
S0005899,C00753,P0048,ST013,2025-05-05,3,649.23,0.1,Cancelled,Mobile Money
S0009921,C00018,P0182,ST012,2026-06-03,10,550.88,0.15,Returned,Cash
S0006490,C00965,P0093,ST014,2026-04-22,10,96.53,0.05,Returned,Card
S0007981,C00486,P0003,ST006,2025-11-29,4,629.66,0.2,Pending,Bank Transfer
S0000661,C00188,P0077,ST010,2025-03-20,1,944.13,0.1,completed,Cash
S0008607,C00480,P0083,ST011,2025-01-06,7,1056.32,0.05,Returned,Bank Transfer
S0008192,C00078,P0074,ST019,2025-12-07,8,1460.84,0.05,Pending,Mobile Money
S0001525,C00796,P0051,ST010,2026-04-26,3,532.44,0.2,Completed,Card
S0005441,C00630,P0199,ST008,2025-06-25,3,785.44,0.05,completed,Cash
S0007668,C00497,P0001,ST010,2025-01-14,9,1034.61,0.05,Returned,Mobile Money
S0000906,C00193,P0053,ST010,2026-07-06,8,1496.43,0.0,Cancelled,Cash
S0007855,C00077,P0023,ST020,2025-03-13,2,837.91,0.15,Pending,Cash
S0005374,C00074,P0106,ST020,2026-01-06,9,441.99,0.05,Pending,Cash
S0004175,C00110,P0161,ST006,2025-08-16,5,102.13,0.15,Completed,Cash
S0007886,C00937,P0058, ST020 ,2025-07-09,1,1325.44,0.0,completed,Card
S0009147,C00138,P0039,ST011,2025-12-07,7,1492.4,0.0,Cancelled,Card
S0008447,C00007,P0091,ST016,2026-05-22,8,457.58,0.1,Cancelled,Bank Transfer
S0007315,C00055,P0057,ST009,2026-05-21,1,205.38,0.15,Cancelled,Bank Transfer
S0007120,C00885,P0117,ST005,2025-08-06,5,294.82,0.1,Cancelled,Bank Transfer
S0009943,C00752,P0002,ST006,2026-01-29,9,290.87,0.0,completed,Card
S0004255,C00923,P0056,ST006,2025-08-30,2,1180.4,0.0,Cancelled,Mobile Money
S0002292,C00077,P0071,ST016,2026-04-19,2,1337.3,0.0,Cancelled,Mobile Money
S0006635,C00606,P0102,ST017,2026-01-10,10,764.24,0.05,completed,Mobile Money
S0006978,C00630,P0007,ST004,2025-11-13,4,112.24,0.1,completed,Card
S0000284,C00701,P0093,ST002,2025-03-29,6,93.49,0.1,Returned,Card
S0008948,C00832,P0081,ST015,2026-03-02,2,202.88,0.2,Cancelled,Cash
S0000480,C00288,P0082,ST012,2025-02-11,5,1219.85,0.0,Cancelled,Cash
S0007554,C00988,P0192,ST005,2025-04-09,2,243.16,0.2,completed,Mobile Money
S0005648,C00212,P0032,ST011,2025-08-28,5,486.56,0.15,completed,Cash
S0007357,C00988,P0119,ST001,2025-08-31,8,410.82,0.0,completed,Mobile Money
S0003399,C00488,P0165,ST019,2025-07-24,6,830.55,0.05,Cancelled,Bank Transfer
S0005446,C00030,P0198,ST019,2025-02-01,10,818.33,0.1,Returned,Mobile Money
S0002396,C00308,P0042,ST006,2025-06-21,6,355.07,0.2,Returned,Mobile Money
S0003020,C00374,P0111,ST010,2025-08-25,1,499.51,0.15,Completed,Card
S0008518,C00593,P0039,ST016,2025-04-24,4,1496.65,0.2,Returned,Cash
S0007704,C00126,P0040,ST003,2025-01-01,2,1287.54,0.0,Pending,Card
S0007782,C00956,P0040,ST011,2026-02-17,2,1291.05,0.05,completed,Mobile Money
S0000386,C00878,P0007,ST002,2025-05-16,5,113.59,0.15,Returned,Mobile Money
S0005177,C00942,P0172,ST004,2025-04-18,3,1415.02,0.15,Returned,Bank Transfer
S0007817,C00751,P0055,ST009,2026-04-21,8,319.28,0.15,Pending,Bank Transfer
S0005782,C00586,P0104,ST020,2025-02-11,1,162.11,0.15,Completed,Bank Transfer
S0005767,C00376,P0127,ST008,2026-05-01,9,1484.07,0.2,Pending,Bank Transfer
S0001889,C00199,P0172,ST018,2025-08-25,3,1419.66,0.2,completed,Mobile Money
S0007791,C00709,P0028,ST008,2025-07-18,10,147.45,0.1,Pending,Cash
S0006767,C00019,P0190,ST005,2025-06-19,6,954.5,0.05,Pending,Bank Transfer
S0007341,C00326,P0165,ST005,2025-07-05,7,822.32,0.05,completed,Card
S0007353,C00551,P0010,ST008,2026-05-06,1,100.68,0.0,Returned,Bank Transfer
S0000532,C00460,P0099,ST019,2026-01-06,4,1391.16,0.1,Completed,Bank Transfer
S0008310,C00166,P0082,ST020,2026-07-05,9,1216.69,0.1,Cancelled,Mobile Money
S0007368,C00725,P0067,ST001,2026-06-14,9,922.44,0.0,completed,Mobile Money
S0001878,C00766,P0139,ST017,2026-04-17,2,1110.8,0.05,completed,Mobile Money
S0009410,C00698,P0186,ST020,2025-10-19,8,1350.41,0.15,Cancelled,Bank Transfer
S0009965,C00203,P0162,ST003,2026-01-06,2,309.27,0.15,Returned,Bank Transfer
S0008107,C00648,P0116,ST020,2025-10-22,2,34.91,0.15,Pending,Card
S0000275,C00561,P0162,ST011,2025-07-24,5,309.1,0.15,Pending,Card
S0000746,C00751,P0006,ST012,2025-03-03,4,1224.46,0.1,Pending,Cash
S0007685,C00047,P0008,ST011,2025-07-03,2,1261.37,0.1,Pending,Mobile Money
S0007409,C00519,P0199,ST012,2025-03-28,8,784.7,0.15,Completed,Card
S0008318,C00267,P0160,ST007,2025-02-09,8,337.39,0.15,Cancelled,Cash
S0000011,C00889,P0076,ST001,2026-02-15,4,714.14,0.1,Pending,Bank Transfer
S0005689,C00622,P0190,ST017,2026-03-24,6,952.71,0.05,Completed,Card
S0001951,C00885,P0187,ST001,2025-10-18,4,388.86,0.1,Pending,Bank Transfer
S0006317,C00755,P0145,ST020,2025-11-29,9,1493.68,0.1,Completed,Mobile Money
S0004049,C00626,P0116,ST011,2025-04-01,8,35.81,0.15,Completed,Bank Transfer
S0001222,C00846,P0143,ST013,2026-07-15,3,1166.41,0.15,completed,Card
S0005509,C00465,P0082,ST019,2025-01-12,3,1217.81,0.2,Cancelled,Mobile Money
S0001855,C00940,P0155,ST012,2025-07-25,4,1416.73,0.2,Cancelled,Mobile Money
S0002919,C00690,P0018,ST012,2025-02-18,10,875.1,0.1,completed,Mobile Money
S0002121,C00144,P0009,ST005,2025-09-13,10,153.21,0.0,Pending,Mobile Money
S0009284,C00142,P0023,ST019,2026-01-11,7,839.94,0.2,Completed,Card
S0001309,C00188,P0172,ST013,2025-12-22,4,1416.37,0.0,Completed,Cash
S0008160,C00212,P0143,ST017,2025-06-30,10,1165.99,0.1,Returned,Mobile Money
S0009607,C00031,P0094,ST018,2026-03-04,2,485.68,0.15,completed,Bank Transfer
S0007581,C00296,P0088,ST001,2025-09-23,6,697.65,0.0,Pending,Mobile Money
S0009813,C00916,P0183,ST010,2026-04-09,1,154.03,0.1,Pending,Card
S0002018,C00726,P0013,ST003,2026-03-19,5,98.92,0.0,Cancelled,Mobile Money
S0005473,C00210,P0195,ST019,2026-05-30,2,892.86,0.05,completed,Bank Transfer
S0001440,C00659,P0074,ST010,2025-06-27,8,1463.75,0.15,Returned,Card
S0000065,C00257,P0133,ST004,2025-09-18,1,942.2,0.05,Returned,Bank Transfer
S0005840,C00535,P0134,ST013,2025-12-01,1,1260.0,0.0,Returned,Bank Transfer
S0008749,C00658,P0097,ST018,2025-05-01,1,1378.44,0.0,Returned,Bank Transfer
S0005486,C00027,P0068,ST009,2026-07-24,1,99.3,0.15,Returned,Cash
S0008263,C00773,P0168,ST003,2025-10-08,7,744.75,0.0,Cancelled,Cash
S0008099,C00259,P0123,ST009,2026-06-26,7,810.78,0.2,completed,Card
S0004223,C00048,P0065,ST004,2026-02-23,4,592.64,0.1,Pending,Mobile Money
S0007571,C00535,P0097,ST008,2025-07-29,8,1376.79,0.05,completed,Card
S0006593,C00299,P0104,ST010,2025-11-18,8,162.18,0.1,completed,Cash
S0005974,C00891,P0173,ST015,2025-04-22,9,668.43,0.05,Cancelled,Mobile Money
S0001624,C00883,P0197,ST013,2025-05-08,3,111.41,0.0,Pending,Mobile Money
S0009040,C00957,P0196,ST016,2025-04-08,8,501.5,0.2,completed,Card
S0003532,C00080,P0072,ST007,2025-10-27,10,1115.03,0.0,Pending,Bank Transfer
S0000794,C00714,P0172,ST001,2026-01-28,-2,1418.02,0.05,Pending,Bank Transfer
S0004423,C00352,P0087,ST014,2026-06-10,1,778.92,0.0,Returned,Card
S0006200,C00160,P0049,ST020,2025-12-10,5,470.49,0.15,Pending,Cash
S0001541,C00111,P0049,ST010,2026-06-10,10,469.97,0.05,Completed,Cash
S0002979,C00195,P0140,ST010,2026-05-09,4,1313.52,0.0,Completed,Cash
S0009625,C00697,P0191,ST013,2025-07-21,7,1382.09,0.2,Pending,Card
S0004426,C00742,P0179,ST001,2026-05-11,3,628.27,0.15,Returned,Bank Transfer
S0003602,C00958,P0004,ST004,2025-01-25,2,1498.59,0.05,Returned,Card
S0003802,C00250,P0134,ST014,2025-11-01,9,1257.79,0.0,Completed,Mobile Money
S0002109,C00508,P0181,ST007,2025-10-04,5,68.83,0.1,Completed,Bank Transfer
S0006041,C00620,P0085,ST007,2025-02-20,4,986.19,0.0,Cancelled,Card
S0002655,C00597,P0126,ST004,2025-08-25,10,455.82,0.0,Cancelled,Card
S0002373,C00589,P0132,ST015,2026-05-24,4,1409.55,0.2,Completed,Mobile Money
S0002962,C00397,P0137,ST014,2025-06-02,8,151.09,0.0,Returned,Bank Transfer
S0002977,C00944,P0063,ST003,2026-03-03,1,1441.05,0.15,Cancelled,Cash
S0000769,C00502,P0103,ST002,2025-06-19,3,1300.0,0.15,Pending,Mobile Money
S0008521,C00582,P0007,ST004,2025-03-10,10,115.06,0.15,Completed,Bank Transfer
S0006152,C00761,P0077,ST013,2025-09-17,9,944.66,0.0,Completed,Cash
S0000525,C00570,P0018,ST014,2026-04-22,5,875.77,0.05,Returned,Cash
S0009729,C00852,P0186,ST012,2026-05-04,10,1350.73,0.05,completed,Mobile Money
S0005687,C00813,P0048,ST013,2025-08-17,3,645.44,0.0,Cancelled,Mobile Money
S0001014,C00697,P0034,ST018,2025-10-06,7,1182.71,0.2,Completed,Card
S0005478,C00378,P0096,ST014,2025-07-08,7,961.95,0.1,completed,Cash
S0007200,C00411,P0177,ST002,2025-10-22,7,14.81,0.0,completed,Card
S0002741,C00938,P0186,ST012,2025-12-27,8,1353.0,0.2,Pending,Mobile Money
S0007538,C00510,P0127,ST010,2025-08-23,7,1484.07,0.15,Completed,Mobile Money
S0003546,C00325,P0049,ST015,2026-03-04,10,467.91,0.05,Returned,Cash
S0006415,C00451,P0025,ST018,2025-06-11,8,332.72,0.2,Returned,Card
S0000014,C00439,P0129,ST019,2025-11-09,3,1201.44,0.15,completed,Card
S0006921,C00845,P0018,ST001,2025-08-31,9,874.51,0.1,completed,Bank Transfer
S0009936,C00643,P0152,ST016,2025-11-01,4,921.32,0.0,Cancelled,Mobile Money
S0003973,C00033,P0104,ST003,2025-07-01,8,163.82,0.15,Returned,Mobile Money
S0003772,C00932,P0149,ST005,2026-05-08,1,276.21,0.1,Returned,Bank Transfer
S0000692,C00003,P0043,ST004,2025-08-09,6,1030.02,0.2,Returned,Bank Transfer
S0007872,C00331,P0001,ST009,2025-04-06,6,1034.56,0.0,Returned,Cash
S0009923,C00865,P0060,ST008,2025-06-13,8,736.22,0.2,completed,Card
S0001987,C00438,P0193,ST017,2025-11-13,8,910.19,0.15,completed,Card
S0004501,C00274,P0131,ST014,2026-06-06,5,1294.36,0.0,Pending,Cash
S0008596,C00082,P0027,ST019,2026-04-16,7,1024.01,0.15,Returned,Cash
S0007084,C00004,P0075,ST019,2025-01-26,6,427.63,0.0,Returned,Bank Transfer
S0006518,C00471,P0106,ST009,2025-12-17,1,444.28,0.0,completed,Mobile Money
S0003133,C00401,P0009,ST014,2026-02-20,10,153.75,0.1,Pending,Mobile Money
S0000399,C00982,P0171,ST016,2026-05-21,7,601.01,0.2,Cancelled,Card
S0003588,C00501,P0089,ST018,2025-10-07,9,285.47,0.2,completed,Cash
S0003416,C00510,P0112,ST005,2025-07-15,4,122.21,0.2,Returned,Card
S0008784,C00114,P0074,ST005,2026-03-29,4,1464.32,0.05,Completed,Bank Transfer
S0007097,C00803,P0095,ST005,2026-06-07,3,59.89,0.15,Cancelled,Mobile Money
S0001024,C01000,P0198,ST008,2025-06-13,6,819.71,0.2,Pending,Bank Transfer
S0007366,C00502,P0168,ST016,2026-07-16,6,741.49,0.0,Cancelled,Cash
S0005988,C00093,P0047,ST017,2025-01-01,4,622.48,0.1,Pending,Cash
S0002836,C00789,P0198,ST003,2026-04-14,7,817.86,0.1,Returned,Cash
S0002143,C00336,P0050,ST017,2025-03-13,1,346.41,0.2,Pending,Bank Transfer
S0000481,C00485,P0157,ST014,2026-02-17,1,1293.89,0.15,Completed,Mobile Money
S0005356,C00604,P0038,ST007,2025-12-03,8,311.43,0.05,Cancelled,Mobile Money
S0001563,C00764,P0117,ST010,2025-01-18,7,299.29,0.05,Cancelled,Card
S0004133,C00712,P0110,ST010,2025-05-07,3,1366.1,0.15,Pending,Bank Transfer
S0006549,C00505,P0134,ST014,2026-02-01,1,1255.7,0.0,Returned,Bank Transfer
S0001128,C00065,P9999,ST019,2025-05-20,1,597.01,0.15,Pending,Bank Transfer
S0001349,C00353,P0110,ST008,2026-04-13,7,1364.02,0.2,Cancelled,Cash
S0003985,C00296,P0138,ST005,2025-03-24,10,1442.03,0.0,Completed,Bank Transfer
S0001179,C00298,P0109,ST011,2026-07-17,6,193.69,0.2,Cancelled,Card
S0001284,C00370,P0174,ST018,2026-06-07,5,191.22,0.2,Completed,Bank Transfer
S0008911,C00347,P0130,ST009,2025-12-22,3,458.72,0.0,Returned,Card
S0006953,C00977,P0143,ST003,2025-06-06,9,1165.97,0.0,completed,Mobile Money
S0001690,C00634,P0045,ST008,2026-07-29,6,1246.64,0.2,Completed,Cash
S0000276,C00506,P0036,ST011,2025-02-28,1,1282.97,0.05,Completed,Card
S0004973,C00914,P0056,ST004,2025-11-10,3,1184.84,0.15,Pending,Cash
S0001610,C00179,P0003,ST010,2026-04-25,3,627.12,0.2,Completed,Cash
S0000897,C00236,P0119,ST007,2026-04-09,6,412.23,0.05,Returned,Cash
S0004293,C00036,P0004,ST004,2026-01-03,1,1497.47,0.2,completed,Card
S0000295,C00687,P0011,ST008,2026-05-13,4,155.46,0.05,Cancelled,Bank Transfer
S0002722,C00371,P0085,ST019,2026-07-22,7,987.69,0.15,Cancelled,Mobile Money
S0002140,C00839,P0085,ST017,2025-07-08,1,986.01,0.15,Returned,Bank Transfer
S0001486,C00758,P0104,ST013,2025-11-06,5,165.61,0.0,Completed,Bank Transfer
S0007881,C00192,P0071,ST016,2026-02-26,9,1336.0,0.0,completed,Cash
S0002582,C00262,P0103,ST012,2025-09-27,2,1298.41,0.2,Completed,Bank Transfer
S0003749,C00279,P0135,ST006,2025-02-26,9,1293.09,0.05,Cancelled,Card
S0002926,C00503,P0190,ST017,2025-04-21,2,951.06,0.15,Pending,Bank Transfer
S0006054,C00885,P0150,ST001,2025-01-18,4,680.43,0.2,Pending,Mobile Money
S0007412,C00874,P0147,ST016,2025-10-27,10,1335.67,0.2,Cancelled,Bank Transfer
S0004081,C00486,P0165,ST007,2025-05-09,10,829.87,0.1,Completed,Cash
S0004289,C00387,P0104,ST008,2025-12-17,1,164.13,0.0,completed,Card
S0009726,C00439,P0125,ST003,2026-01-21,10,647.64,0.15,completed,Mobile Money
S0005797,C00637,P0181,ST007,2026-05-23,7,67.78,0.05,Returned,Bank Transfer
S0004882,C00450,P0190,ST001,2026-06-03,10,955.57,0.05,Cancelled,Bank Transfer
S0005204,C00863,P0197,ST006,2026-06-01,8,113.77,0.0,Cancelled,Bank Transfer
S0004538,C00960,P0149,ST002,2025-08-08,3,273.56,0.0,Returned,Mobile Money
S0007076,C00888,P0147,ST010,2025-07-10,1,1338.25,0.05,completed,Card
S0008351,C00466,P0075,ST008,2025-04-17,6,428.13,0.1,completed,Card
S0007056,C00680,P0117,ST014,2026-03-16,10,294.05,0.05,Returned,Mobile Money
S0000681,C00600,P0094,ST001,2025-04-24,8,487.42,0.0,Returned,Cash
S0003709,C00960,P0028,ST018,2025-10-27,10,148.14,0.1,completed,Bank Transfer
S0004263,C00266,P0159,ST009,2025-09-16,6,584.96,0.15,Completed,Bank Transfer
S0005873,C00748,P0136,ST002,2025-06-16,8,100.83,0.05,Pending,Card
S0002476,C00268,P0130,ST005,2025-10-29,8,460.0,0.05,Pending,Cash
S0004458,C00556,P0134,ST005,2025-02-21,3,1254.41,0.05,Completed,Bank Transfer
S0001286,C00380,P0127,ST001,2025-04-07,1,1485.7,0.0,Completed,Card
S0009413,C00248,P0067,ST017,2025-02-03,4,923.34,0.0,Pending,Card
S0001607,C00401,P0102,ST008,2025-12-28,5,767.04,0.1,Pending,Bank Transfer
S0000550,C00754,P0154,ST019,2025-09-05,7,22.76,0.05,Returned,Card
S0000843,C00096,P0134,ST001,2025-01-13,10,1254.1,0.15,Pending,Bank Transfer
S0008359,C00723,P0106,ST018,2025-02-01,10,444.79,0.0,Returned,Bank Transfer
S0003859,C00729,P0050,ST015,2026-06-02,6,340.81,0.2,completed,Card
S0002000,C00226,P0076,ST006,2026-02-04,7,711.06,0.1,Completed,Cash
S0009938,C00685,P0086,ST012,2025-06-23,3,357.72,0.1,Pending,Card
S0001691,C00550,P0171,ST005,2025-11-24,1,601.49,0.1,Completed,Card
S0006483,C00783,P0079,ST005,2026-05-30,9,1032.82,0.05,Cancelled,Bank Transfer
S0005617,C00256,P0033,ST015,2026-03-01,5,334.3,0.1,Cancelled,Bank Transfer
S0000355,C00954,P0055,ST005,2026-02-11,8,319.15,0.15,completed,Mobile Money
S0009456,C00712,P0172,ST005,2025-06-29,8,1416.68,0.0,completed,Card
S0005438,C00423,P0022,ST016,2025-02-16,10,648.45,0.15,Returned,Cash
S0008315,C00780,P0088,ST016,2025-06-06,1,693.96,0.1,Returned,Cash
S0007187,C00913,P0187,ST020,2025-11-12,1,390.58,0.15,Cancelled,Card
S0002496,C00088,P0152,ST004,2025-06-21,1,920.73,0.15,Pending,Cash
S0002111,C00635,P0187,ST019,2025-06-26,8,391.99,0.0,completed,Mobile Money
S0004520,C00143,P0062,ST014,2025-08-04,10,760.51,0.15,Returned,Bank Transfer
S0006408,C00430,P0092,ST011,2026-02-07,8,1114.18,0.1,Cancelled,Mobile Money
S0005517,C00094,P0036,ST013,2025-02-21,7,1281.53,0.0,Cancelled,Cash
S0009377,C00781,P0101,ST008,2025-07-04,10,1242.48,0.05,Pending,Bank Transfer
S0005858,C00729,P0032,ST017,2025-03-31,6,485.92,0.2,completed,Mobile Money
S0000287,C00750,P0100,ST005,2025-03-21,2,916.64,0.2,Completed,Mobile Money
S0004913,C00697,P0004,ST019,2026-01-26,7,1502.83,0.1,Returned,Card
S0007492,C00494,P0110,ST009,2025-10-01,5,1361.22,0.05,Returned,Cash
S0008809,C00154,P0085,ST011,2025-08-28,1,987.06,0.05,Returned,Cash
S0007447,C00325,P0111,ST006,2025-10-26,3,495.17,0.05,Pending,Card
S0004066,C00387,P0131,ST004,2026-03-24,10,1294.04,0.2,Returned,Card
S0008357,C00236,P0140,ST002,2025-11-06,9,1313.04,0.2,Cancelled,Bank Transfer
S0005535,C00465,P0110,ST010,2025-04-03,5,1364.31,0.05,completed,Bank Transfer
S0001740,C00157,P0106,ST006,2025-12-23,8,445.56,0.2,Pending,Bank Transfer
S0004138,C00561,P0020,ST017,2025-04-15,7,1324.84,0.05,Pending,Bank Transfer
S0001507,C00400,P0023,ST009,2025-06-27,3,837.48,0.2,Completed,Cash
S0007866,C00873,P0074,ST007,2025-03-29,7,1461.25,0.15,Pending,Card
S0009111,C00187,P0080,ST012,2025-07-25,3,866.98,0.05,completed,Mobile Money
S0002683,C00141,P0100,ST007,2026-04-30,4,913.25,0.1,Cancelled,Cash
S0004346,C00932,P0066,ST001,2025-02-15,2,155.88,0.2,completed,Card
S0003362,C00210,P0010,ST018,2025-01-24,9,102.58,0.1,Returned,Mobile Money
S0001039,C00110,P0172,ST010,2025-03-13,6,1419.63,0.0,Returned,Card
S0009272,C00596,P0097,ST003,2025-02-16,3,1378.99,0.0,completed,Card
S0007060,C00631,P0002,ST012,2025-05-07,6,289.12,0.0,completed,Mobile Money
S0002851,C00034,P0137,ST005,2025-06-01,5,152.36,0.1,Pending,Bank Transfer
S0009427,C00201, P0190 ,ST018,2025-10-20,3,949.38,0.15,completed,Card
S0004436,C00726,P0130,ST011,2025-12-28,2,461.95,0.0,Returned,Card
S0005363,C00102,P0013,ST001,2026-06-01,7,102.06,0.0,Returned,Mobile Money
S0007984,C00375,P0180,ST020,2025-02-03,4,691.57,0.15,completed,Mobile Money
S0001700,C00222,P0119,ST008,2025-05-15,7,419.08,0.1,Returned,Bank Transfer
S0005220,C00473,P0184,ST013,2026-03-23,1,103.7,0.1,Cancelled,Mobile Money
S0005111,C00883,P0187,ST010,2026-04-08,5,391.78,0.05,Cancelled,Card
S0002436,C00849,P0139,ST015,2026-05-12,6,1108.46,0.05,Cancelled,Mobile Money
S0009581,C00594,P0086,ST018,2026-02-19,4,355.37,0.2,Cancelled,Card
S0008064,C00520,P0074,ST001,2026-06-05,5,1463.14,0.05,completed,Cash
S0009889,C00186,P0187,ST013,2026-02-16,4,388.8,0.1,Completed,Mobile Money
S0003436,C00482,P0120,ST015,2026-05-20,0,545.67,0.15,Completed,Bank Transfer
S0005997,C00381,P0189,ST003,2025-01-12,5,643.91,0.05,Completed,Card
S0005956,C00112,P0172,ST002,2025-12-07,5,1417.66,0.05,Pending,Bank Transfer
S0001872,C00050,P0010,ST003,2026-05-19,7,99.1,0.2,Completed,Cash
S0001226,C00966,P0136,ST015,2025-08-10,4,100.76,0.1,Completed,Card
S0005392,C00834,P0143,ST001,2025-11-07,6,1164.12,0.1,Cancelled,Cash
S0000604,C00090,P0196,ST011,2025-03-08,5,500.53,0.2,Returned,Card
S0007094,C00823,P0074,ST007,2025-05-05,4,1464.29,0.05,Cancelled,Card
S0005415,C00075,P0047,ST008,2026-05-12,2,620.51,0.0,Pending,Mobile Money
S0007717,C00166,P0039,ST016,2025-12-25,3,1494.68,0.0,Returned,Card
S0001689,C00839,P0008,ST020,2025-04-13,2,1262.32,0.0,Completed,Cash
S0006055,C00151,P0187,ST015,2025-01-24,1,391.84,0.1,Completed,Mobile Money
S0001368,C00245,P0169,ST016,2025-06-19,3,1116.26,0.05,completed,Bank Transfer
S0005418,C00691,P0069,ST017,2026-04-06,4,1360.19,0.2,completed,Cash
S0001426,C00570,P0019,ST017,2025-06-05,6,713.2,0.1,completed,Mobile Money
S0001449,C00337,P0112,ST019,2025-10-17,8,124.99,0.05,completed,Bank Transfer
S0001714,C00111,P0174,ST012,2025-01-01,6,190.88,0.05,completed,Mobile Money
S0009995,C00378,P0187,ST001,2026-06-30,2,388.28,0.1,Completed,Mobile Money
S0001387,C00674,P0117,ST003,2026-07-10,5,295.67,0.05,Cancelled,Bank Transfer
S0001304,C00527,P0155,ST020,2025-03-10,2,1409.74,0.05,Cancelled,Bank Transfer
S0006586,C00774,P0029,ST013,2026-05-08,4,1225.56,0.15,Completed,Mobile Money
S0002130,C00492,P0170,ST010,2025-01-19,8,407.82,0.2,completed,Mobile Money
S0009483,C00194,P0106,ST006,2025-04-01,1,444.01,0.2,completed,Mobile Money
S0006338,C00510,P0149,ST008,2025-07-23,10,276.82,0.05,completed,Mobile Money
S0003061,C00504,P0167,ST008,2026-01-15,8,359.83,0.0,Returned,Bank Transfer
S0007046,C00172,P0071,ST013,2025-12-19,3,1335.29,0.2,Pending,Bank Transfer
S0005529,C00393,P0174,ST007,2025-11-17,7,192.32,0.05,Returned,Bank Transfer
S0002848,C00303,P0167,ST015,2025-09-02,5,359.0,0.05,Cancelled,Cash
S0006761,C00319,P0188,ST010,2026-06-01,7,801.08,0.15,Pending,Bank Transfer
S0003221,C00459,P0076,ST012,2026-06-12,8,712.56,0.1,Returned,Cash
S0005210,C00570,P0022,ST002,2025-10-17,3,647.27,0.15,Returned,Cash
S0000140,C00356,P0018,ST019,2025-10-30,1,873.56,0.05,Pending,Mobile Money
S0009093,C00003,P0158,ST009,2025-04-24,8,101.66,0.05,Cancelled,Bank Transfer
S0006366,C00847,P0086,ST004,2026-03-03,2,356.43,0.2,Returned,Cash
S0004381,C00636,P0010,ST018,2025-09-24,5,102.22,0.2,Completed,Card
S0005586,C00700,P0104,ST013,2026-06-01,4,164.41,0.05,Cancelled,Card
S0007861,C00701,P0108,ST012,2025-02-03,6,872.74,0.15,Completed,Cash
S0004668,C00277,P0104,ST010,2026-01-06,8,165.62,0.2,Cancelled,Bank Transfer
S0006933,C00178,P0007,ST018,2026-07-07,4,114.52,0.1,Cancelled,Bank Transfer
S0004266,C00253,P0146,ST003,2026-04-19,3,1384.93,0.05,Pending,Bank Transfer
S0007107,C00046,P0081,ST018,2025-01-01,1,199.93,0.2,Pending,Bank Transfer
S0009035,C00835,P0065,ST002,2025-03-17,8,589.84,0.15,Returned,Card
S0006015,C00881,P0034,ST010,2025-05-28,4,1184.34,0.15,Pending,Bank Transfer
S0006392,C00013,P0005,ST015,2025-01-05,3,308.69,0.0,completed,Cash
S0008771,C00649,P0155,ST014,2026-03-28,8,1414.47,0.15,Pending,Bank Transfer
S0008369,C00472,P0176,ST008,2025-06-08,2,338.78,0.0,Completed,Cash
S0004749,C00238,P0088,ST013,2025-02-09,2,694.04,0.05,Pending,Bank Transfer
S0006804,C00893,P0087,ST007,2025-03-22,2,783.47,0.1,completed,Card
S0002775,C00927,P0198,ST007,2025-06-19,5,815.95,0.0,Cancelled,Cash
S0000673,C00006,P0183,ST005,2025-11-17,3,152.94,0.0,Cancelled,Mobile Money
S0008747,C00474,P0090,ST018,2026-03-09,1,618.14,0.05,Completed,Mobile Money
S0002004,C00848,P0057,ST013,2026-03-01,9,205.62,0.15,completed,Cash
S0007870,C00986,P0023,ST008,2025-02-09,7,837.3,0.15,Pending,Mobile Money
S0002100,C00136,P0015,ST012,2026-06-02,1,1131.0,0.2,Returned,Mobile Money
S0008905,C00458,P0044,ST017,2026-01-17,9,919.54,0.15,completed,Cash
S0002375,C00307,P0117,ST002,2026-04-14,9,296.22,0.15,Cancelled,Card
S0009728,C00166,P0069,ST008,2025-02-03,10,1359.39,0.15,Cancelled,Cash
S0004727,C00553,P0016,ST010,2026-04-28,9,992.89,0.1,Cancelled,Cash
S0004494,C00478,P0113,ST011,2025-04-07,1,361.44,0.0,Cancelled,Bank Transfer
S0003131,C00097,P0108,ST020,2026-03-22,9,874.68,0.05,Returned,Card
S0006867,C00114,P0174,ST001,2025-06-16,10,191.25,0.15,Returned,Bank Transfer
S0004186,C00941,P0009,ST015,2025-01-12,8,148.94,0.0,completed,Cash
S0004691,C00776,P0118,ST011,2025-06-30,3,807.67,0.0,Pending,Mobile Money
S0001594,C00686,P0047,ST017,2025-05-11,9,616.96,0.15,Returned,Bank Transfer
S0008071,C00087,P0029,ST001,2025-06-26,8,1222.52,0.1,Pending,Bank Transfer
S0002541,C00378,P0135,ST005,2026-02-15,5,1298.29,0.2,Completed,Mobile Money
S0006959,C00586,P0192,ST009,2025-11-02,9,244.63,0.2,Completed,Bank Transfer
S0004542,C00224,P0103,ST005,2026-04-12,10,1296.49,0.05,Pending,Bank Transfer
S0000956,C00557,P0046,ST016,2025-11-07,2,920.92,0.2,Completed,Card
S0007240,C00985,P0102,ST011,2025-10-08,5,763.62,0.1,completed,Cash
S0001623,C00542,P0199,ST005,2026-03-24,8,783.86,0.0,Returned,Mobile Money
S0003001,C00991,P0195,ST008,2025-07-20,1,898.58,0.2,completed,Card
S0004759,C00338,P0067,ST020,2025-03-31,3,922.81,0.05,Completed,Cash
S0005994,,P0168,ST010,2026-07-24,7,745.99,0.0,Returned,Mobile Money
S0006889,C00497,P0167,ST011,2025-08-17,5,358.59,0.0,Returned,Mobile Money
S0009573,C00375,P0034,ST001,2025-05-20,6,1187.37,0.1,Returned,Mobile Money
S0008580,C00753,P0053,ST007,2025-10-27,3,1498.87,0.1,completed,Bank Transfer
S0002232,C00965,P0152,ST007,2025-08-21,9,920.15,0.05,Cancelled,Mobile Money
S0003991,C00258,P0194,ST009,2026-06-16,8,1313.64,0.15,completed,Card
S0001448,C00116,P0161,ST013,2026-06-03,5,101.89,0.1,Completed,Bank Transfer
S0005135,C00021,P0148,ST017,2025-03-17,8,558.78,0.0,Cancelled,Bank Transfer
S0000324,C00811,P0114,ST011,2025-03-15,1,550.19,0.05,completed,Bank Transfer
S0009776,C00440,P0071,ST012,2026-06-09,4,1334.07,0.0,Pending,Cash
S0004826,C00773,P0187,ST011,2025-08-08,8,391.37,0.05,Pending,Mobile Money
S0006452,C00137,P0046,ST004,2025-07-09,1,922.31,0.2,Completed,Card
S0007939,C00397,P0007,ST014,2026-06-14,4,116.39,0.0,Completed,Card
S0002923,C00792,P0092,ST007,2025-10-03,6,1113.61,0.05,Cancelled,Card
S0008152,C00643,P0078,ST014,2025-09-02,8,911.28,0.15,completed,Bank Transfer
S0004310,C00158,P0084,ST005,2025-10-02,5,230.87,0.1,Completed,Card
S0005502,C00949,P0104,ST008,2025-10-10,5,163.06,0.2,completed,Card
S0007819,C00612,P0175,ST015,2025-03-21,1,517.77,0.1,Pending,Card
S0006555,C00951,P0078,ST007,2025-09-28,2,913.21,0.0,Completed,Mobile Money
S0007338,C00550,P0149,ST007,2026-03-30,10,274.76,0.2,Pending,Bank Transfer
S0007664,C00612,P0012,ST017,2025-10-21,2,1082.73,0.15,Pending,Bank Transfer
S0002239,C00959,P0073,ST019,2026-03-25,2,565.25,0.2,Completed,Bank Transfer
S0004099,C00213,P0195,ST017,2025-01-23,2,894.35,0.05,Returned,Mobile Money
S0008569,C00545,P0053,ST006,2025-01-05,7,1498.3,0.2,Returned,Bank Transfer
S0006384,C00237,P0145,ST015,2025-09-19,7,1491.78,0.0,Cancelled,Mobile Money
S0005737,C00466,P0016,ST015,2026-02-19,5,991.69,0.2,Completed,Bank Transfer
S0000511,C00452,P0107,ST008,2026-07-28,5,404.2,0.0,Completed,Card
S0009730,C00406,P0063,ST011,2026-04-19,1,1441.72,0.0,completed,Bank Transfer
S0000216,C00838,P0153,ST007,2026-05-11,10,503.98,0.15,Returned,Cash
S0003188,C00165,P0115,ST004,2026-06-30,9,616.22,0.1,Cancelled,Bank Transfer
S0004108,C00037,P0172,ST018,2026-02-12,2,1418.89,0.05,Returned,Mobile Money
S0007093,C00478,P0060,ST019,2025-04-11,7,734.9,0.1,Returned,Card
S0000768,C00753,P0168,ST010,2026-03-26,10,750.03,0.05,Returned,Mobile Money
S0005030,C00303,P0099,ST013,2025-10-29,2,1387.57,0.05,Cancelled,Mobile Money
S0003136,C00216,P0076,ST014,2025-07-25,1,709.66,0.1,completed,Card
S0003050,C00369,P0007,ST006,2025-02-01,7,113.12,0.05,completed,Card
S0000865,C00646,P0101,ST013,2026-04-10,9,1239.28,0.2,Completed,Mobile Money
S0007485,C00198,P0199,ST002,2026-02-14,1,784.19,0.05,Completed,Card
S0007421,C00258,P0034,ST011,2025-04-26,5,1183.32,0.0,completed,Cash
S0009783,C00571,P0071,ST012,2025-10-23,5,1336.82,0.15,completed,Card
S0000264,C00114,P0047,ST004,2025-12-28,1,618.95,0.0,Pending,Cash
S0005156,C00786,P0164,ST011,2026-05-29,8,1255.58,0.15,Returned,Mobile Money
S0002266,C00717,P0069,ST013,2025-02-27,1,1360.66,0.2,Cancelled,Card
S0009566,C00364,P0137,ST002,2026-06-18,10,150.93,0.15,Pending,Cash
S0000795,C00366,P0150,ST017,2025-05-30,5,680.9,0.15,Returned,Cash
S0009076,C00938,P0175,ST019,2025-10-10,4,523.01,0.1,Completed,Mobile Money
S0005319,C00567,P0025,ST008,2026-01-13,4,327.23,0.15,Cancelled,Card
S0006989,C00964,P0008,ST002,2026-01-06,1,1261.63,0.0,Cancelled,Card
S0005428,C00567,P0037,ST010,2025-08-28,10,515.2,0.2,completed,Bank Transfer
S0009262,C00636,P0161,ST017,2025-10-20,8,96.33,0.2,Pending,Card
S0009343,C00275,P0076,ST015,2025-08-26,9,707.02,0.15,Returned,Bank Transfer
S0004569,C00864,P0076,ST006,2025-02-13,8,712.16,0.0,Completed,Card
S0003574,C00752,P0027,ST010,2025-01-28,2,1020.95,0.2,completed,Cash
S0000998,C00203,P0050,ST012,2025-10-30,7,344.51,0.1,Returned,Mobile Money
S0000125,C00862,P0141,ST013,2025-02-27,6,99.24,0.15,Completed,Card
S0008571,C00745,P0004,ST008,2025-05-19,7,1500.66,0.2,completed,Bank Transfer
S0009907,C00611,P0025,ST020,2026-01-26,4,331.07,0.1,completed,Card
S0005931,C00361,P0194,ST018,2026-01-16,5,1315.46,0.0,Returned,Cash
S0005904,C00918,P0130,ST012,2025-10-17,8,463.5,0.2,Cancelled,Card
S0007985,C00157,P0018,ST008,2025-10-30,10,875.33,0.0,Completed,Bank Transfer
S0000235,C00826,P0013,ST006,2026-01-15,6,99.76,0.05,Pending,Cash
S0006325,C00229,P0109,ST019,2025-01-09,8,189.25,0.0,Pending,Mobile Money
S0007959,C00786,P0063,ST007,2026-01-22,9,1440.13,0.0,Returned,Cash
S0005035,C00217,P0196,ST019,2026-07-07,3,504.42,0.15,completed,Cash
S0003610,C00521,P0092,ST011,2025-07-15,5,1114.85,0.1,Completed,Cash
S0004212,C00062,P0200,ST018,2025-10-18,2,594.24,0.1,Cancelled,Cash
S0008776,C00822,P0180,ST004,2025-05-10,2,691.43,0.1,Cancelled,Cash
S0003418,C00793,P0114,ST014,2026-04-10,4,550.71,0.1,Pending,Card
S0009232,C00011,P0056,ST007,2026-04-28,5,1184.77,0.15,Cancelled,Card
S0007517,C00111,P0152,ST009,2025-10-09,5,921.74,0.0,Cancelled,Card
S0009171,C00585,P0090,ST006,2025-06-18,5,614.65,0.15,completed,Cash
S0008060,C00435,P0109,ST010,2025-12-31,9,189.9,0.15,completed,Cash
S0005829,C00310,P0157,ST011,2026-04-13,7,1292.41,0.1,Completed,Bank Transfer
S0006440,C00194,P0185,ST017,2025-03-19,5,844.93,0.1,Returned,Cash
S0003026,C00187,P0054,ST014,2025-11-18,8,100.34,0.2,Cancelled,Card
S0006386,C00728,P0174,ST003,2025-06-18,5,191.43,0.05,Pending,Card
S0005098,C00517,P0073,ST019,2025-01-22,2,562.0,0.0,Cancelled,Mobile Money
S0000953,C00383,P0108,ST008,2025-12-21,8,873.21,0.05,Cancelled,Card
S0008634,C00611,P0100,ST015,2026-02-12,3,916.96,0.15,Pending,Cash
S0004475,C00606,P0192,ST001,2025-04-27,3,246.44,0.05,Returned,Mobile Money
S0008258,C00938,P0003,ST005,2025-10-01,7,626.42,0.1,completed,Card
S0006193,C00187,P0018,ST018,2025-09-07,7,872.78,0.2,Cancelled,Cash
S0008735,C00860,P0191,ST004,2025-09-30,10,1377.94,0.0,Cancelled,Cash
S0008621,C00599,P0199,ST018,2025-01-22,5,785.66,0.15,Pending,Cash
S0008463,C00548,P0056,ST008,2026-05-06,4,1184.43,0.15,completed,Mobile Money
S0006514,C00900,P0005,ST001,2025-12-30,8,305.7,0.0,Cancelled,Card
S0009104,C00281,P0137,ST009,2025-11-04,5,151.55,0.05,completed,Card
S0009609,C00669,P0054,ST020,2025-08-06,7,100.66,0.15,completed,Card
S0000758,C00458,P0163,ST010,2025-09-15,2,1401.02,0.15,completed,Cash
S0000102,C00800,P0182,ST007,2026-07-10,3,551.28,0.2,Pending,Mobile Money
S0003740,C00427,P0078,ST007,2026-04-28,7,913.5,0.15,Pending,Bank Transfer
S0001314,C00873,P0024,ST003,2025-03-19,1,0.0,0.1,Returned,Bank Transfer
S0004693,C00139,P0149,ST005,2025-07-02,1,275.59,0.0,Pending,Card
S0007190,C00684,P0176,ST013,2026-06-03,7,338.74,0.2,Cancelled,Bank Transfer
S0005827,C00784,P0181,ST003,2026-06-08,3,67.6,0.2,completed,Card
S0009818,C00996,P0022,ST012,2025-09-28,4,647.26,0.1,Cancelled,Cash
S0009517,C00126,P0031,ST017,2025-12-26,8,623.53,0.15,Pending,Cash
S0002939,C00684,P0002,ST010,2025-10-09,1,286.45,0.2,Completed,Card
S0003114,C00659,P0166,ST002,2025-05-21,10,1099.62,0.2,Pending,Mobile Money
S0000442,C00514,P0032,ST016,2025-11-28,8,490.04,0.05,Cancelled,Bank Transfer
S0002844,C00824,P0107,ST012,2025-10-02,9,402.07,0.05,Returned,Bank Transfer
S0007254,C00221,P0185,ST012,2026-07-26,7,842.98,0.05,Pending,Card
S0008733,C00271,P0154,ST010,2026-03-10,2,22.41,0.05,completed,Card
S0009230,C00333,P0049,ST003,2026-06-24,4,469.14,0.15,completed,Cash
S0009707,C00156,P0165,ST001,2026-01-04,10,828.86,0.15,Completed,Mobile Money
S0009834,C00442,P0068,ST010,2025-05-04,10,99.9,0.15,Returned,Bank Transfer
S0009422,C00320,P0019,ST019,2026-06-22,6,711.63,0.2,Completed,Card
S0003981,C00373,P0163,ST011,2025-03-05,10,1403.24,0.2,Cancelled,Cash
S0002593,C00547,P0046,ST008,2025-02-21,2,927.57,0.15,Cancelled,Cash
S0009778,C00578,P0104,ST014,2025-04-03,1,163.68,0.0,Completed,Card
S0006673,C00800,P0003,ST002,2025-12-22,10,624.33,0.15,Pending,Mobile Money
S0008591,C00598,P0058,ST003,2025-09-20,2,1325.31,0.05,Pending,Cash
S0006462,C00758,P0035,ST008,2025-02-01,7,300.34,0.05,Returned,Mobile Money
S0007797,C00102,P0085,ST004,2025-06-04,6,987.74,0.05,Completed,Cash
S0005923,C00970,P0126,ST019,2025-07-20,4,456.27,0.05,completed,Card
S0001884,C00640,P0189,ST013,2026-05-09,5,643.48,0.0,completed,Mobile Money
S0005051,C00905,P0164,ST019,2026-03-24,6,1251.4,0.0,Cancelled,Card
S0002779,C00755,P0008,ST009,2026-05-21,1,1265.96,0.1,Returned,Bank Transfer
S0009993,C00398,P0083,ST013,2026-02-03,2,1057.36,0.2,Cancelled,Mobile Money
S0000777,C00144,P0117,ST012,2026-02-14,9,293.56,0.2,Cancelled,Bank Transfer
S0009266,C00805,P0141,ST019,2025-01-14,5,98.54,0.0,Completed,Mobile Money
S0000380,C00358,P0040,ST011,2026-07-23,7,1285.74,0.2,Cancelled,Bank Transfer
S0000652,C00375,P0024,ST002,2025-05-03,5,610.17,0.15,Returned,Card
S0008854,C00782,P0080,ST015,2026-01-03,7,870.03,0.05,Pending,Card
S0007067,C00552,P0194,ST001,2025-07-10,4,1316.81,0.2,Cancelled,Cash
S0009651,C00036, P0186 ,ST010,2025-09-26,7,1352.65,0.15,completed,Mobile Money
S0009997,C00496,P0054,ST015,2026-03-14,3,99.9,0.1,Pending,Bank Transfer
S0002435,C00858,P0039,ST019,2025-05-22,1,1496.39,0.15,Cancelled,Mobile Money
S0006923,C00577,P0084,ST018,2025-08-07,3,227.58,0.0,Pending,Mobile Money
S0000126,C00777,P0108,ST006,2025-09-13,3,872.41,0.1,completed,Card
S0002188,C00879, P0094 ,ST011,2026-04-13,5,488.23,0.15,Returned,Cash
S0004011,C00103,P0157,ST008,2025-04-05,10,1296.39,0.05,Pending,Card
S0003107,C00691,P0088,ST019,2025-08-06,3,691.99,0.1,Returned,Card
S0009060,C00065,P0196,ST007,2025-09-03,3,502.37,0.1,Completed,Cash
S0003143,C00289,P0140,ST014,2026-02-13,3,1310.8,0.1,Completed,Bank Transfer
S0004028,C00473,P0096,ST018,2026-06-11,3,961.74,0.2,Returned,Mobile Money
S0009545,C00573,P0127,ST016,2025-03-02,5,1485.09,0.15,completed,Card
S0009900,C00022,P0036,ST002,2026-06-27,1,1283.13,0.0,Completed,Cash
S0004091,C00372,P0108,ST007,2025-06-11,5,873.89,0.1,Completed,Cash
S0004350,C00457,P0148,ST016,2025-07-28,10,554.15,0.05,Cancelled,Card
S0009072,C00206,P0173,ST013,2026-05-10,6,665.53,0.1,completed,Cash
S0001331,C00102,P0014,ST003,2026-05-29,1,244.87,0.15,Returned,Bank Transfer
S0003852,C00396,P0185,ST011,2026-04-04,2,840.0,0.1,completed,Mobile Money
S0007810,C00061,P0088,ST008,2025-07-23,7,698.02,0.1,completed,Bank Transfer
S0003522,C00371,P0146,ST008,2025-05-11,3,1390.48,0.1,Cancelled,Bank Transfer
S0009792,C00227,P0142,ST011,2026-02-10,4,1165.72,0.0,Returned,Cash
S0005756,C00937,P0160,ST009,2025-07-16,3,335.39,0.15,Cancelled,Bank Transfer
S0000832,C00765,P0114,ST010,2025-07-23,9,552.52,0.1,completed,Card
S0009896,C00999,P0046,ST020,2025-11-10,1,924.76,0.2,Pending,Bank Transfer
S0007736,C00519,P0005,ST015,2025-02-24,3,306.91,0.1,completed,Bank Transfer
S0005029,C00512,P0181,ST013,2025-11-11,2,67.34,0.15,Completed,Bank Transfer
S0008196,C00983,P0127,ST012,2025-02-23,10,1486.23,0.15,completed,Bank Transfer
S0002717,C00905,P0018,ST002,2026-07-08,7,872.4,0.05,Pending,Mobile Money
S0005602,C00948,P0073,ST001,2025-03-28,9,562.72,0.15,Cancelled,Card
S0007990,C00943,P0181,ST010,2025-10-24,1,69.62,0.2,Pending,Card
S0005892,C00249,P0147,ST011,2026-07-28,6,1336.15,0.0,Pending,Cash
S0009777,C00170,P0191,ST010,2026-07-12,5,1381.06,0.0,completed,Mobile Money
S0007026,C00652,P0169,ST018,2025-06-25,5,1119.35,0.05,Cancelled,Cash
S0005500,C00633,P0139,ST002,2025-05-16,7,1112.87,0.1,completed,Cash
S0003463,C00984,P0062,ST010,2026-07-07,7,757.77,0.0,Returned,Mobile Money
S0001369,C00522,P0030,ST014,2025-08-06,1,1371.18,0.15,Pending,Bank Transfer
S0002241,C00169,P0132,ST008,2026-04-05,7,1403.39,0.15,Cancelled,Bank Transfer
S0001137,C00286,P0018,ST018,2025-12-12,2,872.15,0.15,Pending,Bank Transfer
S0003012,C00537,P0169,ST007,2025-06-05,10,1120.67,0.2,Pending,Bank Transfer
S0000708,C00223,P0111,ST013,2025-08-16,3,497.65,0.2,Pending,Card
S0002250,C00468,P0097,ST015,2025-12-09,9,1374.59,0.2,Returned,Card
S0001288,C00894,P0003,ST015,2026-06-06,1,627.11,0.0,completed,Cash
S0002747,C00650,P0086,ST015,2025-04-10,3,354.34,0.05,Pending,Mobile Money
S0005034,C00500,P0017,ST015,2026-01-30,1,155.99,0.2,Completed,Card
S0001066,C00722,P0090,ST013,2025-03-03,5,619.13,0.2,Completed,Mobile Money
S0009817,C00640,P0131,ST017,2025-10-28,1,1292.62,0.15,Cancelled,Mobile Money
S0009068,C00314,P0189,ST011,2025-09-03,3,644.52,0.2,completed,Mobile Money
S0009182,C00576,P0200,ST005,2025-12-04,7,595.69,0.0,Returned,Bank Transfer
S0009097,C00174,P0035,ST003,2026-01-17,9,307.01,0.2,completed,Bank Transfer
S0008863,C00754,P0135,ST014,2026-03-03,3,1296.57,0.1,Pending,Cash
S0007944,C00775,P0083,ST005,2025-11-13,4,1057.24,0.1,Pending,Cash
S0004780,C00693,P0047,ST006,2026-07-21,1,612.83,0.05,completed,Mobile Money
S0007936, C00582 ,P0191,ST008,2025-04-02,3,1381.21,0.1,Pending,Cash
S0007574,C00843,P0187,ST010,2025-12-11,10,392.3,0.1,completed,Card
S0006553,C00240,P0009,ST008,2025-12-17,7,150.93,0.0,Pending,Bank Transfer
S0000581,C00067,P0008,ST017,2025-08-19,4,1265.63,0.1,Returned,Cash
S0009375,C00739,P0132,ST010,2025-02-02,8,1400.53,0.05,Cancelled,Cash
S0003458,C00386,P0097,ST010,2025-01-19,8,1378.31,0.05,Returned,Bank Transfer
S0008432,C00403,P0048,ST004,2025-02-20,3,645.68,0.15,Completed,Bank Transfer
S0009099,C00239,P0176,ST009,2025-01-21,8,339.27,0.05,completed,Mobile Money
S0000400,C00342,P0014,ST013,2025-04-26,6,248.79,0.1,Returned,Cash
S0002458,C00076,P0034,ST009,2026-02-22,1,1186.06,0.15,Returned,Bank Transfer
S0007706,C00536,P0099,ST014,2026-03-07,4,0.0,0.1,Cancelled,Card
S0000078,C00457,P0155,ST020,2025-04-30,9,1415.33,0.15,Pending,Cash
S0003751,C00698,P0137,ST013,2026-07-19,3,153.97,0.0,Returned,Bank Transfer
S0009692,C00842,P0066,ST012,2026-02-14,3,158.55,0.2,Returned,Cash
S0005843,C00306,P0120,ST019,2025-02-16,4,543.25,0.15,Cancelled,Card
S0007497,C00414,P0169,ST008,2025-04-05,2,1123.19,0.0,Returned,Card
S0006212,C00361,P0065,ST006,2026-04-08,4,592.31,0.15,Completed,Bank Transfer
S0009242,C00183,P0166,ST011,2026-06-20,5,1098.88,0.2,Returned,Card
S0001687,C00206,P0072,ST012,2025-01-05,5,1116.11,0.05,Cancelled,Mobile Money
S0008044,C00887,P0138,ST009,2025-04-03,3,1441.02,0.1,Pending,Bank Transfer
S0002331,C00481,P0028,ST014,2026-04-13,9,149.42,0.15,Pending,Card
S0006540,C00449,P0160,ST019,2025-03-14,9,335.39,0.15,Returned,Card
S0007070,C00036,P0045,ST018,2025-11-30,6,1247.22,0.0,Completed,Card
S0008626,C00114,P0192,ST009,2025-06-24,4,244.26,0.05,Cancelled,Cash
S0002613,C00779,P0173,ST001,2025-01-23,1,666.3,0.05,Pending,Bank Transfer
S0003930,C00522,P0018,ST011,2025-05-08,7,873.07,0.05,Completed,Mobile Money
S0000830,C00892,P0181,ST002,2025-03-30,3,70.83,0.2,Completed,Card
S0006107,C00282,P0019,ST001,2025-08-07,4,712.92,0.15,Cancelled,Bank Transfer
S0001081,C00207,P0196,ST012,2025-07-27,1,502.41,0.15,Pending,Card
S0008810,C00513,P0115,ST017,2025-02-03,7,612.03,0.0,completed,Card
S0009445,C00127,P0095,ST017,2025-12-18,9,57.81,0.15,Pending,Bank Transfer
S0003400,C00257,P0115,ST017,2025-07-21,4,614.57,0.05,Cancelled,Cash
S0001940,C00259,P0041,ST003,2025-05-14,7,539.93,0.05,Completed,Mobile Money
S0009311,C00205,P0174,ST019,2026-05-28,6,188.04,0.0,completed,Cash
S0008256,C00618,P0136,ST011,2026-04-19,4,99.72,0.15,completed,Mobile Money
S0008278,C00653,P0082,ST020,2025-02-02,1,1222.73,0.2,completed,Bank Transfer
S0007880,C00749,P0116,ST006,2025-03-29,2,31.35,0.1,Returned,Cash
S0002195,C00028,P0026,ST011,2025-04-27,10,1073.27,0.1,Completed,Cash
S0005582,C00087,P0016,ST017,2025-04-02,7,994.3,0.0,Completed,Card
S0005595,C00287,P0187,ST009,2026-06-13,7,389.46,0.2,Pending,Mobile Money
S0001528,C00786,P0118,ST009,2025-07-27,10,805.4,0.0,completed,Card
S0008855,C00619,P0083,ST020,2026-06-01,9,1055.35,0.2,Completed,Card
S0004767,C00305,P0117,ST009,2025-02-06,6,291.89,0.15,Pending,Bank Transfer
S0008981,C00549,P0040,ST018,2026-05-31,5,1288.02,0.0,Cancelled,Mobile Money
S0004092,C00535,P0124,ST013,2025-07-08,6,638.38,0.15,Returned,Mobile Money
S0006292,C00621,P0080,ST008,2026-01-10,4,871.09,0.0,Pending,Mobile Money
S0002941,C00985,P0040,ST007,2026-02-09,2,1287.46,0.05,Pending,Card
S0006585,C00472,P0030,ST004,2025-02-03,8,1373.73,0.05,Cancelled,Card
S0007381,C00497,P0184,ST008,2026-04-10,8,100.81,0.2,Completed,Cash
S0006242,C00584,P0166,ST019,2025-12-03,2,1097.19,0.15,Completed,Bank Transfer
S0004243,C00906,P0150,ST013,2025-02-20,2,678.9,0.15,Completed,Card
S0003305,C00213,P0192,ST002,2025-08-06,4,247.32,0.0,Cancelled,Mobile Money
S0001408,C00712,P0114,ST008,2025-08-02,8,553.0,0.2,Completed,Card
S0007256,C00865,P0157,ST002,2026-04-19,5,1294.95,0.15,completed,Bank Transfer
S0000076,C00623,P0008,ST017,2026-06-26,9,1261.74,0.05,Pending,Bank Transfer
S0000230,C00134,P0085,ST005,2025-03-19,9,987.41,0.05,Completed,Card
S0004404,C00360,P0034,ST010,2025-12-04,9,1185.59,0.2,Completed,Bank Transfer
S0000818,C00856,P0100,ST012,2025-04-16,8,914.74,0.15,Cancelled,Bank Transfer
S0007318,C00244,P0103,ST004,2025-05-12,1,1299.31,0.05,Returned,Cash
S0006701,C00244,P0139,ST005,2025-08-15,7,1110.01,0.05,Completed,Cash
S0000589,C00257,P0170,ST006,2025-05-19,3,410.07,0.0,Pending,Cash
S0000537,C00935,P0186,ST013,2026-06-28,7,1349.03,0.05,completed,Mobile Money
S0000948,C00540,P0171,ST019,2026-03-08,10,599.3,0.15,Pending,Mobile Money
S0005543,C00919,P0002,ST010,2026-06-23,3,290.04,0.1,Pending,Mobile Money
S0000117,,P0054,ST002,2025-06-03,7,100.09,0.15,Completed,Cash
S0006153,C00068,P0102,ST006,2026-04-28,1,762.83,0.0,Cancelled,Mobile Money
S0007863,C00594,P0019,ST014,2025-05-14,5,713.17,0.1,Completed,Bank Transfer
S0009969,C00255,P0007,ST018,2025-09-30,2,113.89,0.2,completed,Cash
S0009418,C00031,P0142,ST015,2025-05-11,6,1160.63,0.1,Pending,Mobile Money
S0002550,C00718,P0053,ST005,2025-11-03,4,1497.21,0.15,Cancelled,Mobile Money
S0008492,C00843,P0172,ST009,2025-05-13,7,1419.97,0.0,Completed,Bank Transfer
S0009244,C00495,P0095,ST005,2025-01-31,4,57.14,0.0,Cancelled,Card
S0002798,C00861,P0177,ST006,2025-11-19,6,16.56,0.15,completed,Cash
S0006436,C00687,P0187,ST020,2025-02-07,10,391.58,0.15,Pending,Mobile Money
S0000867,C00829,P0085,ST017,2025-05-16,8,988.64,0.15,completed,Mobile Money
S0000959,C00191,P0095,ST009,2025-03-15,3,56.35,0.0,Cancelled,Bank Transfer
S0000213,C00836,P0123,ST017,2026-03-15,7,812.55,0.05,Completed,Mobile Money
S0008344,C00845,P0057,ST019,2026-06-23,1,206.44,0.05,completed,Cash
S0006725,C00846,P0022,ST003,2025-05-25,10,649.1,0.15,completed,Cash
S0007825,C00133,P0105,ST012,2025-02-07,7,737.09,0.1,Returned,Mobile Money
S0007835,C00602,P0061,ST007,2025-10-31,9,237.81,0.1,Cancelled,Mobile Money
S0003899,C00735,P0150,ST018,2026-02-04,8,674.75,0.1,Cancelled,Bank Transfer
S0007697,C00545,P0111,ST016,2025-03-10,9,498.13,0.15,Returned,Bank Transfer
S0007498,C00789,P0100,ST011,2026-02-02,9,913.85,0.2,Pending,Mobile Money
S0002589,C00749,P0158,ST014,2025-05-04,4,96.68,0.2,completed,Card
S0008917,C00732,P0142,ST016,2025-05-17,7,1166.46,0.2,Completed,Bank Transfer
S0000159,C00345,P0185,ST005,2025-08-01,1,843.05,0.1,Cancelled,Cash
S0003514,C00402,P0167,ST006,2025-01-05,10,357.61,0.15,Completed,Cash
S0008277,C00683,P0037,ST010,2025-12-07,1,514.92,0.1,Returned,Card
S0001595,C00305,P0125,ST008,2025-10-09,1,648.62,0.1,Cancelled,Bank Transfer
S0003795,C00963,P0185,ST017,2025-05-11,8,848.08,0.1,Returned,Cash
S0007637, C00988 ,P0081,ST006,2025-10-08,4,206.69,0.1,Returned,Cash
S0006647,C00424,P0103,ST014,2025-06-09,4,1295.21,0.1,completed,Cash
S0007882,C00407,P0164,ST019,2025-11-01,1,1250.71,0.0,completed,Mobile Money
S0005314,C00650,P0014,ST001,2026-03-19,7,244.83,0.2,Completed,Bank Transfer
S0009647,C00999,P0085,ST007,2025-03-11,10,986.65,0.1,Cancelled,Bank Transfer
S0007615,C00791,P0189,ST005,2025-03-13,5,645.7,0.0,Completed,Bank Transfer
S0005977,C00548,P0088,ST002,2025-05-26,1,695.22,0.05,Pending,Mobile Money
S0006318,C00650,P0118,ST009,2025-12-19,4,807.55,0.1,Returned,Mobile Money
S0009126,,P0082,ST017,2026-03-10,1,1219.5,0.05,Pending,Cash
S0004894,C00047,P0194,ST002,2026-01-29,1,1316.53,0.15,Cancelled,Cash
S0002515,C00168,P0197,ST011,2025-01-07,10,115.27,0.05,Completed,Card
S0002336,C00331,P0170,ST010,2025-12-25,9,408.53,0.2,Completed,Cash
S0004030,C00678,P0151,ST017,2025-06-24,6,34.16,0.0,Returned,Mobile Money
S0002479,C00714,P0189,ST007,2025-03-24,6,642.85,0.2,Completed,Cash
S0000180,C00060,P0052,ST013,2025-05-02,7,1035.79,0.2,Returned,Mobile Money
S0000489,C00111,P0162,ST005,2025-08-18,1,302.83,0.15,Completed,Mobile Money
S0001830,C00306,P0132,ST001,2025-04-18,1,1403.65,0.05,Completed,Bank Transfer
S0001228,C00712,P0041,ST009,2026-06-24,9,536.55,0.0,Cancelled,Cash
S0008217,C00127,P0159,ST007,2026-02-26,9,585.4,0.0,Returned,Cash
S0006513,C00235,P0112,ST007,2025-06-21,10,118.7,0.2,Completed,Cash
S0008523,C00214,P0022,ST013,2026-07-26,9,645.64,0.1,Pending,Cash
S0006368,C00657,P0126,ST011,2025-12-18,3,457.95,0.2,Completed,Mobile Money
S0001298,C00159,P0184,ST019,2025-01-10,7,107.01,0.2,completed,Cash
S0000323,C00749,P0179,ST019,2026-01-18,7,630.23,0.1,completed,Bank Transfer
S0003360,C00144,P0114,ST004,2025-07-07,8,554.77,0.15,Pending,Mobile Money
S0008326,C00465,P0183,ST001,2025-03-13,2,154.77,0.1,Returned,Mobile Money
S0001135,C00416,P0161,ST019,2025-04-02,4,103.7,0.05,completed,Mobile Money
S0003169,C00550,P0135,ST008,2025-12-01,6,1298.61,0.0,Returned,Card
S0000028,C00474,P0009,ST008,2025-10-10,9,152.4,0.15,completed,Mobile Money
S0006538,C00070,P0165,ST011,2025-06-24,5,830.77,0.05,Cancelled,Card
S0001704,C00748,P0075,ST019,2025-07-18,9,429.59,0.05,completed,Bank Transfer
S0001363,C00179,P0079,ST019,2026-06-08,6,1032.46,0.05,Completed,Card
S0008765,C00198,P0030,ST019,2025-07-06,6,1371.47,0.2,Cancelled,Bank Transfer
S0008334,C00685,P0041,ST003,2026-01-25,4,534.72,0.1,Pending,Bank Transfer
S0003431,C00490,P0107,ST010,2025-11-03,3,400.18,0.1,Completed,Card
S0002450,C00230,P0007,ST003,2025-09-19,1,111.68,0.15,Returned,Mobile Money
S0002398,C00488,P0137,ST004,2025-10-09,4,150.68,0.2,Completed,Card
S0000980,C00556,P0072,ST019,2026-05-17,4,1111.52,0.05,Pending,Cash
S0004062,C00072,P0008,ST018,2025-03-24,8,1257.01,0.2,completed,Bank Transfer
S0009554,C99999,P0038,ST006,2025-09-24,6,307.22,0.15,Returned,Cash
S0003624,C00080,P0195,ST013,2025-10-14,7,899.11,0.0,Cancelled,Bank Transfer
S0000021,C00977,P0054,ST019,2025-11-15,6,99.04,0.15,Cancelled,Mobile Money
S0002797,C00827,P0161,ST014,2025-06-18,4,100.75,0.15,Pending,Mobile Money
S0001961,C00220,P0004,ST020,2026-06-04,3,1498.63,0.05,completed,Mobile Money
S0004004,C00657,P0014,ST018,2026-03-17,3,248.67,0.1,Completed,Mobile Money
S0009135,C00725,P0025,ST014,2025-06-15,7,330.52,0.0,Completed,Cash
S0009576,C00330,P0046,ST018,2025-05-01,4,924.15,0.1,Completed,Card
S0003187,C00840,P0097,ST005,2025-10-15,3,1378.65,0.15,Completed,Cash
S0004384,C00865,P0054,ST014,2025-09-15,1,99.62,0.1,Returned,Bank Transfer
S0001203,C00118,P0097,ST005,2025-04-27,5,1379.58,0.0,Completed,Bank Transfer
S0003387,C00208,P0174,ST014,2025-05-17,3,192.31,0.1,Completed,Cash
S0009469,C00812,P0115,ST011,2026-03-29,-2,614.65,0.05,Returned,Mobile Money
S0002356,C00571,P0117,ST017,2025-05-12,4,295.36,0.05,Cancelled,Card
S0007361,C00497,P0125,ST008,2025-12-14,7,645.08,0.0,Returned,Card
S0001631,C00884,P0099,ST019,2025-11-23,2,1391.02,0.0,Cancelled,Card
S0004362,C00221,P0002,ST010,2026-03-17,8,287.03,0.05,Cancelled,Card
S0004679,C01000,P0039,ST005,2025-07-28,8,1496.71,0.05,Completed,Card
S0005853,C00646,P0049,ST020,2026-06-07,8,468.17,0.05,Returned,Card
S0001459,C00067,P0149,ST005,2026-05-10,3,271.96,0.1,Returned,Bank Transfer
S0000298,C00067,P0083,ST017,2025-10-08,8,1057.23,0.05,Completed,Bank Transfer
S0001312,C00765,P0107,ST001,2025-05-14,10,400.9,0.15,Cancelled,Mobile Money
S0001658,C00964,P0123,ST013,2025-06-19,6,815.64,0.15,completed,Card
S0003696,C00646,P0056,ST004,2025-05-05,10,1185.41,0.05,Completed,Mobile Money
S0004661,C00618,P0046,ST001,2025-05-19,8,924.68,0.2,Cancelled,Mobile Money
S0005118,C00083,P0063,ST013,2026-03-09,2,1439.52,0.15,Returned,Cash
S0003203,C00688,P0034,ST016,2026-03-30,2,1186.06,0.1,Cancelled,Card
S0002142,C00544,P0054,ST018,2025-12-06,1,94.07,0.15,Cancelled,Card
S0006577,C00159,P0076,ST007,2025-07-18,8,711.6,0.2,completed,Cash
S0008549,C00465,P0150,ST017,2025-11-02,8,676.48,0.1,Pending,Card
S0005380, C00853 ,P0092,ST006,2025-11-03,10,1115.25,0.2,completed,Cash
S0008717,C00717,P0011,ST003,2025-01-04,10,155.48,0.2,Returned,Card
S0007427,C00202,P0057,ST015,2025-08-18,6,203.58,0.2,Returned,Card
S0003488,C00415,P0064,ST017,2026-07-31,7,1303.31,0.15,completed,Cash
S0006895,C00648,P0050,ST019,2025-05-11,5,342.91,0.1,Completed,Mobile Money
S0004141,C00480,P0137,ST001,2025-07-31,10,150.38,0.1,Pending,Mobile Money
S0002581,C00366,P0068,ST006,2026-05-31,9,99.6,0.0,Returned,Card
S0004974,C00240,P0190,ST001,2025-05-11,8,951.93,0.15,Pending,Mobile Money
S0006611,C00264,P0036,ST004,2026-06-16,5,1285.0,0.0,completed,Cash
S0006122,C00504,P0017,ST007,2025-01-08,4,151.57,0.1,Returned,Bank Transfer
S0009153,C00963,P0025,ST013,2025-07-19,5,328.98,0.15,Cancelled,Cash
S0007627,C00621,P0144,ST004,2026-07-17,5,1114.78,0.15,Cancelled,Bank Transfer
S0003004,C00273,P0139,ST012,2025-09-13,5,1110.12,0.0,Completed,Bank Transfer
S0002929,C00065,P0130,ST008,2025-09-12,8,457.03,0.0,Completed,Mobile Money
S0001782,C00313,P0059,ST020,2026-06-26,3,411.12,0.2,Returned,Mobile Money
S0005458,C00684,P0140,ST010,2025-04-24,1,1312.1,0.1,Pending,Card
S0006078,C00393,P0005,ST018,2025-06-26,8,304.11,0.15,Pending,Mobile Money
S0008592,C00945,P0195,ST019,2025-09-23,2,895.8,0.1,Returned,Card
S0003424,C00876,P0052,ST003,2025-09-28,6,1037.37,0.0,Cancelled,Card
S0007964,C00829,P0120,ST013,2025-06-18,9,544.08,0.15,Pending,Mobile Money
S0001759,C00239,P0042,ST019,2025-07-06,4,357.72,0.15,Completed,Card
S0002536,C00383,P0032,ST010,2025-06-23,10,485.9,0.1,Returned,Card
S0000381,C00910,P0124,ST006,2026-02-09,4,638.85,0.15,Pending,Mobile Money
S0001285,C00257,P0113,ST019,2025-04-18,6,360.29,0.2,completed,Mobile Money
S0000459,C00535,P0011,ST016,2025-07-03,5,154.88,0.15,Returned,Cash
S0008245,C00623,P0130,ST007,2025-11-26,4,461.01,0.0,Cancelled,Mobile Money
S0002157,C00346,P0130,ST006,2026-06-03,10,456.9,0.0,Returned,Mobile Money
S0004536,C00697,P0194,ST009,2025-10-31,9,1316.34,0.05,completed,Bank Transfer
S0002736,C00274,P0126,ST006,2025-02-28,8,455.35,0.15,completed,Mobile Money
S0005778,C00784,P0155,ST002,2025-10-22,5,1410.64,0.0,Pending,Bank Transfer
S0001488,C00909,P0071,ST002,2025-01-04,4,1337.17,0.1,Cancelled,Card
S0002102,C00308,P0190,ST016,2025-01-22,9,950.98,0.15,Pending,Bank Transfer
S0003562,C00999,P0037,ST002,2025-07-02,8,510.47,0.1,completed,Card
S0008761,C00002,P0012,ST002,2025-03-14,8,1078.98,0.2,Cancelled,Cash
S0002271,C00484,P0022,ST002,2025-07-31,6,645.59,0.05,Pending,Card
S0004117,C00051,P0005,ST011,2026-01-20,8,302.33,0.1,Completed,Card
S0005361,C00012,P0072,ST019,2026-01-04,2,1116.95,0.1,Pending,Card
S0006567,C00778,P0180,ST011,2026-05-23,3,689.72,0.1,Returned,Cash
S0007947,C00520,P0095,ST004,2025-10-24,5,59.18,0.0,Pending,Bank Transfer
S0002636,C00141,P0022,ST007,2026-03-04,7,652.17,0.0,Completed,Cash
S0009530,C00405,P0021,ST015,2025-08-08,2,1306.2,0.1,Cancelled,Bank Transfer
S0008642,C00314,P0071,ST006,2025-11-04,1,1340.1,0.05,Cancelled,Bank Transfer
S0000440,C00633,P0041,ST018,2025-10-24,1,536.84,0.1,Returned,Card
S0006987,C00948,P0015,ST016,2025-03-16,3,1129.96,0.1,Cancelled,Card
S0005350,C00851,P0110,ST005,2026-05-25,4,1363.19,0.0,Completed,Cash
S0008128,C00137,P0116,ST020,2025-06-10,10,31.35,0.05,Completed,Card
S0006988,C00968,P0135,ST006,2025-09-09,7,1295.61,0.2,Cancelled,Bank Transfer
S0007148,C00249,P0033,ST014,2025-12-21,3,331.82,0.2,Completed,Bank Transfer
S0007979,C00489,P0118,ST012,2025-06-25,10,805.43,0.0,Pending,Mobile Money
S0005297,C00936,P0080,ST002,2025-03-24,7,869.33,0.2,completed,Cash
S0007556,C00304,P0059,ST003,2025-05-17,5,415.42,0.1,Returned,Cash
S0003499,C00556,P0119,ST019,2025-08-20,6,412.85,0.15,Returned,Card
S0001518,C00524,P0084,ST005,2025-06-01,4,226.77,0.05,Completed,Card
S0007152,C00237,P0074,ST019,2025-08-20,6,1463.1,0.0,Completed,Card
S0009956,C00223,P0198,ST017,2025-11-19,4,816.66,0.05,Returned,Cash
S0001107,C00918,P0084,ST016,2025-04-11,3,231.24,0.2,completed,Bank Transfer
S0000411,C00798,P0092,ST013,2026-01-11,9,1115.66,0.1,Returned,Card
S0006319,C00214,P0110,ST002,2026-03-29,10,1366.89,0.0,completed,Mobile Money
S0009541,C00797,P0159,ST016,2026-02-13,3,583.28,0.15,Cancelled,Cash
S0004126,C00243,P0121,ST016,2026-05-13,1,1017.56,0.15,Completed,Mobile Money
S0002993,C00554,P0168,ST004,2026-05-14,3,744.69,0.2,Returned,Cash
S0009482,C00561,P0121,ST006,2026-01-22,1,1016.06,0.15,Cancelled,Card
S0002995,C00873,P0091,ST015,2025-07-27,2,456.83,0.15,Cancelled,Card
S0001049,C00679,P0076,ST005,2025-11-07,2,709.79,0.2,Returned,Card
S0007965,C00983,P0061,ST004,2025-01-11,2,234.95,0.2,Cancelled,Mobile Money
S0005134,C00982,P0117,ST004,2025-08-10,5,297.16,0.15,Cancelled,Card
S0007489,C00017,P0041,ST001,2026-05-18,6,538.72,0.0,Cancelled,Mobile Money
S0003838,C00805,P0018,ST018,2025-03-25,10,873.18,0.2,completed,Cash
S0004618,C00755,P0024,ST009,2026-07-26,1,607.79,0.1,completed,Cash
S0006530,C00868,P0073,ST019,2026-01-05,8,559.87,0.15,Pending,Card
S0004735,C00430,P0120,ST015,2025-02-03,1,544.2,0.0,completed,Cash
S0000058,C00276,P0063,ST002,2025-10-10,10,1438.8,0.2,Pending,Bank Transfer
S0009012,C00574,P0194,ST005,2025-12-10,4,1313.76,0.15,completed,Mobile Money
S0007795,C00078,P0054,ST016,2026-04-01,2,99.7,0.05,Returned,Cash
S0001558,C00174,P0172,ST001,2026-06-06,8,1419.09,0.2,Cancelled,Bank Transfer
S0004945,C00531,P0097,ST009,2026-04-13,-2,1376.1,0.2,completed,Card
S0009766,C00697,P0196,ST006,2025-10-29,3,498.53,0.05,Pending,Cash
S0007967,C00959,P0073,ST015,2026-04-29,2,564.09,0.2,Returned,Mobile Money
S0005144,C00383,P0145,ST007,2025-09-21,5,1494.65,0.1,Returned,Cash
S0009416,C00493,P0103,ST011,2025-08-30,1,1296.75,0.15,Completed,Mobile Money
S0004060,C00134,P0035,ST014,2026-04-27,6,305.31,0.15,Pending,Card
S0008292,C00722,P0053,ST017,2025-05-08,10,1494.3,0.2,Pending,Cash
S0008302,C00129,P0191,ST020,2025-05-18,2,1378.39,0.2,Cancelled,Mobile Money
S0005004,C00993,P0175,ST013,2026-07-07,7,520.22,0.1,Completed,Mobile Money
S0000374,C00287,P0187,ST002,2026-01-02,8,390.32,0.1,Completed,Bank Transfer
S0006949,C00620,P0144,ST013,2026-04-07,2,1118.11,0.0,Returned,Bank Transfer
S0004746,C00523,P0084,ST017,2025-07-13,1,226.39,0.2,Pending,Card
S0004680,C00908,P0034,ST008,2026-07-03,5,1184.5,0.0,Pending,Card
S0002658,C00301,P0109, ST010 ,2025-08-09,7,189.75,0.0,Completed,Cash
S0008946,C00087,P0061,ST015,2025-01-27,6,236.35,0.1,Pending,Bank Transfer
S0008965,C00973,P0009, ST020 ,2025-11-11,1,150.76,0.05,Returned,Bank Transfer
S0001989,C00334,P0086,ST012,2026-01-08,8,356.13,0.2,completed,Cash
S0004541,C00871,P0044,ST008,2025-10-17,9,917.69,0.0,Cancelled,Mobile Money
S0004134,C00603,P0199,ST014,2025-01-24,9,784.55,0.2,Completed,Cash
S0009466,C00904,P0164,ST012,2025-06-21,6,1253.14,0.1,completed,Mobile Money
S0007758,C00139,P0061,ST008,2026-03-06,8,235.3,0.1,completed,Cash
S0007202,C00264,P0114,ST018,2025-08-03,7,554.61,0.05,Returned,Cash
S0002218,C00449,P0143,ST020,2025-07-15,7,1161.81,0.15,Pending,Bank Transfer
S0003911,C00963,P0057,ST019,2025-03-03,5,206.13,0.15,Cancelled,Cash
S0006816,C00293,P0115,ST004,2026-03-12,6,614.69,,Pending,Bank Transfer
S0005575,C00982,P0152,ST019,2025-09-04,2,922.73,0.2,Completed,Mobile Money
S0002674,C00261,P0069,ST013,2026-06-07,2,1360.24,0.2,Cancelled,Bank Transfer
S0004065,C00868,P0099,ST013,2025-02-03,8,1389.17,0.2,completed,Mobile Money
S0006053,C00352,P0027,ST001,2026-06-26,5,1020.94,0.2,completed,Mobile Money
S0004874,C00471,P0176,ST019,2025-04-03,6,339.54,0.2,Returned,Card
S0007464,C00591,P0027,ST002,2025-10-16,3,1023.7,0.2,Completed,Cash
S0004884,C00791,P0083,ST013,2025-03-17,7,1054.62,0.1,Returned,Card
S0007833,C00510,P0119,ST016,2026-07-23,10,416.8,0.05,completed,Cash
S0001555,C00620,P0182,ST018,2026-03-12,10,551.01,0.1,Returned,Mobile Money
S0005231,C00992,P0061,ST019,2025-02-13,3,235.07,0.15,Returned,Bank Transfer
S0006861,C00483,P0164,ST015,2025-06-15,2,1251.5,0.0,Returned,Card
S0008605,C00934,P0103,ST002,2025-03-31,1,1298.1,0.15,completed,Card
S0000734,C00748,P0042,ST004,2025-11-02,10,355.55,0.05,completed,Mobile Money
S0007431,C00624,P0004,ST013,2025-08-25,5,1494.33,0.05,Pending,Cash
S0005520,C00602,P0108,ST010,2025-01-24,6,870.32,0.05,completed,Card
S0006502,C00945,P0025,ST018,2025-07-19,6,329.65,0.1,Pending,Card
S0004128,C00662,P0144,ST008,2026-06-04,3,1120.22,0.0,Completed,Card
S0005597,C00307,P0102,ST004,2025-12-01,9,766.13,0.05,Completed,Card
S0009837,C00209,P0116,ST001,2026-01-21,5,33.74,0.1,Cancelled,Mobile Money
S0009620,C00679,P0006,ST020,2025-07-02,2,1224.31,0.15,completed,Card
S0005647,C00851,P0198,ST010,2025-09-07,3,816.19,0.15,Returned,Cash
S0009495,C00085,P0145,ST004,2025-04-06,7,1493.92,0.15,Returned,Cash
S0001214,C00735,P0156,ST011,2026-06-22,1,639.21,0.0,Completed,Bank Transfer
S0002610,C00875,P0108,ST001,2025-08-02,8,875.34,0.0,Cancelled,Mobile Money
S0005944,C00977,P0172,ST004,2025-01-22,1,1418.5,0.2,completed,Cash
S0002301,C00105,P0140,ST016,2026-04-16,9,1313.18,0.2,Cancelled,Bank Transfer
S0002289,C00315,P0153,ST006,2026-04-20,7,503.2,0.0,Pending,Mobile Money
S0002649,C00428,P0158,ST012,2026-07-24,2,99.32,0.2,Completed,Bank Transfer
S0003946,C00524,P0165,ST008,2025-06-24,3,830.49,0.1,Pending,Cash
S0000951,C00518,P0096,ST013,2025-10-26,3,962.56,0.0,Returned,Mobile Money
S0000362,C00741,P0095,ST020,2026-03-04,4,54.99,0.05,Completed,Card
S0005323,C00918,P0073,ST018,2026-03-13,10,564.67,0.1,Pending,Bank Transfer
S0003944,C00266,P0104,ST002,2026-03-05,10,157.81,0.0,Returned,Mobile Money
S0008321,C00446,P0133,ST005,2025-09-08,4,942.49,0.0,Returned,Mobile Money
S0009912,C00061,P0042,ST005,2025-07-01,6,353.36,0.1,completed,Cash
S0004929,C00149,P0055,ST005,2026-01-15,10,319.06,0.2,Cancelled,Card
S0009597,C00208,P0033,ST013,2025-02-08,10,333.68,0.1,completed,Card
S0005127,C00529,P0002,ST002,2025-04-08,10,288.98,0.1,Cancelled,Mobile Money
S0007033,C00286,P0073,ST006,2026-03-18,3,562.82,0.05,completed,Mobile Money
S0001646,C00108,P0118,ST008,2026-12-03,5,806.48,0.1,Completed,Mobile Money
S0004984,C00572,P0047,ST017,2025-02-22,6,620.17,0.0,Cancelled,Card
S0009308,C00934,P0054,ST020,2026-02-28,1,98.34,0.05,Returned,Bank Transfer
S0007035,C00880,P0061,ST006,2025-06-12,1,236.58,0.2,Pending,Bank Transfer
S0001033,C00534,P0025,ST010,2025-07-16,6,330.09,0.05,Pending,Cash
S0008498,C00360,P0044,ST007,2026-05-04,8,916.72,0.15,completed,Mobile Money
S0003074,C00807,P0071,ST003,2025-08-19,5,1338.15,0.0,completed,Cash
S0005495,C00268,P0189,ST009,2026-07-05,4,648.63,0.0,completed,Bank Transfer
S0005179,C00590,P0115,ST019,2025-03-15,10,617.24,0.2,Completed,Mobile Money
S0003807,C00805,P0065,ST007,2025-03-30,3,592.48,0.2,Pending,Cash
S0003268,C00769,P0077,ST006,2025-11-05,1,944.7,0.1,Returned,Mobile Money
S0005292,C00905,P0073,ST010,2025-06-14,6,566.36,0.2,Completed,Bank Transfer
S0002233,C00954,P0098,ST005,2026-05-16,6,809.42,0.0,Completed,Mobile Money
S0002899,C00278,P0174,ST020,2026-06-09,7,190.33,0.15,Cancelled,Bank Transfer
S0000263,C00158,P0150,ST016,2025-10-26,10,672.96,0.05,completed,Cash
S0005665,C00643,P0076,ST002,2025-03-18,5,708.39,0.0,Pending,Mobile Money
S0001294,C00789,P0032, ST006 ,2026-04-06,7,486.97,0.15,completed,Bank Transfer
S0006263,C00937,P0092,ST019,2025-05-10,5,1109.53,0.2,Completed,Cash
S0005863,C00811,P0090,ST012,2025-02-18,6,615.62,0.0,Completed,Bank Transfer
S0009247,C00849,P0151,ST015,2025-04-17,9,36.71,0.05,Returned,Card
S0001199,C00352,P0168,ST013,2025-07-17,6,746.4,0.1,completed,Mobile Money
S0005693,C00777,P0137,ST005,2025-01-20,9,152.13,0.1,Cancelled,Bank Transfer
S0002426,C00820,P0062,ST007,2025-07-28,7,758.3,0.2,completed,Bank Transfer
S0006031,C00833,P0103,ST006,2026-06-25,9,1299.08,0.05,Cancelled,Bank Transfer
S0009113,C00068,P0095,ST010,2026-07-06,8,55.59,0.1,Returned,Bank Transfer
S0007572,C00887,P0181,ST017,2026-04-18,10,68.18,0.1,Returned,Card
S0002933,C00187,P0119,ST015,2025-04-14,4,415.56,0.15,Cancelled,Mobile Money
S0007106,C00261,P0091,ST006,2025-05-10,8,457.05,0.0,Pending,Card
S0002572,C00352,P0182,ST006,2025-04-25,2,-50.0,0.0,completed,Card
S0008502,C00918,P0185,ST001,2025-01-15,4,843.93,0.15,Returned,Bank Transfer
S0007122,C00798,P0184,ST004,2025-09-22,9,103.0,0.05,completed,Cash
S0005157,C00554,P0126,ST006,2025-07-22,3,454.55,0.0,Completed,Card
S0002991,C00064,P0163,ST013,2026-07-02,3,1406.68,0.05,Pending,Cash
S0002029,C00074,P0136,ST016,2026-03-21,7,101.7,0.1,completed,Bank Transfer
S0000987,C00181,P0187,ST011,2025-10-10,5,388.22,0.05,Completed,Bank Transfer
S0009590,C00752,P0086,ST012,2025-02-17,10,358.71,0.1,Returned,Cash
S0008015,C00681,P0021,ST006,2025-07-20,2,1307.71,0.15,Completed,Mobile Money
S0001506,C00476,P0174,ST015,2026-05-07,6,192.3,0.05,Pending,Bank Transfer
S0008896,C00757,P0109,ST011,2025-07-15,1,190.32,0.1,Pending,Cash
S0009878,C00280,P0113,ST004,2026-07-23,5,356.27,0.0,Cancelled,Card
S0002973,C00300,P0080,ST010,2026-03-18,5,867.62,0.2,Cancelled,Bank Transfer
S0004789,C00143,P0189,ST006,2025-12-04,5,641.92,0.1,completed,Bank Transfer
S0002951,C00351,P0019,ST019,2026-01-13,5,711.31,0.15,Pending,Mobile Money
S0008177,C00481,P0163,ST017,2025-02-04,10,1402.99,0.0,completed,Card
S0004336,C00720,P0083,ST010,2025-03-31,7,1057.71,0.0,Pending,Card
S0005745,C00708,P0046,ST004,2025-05-19,8,922.99,0.05,Pending,Cash
S0004623,C00903,P0021,ST003,2025-09-23,6,1311.8,0.0,Returned,Bank Transfer
S0009353,C00065,P0126,ST002,2026-03-19,6,457.45,0.1,Cancelled,Card
S0008974,C00367,P0164,ST007,2025-09-15,8,1250.37,0.15,Returned,Cash
S0003374,C00575,P0001,ST010,2025-04-04,2,1032.75,0.15,Pending,Mobile Money
S0002576,C00556,P0197,ST009,2026-01-11,10,109.06,0.15,completed,Cash
S0007344,C00307,P0131,ST005,2026-07-12,2,1294.62,0.0,Completed,Mobile Money
S0006599,C00054,P0188,ST019,2025-03-26,5,801.19,0.2,Completed,Mobile Money
S0005085,C00821,P0176,ST012,2025-01-19,4,342.62,0.15,Returned,Card
S0001913,C00659,P0180,ST014,2025-05-28,2,688.37,0.15,Completed,Bank Transfer
S0005133,C00048,P0083,ST011,2025-10-21,5,1056.86,0.1,Cancelled,Bank Transfer
S0003323,C00335,P0109,ST002,2025-08-05,2,194.33,0.05,Completed,Mobile Money
S0009679,C00607,P0039,ST018,2026-05-06,2,1494.62,0.0,Returned,Mobile Money
S0006900,C00057,P0160,ST006,2026-06-19,8,335.85,0.15,Returned,Cash
S0002725,C00902,P0173,ST007,2025-02-24,8,669.7,0.0,Returned,Cash
S0000804,C00353,P0073,ST014,2026-05-07,1,566.24,0.2,Completed,Cash
S0000119,C00291,P0005,ST020,2025-03-08,8,306.49,0.2,Pending,Mobile Money
S0002815,C00374,P0002,ST015,2026-05-21,10,286.97,0.1,Completed,Bank Transfer
S0008028,C00795,P0168,ST013,2025-06-27,6,744.28,0.05,Completed,Bank Transfer
S0004912,C00707,P0091,ST005,2026-01-07,5,465.42,0.2,Cancelled,Mobile Money
S0003483,C00705,P0157,ST009,2026-06-02,9,1294.8,0.1,completed,Card
S0008494,C00769,P0108,ST017,2026-02-28,4,871.98,0.0,Pending,Bank Transfer
S0009914,C00043,P0018,ST007,2025-01-13,9,873.7,0.2,Returned,Cash
S0007553,C00967,P0015,ST010,2025-01-18,3,1130.42,0.05,Cancelled,Card
S0005104,C00464,P0188,ST016,2026-02-25,1,800.3,0.2,completed,Bank Transfer
S0006487,C00672,P0014,ST003,2025-07-08,3,245.2,0.0,Pending,Bank Transfer
S0008352,C00149,P0008,ST019,2026-07-04,6,1262.11,0.2,completed,Mobile Money
S0000129,C00641,P0156,ST020,2026-04-01,7,644.76,0.2,Pending,Card
S0000202,C00653,P0086,ST015,2026-06-22,4,360.15,0.1,Returned,Cash
S0008350,C00307,P0186,ST004,2025-01-25,4,1352.22,0.05,Returned,Bank Transfer
S0004074,C00608,P0146,ST019,2025-01-13,5,1387.81,0.1,Returned,Bank Transfer
S0000094,C00046,P0180,ST014,2026-02-27,3,688.02,0.05,completed,Mobile Money
S0008212,C00525,P0186,ST008,2025-09-24,3,1353.4,0.0,completed,Cash
S0006661,C00157,P0138,ST017,2026-05-27,7,1441.02,0.2,Completed,Cash
S0006797,C00547,P0018,ST013,2026-07-25,2,875.89,0.2,completed,Bank Transfer
S0005312,C00143,P0158,ST006,2026-02-17,9,100.95,0.1,Pending,Bank Transfer
S0008211,C00242,P0047,ST003,2025-10-08,5,622.28,0.15,Returned,Bank Transfer
S0006973,C00592,P0029,ST015,2026-06-11,8,1221.45,0.1,Completed,Bank Transfer
S0009973,C00693,P0045,ST017,2025-01-21,9,1248.38,0.15,Returned,Cash
S0006387,C00937,P0129,ST019,2025-06-06,9,1204.37,0.2,Returned,Mobile Money
S0004756,C00464,P0161,ST017,2025-06-11,8,98.25,0.15,completed,Cash
S0007137,C00642,P0049,ST012,2026-06-21,8,471.24,0.05,Completed,Mobile Money
S0003761,C00412,P0010,ST015,2026-04-20,10,97.74,,Completed,Card
S0006101,C00109,P0007,ST010,2025-12-19,8,111.05,0.15,Returned,Card
S0006714,C00645,P0181,ST017,2026-05-09,3,73.67,0.1,Cancelled,Mobile Money
S0001547,C00406,P0083,ST015,2025-05-25,9,1055.05,0.15,completed,Bank Transfer
S0005880,C00884,P0105,ST020,2026-07-01,5,736.81,0.2,completed,Cash
S0002155,C00901,P0106,ST013,2026-05-27,8,443.56,0.0,Completed,Bank Transfer
S0001548,C00098,P0068,ST005,2025-01-14,4,96.71,0.0,Pending,Card
S0000433,C99999,P0038,ST019,2026-05-02,7,306.68,0.2,Completed,Cash
S0002642,C00455,P0095,ST012,2025-10-03,8,55.67,0.0,completed,Mobile Money
S0005789,C00443,P0013,ST014,2025-07-24,4,100.94,0.0,Completed,Card
S0006036,C00632,P0147,ST014,2026-04-03,7,1335.35,0.05,Pending,Cash
S0007010,C00105,P0006,ST009,2026-07-03,4,1222.85,0.15,Cancelled,Cash
S0005546,C00435,P0032,ST004,2026-04-14,7,489.78,0.05,Cancelled,Bank Transfer
S0003853,C00928,P0106,ST002,2025-02-14,10,443.46,0.15,Cancelled,Bank Transfer
S0004614,C00517,P0165,ST008,2026-02-27,1,829.86,0.05,completed,Mobile Money
S0001307,C00019,P0077,ST006,2025-10-10,5,942.1,0.1,completed,Card
S0002249,C00193,P0156,ST019,2025-01-06,9,639.73,0.0,Pending,Cash
S0004432,C00003,P0016,ST018,2026-02-28,2,990.96,0.05,Returned,Mobile Money
S0009116,C00881,P0139,ST002,2025-09-01,6,1111.11,0.05,completed,Mobile Money
S0009211,C00727,P0002,ST009,2025-10-05,5,287.37,0.15,Returned,Cash
S0005979,C00773,P0082,ST008,2025-12-30,7,1219.42,0.2,Completed,Mobile Money
S0004296,C00423,P0081,ST003,2025-08-27,10,208.02,0.15,Cancelled,Mobile Money
S0007753,C00033,P0108,ST014,2025-01-07,4,874.84,0.15,completed,Cash
S0007283,C00818,P0039,ST001,2026-04-07,3,1492.28,0.0,Returned,Mobile Money
S0002030,C00686,P0064,ST006,2025-09-02,3,1303.85,0.05,Returned,Mobile Money
S0009551,C00708,P0046,ST013,2025-06-06,6,924.12,0.15,Completed,Bank Transfer
S0003607,C00019,P0130,ST010,2025-05-27,9,457.74,0.15,Cancelled,Bank Transfer
S0000885,C00110,P0193,ST002,2025-09-02,4,910.37,0.1,Cancelled,Cash
S0009094,C00770,P0198,ST016,2025-02-02,-2,813.95,0.15,Returned,Card
S0004015,C00607,P0137,ST019,2025-07-13,8,150.17,0.1,Pending,Card
S0006118,C00912,P0153,ST006,2026-04-28,6,503.87,0.2,Pending,Mobile Money
S0003821,C00284,P0070,ST008,2026-04-26,2,1138.85,0.0,Cancelled,Bank Transfer
S0007689,C00447,P0087,ST018,2025-02-05,6,783.96,0.1,Returned,Card
S0001764,C00553,P0115,ST020,2026-02-02,9,614.14,0.15,completed,Cash
S0009749,C00574,P0111,ST004,2025-09-23,3,496.38,0.0,completed,Mobile Money
S0005280,C00335,P0124,ST019,2026-04-05,9,636.68,0.1,completed,Cash
S0006640,C00708,P0160,ST012,2025-01-30,8,336.33,0.1,completed,Cash
S0007197,C00956,P0098,ST015,2026-04-24,3,812.43,0.0,Cancelled,Mobile Money
S0009667,C00008,P0032,ST017,2025-12-13,5,482.4,0.0,completed,Bank Transfer
S0009347,C00990,P0176,ST008,2026-05-01,2,338.61,0.1,Returned,Mobile Money
S0005758,C00889,P0037,ST008,2025-08-31,10,515.1,0.2,completed,Card
S0003735,C00803,P0006,ST008,2025-09-19,8,1224.71,0.05,Pending,Bank Transfer
S0001749,C00266,P0015,ST008,2026-05-16,5,1126.99,0.2,Cancelled,Bank Transfer
S0003984,C00825,P0058,ST015,2026-06-29,7,1325.64,,Completed,Bank Transfer
S0008897,C00861,P0094,ST018,2025-04-01,8,491.34,0.1,completed,Cash
S0000670,C00652,P0107,ST019,2026-05-01,6,404.92,0.1,Completed,Cash
S0007050,C00606,P0100,ST012,2025-06-15,1,912.5,0.0,Returned,Mobile Money
S0007806,C00770,P0196,ST015,2025-01-31,2,501.54,0.1,Pending,Bank Transfer
S0005788,C00921,P0088,ST014,2025-09-24,4,695.48,0.15,Returned,Cash
S0001447,C00064,P0024,ST019,2025-02-11,6,606.54,0.2,completed,Bank Transfer
S0006434,C00995,P0093,ST003,2025-12-27,9,94.18,0.1,Returned,Bank Transfer
S0004453,C00089,P0085,ST012,2026-07-26,9,989.58,0.2,completed,Bank Transfer
S0009767,C00441,P0154,ST013,2026-04-27,1,23.91,0.2,Returned,Mobile Money
S0003470,C00050,P0080,ST012,2026-07-11,10,865.98,0.05,Completed,Cash
S0005097,C00337,P0174,ST014,2025-11-24,3,192.56,0.05,Cancelled,Bank Transfer
S0003876,C00986,P0152,ST011,2025-08-28,10,922.23,0.1,Completed,Cash
S0001057,C00904,P0145,ST014,2025-09-21,1,1493.84,0.2,Pending,Mobile Money
S0002152,C00723,P0114,ST018,2026-01-15,8,553.42,0.05,Cancelled,Bank Transfer
S0006209,C00865,P0048,ST009,2025-08-18,10,646.81,0.05,Cancelled,Cash
S0007813,C00827,P0030,ST016,2026-07-26,10,1374.33,0.05,Cancelled,Bank Transfer
S0004034,C00827,P0197,ST015,2026-06-08,6,113.78,0.2,completed,Cash
S0005532,C00887,P0020,ST020,2026-05-12,8,1326.29,0.0,Cancelled,Card
S0007822,C00879,P0111,ST012,2026-03-05,8,495.25,0.2,completed,Mobile Money
S0000642,C00836,P0134,ST008,2026-06-10,5,1254.39,0.05,Returned,Card
S0004178,C00867,P0002,ST012,2026-02-11,6,286.23,0.15,Pending,Card
S0001674,C00042,P0169,ST001,2026-02-11,3,1122.75,0.05,Completed,Cash
S0002983,C00810,P0128,ST004,2025-05-20,2,204.65,0.2,Pending,Mobile Money
S0001901,C00724,P0078,ST015,2026-03-09,9,911.0,0.1,completed,Mobile Money
S0002969,C00403,P0141,ST016,2026-06-02,1,96.34,0.05,completed,Bank Transfer
S0008881,C00351,P0088,ST020,2025-05-01,4,695.12,0.1,Pending,Card
S0001505,C00213,P0060,ST020,2026-03-02,3,733.53,0.15,Returned,Card
S0006429,C00433,P0168,ST013,2025-04-03,8,745.92,0.15,Returned,Bank Transfer
S0003042,C00578,P0092,ST019,2025-01-24,0,1113.4,0.0,Completed,Bank Transfer
S0009805,C00409,P0095,ST010,2025-07-26,7,62.22,0.05,Cancelled,Card
S0008825,C00353,P0130,ST006,2026-02-27,5,460.66,0.1,completed,Card
S0009316,C00462,P0052,ST007,2025-05-28,8,1037.62,0.05,Pending,Card
S0008919,C00250,P0132,ST001,2025-03-20,5,1404.45,0.1,Pending,Card
S0000924,C00122,P0084,ST010,2025-05-15,3,225.7,0.0,Cancelled,Cash
S0005253,C00436,P0058,ST014,2026-03-21,9,1323.08,0.05,Pending,Bank Transfer
S0006214,C00413,P0111,ST003,2026-04-18,3,493.12,0.1,Completed,Cash
S0004105,C00540,P0053,ST011,2025-03-05,2,1496.78,0.05,completed,Bank Transfer
S0003661,C00321,P0149,ST019,2026-02-14,10,274.56,0.1,Completed,Bank Transfer
S0009812,C00983,P0169,ST015,2025-04-14,10,1113.88,0.05,Cancelled,Card
S0007087,C00289,P0131,ST011,2025-08-09,1,1299.43,0.15,Pending,Mobile Money
S0005887,C00768,P0050,ST020,2026-04-09,9,339.19,0.1,Cancelled,Cash
S0000237,C00977,P0006,ST014,2026-01-22,1,1224.27,0.1,Cancelled,Card
S0001202,C00904,P0156,ST011,2025-10-22,1,641.63,0.05,Completed,Card
S0008048,C00371,P0025,ST010,2025-01-15,3,330.33,0.2,Completed,Card
S0007877,C00985,P0016,ST008,2025-12-08,4,992.2,0.05,Pending,Card
S0003808,C00694,P0167,ST009,2025-06-04,3,359.34,0.15,Completed,Card
S0001896,C00966,P0031,ST016,2026-04-08,7,626.11,0.0,Completed,Bank Transfer
S0006277,C00002,P0059,ST002,2025-07-21,9,411.76,0.1,completed,Cash
S0009370,C00397,P0028,ST018,2025-12-07,7,150.23,0.05,Cancelled,Card
S0001543,C00098,P0006,ST003,2025-06-15,2,1223.81,0.05,Pending,Bank Transfer
S0000763,C00916,P0050,ST009,2026-06-21,8,340.61,0.05,Pending,Card
S0006199,C00972,P0096,ST012,2025-06-06,8,961.42,0.0,Completed,Bank Transfer
S0009281,C00421,P0058,ST017,2025-10-31,4,1325.74,0.1,Cancelled,Card
S0002686,C00117,P0176,ST009,2025-11-21,8,340.72,0.05,Pending,Card
S0007118,C00979,P0049,ST019,2025-06-08,3,470.91,0.05,Pending,Cash
S0001860,C00780,P0034,ST006,2025-11-06,7,1184.03,0.0,Completed,Card
S0002112,C00563,P0092,ST012,2026-02-19,6,1113.43,0.15,Returned,Card
S0002416,C00182,P0092,ST020,2025-12-12,3,1115.02,0.2,Completed,Mobile Money
S0006731,C00137,P0137,ST001,2025-03-28,5,149.37,0.05,Returned,Card
S0008744,C00668,P0062,ST009,2025-11-11,10,762.73,0.1,Completed,Mobile Money
S0000372,C00695,P0162,ST020,2025-06-04,3,305.37,0.2,Pending,Card
S0009717,C00640,P0193,ST005,2026-04-02,6,906.01,0.0,Returned,Cash
S0001598,C00162,P0001,ST008,2025-11-20,8,1038.44,0.05,completed,Card
S0009187,C00113,P0109,ST019,2026-07-02,5,190.21,0.0,Returned,Card
S0006911,C00479,P0061,ST014,2025-02-20,8,233.02,0.1,Returned,Cash
S0008572,C00388,P0106,ST011,2025-11-26,2,444.44,0.15,Completed,Card
S0007179,C00336,P0179,ST003,2025-04-09,0,624.53,0.15,completed,Mobile Money
S0006358,C00540,P0040,ST004,2025-12-10,4,1286.58,0.1,Pending,Bank Transfer
S0005224,C00222,P0064,ST011,2026-05-10,7,1301.8,0.05,Pending,Bank Transfer
S0009720,C00907,P0111,ST007,2025-01-29,7,495.01,0.15,Pending,Bank Transfer
S0008111,C00707,P0074,ST007,2025-12-24,8,1466.05,0.15,completed,Cash
S0007382,C00480,P0013,ST013,2026-03-11,6,98.47,0.2,Cancelled,Mobile Money
S0005057,C00862,P0086,ST006,2026-01-23,9,356.22,0.0,Completed,Bank Transfer
S0009831,C00136,P0160,ST004,2025-02-28,9,337.45,0.15,Completed,Cash
S0007760,C00736,P0121,ST001,2026-03-07,8,1016.32,0.1,Pending,Card
S0002623,C00895,P0065,ST004,2025-10-20,8,591.25,0.05,completed,Cash
S0002312,C00024,P0183,ST006,2025-09-16,6,150.6,0.0,Pending,Bank Transfer
S0000306,C00442,P0004,ST018,2025-06-15,9,1497.04,0.2,completed,Mobile Money
S0005691,C00208,P0089,ST011,2026-03-05,1,281.81,0.2,Completed,Card
S0006737,C00400,P0106,ST020,2025-01-17,3,444.01,,Completed,Bank Transfer
S0001293,C00315,P0041,ST007,2026-02-23,0,535.73,0.0,completed,Card
S0005064,C00545,P0007,ST010,2025-03-13,9,112.43,0.0,Pending,Mobile Money
S0004915,C00142,P0127,ST017,2025-04-19,4,1484.68,0.2,completed,Cash
S0005548,C00410,P0200,ST019,2025-12-20,10,595.53,0.15,Pending,Mobile Money
S0008983,C00986,P0148,ST018,2026-06-21,9,559.61,0.2,Completed,Bank Transfer
S0004259,C00630,P0001,ST020,2025-05-11,4,1036.86,0.0,Completed,Bank Transfer
S0005087,C00811,P0115,ST020,2026-01-26,2,613.07,0.1,Cancelled,Cash
S0008150,C00126,P0018,ST018,2026-05-29,8,875.99,0.0,Pending,Cash
S0007524,C00310,P0185,ST013,2026-06-05,3,848.22,0.2,Cancelled,Card
S0007392,C00153,P0004,ST018,2025-01-22,6,1496.77,0.05,Returned,Bank Transfer
S0002956,C00301,P0042,ST007,2025-02-13,5,352.96,0.0,Completed,Cash
S0003356,C00009,P0123,ST020,2025-03-03,5,817.9,0.1,Completed,Bank Transfer
S0000238,C00298,P0018,ST012,2026-07-24,2,874.66,0.15,Cancelled,Bank Transfer
S0006417,C00064,P0068,ST010,2025-03-07,1,100.5,0.1,completed,Card
S0005947,C00814,P0045,ST012,2025-02-08,1,1249.8,0.1,Pending,Card
S0005306,C00080,P0155,ST010,2025-12-18,4,1415.56,0.15,Completed,Card
S0003766,C00469,P0072,ST009,2025-02-05,6,1114.13,0.1,completed,Cash
S0003967,C00769,P0145,ST013,2026-05-23,10,1492.62,0.15,completed,Cash
S0001608,C00919,P0124,ST003,2026-05-03,10,636.39,0.1,Cancelled,Card
S0009050,C00244,P0010,ST017,2025-08-22,8,101.2,0.2,Completed,Bank Transfer
S0007101,C00972,P0028,ST001,2025-06-23,4,144.04,0.15,completed,Mobile Money
S0009680,C00713,P0183,ST002,2026-06-17,9,152.34,0.05,completed,Card
S0008846,C00119,P0084,ST008,2025-10-01,9,229.78,0.15,Completed,Mobile Money
S0006730,C00409,P0104,ST001,2025-11-21,10,162.96,0.15,completed,Card
S0006121,C00994,P0196,ST014,2025-11-24,4,504.58,0.2,Pending,Card
S0006157,C00463,P0197,ST005,2026-05-08,8,109.67,0.0,Pending,Cash
S0001681,C00713, P0136 ,ST006,2025-09-27,7,100.95,0.1,Completed,Mobile Money
S0008010,C00768,P0059,ST010,2026-07-03,3,414.11,0.0,completed,Cash
S0009710,C00639,P0113,ST001,2025-12-24,10,361.09,0.2,Pending,Card
S0002767,C00571,P0023,ST004,2025-04-25,5,840.3,0.05,Cancelled,Mobile Money
S0000609,C00085,P0043,ST008,2025-07-18,3,1028.58,0.2,Returned,Card
S0003773,C00602,P0195,ST013,2025-09-27,5,897.17,0.1,completed,Card
S0008371,C00300,P0131,ST014,2026-06-19,6,1294.83,0.05,Pending,Mobile Money
S0005531,C00203,P0192,ST014,2025-09-18,6,243.58,0.0,Completed,Mobile Money
S0003654,C00200,P0094,ST014,2025-08-12,6,488.28,0.2,Returned,Cash
S0001277,C00775,P0028,ST005,2025-01-22,5,146.87,0.0,completed,Cash
S0007090,C00281,P0008,ST012,2026-05-24,1,1260.67,0.2,Cancelled,Card
S0007976,C00405,P0040,ST002,2025-11-18,1,1288.5,0.2,completed,Cash
S0000010,C00701,P0134,ST011,2025-06-10,6,1255.32,0.0,Pending,Mobile Money
S0006870,C00061,P0150,ST019,2025-10-06,3,676.72,0.0,Returned,Cash
S0009126,,P0082,ST017,2026-03-10,1,1219.5,0.05,Pending,Cash
S0008730,C00540,P0109,ST007,2025-10-13,1,189.02,0.15,completed,Card
S0007276,C99999,P0134,ST015,2025-07-18,1,1257.28,0.05,Returned,Card
S0009178,C00682,P0098, ST013 ,2025-05-02,2,809.6,0.2,Completed,Bank Transfer
S0005720,C00189,P0148,ST013,2025-12-21,1,553.48,0.2,Cancelled,Cash
S0002113,C00768,P0028,ST020,2026-01-17,6,147.78,0.1,Pending,Bank Transfer
S0002852,C00014,P0077,ST016,2025-04-14,4,939.34,0.0,Completed,Bank Transfer
S0000286,C00483,P0152,ST007,2025-09-25,10,923.38,0.2,Returned,Bank Transfer
S0001621,C00474,P0125,ST014,2025-01-29,8,649.15,0.15,completed,Card
S0009436,C00782,P0173,ST009,2025-05-01,5,666.18,0.15,Completed,Bank Transfer
S0008406,C00825,P0108,ST002,2026-04-25,6,875.8,0.0,Cancelled,Mobile Money
S0004962,C00697,P0177,ST016,2025-12-29,7,21.18,0.15,Returned,Bank Transfer
S0007155,C00896,P0181,ST006,2025-12-30,6,71.42,0.2,Pending,Mobile Money
S0005785,C00312,P0149,ST004,2025-08-04,2,272.58,0.0,Cancelled,Cash
S0009030,C00548,P0067,ST006,2025-07-26,10,921.66,0.0,Returned,Card
S0002163,C00858,P0140,ST010,2026-04-06,9,1312.39,0.05,Cancelled,Bank Transfer
S0005948,C99999,P0031,ST001,2025-11-28,4,624.15,0.05,Returned,Card
S0004026,C00526,P0151,ST011,2025-04-25,10,38.2,0.05,Cancelled,Bank Transfer
S0008615,C00291,P0150,ST014,2025-01-20,2,675.62,0.0,Completed,Mobile Money
S0004375,C00872,P0029,ST012,2025-09-12,1,1223.92,0.2,Cancelled,Mobile Money
S0009954,C00826,P0079,ST017,2026-07-15,1,1034.24,0.05,Cancelled,Mobile Money
S0000960,C00098,P0161,ST012,2025-09-23,7,96.26,0.1,Pending,Card
S0005409,C00121,P0134,ST013,2026-04-19,1,1260.94,0.05,Pending,Cash
S0000815,C00071,P0075,ST011,2025-07-05,8,429.49,0.15,Cancelled,Mobile Money
S0002244,C00822,P0127,ST020,2026-07-13,-2,1489.07,0.0,completed,Mobile Money
S0001956,C00555,P0170,ST017,2025-03-28,1,408.69,0.0,Returned,Card
S0006223,C00246,P0112,ST003,2025-06-04,9,124.11,0.15,Completed,Card
S0001244,C00486,P0039,ST007,2025-04-28,5,1493.59,0.1,Returned,Cash
S0005657,C00188,P0141,ST016,2026-04-25,6,101.62,0.0,Returned,Mobile Money
S0008141,C00167,P0121,ST012,2026-01-30,1,1018.12,0.15,Pending,Bank Transfer
S0002780,C00054,P0046,ST010,2026-05-11,9,924.74,0.15,Returned,Mobile Money
S0008405,C00888,P0018,ST019,2026-04-20,7,876.31,0.2,completed,Bank Transfer
S0004111,C00694,P0114,ST013,2025-02-21,3,555.19,0.1,Returned,Card
S0005049,C00279,P0177,ST012,2026-01-29,8,19.67,0.2,completed,Bank Transfer
S0008658,C00711,P0160,ST001,2025-02-20,3,336.79,0.05,completed,Cash
S0009167,C00193,P0087,ST017,2026-05-24,10,782.02,0.05,Returned,Mobile Money
S0002974,C00350,P0025,ST004,2025-05-21,5,327.44,0.2,Completed,Cash
S0007001,C00517,P0108,ST010,2026-05-22,2,872.27,0.2,completed,Cash
S0008839,C00677,P0071,ST019,2025-11-18,2,1336.2,0.0,Cancelled,Cash
S0003728,C00023,P0066,ST018,2026-03-15,10,155.93,0.1,Completed,Bank Transfer
S0008237,C00580,P0129,ST019,2025-12-11,7,1199.12,0.15,Returned,Cash
S0005902,C00770,P0086,ST001,2025-11-12,2,353.84,0.05,completed,Cash
S0005454,C00951,P0017,ST007,2026-07-10,5,151.99,0.05,completed,Mobile Money
S0001949,C00070,P9999,ST007,2025-06-04,2,1445.16,0.0,completed,Cash
S0008508,C00009,P0027,ST019,2025-11-22,6,1023.67,0.05,Returned,Bank Transfer
S0004964,C00047,P0191,ST007,2026-04-28,10,1380.93,0.05,Completed,Card
S0008051,C00471,P0168,ST004,2025-12-01,1,748.82,0.05,Returned,Card
S0005071,C00081,P0059,ST011,2025-02-22,4,414.85,0.0,Returned,Cash
S0009089,C00004,P0156,ST014,2025-07-07,9,642.46,0.0,Completed,Card
S0004449,C00595,P0180,ST004,2025-01-05,10,687.23,0.1,Pending,Bank Transfer
S0000630,C00746,P0061,ST011,2025-09-07,4,235.64,0.1,completed,Cash
S0009154,C00048,P0006,ST001,2025-01-03,7,1223.9,0.0,Cancelled,Cash
S0001139,C00824,P0111,ST015,2025-04-03,7,498.2,0.2,Completed,Cash
S0005968,C00726,P0099,ST012,2025-10-31,9,1390.46,0.15,Pending,Mobile Money
S0002685,C00247,P0174,ST013,2025-10-22,10,195.22,0.05,Completed,Cash
S0004642,C00590,P0199,ST017,2026-03-02,6,781.47,0.1,Completed,Cash
S0004634,C00343,P0146,ST017,2026-07-23,9,1389.32,0.0,Pending,Bank Transfer
S0000154,C00054,P0023,ST004,2025-03-19,5,839.98,0.0,completed,Card
S0006528,C00168,P0168,ST020,2025-12-22,1,746.93,0.1,Pending,Mobile Money
S0003794,C00946,P0058,ST010,2025-04-04,4,1324.38,0.15,Cancelled,Cash
S0001238,C00862,P0041,ST005,2025-08-19,2,535.23,0.05,Cancelled,Cash
S0002680,,P0053,ST016,2026-04-24,5,1493.49,0.0,Cancelled,Cash
S0006751,C00402,P0162,ST003,2026-07-27,10,308.56,0.05,Returned,Mobile Money
S0004601,C00675,P0152,ST016,2025-05-02,6,921.84,0.05,Completed,Bank Transfer
S0005442,C00158,P0157,ST001,2025-09-28,8,1294.54,0.0,completed,Bank Transfer
S0009909,C00346,P0159,ST014,2025-04-06,3,583.54,0.2,Returned,Cash
S0000494,C00078,P0014,ST015,2025-12-26,4,244.87,0.2,completed,Cash
S0002081,C00629,P0200,ST001,2025-01-10,7,596.35,0.15,Pending,Cash
S0001108,C00157,P0012,ST010,2025-06-24,2,1082.97,0.05,Returned,Mobile Money
S0004828,C00358,P0114,ST006,2026-06-01,9,551.25,0.2,Completed,Cash
S0003652,C00119,P0033,ST001,2026-06-04,5,330.36,0.1,Cancelled,Mobile Money
S0003550,C00357,P0083,ST001,2026-01-13,6,1056.45,0.0,completed,Mobile Money
S0000781,C00471,P0124,ST002,2026-06-10,8,638.81,0.2,Cancelled,Cash
S0000606,C00684,P0164,ST005,2025-12-23,10,1250.94,0.1,Pending,Cash
S0008612,C00576, P0144 ,ST013,2025-01-05,6,1117.53,0.05,Pending,Cash
S0009798,C00620,P0078,ST013,2025-04-17,5,914.42,0.05,completed,Bank Transfer
S0001929,C00278,P0013,ST018,2026-04-18,9,99.95,0.0,completed,Bank Transfer
S0009515,C00182,P0030,ST011,2025-02-28,8,1368.91,0.05,Cancelled,Cash
S0002564,C00643,P0196,ST020,2026-06-22,2,502.22,0.05,Cancelled,Bank Transfer
S0002453,C00902,P0032,ST005,2025-12-19,3,486.81,0.2,Pending,Cash
S0001302,C00697,P0081,ST006,2025-01-17,10,202.77,0.0,completed,Card
S0000084,C00743,P0008,ST019,2025-08-08,4,1262.39,0.2,Completed,Mobile Money
S0007632,C00554,P0037,ST020,2025-11-08,4,520.32,0.1,Pending,Mobile Money
S0009152,C00240,P0027,ST016,2026-06-24,3,1023.55,0.1,completed,Cash
S0006349,C00817,P0129,ST004,2025-01-06,2,1203.02,0.05,Returned,Mobile Money
S0002207,C00616,P0160,ST011,2025-10-14,6,333.48,0.05,Completed,Bank Transfer
S0001131,C00804,P0128,ST009,2025-07-30,1,205.21,0.1,Returned,Card
S0002719,C00257,P0060,ST018,2025-11-11,3,734.69,0.1,Returned,Bank Transfer
S0006216,C00538,P0023,ST006,2025-08-23,2,840.47,0.05,Returned,Card
S0007389,C00947,P0149,ST019,2025-08-24,3,271.65,0.1,Pending,Card
S0001647,C00804,P0157,ST006,2026-07-04,5,1291.42,0.1,Returned,Mobile Money
S0002193,C00247,P0197,ST002,2025-11-17,3,113.58,0.05,Completed,Cash
S0007764,C00001,P0138,ST015,2025-05-02,5,1440.64,0.1,completed,Cash
S0003361,C00863,P0033,ST010,2026-05-03,5,330.27,0.1,Completed,Bank Transfer
S0001587,C00822,P0063,ST015,2025-12-05,2,1439.76,0.2,Completed,Bank Transfer
S0004321,C00514,P0169,ST018,2025-09-11,6,1117.91,0.0,Completed,Card
S0008860,C00545,P0015,ST017,2025-05-20,3,1125.97,0.2,Pending,Bank Transfer
S0004120,C00957,P0031,ST016,2026-03-07,3,625.69,0.2,Completed,Bank Transfer
S0002211,C00319,P0030,ST004,2026-04-07,4,1369.95,0.1,Cancelled,Card
S0005001,C00019,P0189,ST008,2025-11-22,2,645.4,0.0,Returned,Mobile Money
S0007862,C00885,P0104,ST008,2025-12-16,1,164.92,0.2,Pending,Cash
S0000824,C00582,P0071,ST003,2025-02-03,3,1336.75,0.15,completed,Card
S0003132,C00733,P0124,ST017,2026-01-13,1,642.64,0.1,Returned,Mobile Money
S0008125,C00279,P0043,ST017,2025-02-17,7,1024.69,0.05,completed,Cash
S0002669,C00394,P0121,ST005,2026-01-24,1,1014.76,0.15,Cancelled,Bank Transfer
S0002147,C00817,P0096,ST004,2026-04-29,9,960.14,0.0,completed,Bank Transfer
S0005927,C00340,P0173,ST015,2025-01-14,10,665.91,0.1,Completed,Bank Transfer
S0009723,C00979,P0147,ST017,2025-06-13,8,1336.93,0.05,Returned,Bank Transfer
S0009444,C00258,P0176,ST011,2026-02-27,5,339.61,0.2,completed,Mobile Money
S0004137,C00762,P0086,ST018,2025-09-04,5,354.9,0.1,Completed,Cash
S0006497,C00769,P0130,ST007,2026-03-26,4,458.47,0.1,Completed,Cash
S0002158,C00428,P0136,ST020,2026-07-30,10,102.79,0.05,Completed,Mobile Money
S0002984,C00464,P0034,ST017,2025-04-28,10,1186.64,0.1,Returned,Card
S0005420,C00314,P0148,ST014,2025-10-04,1,557.17,0.2,Returned,Cash
S0006063,C00757,P0087,ST014,2026-02-18,6,780.46,0.05,Cancelled,Cash
S0008098,,P0018,ST001,2026-04-27,2,873.13,0.05,Returned,Cash
S0004457,C00497,P0022,ST008,2026-06-07,7,647.57,0.15,Returned,Bank Transfer
S0005590,C00037,P0018,ST017,2026-06-22,2,876.85,0.1,Pending,Mobile Money
S0007894,C00751,P0099,ST007,2025-02-16,9,1387.93,0.05,Cancelled,Cash
S0005221,C00390,P0059,ST008,2026-02-06,2,411.34,0.0,Pending,Card
S0007518,C00507,P0108,ST019,2025-10-25,5,869.85,0.15,completed,Cash
S0008324,,P0063,ST009,2025-02-11,6,1441.28,0.1,Completed,Mobile Money
S0005856,C00285,P0156,ST003,2026-04-07,6,639.27,,Pending,Bank Transfer
S0000448,C00355,P0199,ST005,2025-11-26,2,781.47,0.05,Completed,Mobile Money
S0007223,C00334,P0137,ST017,2026-06-01,2,152.02,0.0,Pending,Mobile Money
S0005123,,P0141,ST018,2026-01-14,0,101.59,0.0,completed,Bank Transfer
S0004070,C00656,P0017,ST010,2025-03-28,7,151.86,0.2,Returned,Cash
S0004725,C00047,P0188,ST003,2025-10-27,1,802.58,0.05,Completed,Mobile Money
S0004037,C00195,P0110,ST018,2026-01-22,6,1365.36,0.0,Completed,Mobile Money
S0007339,C00976,P0070,ST007,2025-10-23,9,1139.44,0.1,Pending,Bank Transfer
S0004373,C00954,P0089,ST007,2025-12-14,9,281.71,0.0,Completed,Card
S0005894,C00302,P0124,ST017,2025-10-02,2,638.21,0.05,Completed,Card
S0002477,C00369,P0028,ST003,2026-05-31,1,143.61,0.15,Returned,Cash
S0001392,C00642,P0121,ST008,2025-06-19,3,1019.84,0.05,Pending,Mobile Money
S0007963,C00358,P0059,ST019,2025-05-11,1,415.49,0.15,Cancelled,Mobile Money
S0001795,C00251,P0024,ST008,2025-08-28,7,606.56,0.05,Cancelled,Card
S0006100,C00270,P0025,ST009,2025-09-07,8,331.46,0.1,Returned,Mobile Money
S0009556,C00899,P0188,ST006,2025-12-12,10,801.74,0.2,Pending,Cash
S0008799,C00042,P0023,ST008,2025-01-31,1,836.88,0.05,Pending,Bank Transfer
S0009181,C00446,P0124,ST001,2025-02-02,4,637.5,0.05,completed,Card
S0003995,C00672,P0092,ST013,2026-05-29,4,1117.58,0.0,completed,Card
S0007544,C00873,P0152,ST009,2026-07-29,6,921.51,0.15,Completed,Mobile Money
S0006266,,P0052,ST003,2026-01-10,10,1034.45,0.0,Returned,Bank Transfer
S0004943,C00373,P0129,ST018,2026-01-07,7,1205.38,0.1,completed,Mobile Money
S0000409,C00088,P0117,ST010,2025-05-04,8,293.76,0.0,Completed,Card
S0000952,C00765,P0048,ST013,2025-10-06,6,647.49,0.05,Pending,Card
S0009862,C00992,P0002,ST017,2025-12-01,4,285.87,0.1,Cancelled,Card
S0009522,C00904,P0180,ST001,2025-09-15,3,690.11,0.2,Completed,Bank Transfer
S0003005,C00105,P0064,ST002,2026-04-21,8,1302.24,0.1,Cancelled,Mobile Money
S0005100,C00570,P0074,ST011,2026-04-14,4,1464.21,0.0,completed,Card
S0005186,C00845,P0067,ST009,2026-03-04,10,922.36,0.2,Returned,Cash
S0005320,C00612,P0140,ST016,2026-06-16,4,1309.67,0.0,Pending,Cash
S0003762,C00443,P0173,ST014,2025-06-05,2,665.27,0.1,Pending,Cash
S0007885,C00059,P0102,ST006,2025-02-09,6,764.19,0.05,Completed,Cash
S0004124,C00342,P0118,ST008,2025-10-03,4,811.74,0.0,completed,Cash
S0008497,C00311,P0007,ST001,2025-03-21,4,112.27,0.05,Completed,Bank Transfer
S0005714,C00630,P0067,ST002,2025-08-19,4,924.49,0.1,completed,Mobile Money
S0008358,C00514,P0026,ST014,2026-03-25,2,1074.08,0.05,Cancelled,Bank Transfer
S0005129,C00584,P0170,ST007,2025-09-04,10,407.72,0.2,Completed,Cash
S0008750,C00522,P0025,ST002,2025-05-19,9,330.79,0.0,completed,Mobile Money
S0002968,C00756,P0011,ST008,2025-10-11,10,151.1,0.15,Cancelled,Cash
S0009289,C00312,P0184,ST013,2026-01-29,6,106.05,0.2,Returned,Card
S0008384,C00710,P0018,ST020,2025-07-06,3,871.17,0.15,Completed,Bank Transfer
S0001510,C00033,P0053,ST008,2025-03-29,10,1495.76,0.05,completed,Mobile Money
S0001181,C00736,P0049,ST007,2026-01-17,4,466.35,0.2,Returned,Card
S0000145,C00955,P0152,ST011,2025-09-13,6,924.11,0.1,Completed,Cash
S0008754,C00269,P0082,ST019,2025-04-22,1,1218.12,0.2,completed,Mobile Money
S0007546,C00328,P0159,ST014,2026-04-04,8,581.33,0.05,Returned,Bank Transfer
S0000593,C00959,P0160,ST015,2025-12-21,4,333.54,0.0,completed,Card
S0006268,C00050,P0196,ST013,2025-10-16,1,503.97,0.0,Pending,Cash
S0004510,C00895,P0188,ST019,2026-03-01,8,804.24,0.15,Returned,Mobile Money
S0008467,C00186,P0089,ST007,2026-05-09,5,285.57,0.1,Completed,Mobile Money
S0004988,C00084,P0054,ST005,2025-11-17,4,97.05,0.15,Returned,Cash
S0007908,C00212,P0044,ST005,2025-01-11,7,918.64,0.1,Returned,Bank Transfer
S0005089,C00023,P0060,ST015,2025-04-24,3,736.04,0.2,Returned,Mobile Money
S0006473,C00298,P0156,ST014,2025-11-18,5,635.96,0.15,Cancelled,Cash
S0007928,C00819,P0187,ST006,2025-02-04,10,390.57,0.15,completed,Cash
S0006420,C00493,P0006,ST018,2025-05-08,6,1222.41,0.15,Pending,Cash
S0008272,C00944,P0013,ST003,2025-11-29,1,99.23,0.2,Pending,Card
S0005809,C00500,P0027,ST018,2026-03-22,6,1025.42,0.2,Cancelled,Cash
S0009461,C00595,P0043,ST002,2025-08-08,4,1024.31,0.05,Pending,Cash
S0009180,C00934,P0036,ST020,2026-01-18,6,1284.84,0.0,Pending,Mobile Money
S0003098,C00904,P0077,ST015,2026-07-28,9,942.33,0.0,Cancelled,Bank Transfer
S0000266,C00787,P0040,ST016,2026-03-06,1,1284.8,0.05,Cancelled,Mobile Money
S0006057,C00143,P0093,ST001,2025-06-28,2,91.89,0.2,Pending,Bank Transfer
S0001333,C00114,P0076,ST001,2025-09-28,1,709.64,0.2,Returned,Bank Transfer
S0009056,C00409,P0086,ST015,2025-10-29,4,358.47,0.0,Returned,Cash
S0009970,C00980,P0057,ST015,2026-03-27,8,206.52,0.1,Completed,Card
S0000772,C00805,P0062,ST004,2026-06-17,4,760.51,0.0,Returned,Card
S0007121,C00005,P0142,ST009,2025-02-25,3,1162.7,0.0,Returned,Cash
S0001560,C00530,P0014,ST018,2025-08-30,9,242.25,0.05,Cancelled,Card
S0007678,C00108,P0115,ST008,2025-08-08,8,617.8,0.0,Returned,Card
S0000764,C00781,P0056,ST016,2025-04-13,5,1186.02,0.05,Completed,Cash
S0007349,C00407,P0187,ST012,2026-03-12,10,389.88,0.1,Cancelled,Bank Transfer
S0002891,C00558,P0151,ST009,2026-01-16,10,35.54,0.2,Completed,Card
S0007769,C00611,P0007,ST020,2025-07-11,10,111.64,0.1,Completed,Cash
S0007715,C00291,P0035,ST004,2025-05-15,1,305.9,0.0,Completed,Mobile Money
S0004322,C00089,P0046,ST004,2026-03-04,3,919.68,0.05,completed,Mobile Money
S0006561,C00321,P0023,ST014,2026-03-13,10,837.38,0.15,Completed,Mobile Money
S0008800,C00392,P0094,ST013,2026-07-31,8,487.2,0.05,Cancelled,Card
S0000395, C00781 ,P0067,ST015,2025-08-20,10,920.92,0.15,Pending,Mobile Money
S0009374,C00374,P0139,ST008,2025-07-22,10,1111.33,0.05,completed,Card
S0006914,C00187,P0066,ST006,2026-04-26,1,157.11,0.05,Pending,Mobile Money
S0005121,C00905,P0050,ST008,2025-04-23,1,340.07,0.15,Pending,Bank Transfer
S0008135,C00793,P0193,ST007,2025-10-09,6,906.19,0.2,Completed,Card
S0005195,C00850,P0015,ST012,2025-01-06,2,1129.68,0.05,Completed,Mobile Money
S0000131,C00234,P0126,ST003,2026-06-01,8,453.19,0.2,Pending,Mobile Money
S0000933,C00192,P0151,ST012,2026-07-17,10,35.43,0.05,Pending,Bank Transfer
S0003867,C00328,P0111,ST002,2025-04-19,9,495.8,0.0,Cancelled,Card
S0000390,C00308,P0042,ST008,2025-01-25,4,357.6,0.2,Completed,Mobile Money
S0006299,C01000,P0093,ST001,2026-01-24,9,96.79,0.2,Pending,Bank Transfer
S0006435,C00728,P0036,ST006,2025-09-15,7,1281.49,0.15,Cancelled,Mobile Money
S0009292,C00506,P0002,ST007,2025-10-05,7,286.03,0.05,completed,Mobile Money
S0005167,C00943,P0103,ST003,2025-08-06,3,1297.97,0.0,Pending,Card
S0001198,C00592,P0064,ST019,2025-11-24,5,1302.67,0.1,Returned,Cash
S0007163,C00928,P0182,ST004,2025-11-10,8,553.21,0.1,Cancelled,Bank Transfer
S0008935,C00114,P0047,ST011,2025-06-03,8,618.95,0.1,Completed,Bank Transfer
S0007512,C00393,P0181,ST019,2025-10-03,3,66.99,0.2,Returned,Cash
S0004357,C00802,P0142,ST013,2025-04-07,2,1163.47,0.1,Pending,Cash
S0007871,C00185,P0012,ST014,2025-04-12,6,1080.84,0.2,Pending,Bank Transfer
S0003771,C00561,P0071,ST016,2026-04-10,10,1335.55,0.05,completed,Mobile Money
S0009802,C00704,P0186,ST011,2026-04-17,9,1353.02,0.05,Completed,Card
S0000338,C00059,P9999,ST006,2025-07-11,1,925.51,0.05,Pending,Mobile Money
S0009978,C00619,P0122,ST005,2025-01-04,7,1126.55,0.0,Completed,Card
S0004528,C00810,P0142,ST016,2026-01-26,1,1164.95,0.05,Cancelled,Mobile Money
S0004666,C00951,P0087,ST009,2025-07-17,1,779.9,0.0,Returned,Cash
S0008407,C00753,P0037,ST017,2026-02-13,5,516.24,0.0,Cancelled,Cash
S0007588,C00091,P0027,ST009,2026-02-13,4,1022.94,0.05,Cancelled,Bank Transfer
S0000820,C00124,P0143,ST011,2025-09-04,1,1165.88,0.0,Pending,Cash
S0008692,C00632,P0126,ST012,2026-01-07,6,454.31,0.0,completed,Card
S0003478,C00423,P0017,ST007,2026-02-02,4,148.08,0.2,Completed,Card
S0003180,C00703,P0125,ST016,2025-11-26,8,645.28,0.0,Completed,Cash
S0004340,C00033,P0170,ST011,2025-10-20,1,408.92,0.0,Cancelled,Mobile Money
S0005482,C00012,P0042,ST009,2025-12-30,2,350.62,0.2,Cancelled,Bank Transfer
S0003727,C00894,P0006,ST001,2026-07-26,1,1225.91,0.0,completed,Mobile Money
S0007910,C00003,P0018,ST015,2025-06-26,8,875.37,0.0,Pending,Cash
S0007474,C00488,P0147,ST015,2026-03-14,3,1332.78,0.05,Cancelled,Bank Transfer
S0004478,C00874,P0015,ST006,2026-05-31,8,1128.05,0.15,completed,Cash
S0003067,C00134,P0090,ST019,2025-09-19,3,614.95,0.1,Cancelled,Mobile Money
S0007891,C00405,P0045,ST018,2025-11-18,5,1248.03,0.0,Returned,Bank Transfer
S0006679,C00328,P0015,ST017,2025-10-04,7,1126.32,0.0,Cancelled,Bank Transfer
S0000862,C00825,P0016,ST013,2025-11-20,9,994.83,0.0,completed,Card
S0009261,C00458,P0183,ST014,2025-10-13,8,152.42,0.1,Cancelled,Cash
S0003804,C00304,P0117,ST009,2025-02-26,7,293.82,0.2,Completed,Card
S0006482,C00698,P0044,ST008,2025-03-06,4,915.38,0.15,Pending,Card
S0004657,C00246,P0159,ST003,2026-02-11,1,0.0,0.15,Completed,Mobile Money
S0006062,C00226,P0008,ST014,2025-09-07,10,1263.57,0.2,Cancelled,Cash
S0005140,C00823,P0049,ST011,2025-12-21,5,468.42,0.05,Completed,Mobile Money
S0008109,C00562,P0175,ST020,2025-12-05,9,518.07,0.15,Pending,Cash
S0001638,C00882,P0152,ST011,2025-01-21,3,915.29,0.0,Completed,Mobile Money
S0002344,C00639,P0072,ST010,2025-01-16,3,1114.05,0.1,Cancelled,Card
S0008323,C00625,P0023,ST013,2025-03-21,5,835.62,0.15,Returned,Bank Transfer
S0001692,C00063,P0112,ST019,2025-02-13,6,124.0,0.15,Completed,Card
S0004869,C00109,P0021,ST018,2025-04-24,1,1308.23,0.2,Cancelled,Bank Transfer
S0000584,C00328,P0154,ST016,2025-06-25,4,24.78,0.05,Returned,Card
S0000182,C00330,P0191,ST012,2025-08-18,10,1378.34,0.0,completed,Card
S0006129,C00881,P0163,ST020,2025-10-19,4,1401.54,0.0,Cancelled,Mobile Money
S0006253,C00619,P0121,ST005,2026-02-02,2,1018.38,0.0,completed,Mobile Money
S0004960,C00339,P0115,ST001,2026-04-30,10,614.99,0.2,Completed,Cash
S0007726,C00825,P0020,ST015,2025-08-02,7,1323.27,0.15,Cancelled,Mobile Money
S0000993,C00287,P0149,ST013,2025-02-02,8,270.04,0.15,completed,Mobile Money
S0006954,C00878,P0099,ST013,2025-09-24,8,1391.11,0.2,Returned,Bank Transfer
S0000827,C00267,P0088,ST020,2026-05-22,6,694.7,0.2,Cancelled,Cash
S0006819,C00551,P0095,ST010,2025-09-12,8,54.41,0.05,Pending,Mobile Money
S0002434,C00413,P0025,ST002,2025-03-06,10,329.1,0.15,completed,Bank Transfer
S0000314,C00624,P0079,ST018,2025-03-21,6,1031.71,0.05,Completed,Card
S0006711,C00294,P0151,ST011,2026-07-05,9,38.23,0.05,Pending,Mobile Money
S0007015,C00462,P0108,ST019,2026-02-15,3,876.08,0.15,Returned,Card
S0009360,C00976,P0027,ST004,2025-05-14,2,1023.23,0.0,Pending,Bank Transfer
S0000546,C00898,P0139,ST006,2025-09-19,3,1109.96,0.1,completed,Card
S0005311,C00435,P0050,ST015,2026-03-09,2,343.24,0.15,Returned,Cash
S0004557,C00349,P0024,ST005,2026-07-15,2,610.63,0.05,Cancelled,Cash
S0003917,C00531,P0045,ST017,2026-03-26,10,1246.66,0.15,Pending,Bank Transfer
S0009077,C00938,P0001,ST014,2026-04-06,9,1036.44,0.15,completed,Mobile Money
S0001775,C00928,P0136,ST002,2026-03-19,2,97.74,0.05,Cancelled,Mobile Money
S0009110,C00296,P0081,ST019,2026-06-25,5,206.47,0.0,Completed,Cash
S0001335,C00913,P0110,ST002,2025-03-13,2,1365.55,0.2,Returned,Mobile Money
S0008385,C00262,P0015,ST001,2026-05-06,9,1129.96,0.0,Returned,Bank Transfer
S0005992,C00460,P0145,ST003,2025-06-02,6,1493.9,0.2,Pending,Bank Transfer
S0006990,C00047,P0173,ST011,2025-10-25,2,666.99,0.15,Completed,Bank Transfer
S0006705,C00195,P0043,ST004,2025-03-07,4,1026.57,0.0,Completed,Mobile Money
S0006455,C00503,P0109,ST004,2025-07-17,4,195.34,0.15,Pending,Mobile Money
S0005615,C00007,P0043,ST005,2025-07-04,7,1027.71,0.1,Returned,Card
S0008608,C00193,P0122,ST013,2026-05-11,6,1123.03,0.05,Pending,Mobile Money
S0003425,C00952,P0070,ST001,2026-02-03,10,1139.92,0.2,Cancelled,Card
S0008536,C00143,P0172,ST012,2026-03-07,5,1418.6,0.15,Pending,Bank Transfer
S0009170,C00254,P0193,ST013,2026-07-24,1,909.76,0.1,Cancelled,Bank Transfer
S0004678,C00748,P0072,ST006,2026-01-16,3,1116.5,0.15,completed,Cash
S0008043,C00340,P0184,ST004,2025-04-12,4,105.12,0.05,Cancelled,Cash
S0005629,C00043,P0116,ST020,2025-04-04,1,34.81,0.05,Returned,Card
S0004649,C00553,P0134,ST011,2025-04-14,7,1256.53,0.0,Returned,Cash
S0006498,C00343,P0169,ST002,2026-05-29,1,1121.36,0.2,Completed,Mobile Money
S0009452,C00589,P0040,ST016,2025-02-26,5,1287.89,0.0,Completed,Bank Transfer
S0008915,C00768,P0028,ST003,2026-02-08,1,149.88,0.0,Returned,Mobile Money
S0008610,C00922,P0118,ST001,2025-05-26,10,806.32,0.2,completed,Cash
S0009949,C00130,P0025,ST007,2026-07-25,9,330.71,0.0,Cancelled,Cash
S0000095,C00522,P0124,ST018,2025-12-12,5,638.8,0.05,Pending,Mobile Money
S0001833,C00138,P0042,ST001,2025-05-23,10,355.0,0.2,Completed,Cash
S0009425,C00556,P0198,ST013,2026-01-19,2,813.5,0.05,Returned,Card
S0000313,C00811,P0056,ST018,2025-11-30,4,1183.47,0.05,Returned,Mobile Money
S0009459,C00106,P0072,ST020,2026-07-29,8,1113.5,0.15,Pending,Bank Transfer
S0005581,C00285,P0108,ST016,2025-10-29,10,869.93,0.15,completed,Cash
S0005174,C00553,P0147,ST010,2026-03-12,5,1337.18,0.05,Completed,Mobile Money
S0008303,C00708,P0184,ST008,2025-02-26,10,106.76,0.1,completed,Card
S0000898,C00161,P0148,ST001,2025-01-26,5,555.32,0.05,Pending,Card
S0001524,C00278,P0154,ST014,2025-05-24,5,23.32,0.05,Completed,Mobile Money
S0000880,C00547,P0093,ST008,2026-03-02,6,95.77,0.0,Returned,Card
S0009471,C00885,P0095,ST014,2025-11-21,10,51.94,0.15,Completed,Bank Transfer
S0000040,C00696,P0178,ST017,2025-11-30,3,1441.18,0.2,Completed,Mobile Money
S0001970,C00246,P0162,ST002,2025-05-04,7,305.28,0.2,Cancelled,Mobile Money
S0002597,C00759,P0071,ST005,2026-05-04,10,1335.66,0.15,Completed,Mobile Money
S0003023,C00382,P0124,ST014,2026-02-22,1,638.03,0.2,completed,Mobile Money
S0005025,C00355,P0062,ST011,2025-09-15,4,760.01,0.2,Cancelled,Mobile Money
S0007092,C00748,P0164,ST010,2025-09-18,3,1250.07,0.05,Returned,Card
S0003539,C00039,P0076,ST015,2026-07-03,7,712.77,0.2,completed,Bank Transfer
S0002339,C00476,P0161,ST002,2026-04-27,5,98.55,0.15,Completed,Cash
S0004406,C00080,P0166,ST017,2025-02-27,2,1096.91,0.15,Pending,Bank Transfer
S0000115,C00759,P0106,ST003,2026-07-14,9,442.13,0.15,Cancelled,Card
S0002432,C00032,P0103,ST005,2026-01-31,1,1296.12,0.2,Pending,Cash
S0000727,C00318,P0088,ST004,2025-05-07,4,694.65,0.2,Returned,Cash
S0008445,C00758,P0027,ST011,2025-04-18,1,1026.1,0.05,Pending,Bank Transfer
S0002421,C00217,P0023,ST005,2026-01-19,3,838.02,0.1,Completed,Card
S0004879,C00411,P0019,ST014,2025-12-06,9,711.69,0.05,Returned,Mobile Money
S0000161,C00818,P0178,ST003,2025-06-27,3,1441.31,0.0,Returned,Mobile Money
S0007876,C00035,P0155,ST009,2026-05-13,10,1416.96,0.1,Returned,Mobile Money
S0005200,C00527,P0141,ST020,2026-01-01,9,104.45,0.1,completed,Bank Transfer
S0008507,C00853,P0197,ST011,2025-10-28,8,111.78,0.05,Returned,Bank Transfer
S0009829,C00335,P0088,ST019,2025-07-04,2,694.03,0.05,Pending,Cash
S0002543,C00234,P0096,ST018,2025-10-01,10,960.39,0.0,Pending,Bank Transfer
S0002265,C00927,P0005,ST003,2026-01-12,4,308.86,0.2,Returned,Bank Transfer
S0002200,C00223,P0056,ST020,2025-09-19,7,1185.96,0.1,Completed,Cash
S0008991,C00494,P0115,ST006,2026-03-24,5,613.23,0.2,Returned,Mobile Money
S0006991,C00713,P0018,ST011,2025-12-12,9,876.54,0.0,Pending,Cash
S0007074,C00295,P0135,ST009,2025-11-15,2,1292.8,0.05,Pending,Card
S0005068,C00259,P0147,ST009,2025-04-28,3,1332.8,0.05,Returned,Card
S0005151,C00824,P0107,ST011,2026-04-20,10,396.95,0.1,Returned,Card
S0003534,C00912,P0112,ST019,2025-11-25,1,123.86,0.05,Completed,Card
S0008088,C00752,P0022,ST007,2026-01-06,7,646.36,0.15,Pending,Bank Transfer
S0000905,C00417,P0027,ST018,2026-04-27,6,1024.64,0.2,Completed,Cash
S0002901,C00689,P0122,ST003,2026-03-14,7,1122.92,0.0,Completed,Mobile Money
S0002600,C00378,P0017,ST010,2025-03-20,8,148.68,0.2,Completed,Cash
S0005354,C00938,P0049,ST019,2025-08-12,6,468.8,0.05,Pending,Cash
S0008289,C00599,P0064,ST019,2025-07-15,7,1302.61,0.1,Completed,Cash
S0007587,C00055,P0011,ST001,2025-06-05,1,154.07,0.05,completed,Bank Transfer
S0007705,C00731,P0161,ST010,2025-07-17,3,100.63,0.2,Cancelled,Card
S0009109,C00398,P0170,ST010,2025-11-16,4,408.2,0.1,Completed,Cash
S0008563,C00387,P0047,ST014,2026-03-23,1,619.95,0.15,Pending,Card
S0004014,C00405,P0090,ST008,2026-06-11,8,616.61,0.0,Cancelled,Cash
S0007442,C00654,P0072,ST003,2026-01-10,6,1110.9,0.0,Pending,Bank Transfer
S0003283,C00720,P0085,ST007,2025-12-05,6,988.57,0.05,completed,Mobile Money
S0008070,C00669,P0122,ST008,2025-04-21,8,1123.4,0.1,Cancelled,Card
S0005382,C00518,P0060,ST002,2026-05-09,2,733.88,0.05,Returned,Card
S0008953,C00012,P0199,ST015,2025-10-01,10,782.44,0.1,Pending,Card
S0004939,C00741,P0116,ST015,2025-09-12,3,35.12,0.2,Completed,Mobile Money
S0002579,C00666,P0005,ST008,2025-05-14,5,305.12,0.1,Cancelled,Cash
S0003956,C00063,P0108,ST012,2026-05-09,2,874.46,0.0,Pending,Card
S0003996,C00051,P0145,ST018,2026-02-08,9,1491.7,0.2,completed,Bank Transfer
S0009861,C00408,P0011,ST011,2025-05-07,4,158.99,0.15,Returned,Bank Transfer
S0003189,C00048,P0167,ST010,2025-05-12,7,358.66,0.1,Cancelled,Mobile Money
S0002982,C00462,P0045,ST018,2025-12-14,6,1244.16,0.2,completed,Cash
S0009371,C00612,P0056,ST018,2026-01-18,7,1185.13,0.0,Returned,Card
S0001487,C00665,P0103,ST015,2025-08-20,5,1299.26,0.15,Returned,Card
S0008509,C00761,P0053,ST001,2026-07-11,6,1493.9,0.15,Returned,Bank Transfer
S0004530,C00622,P0108,ST015,2026-06-29,1,873.54,0.2,completed,Bank Transfer
S0006885,C00172,P0167,ST012,2026-01-20,8,359.64,0.05,completed,Mobile Money
S0001221,C00794,P0054,ST004,2025-01-05,7,99.59,0.05,Returned,Cash
S0001061,C00927,P0136,ST015,2026-06-08,2,101.13,0.2,Returned,Cash
S0008645,C00682,P0004,ST020,2025-06-04,2,1498.07,0.05,Completed,Cash
S0003897,C00425,P0037,ST005,2025-07-01,8,517.8,0.05,Completed,Card
S0007951,C00372,P0014,ST010,2025-09-25,3,248.71,0.05,Completed,Bank Transfer
S0005822,C00880,P0176,ST016,2026-02-01,3,339.97,0.0,Pending,Card
S0008534,C00021,P0096,ST016,2025-10-02,2,960.23,0.1,Returned,Bank Transfer
S0003309,C00083,P0020,ST001,2026-04-28,10,1327.88,0.0,Completed,Bank Transfer
S0008640,C00674,P0174,ST017,2025-07-21,3,190.58,0.1,Completed,Cash
S0002285,C00142,P0061,ST006,2025-05-05,8,235.18,0.15,Pending,Card
S0000255,C00454,P0086,ST008,2026-01-31,4,354.57,0.2,Pending,Cash
S0003295,C00157,P0098,ST019,2026-07-18,5,812.35,0.0,Cancelled,Cash
S0007801,C00861,P0080,ST019,2026-02-10,10,867.17,0.05,completed,Bank Transfer
S0002313,C00335,P0027,ST007,2025-07-20,3,1021.58,0.0,Pending,Bank Transfer
S0003451,C00666,P0179,ST014,2026-02-13,7,625.26,0.15,Completed,Mobile Money
S0009898,C00074,P0171,ST014,2026-07-03,10,602.16,0.05,Cancelled,Card
S0009902,C00628,P0156,ST009,2026-03-10,8,640.37,0.1,Completed,Cash
S0008133,C00729,P0177,ST009,2026-06-12,2,18.3,0.2,completed,Cash
S0004933, C00563 ,P0145,ST005,2026-01-03,10,1489.66,0.0,Completed,Mobile Money
S0006217,C00792,P0102,ST003,2026-06-15,9,764.05,0.1,Returned,Cash
S0008181,C00081,P0163,ST015,2025-07-16,7,1402.67,0.2,Returned,Cash
S0007471,C00934,P0165,ST013,2026-01-01,3,828.91,0.05,Returned,Bank Transfer
S0005407,C00105,P0197,ST008,2025-04-08,6,114.83,0.2,completed,Mobile Money
S0006225,C00100,P0124,ST006,2026-05-10,4,637.34,0.1,Completed,Cash
S0000397,C00929,P0149,ST001,2026-06-04,1,276.03,0.2,Cancelled,Bank Transfer
S0007476,C00171,P0093,ST010,2025-01-07,1,92.45,0.15,completed,Cash
S0006527,C00865,P0015,ST005,2026-06-11,5,1127.86,0.0,completed,Bank Transfer
S0006442,C00068,P0050,ST001,2025-03-18,6,342.55,0.15,Completed,Mobile Money
S0004611,C00055,P0052,ST009,2026-02-21,1,1037.08,0.15,Completed,Mobile Money
S0007234,C00724,P0037,ST011,2026-06-09,0,515.49,0.2,Pending,Cash
S0005149,C00403,P0029,ST018,2025-11-10,3,1221.42,0.15,Pending,Bank Transfer
S0001178,C00813,P0135,ST013,2025-07-28,3,1296.73,0.15,completed,Cash
S0006333,C00682,P0027,ST005,2025-06-25,6,1023.69,0.0,completed,Cash
S0004713,C00285,P0058,ST005,2025-11-03,9,1324.4,0.05,Cancelled,Card
S0001550,C00061,P0011,ST011,2025-01-20,3,155.54,0.05,completed,Card
S0008273,C00533,P0004,ST018,2025-12-05,3,1501.73,0.2,Cancelled,Bank Transfer
S0008945,C00239,P0096,ST012,2025-06-07,2,958.99,0.2,Cancelled,Card
S0001924,C00539,P0040,ST016,2025-12-26,6,1289.45,0.2,Returned,Mobile Money
S0005062,C00920,P0055,ST019,2026-07-26,3,323.79,0.2,Cancelled,Card
S0004971,C00113,P0014,ST002,2026-06-17,8,246.1,0.1,Cancelled,Card
S0004730,C00228,P0082,ST013,2026-06-07,2,1223.66,0.05,Returned,Card
S0004728,C00072,P0063,ST005,2026-05-14,1,1439.95,0.15,Pending,Card
S0003190,C00765,P0148,ST014,2026-05-26,10,554.31,0.1,Returned,Card
S0002745,C00442,P0108,ST019,2026-05-23,2,875.58,0.0,Returned,Cash
S0004341,C00507,P0023,ST002,2025-05-21,9,837.6,0.15,Returned,Mobile Money
S0003178,C00094,P0198,ST013,2025-01-17,2,819.21,0.05,Completed,Card
S0009514,C00004,P0102,ST001,2026-04-25,9,760.02,0.15,Pending,Mobile Money
S0009779,C00172,P0044,ST005,2025-10-25,3,919.94,0.05,Pending,Mobile Money
S0008812,C00929,P0195,ST001,2026-01-14,3,895.6,0.2,Pending,Cash
S0006211,C00296,P0061,ST003,2025-09-09,8,236.25,0.1,completed,Mobile Money
S0008464,C00634,P0021,ST017,2025-11-25,6,1308.59,0.15,Returned,Bank Transfer
S0003079,C00184,P0098,ST011,2025-10-06,9,812.4,0.2,completed,Card
S0008889,C00227,P0024,ST004,2025-08-22,1,608.68,0.0,Cancelled,Card
S0003958,C00680,P0101,ST012,2026-03-16,3,1241.47,0.05,Cancelled,Mobile Money
S0005818,C00089,P0153,ST011,2025-10-24,6,505.7,0.15,Returned,Card
S0000454,C00009,P0188,ST019,2025-03-27,2,805.9,0.15,Completed,Bank Transfer
S0007066,C00607,P0142,ST001,2025-08-03,8,1164.74,0.05,Cancelled,Cash
S0002732,C00406,P0108,ST019,2025-01-07,8,873.17,0.2,Cancelled,Cash
S0009644,C00549,P0122,ST009,2025-11-15,2,1123.69,0.2,Cancelled,Cash
S0008124,C00432,P0146,ST018,2025-01-26,4,1390.01,0.05,Cancelled,Mobile Money
S0000055,C00675,P0021,ST019,2025-11-30,7,1313.15,0.15,Returned,Mobile Money
S0003250,C00578,P0101,ST017,2025-07-08,5,1236.48,0.15,completed,Bank Transfer
S0006114,C00031,P0079,ST013,2025-11-16,1,1033.9,0.0,completed,Cash
S0001234,C00861,P0194,ST011,2026-01-22,6,1314.8,0.2,Completed,Bank Transfer
S0004940,C00634,P0158,ST019,2026-07-23,5,98.74,0.1,Pending,Mobile Money
S0001252,C00919,P0196,ST003,2025-11-04,2,501.47,0.2,Cancelled,Bank Transfer
S0007294,C00661,P0097,ST019,2026-05-25,1,1379.41,0.15,Pending,Card
S0009940,C00469,P0018,ST004,2026-04-14,6,873.04,0.1,Completed,Bank Transfer
S0000016,C00820,P0037,ST009,2026-05-18,3,513.42,0.15,completed,Card
S0005651,C00801,P0125,ST001,2025-09-28,1,646.57,0.0,Returned,Bank Transfer
S0002393,C00355,P0093,ST002,2025-12-15,6,94.06,0.2,Completed,Card
S0003333,C00041,P0058,ST017,2025-10-03,5,1325.82,0.1,Pending,Card
S0001710,C00817,P0072,ST011,2025-01-14,3,1114.08,0.15,completed,Cash
S0000443,C00454,P0007,ST007,2025-09-16,6,112.69,0.15,Pending,Cash
S0008545,C00844,P0057,ST014,2025-05-14,2,206.84,0.1,Pending,Cash
S0000487,C00346,P0083,ST003,2026-05-10,6,1054.92,0.05,Pending,Bank Transfer
S0005073,C00908,P0079,ST007,2025-06-05,8,1032.23,0.05,Returned,Bank Transfer
S0003401,C00923,P0100,ST008,2026-03-01,2,919.12,0.15,completed,Cash
S0009331,C00188,P0114,ST009,2026-05-15,7,555.61,0.05,Returned,Cash
S0001870,C00585,P0045,ST017,2025-11-06,9,1246.99,0.0,Returned,Cash
S0005934,C00409,P0137,ST015,2025-12-01,5,152.64,0.1,Pending,Mobile Money
S0004514,C00408,P0076,ST014,2026-06-22,4,708.84,0.1,completed,Cash
S0003433,C00695,P0006,ST001,2025-07-15,4,1223.25,0.15,completed,Mobile Money
S0008413,C00810,P0081,ST007,2025-04-05,8,201.91,0.05,Cancelled,Cash
S0000852,C00024,P0123,ST007,2026-07-17,2,814.42,0.1,Pending,Card
S0009719,C00480,P0080,ST003,2025-02-22,5,870.26,0.15,Pending,Bank Transfer
S0000223,C00159,P0187,ST007,2025-02-02,5,388.33,0.15,completed,Bank Transfer
S0001793,C00142,P0043,ST007,2025-11-29,7,1030.72,0.1,Completed,Cash
S0005656,C00900,P0078,ST017,2025-04-17,4,914.2,0.0,completed,Card
S0006703,C00417,P0029,ST018,2026-02-23,1,1222.38,0.15,Completed,Card
S0008002,C00678,P0150,ST014,2025-08-21,10,679.18,0.05,Pending,Bank Transfer
S0000911,C00030,P0121,ST017,2025-01-09,3,1015.13,0.15,completed,Mobile Money
S0004433,C00558,P0016,ST018,2026-06-04,2,994.81,0.1,Completed,Bank Transfer
S0007403,C00350,P0196,ST020,2026-04-12,6,507.34,0.05,completed,Bank Transfer
S0001130,C00216,P0119,ST002,2025-01-08,7,411.91,0.0,Pending,Bank Transfer
S0008958,C00213,P0146,ST019,2025-04-17,6,1391.15,0.0,Completed,Cash
S0005946,C00594,P0022,ST004,2025-03-11,5,648.14,0.15,Returned,Mobile Money
S0000653,C00616,P0026,ST012,2025-06-05,10,1076.73,0.05,Returned,Card
S0007925,C00482,P0149,ST002,2026-07-12,2,275.31,0.05,Pending,Bank Transfer
S0002522,C00019,P0154,ST011,2026-04-28,2,20.58,0.15,Returned,Bank Transfer
S0007756,C00137,P0020,ST005,2025-08-30,9,1322.61,0.15,Completed,Mobile Money
S0000187,C00711,P0047,ST012,2025-08-09,3,621.02,0.15,Pending,Bank Transfer
S0004848,C00848,P0172,ST017,2025-02-24,4,1419.13,0.0,Returned,Mobile Money
S0000779,C00610,P0182,ST014,2026-03-13,9,553.68,0.0,Returned,Cash
S0001882,C00332,P0111,ST008,2025-08-09,4,496.63,0.1,Completed,Card
S0007633,C00436,P0139,ST010,2025-04-28,10,1108.92,0.15,Cancelled,Mobile Money
S0004261,C00444,P0153,ST004,2025-09-06,3,501.56,0.1,Returned,Card
S0003394,C00644,P0117,ST007,2025-12-21,5,293.6,0.2,Returned,Bank Transfer
S0009891,C00447,P0132,ST017,2025-03-17,5,1402.99,0.1,Completed,Mobile Money
S0007089,C00788,P0160,ST003,2026-06-15,6,336.38,0.15,Returned,Mobile Money
S0002819,C00300,P0040,ST011,2025-07-20,5,1286.11,0.1,completed,Card
S0000194,C00336,P0171,ST020,2025-07-12,6,602.45,0.1,Returned,Bank Transfer
S0007473,C00120,P0137,ST014,2026-07-07,1,152.79,0.15,Pending,Card
S0000354,C00656,P0098,ST019,2025-03-06,3,812.06,0.2,Completed,Card
S0007414,C00340,P0010,ST015,2026-06-07,7,100.92,0.0,completed,Cash
S0002877,C00555,P0096,ST004,2025-12-16,7,959.42,0.0,Completed,Card
S0004204,C00300,P0118,ST007,2026-01-04,7,806.73,0.15,completed,Mobile Money
S0006747,C00897,P0086,ST016,2025-12-03,1,353.67,0.1,Returned,Cash
S0006818,C00774,P0017,ST005,2025-12-03,2,151.74,0.0,Returned,Mobile Money
S0002473,C00777,P0083,ST001,2025-08-08,1,1053.81,0.15,completed,Card
S0000541,C00399,P0133,ST009,2025-07-03,2,942.66,0.05,completed,Card
S0009704,C00301,P0120,ST010,2026-07-31,7,542.59,0.1,completed,Card
S0006884,C00938,P0169,ST013,2025-04-30,5,1118.76,0.15,Pending,Bank Transfer
S0007376,C00058,P0068,ST016,2026-01-22,4,100.29,0.05,Completed,Card
S0002873,C00508,P0168,ST012,2025-03-10,3,748.4,0.0,completed,Bank Transfer
S0008578,C00928,P0152,ST005,2025-07-05,2,923.66,0.05,Completed,Card
S0006485,C00738,P0190,ST009,2025-02-27,7,950.12,0.2,Returned,Mobile Money
S0006255,C00683,P0082,ST019,2026-01-15,5,1218.02,0.0,Pending,Cash
S0001123,C00284,P0065,ST015,2025-08-07,3,590.08,0.2,Cancelled,Cash
S0003368,C00739,P0138,ST020,2026-04-28,7,1438.83,0.2,completed,Bank Transfer
S0000118,C00189,P0183,ST004,2025-03-23,2,153.84,0.1,Pending,Card
S0008116,C00711,P0025,ST003,2025-06-29,7,331.15,0.15,Pending,Card
S0007624,C00131,P0176,ST017,2025-10-11,6,339.16,0.15,completed,Mobile Money
S0009119,C00303,P0014,ST003,2026-01-29,6,246.35,0.05,Cancelled,Mobile Money
S0008161,C00048,P0060,ST017,2025-07-29,1,734.02,0.0,Pending,Bank Transfer
S0003561,C00792,P0042,ST004,2025-08-28,3,355.51,0.1,completed,Card
S0006385,C00246,P0180,ST001,2025-08-10,10,687.43,0.15,Cancelled,Bank Transfer
S0000072,C00001,P0046,ST012,2026-03-30,10,921.03,0.2,completed,Mobile Money
S0008710,C00237,P0016,ST017,2025-03-21,1,997.49,0.15,Cancelled,Cash
S0000085,C00055,P0045,ST012,2025-07-13,2,1245.97,0.05,Cancelled,Bank Transfer
S0003077,C00509,P0143,ST003,2025-05-27,1,1166.32,0.1,completed,Bank Transfer
S0000759,C00160,P0108,ST005,2025-02-14,1,875.23,0.0,completed,Mobile Money
S0008600,C00721,P0186,ST009,2026-07-25,1,1352.64,0.1,completed,Mobile Money
S0006960,C00375,P0016,ST010,2026-06-01,1,996.12,0.2,Pending,Mobile Money
S0002323,C00710,P0098,ST001,2025-12-16,4,809.26,0.05,Cancelled,Mobile Money
S0008838,C00527,P0027,ST005,2026-06-24,8,1020.46,0.1,Completed,Card
S0008248,C00791,P0024,ST002,2025-03-08,6,607.11,0.1,Pending,Card
S0002092,C00739,P0169,ST020,2025-04-16,9,1118.66,0.0,Cancelled,Card
S0003480,C00616,P0020,ST002,2026-01-14,4,1327.95,0.1,Cancelled,Bank Transfer
S0004082,C00355,P0114,ST016,2025-07-29,5,554.67,0.1,Cancelled,Card
S0007641,C00981,P0093,ST016,2025-06-30,3,94.7,0.05,Cancelled,Cash
S0006187,C00466,P0031,ST017,2025-10-18,6,621.55,0.15,Completed,Mobile Money
S0008959,C00066,P0027,ST020,2025-10-07,9,1021.62,0.05,Completed,Mobile Money
S0001696,C00812,P0124,ST017,2025-03-27,7,638.46,0.15,Completed,Bank Transfer
S0005348,C00321,P0127,ST018,2026-03-02,2,1485.87,0.2,Cancelled,Cash
S0009169,C00101,P0001,ST018,2025-04-15,7,1032.5,0.1,Cancelled,Bank Transfer
S0008886,C00486,P0036,ST004,2025-06-18,5,1284.54,0.05,completed,Mobile Money
S0009760,C00190,P0080,ST017,2025-10-04,2,868.35,0.15,completed,Mobile Money
S0002831,C00413,P0122,ST016,2025-11-06,8,1122.03,0.2,Cancelled,Card
S0000846,C00765,P0150,ST005,2025-03-10,2,680.94,0.2,Pending,Card
S0006027,C00916,P0020,ST020,2026-03-23,3,1323.55,0.2,Completed,Bank Transfer
S0005815,C00033,P0025,ST002,2025-02-22,5,330.33,0.2,Pending,Mobile Money
S0004856,C00045,P0023,ST003,2025-07-01,7,838.88,0.15,Returned,Mobile Money
S0000888,C00495,P0160,ST001,2025-02-18,6,336.44,0.2,Cancelled,Mobile Money
S0005227,C00580,P0022,ST016,2026-03-25,5,645.55,0.15,Returned,Bank Transfer
S0006894,C00292,P0015,ST005,2026-03-21,5,1129.17,0.0,Completed,Bank Transfer
S0009842,C00680,P0177,ST013,2025-11-22,9,16.42,0.0,completed,Mobile Money
S0003742,C00778,P0049,ST017,2025-12-19,1,468.23,0.05,Returned,Bank Transfer
S0000391,C00854,P0166,ST005,2025-11-05,4,1102.13,0.0,Pending,Bank Transfer
S0009070,C00990,P0013,ST012,2026-03-25,3,96.67,0.05,Cancelled,Card
S0006506,C00822,P0058,ST005,2025-01-10,0,1326.83,0.05,Pending,Bank Transfer
S0003757,C00433,P0070,ST003,2025-08-30,10,1142.6,0.15,Pending,Cash
S0004923,C00215,P0148,ST003,2025-01-28,4,556.95,0.1,Cancelled,Cash
S0000457,C00009,P0101,ST009,2025-12-19,8,1242.14,0.0,Cancelled,Card
S0003510,,P0040,ST015,2026-06-26,6,1287.66,0.2,Returned,Bank Transfer
S0003705,C00127,P0022,ST009,2025-05-16,0,651.18,0.2,Pending,Card
S0008408,C00552,P0143,ST019,2025-06-21,9,1163.86,0.1,Completed,Bank Transfer
S0008932,C00195,P0200,ST009,2026-02-28,2,598.67,0.1,Returned,Bank Transfer
S0006167,C00811,P0114,ST009,2026-07-05,8,550.75,0.15,Pending,Card
S0007718,C00652,P0029,ST014,2025-02-19,1,1226.21,0.2,Completed,Card
S0000262,C00486,P0079,ST007,2025-05-19,1,1028.66,0.15,Pending,Bank Transfer
S0001361,C00010,P0038,ST007,2026-01-07,4,309.35,0.0,Cancelled,Mobile Money
S0006231,C00966,P0174,ST020,2026-05-08,8,193.26,0.0,Returned,Bank Transfer
S0005888,C00651,P0110,ST004,2025-01-19,9,1367.57,0.1,Cancelled,Cash
S0000138,C00284,P0187,ST015,2025-12-14,2,389.5,0.1,Cancelled,Bank Transfer
S0009762,C00985,P0086,ST011,2025-10-08,9,355.62,0.05,completed,Mobile Money
S0003151,C00155,P0103,ST008,2025-05-15,8,1298.21,0.2,Completed,Bank Transfer
S0002002,C00832,P0157,ST009,2025-02-24,1,1293.86,0.0,completed,Cash
S0006097,C00757,P0196,ST019,2026-02-03,5,501.05,0.15,completed,Mobile Money
S0001625,C00888,P0020,ST009,2025-06-19,4,1323.38,0.05,Returned,Mobile Money
S0000534,C00315,P0004,ST003,2026-06-29,3,1495.13,0.1,Cancelled,Bank Transfer
S0009725,C00364,P0134,ST013,2025-09-10,8,1255.44,0.2,Pending,Card
S0002833,C00408,P0155,ST003,2025-11-13,7,1413.67,0.05,Completed,Card
S0007450,C00911,P0099,ST019,2025-11-28,3,1393.34,0.0,Returned,Bank Transfer
S0002917,C00135,P0169,ST006,2025-02-05,6,1121.2,0.2,completed,Bank Transfer
S0009472,C00810,P0193,ST013,2026-07-07,5,909.19,0.15,Returned,Mobile Money
S0002236,C00656,P0157,ST010,2025-04-18,3,1293.42,0.05,Completed,Card
S0003615,C00502,P0171,ST006,2025-04-27,2,601.53,0.2,completed,Cash
S0008630,C00374,P0085,ST009,2026-04-01,1,986.65,0.2,Completed,Mobile Money
S0008017,C00491,P0009,ST011,2025-09-28,10,147.25,0.15,Completed,Cash
S0004899,C00441,P0048,ST014,2025-07-24,7,647.1,0.15,completed,Card
S0009431,C00201,P0051,ST018,2026-07-29,1,531.19,0.05,Cancelled,Cash
S0005402,C00812,P0099,ST010,2025-05-25,8,1391.67,0.2,Cancelled,Card
S0008330,C00901, P0096 ,ST008,2025-10-08,4,960.39,0.1,Cancelled,Mobile Money
S0002716,C00216,P0044,ST014,2025-08-05,5,915.33,0.1,Returned,Card
S0006162,C00873,P0135,ST012,2025-07-23,2,1295.81,0.15,Cancelled,Bank Transfer
S0006023,C00911,P0065,ST009,2026-04-11,2,592.25,0.15,Returned,Mobile Money
S0006910,C00715,P0017,ST002,2025-09-28,7,151.57,0.2,Cancelled,Mobile Money
S0005538,C00589,P0166,ST006,2026-01-08,4,1097.86,0.1,Completed,Mobile Money
S0000043,C00382,P0125,ST003,2025-02-20,10,649.63,0.0,Pending,Cash
S0009333,C00950,P0052,ST002,2025-03-08,9,1037.42,0.05,Pending,Bank Transfer
S0000183,,P0133,ST010,2025-06-14,9,941.56,0.0,Cancelled,Cash
S0000105,C00475,P0028,ST006,2025-10-02,9,152.2,0.1,Pending,Card
S0001992,C00659,P0131,ST005,2025-10-02,1,1295.28,0.2,Returned,Bank Transfer
S0002574,C00670,P0069,ST004,2025-02-22,4,1360.4,0.1,Returned,Bank Transfer
S0003299,C00175,P0151,ST001,2026-11-04,10,34.09,0.05,Cancelled,Cash
S0005951,C00420,P0038,ST017,2026-01-20,0,314.04,0.0,completed,Card
S0009695,C00749,P0022,ST005,2026-04-09,5,651.01,0.1,Cancelled,Card
S0009628,C00509,P0034,ST008,2026-01-19,3,1186.07,0.0,Returned,Card
S0001352,C00224,P0013,ST011,2025-01-01,5,98.97,0.15,Completed,Bank Transfer
S0004347,C00449,P0189,ST010,2025-05-17,4,647.27,0.05,Pending,Bank Transfer
S0004791,C00648,P0095,ST004,2025-06-16,2,53.5,0.2,Completed,Cash
S0009117,C00811,P0187,ST015,2026-07-31,6,387.73,0.15,completed,Mobile Money
S0007329,C00311,P0073,ST017,2025-10-25,3,565.11,0.0,Returned,Cash
S0001059,C00220,P0182,ST007,2026-06-19,4,549.91,0.05,completed,Cash
S0003392,C00965,P0117,ST019,2026-07-25,5,292.79,0.05,Returned,Card
S0006795,C00155,P0142, ST005 ,2025-06-27,1,1164.6,0.05,Cancelled,Mobile Money
S0006862,C00400,P0017,ST002,2025-04-24,9,151.61,0.05,Completed,Bank Transfer
S0003244,C00499,P0155,ST015,2025-07-03,4,1413.45,0.05,Completed,Mobile Money
S0001568,C00338,P0028,ST011,2025-03-15,10,145.91,0.2,Pending,Card
S0003450,C00814,P0142,ST017,2026-01-02,1,1165.56,0.1,Pending,Bank Transfer
S0000914,C00659,P0023,ST014,2025-10-21,6,835.77,0.05,Pending,Bank Transfer
S0005868,C00829,P0019,ST014,2026-07-27,9,717.91,0.1,Cancelled,Card
S0001824,C00052,P0118,ST007,2025-06-10,1,808.36,0.1,Pending,Bank Transfer
S0007004,C00753,P0169,ST016,2025-11-08,10,1119.96,0.05,Pending,Cash
S0007563,C00522,P0197,ST016,2026-04-06,9,116.35,0.15,completed,Cash
S0009293,C00278,P0152,ST003,2026-02-18,2,918.06,0.15,completed,Cash
S0005326,C00730,P0059,ST012,2026-03-29,6,415.35,0.2,Cancelled,Mobile Money
S0009054,C00829,P0070,ST012,2025-02-05,5,1140.1,0.15,Completed,Card
S0001424,C00359,P0142,ST004,2026-03-28,6,1164.11,0.1,Completed,Mobile Money
S0009999,C00262,P0097,ST001,2026-03-17,5,1375.57,0.05,Cancelled,Mobile Money
S0000847,C00468,P0130,ST011,2025-10-30,2,459.52,0.0,Completed,Cash
S0009369,C00708,P0068,ST014,2025-04-25,9,102.2,0.15,Pending,Cash
S0000193,C00076,P0026,ST018,2025-05-30,9,1075.91,0.1,Completed,Cash
S0001805,C00976,P0098,ST009,2025-07-01,1,807.03,0.15,Returned,Card
S0002478,C00331,P0062,ST001,2025-10-14,8,759.29,0.1,Completed,Card
S0000293,C00706,P0070,ST007,2025-03-02,9,1139.68,0.2,Pending,Mobile Money
S0002726,C00004,P0152,ST009,2025-05-09,7,917.36,0.2,Cancelled,Bank Transfer
S0000486,C00419,P0116,ST011,2025-01-15,1,34.97,0.05,Pending,Mobile Money
S0006583,C00640,P0067,ST013,2026-02-18,1,923.26,0.05,Cancelled,Card
S0003908,C00988,P0011,ST006,2025-04-15,6,155.5,0.2,Cancelled,Bank Transfer
S0008007,C00491,P0062,ST006,2025-04-17,4,760.79,0.15,Returned,Bank Transfer
S0003109,C00431,P0108,ST020,2025-05-23,5,873.0,0.2,completed,Cash
S0000382,C00872,P0124,ST010,2026-07-30,8,634.39,0.05,Returned,Cash
S0004744,C00307,P0053,ST020,2025-05-25,4,1495.31,0.1,Pending,Mobile Money
S0009405,C00269,P0114,ST014,2025-08-29,9,553.19,0.1,Pending,Mobile Money
S0000334,C00352,P0086,ST015,2025-02-09,4,351.64,0.2,Pending,Bank Transfer
S0005588,C00705,P0067,ST002,2025-03-24,2,925.54,0.05,Cancelled,Bank Transfer
S0005842,C00496,P0088,ST018,2025-08-25,9,694.48,0.05,Cancelled,Card
S0006913,C00367,P0107,ST019,2025-12-27,5,400.55,0.2,Cancelled,Cash
S0004333,C00219,P0154,ST008,2025-01-21,5,21.79,0.05,Cancelled,Bank Transfer
S0003366,C00613,P0196,ST020,2025-06-02,10,502.27,0.0,Returned,Card
S0007038,C00985,P0150,ST001,2026-07-02,4,678.81,0.0,Returned,Card
S0001636,C00675,P0113,ST019,2026-01-03,6,360.01,0.05,Cancelled,Card
S0000013,C00996,P0077,ST009,2026-04-06,2,941.46,0.1,completed,Bank Transfer
S0004590,C00682,P0107,ST019,2025-01-26,6,403.98,0.1,Pending,Cash
S0003708,C00388,P0155,ST015,2025-05-04,5,1412.36,0.15,Pending,Bank Transfer
S0006522,C00150,P0080,ST003,2025-05-28,3,865.34,0.1,Returned,Mobile Money
S0005692,C00381,P0114,ST012,2025-12-24,1,555.22,0.1,Completed,Mobile Money
S0005572,C00539,P0129,ST008,2026-07-02,10,1202.88,0.2,Pending,Cash
S0006971,C00658,P0074,ST013,2025-09-28,10,1460.42,0.2,Completed,Bank Transfer
S0000574,C00548,P0044,ST014,2026-02-17,1,915.16,0.15,Completed,Cash
S0006144,C00739, P0063 ,ST012,2025-06-20,10,1435.23,0.2,completed,Cash
S0006233,C00693,P0039,ST007,2025-02-13,7,1494.51,0.2,Returned,Bank Transfer
S0004048,C00255,P0183,ST013,2025-12-31,1,151.16,0.2,Cancelled,Mobile Money
S0003329,C00855,P0064,ST001,2026-07-02,1,1302.64,0.1,Pending,Cash
S0003955,C00957,P0184,ST002,2026-07-06,8,105.26,0.1,Cancelled,Bank Transfer
S0007527,C00474,P0048,ST009,2026-01-01,5,640.94,0.0,Returned,Mobile Money
S0007064,C00142,P0135,ST013,2026-07-14,6,1295.16,0.0,completed,Bank Transfer
S0009875,C00749,P0134,ST010,2025-10-28,9,1257.96,0.1,completed,Card
S0000155,C00585,P0185,ST007,2026-04-14,2,843.08,0.0,Pending,Card
S0002245,C00906,P0189,ST007,2026-02-17,2,645.34,0.0,completed,Cash
S0008085,C00105,P0182,ST018,2026-02-16,7,553.22,0.15,Returned,Cash
S0007821,C00685,P0046,ST002,2026-04-25,1,921.36,0.15,Completed,Mobile Money
S0006879,C00436,P0166,ST009,2025-02-15,7,1096.35,0.0,completed,Cash
S0003673,C00374,P0034,ST003,2025-04-25,5,1185.6,0.1,Cancelled,Cash
S0006948,C00179,P0184,ST003,2025-03-24,6,106.29,0.0,Cancelled,Bank Transfer
S0005637,C00900,P0156,ST007,2026-07-31,8,639.88,0.0,Pending,Card
S0002532,C00526,P0193,ST020,2026-03-28,6,910.15,0.0,Returned,Card
S0000258,C00822,P0107,ST010,2026-02-09,7,400.01,0.0,Returned,Mobile Money
S0006552,C00164,P0190,ST999,2026-03-12,6,950.27,0.05,Returned,Bank Transfer
S0007907,C00414,P0070,ST010,2025-10-09,8,1137.47,0.2,Returned,Card
S0000932,C00753,P0091,ST003,2026-02-06,10,460.23,0.2,Completed,Bank Transfer
S0001491,C00674,P0012,ST007,2025-11-19,7,1086.63,0.0,Pending,Mobile Money
S0004745,C00892,P0154,ST004,2025-01-04,6,25.28,0.15,Pending,Bank Transfer
S0001197,C00653,P0168,ST013,2026-01-05,10,745.55,0.05,Cancelled,Mobile Money
S0003183,C00807,P0076,ST013,2025-11-20,4,712.92,0.1,Completed,Bank Transfer
S0006126,C00235,P0184,ST009,2026-04-10,1,104.25,0.05,Cancelled,Cash
S0004739,C00219,P0138,ST010,2025-10-26,10,1444.42,0.15,Returned,Cash
S0005150,C00309,P0156,ST011,2025-06-08,7,640.32,0.0,Returned,Mobile Money
S0008410,C00152,P0182,ST020,2025-06-19,5,551.03,0.0,Completed,Mobile Money
S0001213,C00613,P0170,ST020,2025-03-30,5,406.5,0.05,Cancelled,Mobile Money
S0008824,C00056,P0164,ST017,2026-02-21,7,1257.29,0.1,completed,Mobile Money
S0003831,C00941,P0066,ST014,2026-03-17,1,154.89,0.0,Cancelled,Card
S0008184,C00097,P0171,ST007,2026-04-27,9,602.8,0.15,Pending,Mobile Money
S0007499,C00189,P0011,ST005,2025-11-23,9,155.9,0.0,Returned,Card
S0006903,,P0049,ST011,2026-03-31,7,469.04,0.0,Cancelled,Bank Transfer
S0007531,C00734,P0186,ST003,2025-05-23,2,1349.62,0.05,Returned,Card
S0009930,C00222,P0079,ST003,2026-02-15,1,1032.54,0.15,Returned,Cash
S0002051,C00720,P0058,ST017,2026-05-10,9,1323.73,0.0,Pending,Cash
S0000963,C00571,P0036,ST005,2025-08-29,3,1283.52,0.1,completed,Mobile Money
S0001357,C00636,P0014,ST020,2026-07-14,6,244.78,0.2,Returned,Mobile Money
S0001993,C00291,P0098,ST015,2025-01-14,9,810.53,0.05,completed,Cash
S0000191,C00450,P0035,ST006,2025-08-01,5,305.77,0.1,Returned,Cash
S0003678,C00045,P0198,ST008,2025-10-22,8,816.86,0.05,Returned,Mobile Money
S0004367,C00619,P0128,ST003,2025-12-14,7,200.28,0.1,Returned,Mobile Money
S0002975,C00478,P0017,ST007,2025-11-22,2,149.68,0.2,Completed,Bank Transfer
S0000967,C00747,P0128,ST006,2026-01-06,3,205.02,0.15,Completed,Bank Transfer
S0006489,C00241,P0035,ST004,2025-02-12,8,307.27,0.0,Cancelled,Cash
S0003706,C00569,P0085,ST006,2025-06-26,2,986.73,0.0,Cancelled,Mobile Money
S0006068,C00706,P0046,ST017,2025-04-10,10,924.12,0.1,Cancelled,Bank Transfer
S0007843,C00987,P0165,ST011,2025-08-23,5,828.47,0.0,Returned,Mobile Money
S0002555,C00051,P0189,ST003,2025-06-11,7,645.55,0.05,Completed,Bank Transfer
S0005273,C00100,P0171,ST008,2026-04-13,1,601.53,0.1,Pending,Bank Transfer
S0008553,C00547,P0069,ST007,2025-06-10,3,1359.73,0.0,Returned,Mobile Money
S0002080,C00324,P0051,ST012,2025-01-28,7,532.97,0.15,Completed,Mobile Money
S0004041,C00998,P0157,ST005,2025-02-13,2,1292.49,0.1,Returned,Card
S0002914,C00676,P0106,ST013,2025-10-19,3,441.67,0.05,Pending,Card
S0005315,C00922,P0014,ST019,2025-04-17,4,243.81,0.2,Cancelled,Cash
S0008305,C00026,P0159,ST020,2025-07-07,7,580.99,0.2,Cancelled,Bank Transfer
S0000807,C00447,P0032,ST001,2025-12-13,9,487.1,0.0,Returned,Cash
S0003007,C00717,P0130,ST016,2025-02-21,10,460.25,0.15,Pending,Bank Transfer
S0004621,C00334,P0126,ST008,2025-05-23,5,454.99,0.15,Pending,Cash
S0005242,C00147,P0038,ST008,2025-05-15,5,310.83,0.0,Pending,Bank Transfer
S0008337,C00137,P0037,ST003,2026-02-27,9,517.21,0.15,completed,Card
S0005196,C00524,P0015,ST014,2025-07-14,6,1125.61,0.1,Returned,Cash
S0004521,C00951,P0061,ST009,2025-03-12,1,236.47,0.2,completed,Cash
S0008816,C00899,P0153,ST003,2025-11-03,6,503.52,0.2,Cancelled,Cash
S0008668,C00023,P0165,ST020,2026-05-21,8,830.41,0.1,Returned,Cash
S0004127,C00108,P0048,ST017,2025-11-28,4,644.91,0.05,Cancelled,Bank Transfer
S0008653,C00345,P0186,ST001,2025-02-16,2,1352.62,0.15,Pending,Bank Transfer
S0006531,C00381,P0010,ST006,2025-10-14,9,99.57,0.15,Pending,Mobile Money
S0003260,C00766,P0064,ST016,2025-01-10,6,1300.61,0.15,Pending,Bank Transfer
S0006377,C00894,P0145,ST020,2025-06-20,1,1496.75,0.1,Pending,Mobile Money
S0000482,C00403,P0072,ST018,2026-02-06,1,1112.67,0.2,Returned,Cash
S0004378,C00600,P0084,ST008,2025-11-26,10,225.62,0.2,Pending,Cash
S0006029,C00831,P0071,ST020,2026-01-29,10,1337.06,0.2,Returned,Mobile Money
S0004054,C00841,P0178,ST014,2025-11-24,7,1440.46,0.15,Returned,Bank Transfer
S0002101,C00271,P0081,ST007,2025-12-13,4,206.1,0.1,Completed,Bank Transfer
S0003025,C00083,P0057,ST018,2025-02-14,6,203.34,0.1,completed,Bank Transfer
S0008867,C00525,P0190,ST016,2025-03-21,5,952.92,0.15,completed,Card
S0001273,C00477,P0056,ST003,2025-06-18,5,1185.6,0.0,completed,Card
S0006834,C00344,P0067,ST018,2026-05-03,9,921.02,0.2,Returned,Bank Transfer
S0007596,C00303,P0189,ST009,2025-05-15,2,644.69,0.1,completed,Cash
S0005416,C00826,P0128,ST012,2025-03-04,7,204.51,0.2,Cancelled,Card
S0008595,C00303,P0177,ST005,2026-06-16,6,19.14,0.15,Pending,Mobile Money
S0007754,C00954,P0010,ST019,2025-06-10,3,96.54,0.1,Completed,Mobile Money
S0002868,C00205,P0049,ST001,2025-01-31,7,469.61,0.15,Cancelled,Cash
S0001512,C00264,P0011,ST017,2025-09-09,5,153.96,0.1,Returned,Cash
S0006001,C00424,P0132,ST017,2025-07-19,7,1405.47,0.2,Returned,Card
S0001165,C00540,P0196,ST020,2026-06-13,6,501.69,0.0,Pending,Cash
S0001441,C00996,P0120,ST020,2025-10-19,10,545.65,0.0,completed,Mobile Money
S0007720,C00680,P0037,ST010,2026-05-03,3,516.77,0.05,Returned,Mobile Money
S0005552,C00481,P0016,ST008,2025-01-24,5,990.38,0.0,Completed,Mobile Money
S0004676,C00267,P0117,ST019,2025-05-02,3,294.96,0.0,Returned,Cash
S0001653,C00500,P0133,ST017,2026-06-04,8,941.66,0.15,Cancelled,Bank Transfer
S0001495,C00644,P0198,ST017,2025-06-22,2,818.3,0.05,completed,Bank Transfer
S0006238,C00140,P0173,ST015,2026-01-15,2,663.95,0.2,Cancelled,Bank Transfer
S0006425,C00263,P0126,ST003,2025-11-14,6,451.0,0.05,Returned,Card
S0002903,C00228,P0130,ST020,2025-08-24,4,459.31,0.2,Pending,Bank Transfer
S0006110,C00249,P0128,ST014,2026-02-21,6,205.98,0.0,Completed,Cash
S0005448,C00691,P0077,ST015,2026-01-26,3,941.39,0.0,completed,Cash
S0006775,C00669,P0017,ST006,2026-01-29,3,152.68,0.0,completed,Mobile Money
S0005593,C00766,P0001,ST011,2025-11-23,7,0.0,0.1,completed,Card
S0002511,C00152,P0123,ST009,2025-01-08,1,816.16,0.15,Completed,Mobile Money
S0005256,C00183,P0183,ST019,2025-10-15,6,153.97,0.2,Completed,Mobile Money
S0003665,C00441,P0128,ST005,2025-04-09,1,202.88,0.0,completed,Bank Transfer
S0002389,C00401,P0032,ST017,2026-06-24,3,487.58,0.1,Cancelled,Bank Transfer
S0007377,C00727,P0191,ST015,2026-07-30,8,1378.8,0.1,Cancelled,Cash
S0003684,C00739,P0015,ST013,2026-03-19,7,1131.54,0.0,Cancelled,Bank Transfer
S0000261,C00014,P0124,ST018,2026-03-10,1,637.19,0.05,Cancelled,Bank Transfer
S0000504,C00407,P0083,ST005,2025-02-05,8,1055.56,0.1,Cancelled,Bank Transfer
S0009699,C00507,P0196,ST007,2026-01-14,2,499.16,0.15,Cancelled,Mobile Money
S0000432,C00251,P0171,ST001,2025-02-07,4,599.84,0.1,Pending,Mobile Money
S0003591,C00872,P0171,ST006,2025-09-04,4,603.26,0.0,Completed,Cash
S0001031,C00247,P0001,ST018,2026-05-29,3,1034.78,0.05,completed,Cash
S0004672,C00433,P0057,ST011,2025-08-14,7,203.87,0.05,Returned,Mobile Money
S0002456,C00306,P0124,ST005,2025-01-10,6,640.06,0.15,Pending,Cash
S0004544,C00571,P0101,ST003,2025-06-20,6,1238.98,0.1,Pending,Cash
S0004100,C00382,P0060,ST001,2025-11-02,5,735.34,0.0,Pending,Cash
S0003744,C00510,P0094,ST011,2026-01-23,2,488.92,0.2,Pending,Bank Transfer
S0008425,C00308,P0189,ST003,2025-10-26,2,645.62,0.0,Completed,Bank Transfer
S0007077,C00728,P0145,ST012,2026-02-18,6,1492.45,0.0,Cancelled,Bank Transfer
S0005743,C00112,P0156,ST019,2025-09-09,3,642.5,0.0,Returned,Cash
S0001367,C00347,P0026,ST003,2026-01-06,8,1076.93,0.05,completed,Mobile Money
S0007744,C00436,P0146,ST018,2025-03-28,4,1392.67,0.15,Cancelled,Card
S0009388,C00751,P0076,ST011,2026-03-24,9,711.91,0.0,Pending,Cash
S0001356,C00395,P0054,ST004,2026-07-30,6,101.47,0.2,Pending,Mobile Money
S0001516,C00220,P0177,ST012,2025-11-20,3,18.01,0.05,completed,Mobile Money
S0009601,C00838,P0067,ST012,2026-03-27,6,920.61,0.1,completed,Cash
S0002754,C00295,P0153,ST013,2026-05-18,4,503.15,0.1,Pending,Bank Transfer
S0006108,C00563,P0105,ST016,2025-02-28,3,737.28,0.0,completed,Card
S0004308,C00933,P0010,ST016,2025-11-05,5,96.88,0.2,Pending,Cash
S0003957,C00326,P0109,ST006,2025-01-03,4,186.56,0.15,Pending,Mobile Money
S0000699,C00061,P0126,ST002,2025-08-01,8,452.9,0.15,Cancelled,Card
S0008901,C00495,P0012,ST013,2025-02-04,6,1082.48,0.15,Cancelled,Card
S0008737,C00894,P0197,ST013,2026-01-10,2,114.41,0.15,Returned,Mobile Money
S0002661,C00601,P0096,ST008,2025-03-14,2,959.32,0.0,completed,Cash
S0003397,C00297,P0183, ST001 ,2026-03-11,3,153.43,0.0,Cancelled,Mobile Money
S0002932,C00904,P0115,ST017,2025-06-01,5,617.07,0.1,completed,Card
S0006091,C00219,P0010,ST019,2026-06-11,10,100.39,0.0,completed,Mobile Money
S0009853,C00019,P0055,ST018,2025-10-01,10,319.66,0.15,completed,Cash
S0002568,C00203,P0109,ST006,2026-07-28,10,193.17,0.15,Returned,Cash
S0002133,C00713,P0101,ST016,2025-04-20,1,1239.13,0.0,Cancelled,Mobile Money
S0000929,C00668,P0010,ST019,2026-03-31,9,98.93,0.05,Pending,Cash
S0009102,C00643,P0030,ST019,2025-05-07,0,1370.16,0.0,Completed,Mobile Money
S0004615,C00374,P0008,ST019,2025-07-29,10,1262.36,0.2,Cancelled,Mobile Money
S0003486,C00479,P0074,ST015,2025-02-01,4,1457.7,0.2,Completed,Card
S0002898,C00083,P0152,ST001,2026-06-29,2,921.92,0.05,Returned,Cash
S0004539,C00403,P0141,ST010,2025-10-18,4,100.28,0.15,Pending,Card
S0004507,C00969,P0184,ST006,2025-09-28,9,102.95,0.05,Pending,Card
S0007231,C00148,P0038,ST003,2025-09-20,10,310.85,,Pending,Card
S0000701,C00661,P0034,ST002,2025-07-29,3,1181.78,0.15,completed,Bank Transfer
S0006256,C00601,P0079,ST018,2025-09-30,2,1032.85,0.2,completed,Cash
S0009283,C00701,P0006,ST001,2025-08-18,2,1223.96,0.05,Pending,Cash
S0004584,C00960,P0155,ST018,2026-04-22,3,1415.37,0.2,Completed,Mobile Money
S0008030,C00403,P0075,ST015,2026-01-05,5,428.57,0.2,Cancelled,Bank Transfer
S0007346,C00373,P0018,ST012,2025-01-06,6,876.92,0.2,Completed,Card
S0008059,C00271,P0176,ST013,2025-01-31,10,341.44,0.1,Completed,Cash
S0005619,C00489,P0125,ST013,2025-05-01,4,645.98,0.15,Pending,Bank Transfer
S0004153,C00453,P0163,ST016,2025-01-02,2,1402.57,0.0,Completed,Cash
S0004302,C00386,P0040,ST001,2025-03-01,1,1287.87,0.1,Returned,Mobile Money
S0003516,C00573,P0171,ST020,2025-05-29,3,598.99,0.2,Returned,Bank Transfer
S0003698,C00241,P0081,ST007,2026-03-28,1,202.55,0.15,Returned,Mobile Money
S0005343,C00453,P0155,ST012,2026-06-09,4,1411.01,0.05,Cancelled,Card
S0007950,C00112,P0097,ST001,2025-03-02,3,1376.25,0.2,completed,Cash
S0002920,C00264,P0058,ST002,2025-11-25,4,1325.77,0.15,Completed,Mobile Money
S0007241,C00099,P0190,ST014,2026-06-14,3,953.35,0.2,completed,Card
S0009234,C00825,P0083,ST019,2025-07-08,4,1057.48,0.15,Pending,Bank Transfer
S0007019,C00332,P0031,ST011,2025-07-07,6,626.14,0.2,completed,Cash
S0009546,C00976,P0083,ST003,2026-03-18,3,1057.6,0.15,Completed,Bank Transfer
S0009608,C00064,P0077,ST016,2026-03-23,10,940.29,0.05,completed,Card
S0007701,C00994,P0180,ST015,2025-12-14,2,688.15,0.05,completed,Bank Transfer
S0003832,C00773,P0102,ST003,2026-06-23,9,762.3,0.1,completed,Cash
S0007149,C00266,P0116,ST009,2025-08-06,7,35.69,0.1,Returned,Mobile Money
S0002182,C00296, P0122 ,ST013,2025-03-11,9,1118.7,0.15,Completed,Cash
S0009528,C00789,P0009,ST003,2025-06-30,4,152.68,0.2,Cancelled,Card
S0006132,C00221,P0067,ST007,2025-12-28,10,920.21,0.0,Pending,Bank Transfer
S0002134,C00949,P0089,ST001,2025-10-03,4,283.97,0.1,Pending,Mobile Money
S0003982,C00464,P0029,ST007,2026-01-11,8,1226.06,0.2,Cancelled,Bank Transfer
S0001282,C00798,P0143,ST004,2026-07-09,10,1164.72,0.0,completed,Card
S0009329,C00935,P0015,ST013,2026-06-01,10,1127.68,0.1,Cancelled,Mobile Money
S0003815,C00089,P0058,ST016,2026-07-16,5,1327.23,0.2,Returned,Card
S0009220,C00499,P0028,ST005,2026-07-08,8,149.86,0.2,completed,Cash
S0007005, C00510 ,P0009,ST016,2025-05-09,5,151.21,0.0,Returned,Mobile Money
S0009980,C00112,P0062,ST016,2026-07-18,3,760.46,0.05,Pending,Cash
S0001885,C00472,P0137,ST019,2026-05-13,6,153.48,0.0,Pending,Cash
S0008731,C00905,P0041,ST003,2026-03-14,8,538.2,0.2,Cancelled,Cash
S0007191,C00256,P0108,ST013,2025-03-11,8,874.06,0.2,Cancelled,Mobile Money
S0001439,C00253,P0073,ST007,2026-01-01,4,567.2,0.05,completed,Mobile Money
S0004040,C00113,P0006,ST011,2025-05-23,3,1225.31,0.0,completed,Mobile Money
S0004959,C00552,P0053,ST010,2026-06-02,6,1490.27,0.15,Cancelled,Mobile Money
S0007935,C00142,P0033,ST005,2025-05-14,5,333.99,0.15,Cancelled,Bank Transfer
S0000168,C00195,P0188,ST005,2025-06-26,8,805.31,0.05,Returned,Cash
S0001002,C00655,P0192,ST005,2025-10-08,3,243.8,0.0,Returned,Cash
S0003313,C00479,P0137,ST014,2025-12-12,6,156.26,0.05,Pending,Cash
S0004490,C00863,P0149,ST005,2025-05-26,8,276.79,0.15,Cancelled,Cash
S0006459,C00266,P0035,ST019,2025-03-19,8,303.51,0.0,completed,Card
S0000122,C00405,P0150,ST009,2026-05-30,2,675.18,0.1,Completed,Mobile Money
S0004318,C00418,P0149,ST003,2026-05-30,6,279.09,0.0,Completed,Bank Transfer
S0007322,C00222,P0083,ST010,2025-12-27,1,1057.64,0.05,Completed,Mobile Money
S0001797,C00633,P0135,ST001,2026-02-21,4,1295.44,0.2,completed,Card
S0000678,C00060,P0177,ST005,2025-12-05,5,15.45,0.05,Cancelled,Mobile Money
S0006648,C00673,P0021,ST008,2025-09-16,7,1307.02,0.2,Cancelled,Cash
S0002927,C00733,P0036,ST018,2025-03-21,9,1283.43,0.2,Returned,Cash
S0008011,C00483,P0106,ST002,2026-07-16,9,441.29,0.05,Cancelled,Bank Transfer
S0007913,C00796,P0033,ST006,2025-01-29,9,332.97,0.15,Completed,Card
S0005335,C00755,P0032,ST010,2025-04-28,1,485.72,0.1,Pending,Card
S0002128,C00244,P0195,ST017,2025-04-10,5,897.21,0.05,Returned,Bank Transfer
S0003120,C00900,P0027,ST007,2026-06-28,0,1019.75,0.2,Cancelled,Mobile Money
S0004251,C00267,P0020,ST020,2026-05-06,9,1325.3,0.15,Returned,Cash
S0004155,C00516,P0150,ST011,2026-01-13,5,677.45,0.05,completed,Bank Transfer
S0001632,C00179,P0078,ST006,2025-05-14,9,914.57,0.05,Returned,Cash
S0001489,C00991,P0120,ST018,2026-04-02,8,542.23,0.05,Returned,Cash
S0006996,C00070,P0073,ST003,2026-04-19,8,562.82,0.05,completed,Mobile Money
S0009727,C00818,P0177,ST011,2026-07-01,9,17.54,0.1,Completed,Card
S0004361,C00908,P0059,ST008,2025-05-22,3,413.07,0.2,Returned,Bank Transfer
S0009045,C00042,P0165,ST002,2026-01-24,4,828.51,0.1,Pending,Card
S0007393,C00978,P0156,ST015,2025-01-21,8,639.94,0.2,Pending,Card
S0004176,C00980,P0091,ST017,2025-02-24,4,457.8,0.2,Completed,Card
S0009626,C00278,P0121,ST001,2025-07-09,2,1016.57,0.15,Cancelled,Bank Transfer
S0009955,C00660,P0179,ST002,2025-07-31,1,627.39,0.1,completed,Card
S0009073,C00483,P0010,ST020,2025-03-04,8,101.63,0.0,completed,Mobile Money
S0004260,C00559,P0159,ST006,2025-08-07,8,582.17,0.2,Cancelled,Bank Transfer
S0004993,C00572,P0075,ST010,2025-12-24,2,428.06,0.1,completed,Mobile Money
S0003409,C00401,P0016,ST015,2025-08-15,4,992.54,0.2,Returned,Card
S0006501,C00581,P0080,ST014,2025-08-04,8,866.94,0.15,Completed,Mobile Money
S0000594,C00796,P0070,ST999,2025-03-14,1,1140.2,0.2,Cancelled,Card
S0004434,C00417,P0199,ST015,2026-02-12,7,783.57,0.1,Pending,Mobile Money
S0005734,C00396,P0142,ST001,2025-05-17,6,1166.83,0.05,completed,Cash
S0004043,C00222,P0157,ST007,2025-07-25,7,1293.3,0.15,Completed,Mobile Money
S0005876,C00729,P0075,ST016,2025-06-07,4,427.78,0.05,completed,Card
S0001037,C00111,P0189,ST006,2025-06-09,4,645.86,0.05,Completed,Mobile Money
S0002895,C00133,P0057,ST014,2025-04-16,7,204.9,0.15,Cancelled,Card
S0000506,C00265,P0050,ST006,2025-11-17,4,342.04,0.0,Cancelled,Bank Transfer
S0008142,C00378,P0064,ST004,2025-03-14,10,1303.4,0.05,Cancelled,Card
S0005366,C00663,P0173,ST009,2025-11-23,5,665.01,0.05,Cancelled,Card
S0001645,C00722,P0015,ST009,2025-08-14,5,1126.44,0.05,Cancelled,Cash
S0007839,C00414,P0128,ST020,2026-05-31,10,205.21,0.05,Completed,Cash
S0001237,C00049,P0199,ST010,2025-04-27,7,782.94,0.2,Returned,Cash
S0009670,C00168,P0119,ST020,2025-04-15,7,413.0,0.2,completed,Card
S0004777,C00962,P0050,ST017,2025-08-01,3,342.3,0.2,completed,Cash
S0007924,C00428,P0116,ST015,2025-01-20,4,33.56,0.05,Returned,Card
S0004349,C00876,P0105,ST007,2025-10-05,1,737.18,0.1,completed,Cash
S0004603,C00858,P0142,ST003,2025-04-03,5,1164.67,0.1,Returned,Mobile Money
S0008524,C00884,P0082,ST015,2025-12-25,8,1218.49,0.2,completed,Cash
S0006320,C00740,P0011,ST011,2025-02-06,1,154.57,0.1,Cancelled,Bank Transfer
S0001253, C00414 ,P0093,ST015,2026-04-05,10,94.45,0.0,Pending,Bank Transfer
S0000226,C00309,P0006,ST020,2026-03-21,4,1222.13,0.05,completed,Mobile Money
S0003213,C00299,P0067,ST012,2025-05-05,5,924.01,0.05,Returned,Cash
S0000229,C00480,P0153,ST015,2026-01-31,7,501.21,0.1,Cancelled,Cash
S0004779,C00418,P0019,ST014,2025-01-17,9,714.33,0.05,completed,Cash
S0001280,C00837,P0143,ST017,2025-09-21,3,1165.19,0.05,Pending,Bank Transfer
S0009666,C00889,P0052,ST006,2026-05-02,6,1037.26,0.0,Cancelled,Card
S0004722,C00575,P0178,ST001,2025-04-20,9,1445.75,0.1,completed,Mobile Money
S0007659,C00911,P0176,ST007,2025-12-04,1,341.11,0.0,Returned,Bank Transfer
S0007230,C00713,P0092,ST013,2026-05-03,8,1119.79,0.2,Returned,Bank Transfer
S0006844,C00609,P0077,ST019,2025-01-14,6,941.07,0.0,Pending,Mobile Money
S0006186,C00912,P0031,ST014,2026-03-02,8,625.18,0.1,completed,Card
S0007716,C00720,P0097,ST009,2025-12-15,5,1380.14,0.05,Cancelled,Mobile Money
S0002226,C00987,P0002,ST017,2026-05-27,3,286.31,0.15,completed,Mobile Money
S0009800,C00124,P0058,ST011,2026-04-14,10,1328.47,0.2,Returned,Cash
S0009511,C00463,P0070,ST001,2026-07-17,1,1137.43,0.2,Cancelled,Card
S0004627,C00108,P0034,ST015,2025-03-18,1,1185.72,0.05,Completed,Mobile Money
S0002306,C00226,P0028,ST011,2025-06-19,4,150.41,0.0,Completed,Cash
S0009799,C00734,P0079,ST004,2026-01-09,8,1032.16,0.1,Completed,Card
S0008667,C00334,P0195,ST014,2025-09-13,5,895.01,0.05,Completed,Card
S0007138,C00142,P0089,ST011,2025-06-25,8,282.55,0.2,completed,Bank Transfer
S0003472,C00609,P0145,ST013,2025-07-27,9,1495.0,0.05,completed,Bank Transfer
S0009981,C00003,P0053,ST012,2025-04-30,3,1497.01,0.05,Cancelled,Mobile Money
S0003402,C00523,P0022,ST010,2026-03-08,7,649.3,0.05,Cancelled,Card
S0007327,C00410,P0084,ST003,2026-04-21,9,229.43,0.1,completed,Card
S0009497,C00519,P0061,ST004,2025-08-16,7,236.74,0.15,Returned,Cash
S0009106,C00059,P0114,ST001,2026-07-10,8,555.61,0.15,Cancelled,Mobile Money
S0004511,C00218,P0191,ST004,2025-05-23,6,1379.75,0.2,Returned,Mobile Money
S0008409,C00461,P0015,ST005,2026-07-28,5,1126.72,0.1,completed,Mobile Money
S0000394,C00749,P0101,ST004,2025-06-21,8,1240.62,0.1,completed,Cash
S0006043,C00746,P0031,ST010,2025-01-17,5,626.95,0.15,Completed,Cash
S0004488,C00207,P0144,ST017,2026-06-14,9,1118.01,0.1,Pending,Mobile Money
S0003730,C00247,P0084,ST010,2026-04-25,8,229.26,0.0,Returned,Card
S0006213,C00718,P0015,ST015,2026-07-04,2,1126.17,0.15,Pending,Mobile Money
S0003179,C00310,P0160,ST008,2026-02-09,10,334.53,0.05,Returned,Card
S0003177,C00413,P0094,ST007,2026-01-10,9,485.75,0.0,Pending,Card
S0007429,C00231,P0002,ST013,2025-09-13,10,287.47,0.05,Completed,Cash
S0001386,C00141,P0179,ST018,2025-04-01,9,630.96,0.0,Completed,Cash
S0007745,C00500,P0070,ST018,2025-12-09,10,1139.89,0.0,Cancelled,Card
S0009744,C00876,P0095,ST011,2026-02-15,2,58.57,0.1,completed,Bank Transfer
S0001919,C00437,P0128,ST007,2025-12-26,8,205.49,0.0,Pending,Cash
S0004429,C00431,P0090,ST009,2026-02-15,10,619.35,0.1,Pending,Cash
S0004377,C00178,P0149,ST016,2025-11-08,9,273.23,0.05,completed,Mobile Money
S0004862,C00070,P0069,ST016,2026-01-09,7,1361.58,0.1,Completed,Card
S0002280,C00022,P0170,ST020,2026-05-08,1,408.87,0.2,Pending,Cash
S0003943,C00559,P0176,ST013,2026-03-28,10,338.09,0.2,Returned,Mobile Money
S0001204,C00775,P0038,ST020,2026-06-01,6,310.37,0.2,Completed,Mobile Money
S0002529,C00522,P0016,ST004,2025-06-15,5,993.72,0.05,Returned,Card
S0002699,C00937,P0150,ST001,2025-07-30,7,675.76,0.15,Returned,Mobile Money
S0002609,C00224,P0023,ST006,2025-09-20,3,840.22,0.15,Pending,Cash
S0008525,C00706,P0016, ST017 ,2025-08-21,1,993.4,0.05,Completed,Card
S0002763,C00928,P0133,ST002,2025-08-16,4,941.35,0.2,Cancelled,Mobile Money
S0009558,C00631,P0145,ST007,2025-08-21,6,1493.56,0.2,completed,Mobile Money
S0003134,C00876,P0034,ST010,2025-09-23,9,1186.03,0.05,Cancelled,Card
S0009577,C00607,P0099,ST013,2026-03-07,4,1390.82,0.1,Pending,Cash
S0006481,C00549,P0044,ST006,2025-11-20,7,916.11,0.0,Returned,Card
S0001292,C00616,P0177,ST017,2025-10-10,7,15.23,0.2,Returned,Cash
S0002487,C00523,P0029,ST002,2025-11-14,10,1222.27,0.15,Pending,Bank Transfer
S0008849,C00288,P0112,ST018,2025-05-11,2,124.14,0.0,completed,Cash
S0007143,C00991,P0107,ST019,2025-03-02,4,403.95,0.1,completed,Mobile Money
S0009237,C00349,P0148,ST016,2026-05-03,5,554.8,0.2,Returned,Card
S0001875,C00010,P0074,ST005,2026-10-04,5,1465.86,0.0,Cancelled,Card
S0003219,C00813,P0185,ST005,2026-01-06,5,847.91,0.2,Completed,Bank Transfer
S0003284,C00946,P0057,ST011,2025-11-05,1,204.55,0.05,Returned,Bank Transfer
S0009641,C00505,P0012,ST007,2025-05-14,10,1081.66,0.15,Completed,Card
S0005796,C00166,P0089,ST009,2026-03-30,6,282.65,0.15,Cancelled,Mobile Money
S0004121,C00368,P0052,ST011,2026-02-15,7,1036.68,0.2,completed,Mobile Money
S0007805,C00959,P0030,ST001,2025-04-01,3,1372.16,0.0,completed,Card
S0000757,C00004,P0131,ST008,2026-07-21,1,1299.31,0.05,completed,Bank Transfer
S0001157,C00588,P0150,ST006,2026-02-05,10,680.66,0.0,Pending,Card
S0006374,C00474,P0019,ST015,2025-03-28,1,717.41,0.0,Returned,Card
S0009385,C00114,P0043,ST018,2025-05-08,10,1026.21,0.15,Cancelled,Cash
S0004415,C00295,P0195,ST016,2026-03-26,3,896.2,0.1,Pending,Bank Transfer
S0008145,C00976,P0015,ST010,2025-06-27,1,1128.83,0.0,Pending,Mobile Money
S0001813,C00174,P0153,ST007,2025-03-08,8,503.43,0.2,Cancelled,Card
S0001338,C00505,P0159,ST017,2025-05-10,10,581.57,0.15,Cancelled,Cash
S0003085,C00546,P0132,ST003,2025-06-20,6,1401.07,0.15,Cancelled,Cash
S0007278,C00218,P0103,ST012,2026-04-15,4,1297.99,0.15,Returned,Card
S0001688,C00577,P0127,ST014,2025-12-01,3,1486.45,0.2,Pending,Cash
S0008745,C00081,P0038,ST020,2026-01-08,2,308.44,0.0,Cancelled,Bank Transfer
S0009041,C00497,P0105,ST013,2026-04-21,3,734.57,0.1,Cancelled,Card
S0003599,C00932,P0115,ST005,2026-03-02,8,612.53,0.15,Pending,Bank Transfer
S0008978,C00769,P0181,ST007,2025-03-13,7,73.48,0.1,Pending,Cash
S0006808,C00608,P0050,ST012,2026-07-17,1,341.58,0.0,Pending,Card
S0008274,C00718,P0164,ST011,2025-01-10,9,0.0,0.0,Completed,Cash
S0007422,C00451,P0085,ST006,2025-10-08,8,990.92,0.05,completed,Mobile Money
S0001898,C00214,P0134,ST019,2025-08-26,8,1253.75,0.1,Cancelled,Mobile Money
S0008628,C00824,P0179,ST005,2026-05-09,8,628.52,0.2,Completed,Cash
S0006961,C00742,P0149,ST009,2025-08-08,6,276.66,0.0,Pending,Mobile Money
S0000081,C00320,P0065,ST014,2025-06-06,8,586.92,0.15,completed,Mobile Money
S0005032,C00705,P0039,ST006,2025-03-25,10,1496.56,0.2,completed,Cash
S0002053,C00933,P0126,ST010,2026-06-08,2,454.61,0.0,Pending,Card
S0003440,C00620,P0096,ST002,2026-07-06,7,957.35,0.0,Cancelled,Card
S0004548,C00670,P0134,ST009,2026-05-30,10,1257.66,0.2,Returned,Cash
S0000132,C00454,P0112,ST001,2025-04-27,5,123.94,0.15,Returned,Card
S0006427,C00744, P0176 ,ST016,2025-01-20,5,337.93,0.15,Returned,Mobile Money
S0000344,C00237,P0061,ST005,2026-02-08,6,236.14,0.0,Cancelled,Bank Transfer
S0007300,C00175,P0127,ST008,2025-01-01,10,1486.97,0.0,Cancelled,Bank Transfer
S0001535,C00182,P0021,ST002,2025-08-01,6,1308.82,0.1,Completed,Bank Transfer
S0006131,C00506,P0054,ST006,2025-02-12,9,96.86,0.05,Pending,Cash
S0004853,C00968,P0084,ST019,2025-02-12,9,226.33,0.1,Pending,Cash
S0006569,C00540,P0042,ST007,2026-03-10,4,354.82,0.2,Cancelled,Mobile Money
S0001456,C00873,P0016,ST011,2026-06-14,6,990.99,0.0,Cancelled,Mobile Money
S0009020,C00327,P0097,ST019,2026-06-02,1,1375.16,0.05,Completed,Cash
S0008603,C00700,P0117,ST013,2025-09-28,6,291.47,0.2,Returned,Mobile Money
S0007402,C00954,P0092,ST016,2025-02-05,3,1115.93,0.05,Pending,Mobile Money
S0008355,C00006,P0185,ST015,2026-01-05,9,842.7,0.15,Returned,Bank Transfer
S0006581,C00910,P0168,ST001,2025-09-25,6,741.78,0.0,Completed,Cash
S0004123,C00159,P0111,ST013,2025-11-15,2,497.23,0.05,Completed,Cash
S0002630,C00945,P0124,ST005,2025-09-30,3,637.0,0.05,Completed,Card
S0000688,C00210,P0045,ST002,2026-12-01,1,1243.62,0.1,Cancelled,Mobile Money
S0001983,C00793,P0121,ST012,2026-04-19,2,1018.12,0.15,Completed,Mobile Money
S0002994,C00879,P0030,ST014,2026-05-14,6,1370.99,0.15,Completed,Bank Transfer
S0003590,C00371,P0168,ST003,2026-04-19,6,747.8,0.2,Cancelled,Cash
S0008129,C00694,P0140,ST007,2025-01-10,5,1308.08,0.1,Returned,Bank Transfer
S0001227,C00478,P0111,ST001,2025-10-27,4,497.0,0.15,Cancelled,Card
S0006218,C00964,P0109,ST002,2026-04-10,8,189.37,0.1,Pending,Bank Transfer
S0000842,C00010,P0115,ST006,2025-05-28,5,615.6,0.2,Returned,Cash
S0005627,C00670,P0196,ST013,2026-04-08,7,499.1,0.15,Completed,Mobile Money
S0006541,C00278,P0001,ST006,2026-05-01,1,1034.75,0.15,Returned,Mobile Money
S0002091,C00208,P0162,ST008,2026-05-12,2,305.82,0.2,Returned,Mobile Money
S0002038,C00704,P0175,ST009,2026-02-07,2,517.42,0.15,Pending,Cash
S0007595,C00926,P0050,ST013,2025-08-30,2,340.85,0.1,Pending,Card
S0000942,C00464,P0053,ST013,2026-01-18,1,1494.08,0.15,Pending,Mobile Money
S0007682, C00253 ,P0168,ST006,2025-06-28,10,745.48,0.1,Cancelled,Card
S0008113,C00785,P0141,ST009,2025-07-02,5,98.56,0.1,Cancelled,Bank Transfer
S0009782,C00150,P0103,ST007,2025-09-27,2,1300.6,0.15,Returned,Cash
S0002885,C00965,P0083,ST011,2025-08-22,8,1055.72,0.05,Completed,Cash
S0008036,C00789,P0036,ST003,2026-02-12,8,1280.9,0.15,completed,Mobile Money
S0009441,C00868,P0081,ST018,2025-01-11,4,205.9,0.05,completed,Card
S0008093,C00620,P0198,ST006,2026-06-06,10,817.6,0.0,Returned,Mobile Money
S0000812,C00298,P0174,ST017,2025-05-05,3,192.27,0.0,Completed,Cash
S0002151,C00762,P0084,ST009,2025-08-31,1,227.19,,Pending,Cash
S0000881,C00396,P0080,ST006,2025-01-12,9,867.5,0.1,Completed,Bank Transfer
S0008890,C00312,P0104,ST004,2025-08-08,7,164.38,0.15,Pending,Cash
S0008655,C00644,P0006,ST013,2025-06-13,9,1223.25,0.05,Pending,Bank Transfer
S0009297,C00268,P0093,ST018,2025-04-05,9,93.59,0.0,Completed,Cash
S0007224,C00661,P0044,ST008,2026-03-09,1,919.38,0.05,Cancelled,Card
S0009189,C00347,P0061,ST007,2026-02-26,8,235.34,0.2,completed,Card
S0004919,C00905,P0148,ST002,2025-10-16,6,555.19,0.05,Completed,Mobile Money
S0006823,C00011, P0137 ,ST012,2026-01-15,7,151.1,0.0,Completed,Mobile Money
S0004781,C00469,P0059,ST016,2026-04-29,10,414.51,0.0,completed,Bank Transfer
S0006117,C00859,P0180,ST002,2026-07-02,4,692.31,0.2,Cancelled,Card
S0000716,C00321,P0011,ST002,2025-12-20,3,154.05,0.2,Completed,Mobile Money
S0003363,C00735,P0060,ST009,2025-06-03,2,732.2,0.0,completed,Cash
S0002857,C00922,P0117,ST012,2026-01-11,3,294.15,0.2,completed,Bank Transfer
S0004464,C00239,P0063,ST002,2025-10-14,9,1438.28,0.0,Pending,Card
S0003014,C00589,P0018,ST004,2025-08-01,10,873.97,0.15,completed,Mobile Money
S0000513,C00575,P0070,ST011,2025-09-08,7,1142.12,0.05,completed,Card
S0007713,C00642,P0061,ST007,2025-12-08,5,235.75,0.15,Pending,Mobile Money
S0005911,C00402,P0180,ST010,2026-04-08,3,688.41,0.05,Returned,Bank Transfer
S0001264,C00453,P0061,ST006,2025-10-08,1,233.32,0.15,Cancelled,Cash
S0004705,C00292,P0189,ST012,2026-04-26,9,646.21,0.2,Cancelled,Card
S0005939,C00911,P0164,ST004,2025-08-07,4,1253.17,0.2,Cancelled,Cash
S0009823,C00235,P0193,ST011,2026-01-11,7,910.9,0.0,Returned,Mobile Money
S0000099,C00267,P0075,ST011,2026-03-31,10,427.26,0.15,Pending,Cash
S0003544,C00218,P0067,ST020,2025-04-20,5,921.86,0.2,Cancelled,Card
S0000817,C00624,P0117,ST015,2025-12-27,2,295.2,0.05,Pending,Card
S0007304,C00495,P0123,ST004,2025-10-19,3,813.16,0.2,Completed,Cash
S0002037,C00142,P0179,ST015,2026-03-22,7,625.07,0.05,Pending,Card
S0002110,C00476,P0006,ST001,2025-12-13,6,1224.41,0.0,Completed,Mobile Money
S0005759,C00094,P0146,ST012,2026-04-12,7,1392.05,0.05,Cancelled,Card
S0003904,C00086,P0177,ST010,2025-06-04,10,17.03,0.05,Cancelled,Mobile Money
S0004898,C00419,P0083,ST020,2026-04-20,1,1055.38,0.1,completed,Mobile Money
S0003835,C00233,P0060,ST019,2025-03-26,3,731.68,0.2,Cancelled,Bank Transfer
S0005487,C00381,P0190,ST001,2026-03-25,9,953.08,0.15,Cancelled,Card
S0005424,C00153,P0150,ST011,2026-07-24,10,679.39,0.05,completed,Mobile Money
S0001572,C00750,P0083,ST007,2025-10-25,6,1058.32,0.2,Cancelled,Bank Transfer
S0004056,C00782,P0026,ST013,2025-07-28,5,1077.58,0.1,completed,Bank Transfer
S0003845,C00285,P0200,ST007,2025-03-10,10,598.16,0.15,Pending,Mobile Money
S0008762,C00456,P0170,ST007,2025-10-27,10,408.66,0.1,Returned,Mobile Money
S0005891,C00243,P0083,ST006,2025-08-20,9,1057.88,0.1,Returned,Card
S0004925,C00199,P0143,ST009,2026-07-03,4,1168.77,0.15,Pending,Mobile Money
S0000656,C00697,P0130,ST018,2025-11-14,6,456.29,0.15,completed,Mobile Money
S0005867,C00344,P0104,ST001,2025-04-03,5,162.05,0.2,Returned,Cash
S0007781,C00468,P0077,ST016,2025-09-23,5,941.38,0.15,Completed,Card
S0000940,C00752,P0079,ST002,2025-10-24,3,1028.8,0.2,Returned,Bank Transfer
S0004226,C00906,P0086,ST012,2025-02-27,9,354.29,0.2,Returned,Bank Transfer
S0000964,C00191,P0003,ST012,2026-02-28,1,626.46,0.2,completed,Mobile Money
S0005885,C00894,P0138,ST010,2025-06-28,9,1435.34,0.0,Returned,Card
S0001783,C00903,P0151,ST005,2025-10-01,5,37.02,0.0,Returned,Bank Transfer
S0007258,C00222,P0168,ST013,2025-09-09,2,743.89,0.0,Pending,Bank Transfer
S0006550,C00960,P0199,ST005,2025-05-26,3,781.85,0.1,Pending,Bank Transfer
S0005081,C00126,P0107,ST001,2025-04-03,5,404.53,0.0,Returned,Bank Transfer
S0002189,C00171,P0099,ST018,2025-05-17,2,1389.78,0.1,completed,Mobile Money
S0004633,C00768,P0015,ST013,2025-04-09,5,1128.04,0.05,Completed,Mobile Money
S0000641,C00414,P0041,ST018,2026-06-17,9,537.41,0.2,Pending,Cash
S0002961, C00646 ,P0003,ST019,2025-03-31,4,628.29,0.15,Pending,Cash
S0002246,,P0165,ST017,2026-03-09,4,827.44,0.0,completed,Card
S0008677,C00484,P0138,ST011,2026-05-24,5,1442.77,0.2,Pending,Card
S0003916,C00445,P0189,ST010,2026-07-20,3,642.69,0.15,Pending,Bank Transfer
S0000091,C00887,P0026,ST002,2025-03-31,7,1073.15,0.1,Pending,Mobile Money
S0008390,C00229,P0148,ST017,2025-09-15,6,555.04,0.15,Pending,Card
S0009075,C00370,P0009,ST015,2025-01-30,2,152.82,0.2,Cancelled,Cash
S0008006,C00367,P0191,ST013,2026-07-23,10,1381.03,0.0,Cancelled,Bank Transfer
S0006178,C00544,P0046,ST017,2026-01-29,5,921.33,0.2,completed,Cash
S0009543,C00341,P0074,ST013,2025-08-20,5,1463.11,0.05,Cancelled,Mobile Money
S0001804,C00381,P0154,ST010,2026-07-14,4,24.77,0.0,Returned,Mobile Money
S0000874,C00132,P0138,ST007,2025-08-13,2,1440.93,0.0,Completed,Card
S0002849,C00426,P0045,ST001,2026-02-17,2,1250.22,0.2,Cancelled,Bank Transfer
S0000364,C00660,P0196,ST014,2025-03-11,5,500.25,0.15,Cancelled,Card
S0009387,C00781,P0158,ST006,2026-05-23,1,100.38,0.0,Cancelled,Mobile Money
S0006477,C00401,P0158,ST014,2025-03-19,2,102.62,0.2,completed,Card
S0000668,C00221,P0185,ST009,2026-05-13,3,848.54,0.05,Cancelled,Card
S0007006,C00795,P0069,ST008,2025-01-06,5,1358.86,0.2,Cancelled,Mobile Money
S0002551,C00896,P0162,ST015,2026-06-20,6,308.09,0.05,Pending,Mobile Money
S0001948,C00845,P0055,ST019,2025-12-23,9,322.07,0.0,Cancelled,Card
S0009488,C00777,P0146,ST012,2025-02-08,6,1389.39,0.2,Returned,Mobile Money
S0001664,C00848,P0163,ST020,2026-06-06,2,1400.96,0.15,Cancelled,Card
S0008483,C00269,P0135,ST015,2025-06-07,10,1296.57,0.2,Returned,Bank Transfer
S0007352,C00110,P0030,ST002,2025-01-17,10,1369.76,0.05,Pending,Card
S0003921,C00646,P0001,ST020,2026-06-24,9,1039.81,0.15,Cancelled,Mobile Money
S0001485,C00583,P0026,ST001,2025-10-03,9,1074.01,0.15,Pending,Bank Transfer
S0007783,C00356,P0185,ST006,2025-07-01,6,844.99,0.0,Cancelled,Card
S0002178,C00449,P0100,ST008,2025-06-21,8,914.59,0.1,Completed,Card
S0004159,C00884,P0190,ST016,2025-06-19,5,956.23,0.05,Cancelled,Cash
S0004278,C00729,P0069,ST018,2025-02-02,7,1362.14,0.1,Returned,Mobile Money
S0008279,C00979,P0027,ST014,2025-10-09,1,1021.04,0.05,Pending,Mobile Money
S0005579,C00464,P0167,ST015,2026-07-04,6,356.81,0.0,Completed,Cash
S0005430,C00644,P0057,ST011,2026-07-09,9,205.42,0.15,Pending,Cash
S0002946,C00747,P0029,ST020,2025-03-22,7,1223.67,0.2,Completed,Cash
S0001903,C00676,P0145,ST004,2026-04-13,2,1493.55,0.1,Returned,Mobile Money
S0005020,C00412,P0038,ST004,2025-05-15,7,310.87,0.2,Cancelled,Bank Transfer
S0009458,C00616,P0190,ST019,2025-02-22,8,947.64,0.15,completed,Mobile Money
S0002274,C00994,P0118,ST004,2025-12-17,7,805.61,0.15,Pending,Cash
S0007687,C00741,P0080,ST010,2026-07-19,1,870.61,0.0,Completed,Mobile Money
S0005915,C00755,P0147,ST006,2025-08-22,4,1334.14,0.05,Returned,Mobile Money
S0007034,C00336,P0064,ST011,2026-05-20,8,1301.21,0.1,Cancelled,Card
S0005405,C00840,P0005,ST018,2025-03-13,7,304.38,0.05,Cancelled,Card
S0009491,C00883,P0092,ST017,2025-09-26,7,1113.15,0.2,Completed,Card
S0009850,C00370,P0055,ST015,2025-01-13,9,320.88,0.2,Cancelled,Mobile Money
S0006365,C00685,P0107,ST018,2026-07-01,4,400.99,0.2,Cancelled,Bank Transfer
S0003279,C00754,P0016,ST016,2025-12-12,1,993.26,0.1,Cancelled,Mobile Money
S0007712,C00470,P0114,ST001,2026-05-08,10,552.15,0.0,Pending,Bank Transfer
S0001869,C00344,P0050,ST019,2025-03-13,4,344.57,0.15,Returned,Bank Transfer
S0002733,C00242,P0039,ST013,2026-07-11,2,1494.29,0.2,Cancelled,Cash
S0009409,C00817,P0059,ST009,2025-10-14,6,412.6,0.2,completed,Bank Transfer
S0001900,C00499,P0132,ST004,2026-05-19,2,1403.08,0.0,Pending,Cash
S0001960,C00110,P0079,ST002,2025-03-23,1,1030.76,0.0,Cancelled,Cash
S0008187,C00801,P0064,ST002,2025-10-24,6,1302.63,0.0,Returned,Bank Transfer
S0000623,C00313,P0038,ST004,2025-08-13,8,307.65,0.2,Cancelled,Bank Transfer
S0002553,C00615,P0065,ST020,2025-02-20,7,590.82,0.2,Returned,Cash
S0005339,C00663,P0183,ST017,2025-06-21,1,153.64,0.1,Pending,Bank Transfer
S0005209,C00615,P0070,ST018,2026-07-30,9,1140.03,0.1,Pending,Cash
S0006039,C00881,P0045,ST015,2025-03-07,5,1246.01,0.15,Returned,Bank Transfer
S0003871,C00686,P0167,ST004,2025-01-04,8,358.84,0.0,Returned,Cash
S0003533,C00692,P0188,ST019,2025-05-20,10,801.66,0.1,completed,Card
S0000907,C00833,P0053,ST002,2025-09-28,9,1496.17,0.15,Cancelled,Mobile Money
S0003222,C00740,P0116,ST001,2026-07-26,5,32.77,0.15,Returned,Cash
S0005962,C00435,P0014,ST019,2025-03-24,0,246.17,0.2,Pending,Card
S0006607,C00745,P0051,ST012,2025-02-02,5,530.36,0.15,Pending,Card
S0004836,C00869,P0156,ST001,2025-11-22,3,643.41,0.2,Returned,Bank Transfer
S0002672,C00793,P0056,ST009,2025-11-14,8,1182.83,0.2,completed,Card
S0001858,C00912,P0052,ST001,2025-09-19,2,1036.31,0.0,Cancelled,Card
S0001395,C00530,P0190,ST003,2026-03-09,3,948.93,0.05,Cancelled,Mobile Money
S0002545,C00244,P0166,ST011,2025-10-08,2,1097.82,0.1,Pending,Cash
S0008391,C00423,P0077,ST001,2025-06-08,3,941.93,0.05,completed,Bank Transfer
S0003993,C00597,P0064,ST008,2026-05-05,10,1301.44,0.2,Completed,Bank Transfer
S0000003,C00973,P0134,ST004,2026-05-04,9,1257.79,0.15,Completed,Card
S0003255,C00484,P0010,ST018,2025-12-13,9,102.48,0.0,Pending,Cash
S0002816,C00316,P0096,ST001,2025-11-03,3,960.15,0.0,Pending,Mobile Money
S0005533,C00101,P0117,ST016,2025-05-29,7,296.47,0.2,Cancelled,Cash
S0006307,C00880,P0181,ST012,2026-04-18,2,71.75,0.2,Returned,Card
S0004009,C00157,P0192,ST008,2025-04-10,4,241.74,0.2,Completed,Bank Transfer
S0002980,C00387,P0172,ST018,2025-01-22,1,1419.35,0.05,completed,Cash
S0003793,C00813,P0028,ST008,2026-06-25,2,146.24,0.15,Completed,Card
S0003328,C00582,P0132,ST005,2025-05-10,2,1406.19,0.1,Pending,Card
S0008155,C00192,P0001,ST020,2025-03-27,1,1038.42,0.15,completed,Bank Transfer
S0009408,C00958,P0098,ST009,2025-05-20,7,810.11,0.2,Returned,Cash
S0001686, C00459 ,P0128,ST005,2025-11-27,5,203.41,0.0,Returned,Cash
S0005070,C00762,P0097,ST002,2025-06-24,7,1374.41,0.2,Pending,Cash
S0007912,C00021,P0105,ST019,2025-04-16,5,732.08,0.05,Returned,Mobile Money
S0000739,C00581,P0063,ST010,2026-05-28,7,1436.45,0.15,completed,Card
S0008564,C00490,P0115,ST012,2025-07-02,2,610.09,0.1,Cancelled,Card
S0008593,C00994,P0043,ST017,2026-02-11,6,1027.19,0.1,completed,Bank Transfer
S0004600,C00272,P0017,ST005,2026-06-26,10,150.03,0.15,completed,Cash
S0000060,C00024,P0064,ST019,2026-07-03,7,1298.22,,completed,Card
S0001843,C00905,P0090,ST014,2026-02-24,9,619.1,0.0,Completed,Cash
S0004214,C00450,P0053,ST001,2025-10-20,4,1492.37,0.05,Completed,Mobile Money
S0007236,C00749,P0103,ST010,2026-01-03,10,1295.96,0.0,Pending,Card
S0007816,C00829,P0025,ST017,2025-07-16,2,330.82,0.2,Pending,Cash
S0003380,C00031,P0147,ST011,2026-03-14,10,1337.19,0.15,Completed,Card
S0002039,C00942,P0066,ST015,2025-11-20,2,152.28,0.0,Returned,Mobile Money
S0000572,C00561,P0047,ST020,2026-06-14,4,618.51,0.15,completed,Mobile Money
S0007579,C00979,P0007,ST013,2026-05-13,5,111.71,0.1,Cancelled,Bank Transfer
S0004202,C00623,P0090,ST010,2025-05-14,4,619.44,0.05,Cancelled,Mobile Money
S0001497,C00255,P0058,ST020,2025-10-13,10,1324.66,0.1,Cancelled,Card
S0001576,C00073,P0066,ST011,2025-12-24,7,157.43,0.0,completed,Mobile Money
S0008009,C00839,P0048,ST013,2025-04-04,8,646.48,0.0,Completed,Cash
S0005608,C00235,P0129,ST020,2025-09-28,5,1202.38,0.0,Returned,Card
S0002735,C00503,P0200,ST015,2025-09-13,3,600.84,0.2,completed,Card
S0004242,C00315,P0073,ST015,2026-01-26,8,561.86,0.1,completed,Mobile Money
S0008062,C00666,P0006,ST008,2025-01-09,-2,1226.27,0.2,Completed,Mobile Money
S0000239,C00608,P0037,ST006,2025-06-07,1,515.61,0.05,Returned,Mobile Money
S0003506,C00121,P0099,ST014,2026-04-11,6,1392.99,0.0,Returned,Cash
S0009115,C00232,P0195,ST020,2026-05-11,5,894.15,0.15,Cancelled,Card
S0000241,C00222,P0126,ST018,2025-03-31,10,454.59,0.05,completed,Card
S0001566,C00861,P0112,ST004,2026-02-22,5,123.88,0.15,Cancelled,Card
S0005026,C00436,P0084,ST008,2025-02-26,4,231.78,0.05,Pending,Mobile Money
S0008112,C00771,P0172,ST006,2025-09-02,5,1421.62,0.05,Completed,Card
S0004755,C00392,P0071,ST009,2025-10-06,8,1335.85,0.1,Returned,Card
S0003324,C00738,P0173,ST007,2025-04-13,6,664.62,0.0,Completed,Cash
S0001874,C00597,P0128,ST015,2026-07-23,5,203.58,0.1,completed,Card
S0009671,C00057,P0021,ST015,2025-12-18,3,1310.95,0.15,Pending,Bank Transfer
S0009437,C00744,P0123,ST013,2025-12-02,7,810.5,0.0,completed,Mobile Money
S0001110,C00914,P0047,ST017,2025-04-20,10,618.08,0.0,Completed,Mobile Money
S0003719,C00980,P0078,ST017,2026-05-05,7,916.37,0.1,Cancelled,Mobile Money
S0006887,C00995,P0188,ST002,2025-10-28,6,805.94,0.0,Returned,Bank Transfer
S0001251,C00974,P0191,ST015,2025-06-21,10,1381.59,0.15,Pending,Cash
S0002890,C00327,P0104,ST002,2025-12-31,7,164.23,0.15,Pending,Card
S0005924,C00902,P0002,ST009,2026-05-15,10,287.97,0.2,completed,Mobile Money
S0003391,C00688,P0199,ST004,2025-12-04,9,786.45,0.0,completed,Bank Transfer
S0004332,C00596,P0085,ST007,2025-07-17,9,0.0,0.05,Pending,Card
S0001191,C00039,P0123,ST020,2026-05-13,9,811.57,0.15,Pending,Cash
S0001378,C00472,P0170,ST004,2026-06-04,7,407.61,0.05,Returned,Mobile Money
S0000049,C00278,P0119,ST008,2025-04-26,2,414.12,0.2,Completed,Cash
S0003666,C00235,P0090,ST001,2025-10-06,6,618.93,0.1,Returned,Cash
S0008790,C00696,P0049,ST003,2025-08-24,9,464.18,0.0,Returned,Cash
S0007652,C00401,P0135,ST012,2026-03-29,9,1297.61,0.0,Returned,Bank Transfer
S0007111,C00893,P0198,ST014,2026-03-06,6,818.28,0.05,Returned,Mobile Money
S0005784,C00279,P0078,ST017,2025-02-07,2,914.77,0.1,Pending,Cash
S0006621,C00409,P0114,ST010,2025-11-20,3,555.69,0.2,Cancelled,Card
S0001850,C00596,P0052,ST008,2025-11-20,3,1033.93,0.15,Pending,Mobile Money
S0009653,C00147,P0056,ST002,2025-03-05,3,1180.44,0.2,Completed,Card
S0000517,C00269,P0170,ST004,2025-12-03,3,409.58,0.1,Pending,Card
S0005211,C00162,P0114,ST010,2025-11-06,9,557.13,0.0,Cancelled,Card
S0002083,C00799,P0039,ST011,2025-02-06,6,1494.95,0.0,Cancelled,Cash
S0009299,C00592,P0126,ST009,2025-04-24,4,455.7,0.1,Returned,Cash
S0004854,C00950,P0158,ST005,2025-07-04,5,100.91,0.05,Pending,Mobile Money
S0008349,C00213,P0105,ST002,2025-06-19,2,730.39,0.15,Returned,Bank Transfer
S0006227,C00371,P0011,ST007,2025-03-06,2,153.4,0.05,Returned,Cash
S0004219,C00292,P0141,ST010,2026-02-22,6,102.34,0.0,completed,Bank Transfer
S0002253,C00532,P0083,ST017,2025-04-29,10,1052.38,0.15,Completed,Cash
S0003446,C00946,P0155,ST015,2026-06-15,3,1416.11,0.0,Pending,Card
S0002832,C00531,P0100,ST008,2026-05-12,3,915.85,0.05,Completed,Mobile Money
S0006557,C00809,P0075,ST007,2025-01-14,9,428.53,0.05,completed,Mobile Money
S0003951,C00048,P0052,ST010,2025-11-25,10,1037.77,0.1,Pending,Mobile Money
S0007433,C00576,P0147,ST016,2026-03-13,7,1334.42,0.0,Returned,Cash
S0006875,C00974,P0098,ST002,2025-10-24,7,808.52,0.15,Completed,Card
S0006286,C00688,P0005,ST001,2025-08-25,7,305.21,0.2,Pending,Card
S0003406,C00987,P0024,ST002,2025-02-19,5,605.83,0.15,completed,Card
S0003700,C00650,P0027,ST005,2026-03-19,4,1023.75,0.2,Completed,Card
S0000292,C00883,P0159,ST010,2025-05-28,8,582.69,0.1,Completed,Card
S0004818,C00709,P0129,ST018,2025-09-13,7,1206.22,0.2,Pending,Mobile Money
S0005033,C00024,P0084,ST005,2026-05-02,5,228.4,0.15,Pending,Cash
S0005540,C00333,P0015,ST013,2026-02-28,1,1129.88,0.1,completed,Card
S0009352,C00573,P0051,ST013,2026-07-31,6,533.72,0.15,Pending,Bank Transfer
S0004174,C00279,P0152,ST012,2025-12-12,3,918.15,0.05,Returned,Mobile Money
S0001030,C00554,P0151,ST016,2026-06-15,1,34.99,0.15,Completed,Mobile Money
S0004522,C00675,P0177,ST001,2025-07-17,5,17.64,0.05,Cancelled,Mobile Money
S0003799,C00466,P0063,ST020,2026-01-04,1,1443.7,0.2,Pending,Card
S0009598,C00477,P0159,ST013,2025-06-06,5,583.3,0.15,Completed,Mobile Money
S0003729,C00003,P0043,ST004,2026-07-23,1,1027.94,0.05,Completed,Mobile Money
S0004724,C00925,P0175,ST010,2025-09-22,9,517.59,0.05,Cancelled,Bank Transfer
S0006979,C00464,P0039,ST016,2025-07-17,10,1495.75,0.2,Completed,Cash
S0007203,C00753,P0165,ST020,2025-12-29,1,829.27,0.2,Cancelled,Card
S0000618,C00747,P0194,ST014,2026-04-17,1,1313.41,0.1,Pending,Bank Transfer
S0008016,C00382,P0007,ST002,2025-09-09,4,111.87,0.0,completed,Mobile Money
S0005299,C00147,P0068,ST009,2026-01-17,7,98.1,0.2,Completed,Cash
S0000989,C00022,P0189,ST009,2025-04-10,2,644.85,0.2,Completed,Card
S0009801,C00433,P0076,ST010,2025-04-10,3,711.49,0.0,Returned,Mobile Money
S0003587,C00540,P0108,ST002,2026-02-01,1,874.1,0.15,Completed,Mobile Money
S0006232,C00421,P0153,ST007,2025-02-08,5,504.94,0.15,Cancelled,Mobile Money
S0008346,C00084,P0181,ST020,2025-04-01,7,66.81,0.0,completed,Card
S0006086,C00383,P0138,ST016,2026-06-16,5,1436.41,0.15,completed,Bank Transfer
S0008189,C00998,P0169,ST019,2025-02-25,2,1120.41,0.05,completed,Bank Transfer
S0005351,C00469,P0114,ST014,2026-06-17,8,554.53,0.2,Cancelled,Mobile Money
S0006533,C00141,P0011,ST006,2026-05-08,9,154.01,0.1,Pending,Mobile Money
S0003701,C00812,P0160,ST012,2026-05-23,7,336.41,0.0,completed,Card
S0002944,C00057,P0167,ST014,2025-03-14,10,355.52,0.05,Completed,Card
S0005287,C00293,P0020,ST010,2025-08-28,10,1321.89,0.05,completed,Cash
S0007850,C00988,P0043,ST011,2026-02-06,10,1029.54,0.1,Pending,Card
S0001457,C00955,P0175,ST008,2026-04-06,5,516.93,0.1,Returned,Mobile Money
S0004031,C00716,P0070,ST003,2025-05-01,2,1138.75,0.2,Cancelled,Bank Transfer
S0002828,C00346,P0097,ST019,2026-02-18,4,1374.23,0.05,Returned,Card
S0002783,C00896,P0164,ST019,2026-01-10,1,1253.16,0.15,Returned,Cash
S0008086,C00853,P0145,ST011,2025-04-19,2,1493.03,0.15,Pending,Mobile Money
S0007999,C00877,P0040,ST013,2025-09-25,7,1287.9,0.2,Cancelled,Card
S0004312,C00304,P0080,ST016,2025-11-17,6,866.36,0.2,Pending,Mobile Money
S0003003,C00979,P0017,ST011,2026-07-22,7,147.63,0.2,completed,Card
S0006361,C00539,P0172,ST014,2026-07-05,2,1418.53,0.15,Completed,Bank Transfer
S0006394,C00615,P0028,ST019,2025-07-25,6,147.88,0.05,Returned,Bank Transfer
S0001306,C00592,P0187,ST007,2026-06-21,9,391.71,0.0,Cancelled,Card
S0005379,C00747,P0030,ST013,2026-07-23,7,1371.76,0.05,Cancelled,Bank Transfer
S0000111,C00802,P0140,ST020,2025-12-04,10,1312.28,0.05,Returned,Bank Transfer
S0004343,C00299,P0153,ST019,2025-05-29,6,505.8,0.2,Cancelled,Card
S0008185,C00002,P0165,ST020,2025-04-08,3,831.12,0.2,Returned,Card
S0003790,C00143,P0191,ST012,2025-04-17,9,1379.11,0.2,completed,Bank Transfer
S0009977,C00414,P0043,ST006,2025-01-15,5,1025.67,0.2,Returned,Mobile Money
S0001979,C00939,P0036,ST011,2025-01-21,10,1283.68,0.05,Returned,Bank Transfer
S0009944,C00305,P0165,ST016,2025-07-22,3,832.83,0.2,Cancelled,Cash
S0001364,C00241,P0036,ST005,2026-04-15,1,1284.67,0.1,Returned,Card
S0005837,C00578,P0113,ST008,2025-09-21,10,360.34,0.2,completed,Cash
S0000635,C00655,P0028,ST011,2026-03-06,7,146.82,0.05,completed,Cash
S0005278,C00428,P0088,ST010,2025-05-24,1,699.09,0.2,Cancelled,Mobile Money
S0006890,C00049,P0181,ST016,2025-05-04,2,70.96,0.1,Completed,Card
S0001088,C00107,P0034,ST011,2026-07-21,1,1185.45,0.05,completed,Card
S0002009,C00709,P0172,ST015,2025-01-05,3,1422.06,0.05,Returned,Cash
S0004094,C00329,P0103,ST005,2026-01-27,1,1296.24,0.0,Pending,Bank Transfer
S0008003,C00495,P0178,ST008,2025-04-16,1,1437.34,0.0,Returned,Bank Transfer
S0002025,C00770,P0146,ST004,2025-02-09,10,1389.53,0.1,completed,Mobile Money
S0004775,C00203,P0048,ST013,2025-03-16,3,644.95,0.1,Cancelled,Card
S0004938,C00548,P0180,ST005,2025-08-23,8,689.21,0.1,Pending,Bank Transfer
S0005110,C00755,P0152,ST007,2026-02-14,10,919.72,0.15,Cancelled,Cash
S0007771,C00796,P0034,ST011,2025-04-28,7,1183.78,0.05,Cancelled,Bank Transfer
S0006254,C00282,P0075,ST016,2025-11-02,10,432.42,0.05,Completed,Cash
S0001388,C00009,P0183, ST009 ,2025-10-06,9,155.08,0.2,Pending,Cash
S0008025,C00212,P0187,ST012,2025-03-31,2,390.64,0.0,completed,Bank Transfer
S0004182,C00274,P0033,ST017,2025-10-18,4,332.62,0.2,Returned,Bank Transfer
S0004753,C00229,P0038,ST014,2026-01-30,8,311.05,0.0,Cancelled,Card
S0008940,C00783,P0028,ST006,2026-02-18,2,148.37,0.05,Returned,Card
S0006757,C00046,P0033,ST013,2026-03-17,3,331.12,0.15,Cancelled,Bank Transfer
S0006773,C00200,P0085,ST008,2025-10-08,6,984.05,0.15,Returned,Cash
S0006363,C00692,P0050,ST019,2026-05-27,7,341.32,0.1,Completed,Cash
S0000731,C00770,P0091,ST003,2025-01-19,5,458.88,0.2,Completed,Mobile Money
S0005738,C00355,P0128,ST018,2025-02-15,5,206.48,0.2,completed,Mobile Money
S0006438,C00782,P0171,ST012,2026-05-24,1,596.71,0.15,Completed,Card
S0004366,C00405,P0094,ST011,2025-10-29,4,490.86,0.05,Cancelled,Cash
S0007099,C00129,P0200,ST020,2025-02-09,10,601.21,0.1,Cancelled,Card
S0006133,C00667,P0045,ST019,2025-07-30,8,1249.29,0.2,Cancelled,Cash
S0007846,C00924,P0024,ST016,2026-07-18,10,610.28,0.05,Pending,Card
S0005183,C00072,P0136,ST001,2026-03-15,9,103.13,0.15,Cancelled,Mobile Money
S0000972,C00377,P0195,ST004,2025-03-24,8,897.23,0.1,Completed,Mobile Money
S0004407,C00902,P0063,ST006,2026-02-03,8,1439.81,0.05,Completed,Mobile Money
S0009864,C00235,P0024,ST009,2025-09-01,8,611.12,0.1,Pending,Bank Transfer
S0003124,C00331,P0144,ST020,2025-08-03,4,1119.3,0.05,Cancelled,Card
S0005935,C00140,P0004,ST003,2026-05-05,2,1498.98,0.15,Returned,Bank Transfer
S0003966,C00960,P0096,ST017,2025-06-18,4,959.96,0.0,Completed,Cash
S0008706,C00315,P0129,ST010,2025-12-10,3,1206.61,0.1,Returned,Cash
S0004576,C00996,P0128,ST012,2025-09-13,8,206.32,0.1,completed,Cash
S0008910,C00405,P0048,ST015,2025-06-09,9,645.47,0.1,completed,Cash
S0009742,C00685,P0079,ST010,2026-01-08,7,1034.32,0.0,Cancelled,Mobile Money
S0004437,C00877,P0164,ST015,2026-05-11,3,1253.73,0.05,Pending,Cash
S0003526,C00909,P0052,ST020,2025-08-24,6,1035.79,0.05,Cancelled,Mobile Money
S0009988,C00743,P0060,ST019,2025-12-29,10,732.37,0.0,completed,Card
S0001770,C00092,P0022,ST001,2025-01-16,7,650.03,0.0,Cancelled,Bank Transfer
S0004888,C00189,P0131,ST011,2025-02-08,6,1293.11,0.1,Pending,Bank Transfer
S0008925,C00975,P0142,ST006,2025-01-07,3,1163.96,0.15,Returned,Card
S0002566,C00334,P0035,ST011,2026-05-21,5,302.37,0.2,Completed,Bank Transfer
S0006985,C00036,P0078,ST012,2025-07-06,8,912.83,0.0,Cancelled,Mobile Money
S0007323,C00425,P0155,ST015,2025-11-16,4,1413.7,0.05,Pending,Card
S0001109,C00328,P0119,ST007,2025-01-09,4,414.17,0.2,Returned,Bank Transfer
S0006719,C00917,P0098,ST012,2025-05-17,2,809.64,0.2,Completed,Card
S0002688,C00787,P0092,ST011,2026-03-08,2,1113.91,0.15,Completed,Bank Transfer
S0009365,C00997,P0110,ST019,2025-07-17,8,1365.16,0.05,Pending,Cash
S0005393,C00828,P0074,ST012,2025-10-04,10,1464.69,0.1,Completed,Card
S0000419,C00643,P0098,ST007,2026-01-26,4,807.86,0.0,completed,Mobile Money
S0001600,C00076,P0111,ST008,2026-07-22,8,495.46,0.1,Pending,Card
S0005205,C00962,P0074,ST011,2025-07-30,9,1464.34,0.15,Pending,Card
S0004796,C00362,P0074,ST010,2025-02-14,8,1461.28,0.2,Completed,Cash
S0009322,C00941,P0200,ST004,2025-12-11,2,596.14,0.2,Pending,Cash
S0003270,C00011,P0191,ST018,2026-03-27,2,1381.15,0.0,completed,Card
S0001256,C00233,P0150,ST017,2025-02-22,0,676.78,0.0,Pending,Card
S0003782,C00049,P0196,ST012,2025-07-25,3,502.45,0.0,Pending,Cash
S0008381,C00780,P0039,ST014,2026-07-06,2,1493.41,0.2,Cancelled,Cash
S0002183,C00418,P0033,ST002,2025-09-29,1,334.07,0.15,completed,Cash
S0007532,C00308,P0183,ST011,2025-01-28,6,155.28,0.15,Pending,Mobile Money
S0004119,C00436,P0186,ST009,2026-01-29,4,1354.17,0.0,Completed,Mobile Money
S0004748,C00234,P0179,ST010,2026-05-29,6,627.2,0.0,Completed,Card
S0003364,C00201,P0071,ST016,2025-02-21,9,1341.88,0.1,Returned,Bank Transfer
S0009951,C00233,P0006,ST012,2026-02-28,7,1225.18,0.05,Completed,Card
S0006706,C00427,P0003,ST004,2025-11-15,4,627.33,0.1,completed,Mobile Money
S0008418,C00531,P0123,ST001,2026-06-07,3,814.28,0.05,Completed,Bank Transfer
S0002093,C00486,P0112,ST007,2026-01-12,9,125.85,0.1,completed,Mobile Money
S0003293,C00998,P0044,ST011,2025-01-01,5,916.73,0.15,completed,Cash
S0008220,C00781,P0001,ST020,2025-05-05,1,1034.27,0.1,Pending,Bank Transfer
S0006390,C00286,P0002,ST005,2026-05-22,9,288.34,0.2,Completed,Card
S0000878,C00092,P0034,ST015,2025-01-07,1,1184.64,0.15,Cancelled,Cash
S0006340,C00670,P0182,ST006,2025-09-27,8,549.62,0.2,Returned,Card
S0000899,C00107,P0083,ST011,2026-01-01,2,1060.25,0.0,completed,Mobile Money
S0001219,C00066,P0054,ST015,2025-04-28,2,99.72,0.2,Pending,Mobile Money
S0000463,C01000,P0179,ST015,2025-06-14,2,624.76,0.05,Cancelled,Cash
S0005338,C00573,P0027,ST006,2025-04-14,1,1023.18,0.15,Pending,Mobile Money
S0001609,C00930,P0073,ST003,2025-06-29,2,561.77,0.1,Cancelled,Bank Transfer
S0006958,C00339,P0141,ST013,2026-01-21,1,101.37,0.0,Returned,Card
S0000023,C00124,P0116,ST010,2025-05-07,2,34.56,0.2,completed,Bank Transfer
S0002818,C00887,P0019,ST006,2025-04-01,1,714.31,0.0,Completed,Bank Transfer
S0006768,C00767,P0020,ST018,2025-08-03,4,1324.19,0.05,Pending,Bank Transfer
S0002910,C00545,P0138,ST018,2026-02-06,7,1438.4,0.0,Completed,Card
S0007426,C00436,P0050,ST019,2025-11-03,3,339.56,0.0,Returned,Bank Transfer
S0006510,C00062,P0069,ST018,2025-09-04,9,1360.72,0.0,Pending,Cash
S0000345,C00183,P0059,ST012,2025-07-15,2,412.87,0.05,Cancelled,Cash
S0009754,C00091,P0191,ST016,2026-02-16,2,1385.09,0.0,completed,Cash
S0009446,C00648,P0103,ST016,2025-07-24,10,1294.29,0.2,Pending,Cash
S0007049,C00715,P0041,ST009,2026-06-14,6,538.12,0.2,Returned,Mobile Money
S0007991,C00721,P0135,ST003,2026-07-26,5,1295.74,0.1,Completed,Cash
S0003116,C00896,P0198,ST004,2025-03-27,0,819.63,0.0,Completed,Bank Transfer
S0003585,C00336,P0182,ST014,2026-05-01,5,555.2,0.15,Returned,Card
S0007170,C00018,P0192,ST017,2025-08-25,1,242.24,0.15,Returned,Cash
S0007124,C00072,P0016,ST020,2026-03-04,6,991.99,0.05,Cancelled,Mobile Money
S0003148,C00237,P0161,ST001,2025-09-12,6,102.96,0.05,Returned,Cash
S0005370,C00837,P0008,ST008,2026-02-03,6,1267.06,0.15,Cancelled,Mobile Money
S0003038,C00400,P0093,ST005,2025-10-03,5,93.44,0.0,Completed,Mobile Money
S0000676,C00464,P0197,ST004,2026-02-16,8,113.72,0.15,Returned,Cash
S0001410,C00971,P0097,ST004,2025-10-26,2,1376.33,0.2,Completed,Bank Transfer
S0006123,C00687,P0016,ST005,2025-12-04,4,989.69,0.2,completed,Cash
S0009025,C00491,P0141,ST004,2026-06-25,1,100.35,0.2,Cancelled,Bank Transfer
S0009872,C00326,P0177,ST014,2026-01-29,9,19.43,0.1,Pending,Bank Transfer
S0008426,C00226,P0113,ST011,2025-01-06,8,362.63,0.05,Returned,Mobile Money
S0007135,C00431,P0005,ST010,2025-10-31,6,304.77,0.2,completed,Cash
S0000305,C00586,P0097,ST003,2025-01-07,1,1379.2,0.1,Cancelled,Mobile Money
S0001183,C00443,P0197,ST020,2025-01-13,3,110.66,0.0,Pending,Mobile Money
S0000520,C00580,P0173,ST019,2026-02-07,2,664.67,0.15,completed,Mobile Money
S0003437,C00970,P0085,ST001,2026-02-16,3,990.89,0.2,Completed,Mobile Money
S0001790,C00230,P0007,ST013,2025-10-30,6,112.05,0.15,completed,Mobile Money
S0000578,C00994,P0020,ST001,2025-02-04,1,1329.01,0.05,Cancelled,Card
S0004593,C00567,P0028,ST016,2026-01-26,2,150.25,0.1,Returned,Bank Transfer
S0005400,C00914,P0172,ST015,2026-01-05,10,1417.47,0.0,Returned,Mobile Money
S0003494,C00469,P0188,ST999,2025-09-17,9,801.35,0.2,Returned,Mobile Money
S0007245,C00819,P0066,ST003,2025-10-27,8,156.02,0.2,Returned,Cash
S0007302,C00044,P0016,ST015,2025-08-12,10,991.8,0.2,Cancelled,Cash
S0003144,C00999,P0063,ST017,2025-07-31,2,1441.03,0.15,completed,Bank Transfer
S0008589,C00718,P0006,ST006,2026-04-01,8,1223.52,0.1,Completed,Card
S0003878,C00223,P0164,ST007,2025-12-21,9,1252.51,0.2,Pending,Mobile Money
S0002154,C00121,P0158,ST011,2025-06-28,10,99.93,0.2,completed,Mobile Money
S0003452,C00600,P0057,ST016,2026-06-27,2,203.99,0.2,completed,Bank Transfer
S0002821,C00690,P0049,ST005,2025-03-08,1,471.14,0.2,Cancelled,Mobile Money
S0006288,C00555,P0067,ST015,2026-05-23,9,926.51,0.2,Returned,Cash
S0005965,C00017,P0130,ST019,2025-04-21,7,457.11,0.2,Returned,Card
S0004146,C00960,P0071,ST002,2025-03-31,8,1340.58,0.0,Completed,Card
S0004110,C00189,P0054,ST014,2026-04-28,3,100.14,0.0,Pending,Card
S0009793,C00291,P0117,ST005,2026-09-03,1,294.47,0.05,Completed,Card
S0006115,C00641,P0077,ST010,2026-07-31,5,939.64,0.05,Pending,Cash
S0002248,C00553,P0059,ST003,2025-10-28,1,412.28,0.15,Pending,Card
S0003509,C00309,P0139,ST020,2025-02-12,5,1112.47,0.2,Pending,Card
S0009508,C00546,P0183,ST002,2026-05-05,5,154.21,0.15,completed,Bank Transfer
S0001807,C00202,P0048,ST020,2026-01-29,2,646.78,0.2,Cancelled,Mobile Money
S0008115,C00792,P0187,ST020,2025-11-05,2,389.22,0.2,Cancelled,Card
S0004440,C00396,P0156,ST015,2025-11-16,2,643.66,0.0,Pending,Cash
S0005059,C00592,P0157,ST020,2026-07-02,9,1296.01,0.05,Completed,Cash
S0002085,C00137,P0164,ST020,2025-08-15,1,1252.09,0.0,Returned,Cash
S0003258,C00967,P0124,ST013,2025-07-12,2,640.12,0.1,Cancelled,Cash
S0004456,C00694,P0129,ST018,2026-01-02,10,1198.04,0.0,Cancelled,Card
S0005076,C00735,P0013,ST016,2026-04-16,10,99.49,0.15,completed,Card
S0007577,C00173,P0154,ST019,2025-10-18,1,23.33,0.05,completed,Mobile Money
S0008168,C00964,P0026,ST018,2026-06-08,7,1077.52,0.15,Cancelled,Mobile Money
S0004843,C00148,P0141,ST015,2026-02-05,7,100.96,0.0,Pending,Cash
S0008709,C00693,P0117,ST005,2025-03-17,2,291.94,0.15,Cancelled,Cash
S0005675,C00168,P0161,ST009,2025-05-05,10,99.08,0.05,completed,Card
S0004771,C00218,P0126,ST003,2025-06-02,10,454.13,0.15,Cancelled,Cash
S0002681,C00640,P0040,ST001,2025-09-29,10,1290.11,0.0,Returned,Card
S0005125,C00951,P0150,ST009,2025-07-12,7,680.6,0.0,Completed,Cash
S0008259,C00408,P0113,ST010,2025-01-15,10,362.14,0.05,completed,Card
S0001346,C00208,P0146,ST019,2026-04-12,4,1390.72,0.05,Returned,Mobile Money
S0000813,C00879,P0040,ST002,2026-05-08,9,1290.88,0.0,Completed,Card
S0003241,C00563,P0052,ST020,2025-08-17,5,1037.64,0.0,completed,Bank Transfer
S0008734,C00964,P0023,ST018,2025-07-21,9,837.1,0.2,Completed,Cash
S0007896,C00618,P0080,ST020,2025-12-24,6,864.79,0.1,Pending,Card
S0002691,C00724,P0178,ST019,2026-07-11,10,1444.62,0.05,Completed,Bank Transfer
S0007721,C00939,P0040,ST015,2025-02-18,7,1287.58,0.15,Completed,Card
S0006295,C00245,P0076,ST009,2025-09-02,9,708.9,0.1,Completed,Card
S0004118,C00728,P0064,ST012,2025-09-18,5,1296.47,0.1,Returned,Bank Transfer
S0007798,C00454,P0002,ST005,2026-04-08,4,284.66,0.2,Returned,Mobile Money
S0007847,C00539,P0124,ST018,2025-04-29,10,638.79,0.1,completed,Bank Transfer
S0001354,C00466,P0062,ST013,2025-08-19,6,758.49,0.15,Returned,Card
S0009646,C00888,P0157,ST015,2025-10-05,8,1292.66,0.15,Returned,Bank Transfer
S0001835,C00086,P0114,ST004,2026-05-28,3,550.23,0.15,Completed,Bank Transfer
S0007828,C00880,P0004,ST018,2025-10-23,7,1497.53,0.0,Returned,Mobile Money
S0007823,C00169,P0064,ST001,2025-03-16,3,1299.61,0.2,Cancelled,Mobile Money
S0001235,C00793,P0175,ST003,2025-08-14,4,523.97,0.1,Pending,Mobile Money
S0007213,C00098,P0048,ST016,2026-03-18,6,640.44,0.1,completed,Cash
S0002392,C00426,P0187,ST013,2026-01-11,5,386.22,0.05,Completed,Cash
S0000336,C00526,P0194,ST020,2025-02-05,10,1310.53,0.2,Pending,Cash
S0004805,C00732,P0177,ST004,2025-02-20,4,16.92,0.1,Completed,Mobile Money
S0009195,C00094,P0037,ST009,2026-03-20,5,515.84,0.15,Completed,Card
S0008590,C00967,P0059,ST009,2026-04-05,7,416.44,0.05,completed,Mobile Money
S0009145,C00343,P0196,ST005,2025-02-07,7,501.95,0.1,Pending,Mobile Money
S0003496,C00885,P0088,ST015,2026-01-04,10,692.74,0.1,Returned,Card
S0009756,C00798,P0091,ST001,2025-02-03,10,457.21,0.2,Cancelled,Card
S0004704,C00523,P0180,ST007,2026-04-05,9,688.12,0.05,Completed,Cash
S0009927,C00929,P0048,ST007,2026-07-18,9,646.74,0.0,Returned,Mobile Money
S0006259,C00279,P0028,ST003,2026-07-07,3,147.77,0.0,completed,Mobile Money
S0006047,C00962,P0054,ST015,2025-02-28,4,99.68,0.0,completed,Card
S0008927,C00015,P0043,ST007,2026-04-13,9,1024.58,0.05,Pending,Cash
S0004152,C00580,P0128,ST003,2026-07-30,6,204.23,0.0,completed,Mobile Money
S0002544,C00299,P0174,ST001,2025-12-25,5,191.07,0.1,Completed,Mobile Money
S0001471,C00709,P0136,ST006,2025-02-02,10,102.41,0.15,Cancelled,Mobile Money
S0000700,C00531,P0086,ST013,2026-06-02,10,354.09,0.15,Pending,Card
S0004371,C00133,P0183,ST009,2025-06-14,3,152.59,0.05,Cancelled,Mobile Money
S0006997,C00268,P0191,ST016,2026-04-08,9,1382.23,0.05,Returned,Cash
S0002612,C00269,P0169,ST020,2025-01-22,4,1121.55,0.0,Completed,Mobile Money
S0006155,C00842,P0192,ST005,2026-05-04,1,245.85,0.1,Pending,Card
S0008834,C00215,P0170,ST019,2025-01-04,10,409.28,0.15,Completed,Mobile Money
S0006493,C00090,P0064,ST015,2026-03-31,4,1299.87,0.05,Completed,Bank Transfer
S0001655,C00681,P0066,ST001,2025-10-09,8,158.55,0.15,Pending,Cash
S0003426,C00795,P0146,ST007,2025-11-14,7,1391.24,0.15,Cancelled,Card
S0000311,C00116,P0022,ST020,2025-05-13,10,650.93,0.05,Pending,Card
S0008031,C00273,P0139,ST001,2025-07-27,4,1112.27,0.2,Completed,Card
S0005329,C00335,P0022,ST015,2025-11-14,5,647.73,0.1,Cancelled,Bank Transfer
S0007523,C00546,P0064,ST018,2025-03-17,2,1299.9,0.2,Cancelled,Card
S0002003,C00478,P0125,ST017,2026-07-26,10,648.17,0.1,Completed,Bank Transfer
S0007036,C00184,P0148,ST012,2026-07-30,1,556.79,0.0,Cancelled,Card
S0005214,C00794,P0106,ST009,2026-07-19,8,445.22,0.1,Pending,Card
S0009128,C00795, P0045 ,ST004,2025-05-10,7,1247.29,0.0,Completed,Bank Transfer
S0002222,C00087,P0134,ST018,2025-02-04,8,1253.44,0.1,completed,Cash
S0006845,C00987,P0133,ST013,2025-09-05,3,938.6,0.0,Returned,Bank Transfer
S0009844,C00402,P0200,ST017,2025-10-04,8,596.87,0.1,Cancelled,Mobile Money
S0002563,C00286,P0090,ST013,2025-04-21,10,619.61,0.05,Pending,Mobile Money
S0005807,C00808,P0187,ST010,2025-10-07,3,389.81,0.15,completed,Card
S0001436,C00531,P0080,ST015,2026-01-03,6,869.97,0.1,Returned,Mobile Money
S0001984,C00427,P0101,ST001,2025-06-17,1,1239.54,0.15,Completed,Cash
S0004900,C00876,P0002,ST001,2026-01-07,10,289.92,0.0,Completed,Card
S0004435,C00210,P0115,ST001,2025-12-10,6,612.33,0.15,Cancelled,Bank Transfer
S0002638,C00411,P0145,ST004,2026-06-04,5,1493.68,0.05,Returned,Card
S0009142,C00023,P0200,ST010,2025-03-04,7,597.93,0.1,Completed,Mobile Money
S0005463,C00637,P0191,ST009,2025-01-31,7,1380.16,0.05,Completed,Cash
S0002099,C00444,P0128,ST019,2025-03-13,10,206.75,0.15,Pending,Mobile Money
S0004571,C00914,P0156,ST007,2025-06-20,10,642.08,0.05,completed,Bank Transfer
S0003631,C00692,P0004,ST018,2026-02-22,2,1499.57,0.15,Pending,Cash
S0007952,C00279,P0062,ST006,2025-12-15,3,762.02,0.05,Pending,Mobile Money
S0001789,C00146,P0146,ST001,2025-08-10,1,1391.26,0.15,Pending,Mobile Money
S0007069,C00329,P0151,ST015,2025-05-26,2,36.97,0.05,Cancelled,Bank Transfer
S0006264,C00612,P0062,ST014,2025-03-12,9,760.12,0.0,Returned,Mobile Money
S0002648,C00247,P0008,ST016,2026-03-07,7,1264.17,0.15,completed,Cash
S0005790,C00869,P0192,ST019,2025-11-27,6,243.89,0.15,Cancelled,Cash
S0006296,C00187,P0200,ST015,2025-12-02,6,595.16,0.2,completed,Mobile Money
S0008779,C00974,P0062,ST016,2025-11-26,5,761.17,0.2,Completed,Cash
S0005630,C00442,P0091,ST017,2026-02-02,3,459.82,0.05,Completed,Bank Transfer
S0007711,C00500,P0185,ST010,2025-05-13,4,844.13,0.1,Pending,Card
S0003319,C00221,P0157,ST003,2025-09-16,4,1292.51,0.1,Pending,Cash
S0009687,C00836,P0034,ST006,2026-01-19,3,1184.37,0.0,completed,Card
S0004218,C00795,P0118,ST005,2026-02-22,10,813.31,0.1,Cancelled,Cash
S0006515,C00331,P0119,ST003,2026-06-23,3,414.94,0.1,completed,Mobile Money
S0007496,C00507,P0061,ST013,2026-02-15,7,235.16,0.2,Cancelled,Cash
S0000974,C00492,P0141,ST006,2025-09-20,5,99.27,0.0,Returned,Cash
S0003376,C00063,P0130,ST008,2026-03-27,2,461.62,0.05,Pending,Mobile Money
S0001461,C00673,P0159,ST020,2025-02-02,8,581.74,0.2,Completed,Cash
S0003182,C00887,P0043,ST007,2025-03-30,2,1027.62,0.1,Returned,Mobile Money
S0004949,C00164,P0178,ST012,2025-07-13,6,1442.56,0.05,Pending,Mobile Money
S0002847,C00634,P0173,ST011,2025-07-14,3,666.97,0.0,completed,Card
S0007219,C00181,P0019,ST017,2026-05-01,2,715.03,0.2,completed,Cash
S0007292,C00191,P0097,ST011,2025-10-11,8,1377.1,0.0,Completed,Bank Transfer
S0008097,C00817,P0172,ST012,2026-05-30,3,1418.96,0.15,completed,Mobile Money
S0009642,C00054,P0083,ST016,2026-04-30,2,1055.46,0.15,Returned,Mobile Money
S0003111,C00237,P0197,ST016,2025-12-07,9,113.96,0.2,Returned,Card
S0006626,C00579,P0175,ST012,2025-01-03,9,520.06,0.15,completed,Mobile Money
S0004104,C00933,P0099,ST005,2025-09-16,2,1392.21,0.2,Returned,Cash
S0006202,C00081,P0063,ST004,2025-08-15,10,1438.06,0.1,Completed,Bank Transfer
S0003846,C00793,P0191,ST001,2026-01-07,3,1375.91,0.15,Cancelled,Bank Transfer
S0006293,C00131,P0003,ST006,2026-07-20,7,627.51,0.1,Cancelled,Mobile Money
S0001774,C00196,P0183,ST001,2025-04-11,3,151.29,0.05,completed,Card
S0002560,C00955,P0101,ST018,2025-04-05,3,1238.08,0.1,Pending,Bank Transfer
S0005655,C00806,P0123,ST010,2026-07-15,5,814.7,0.0,completed,Card
S0008234,C00204,P0070,ST001,2026-02-19,8,1141.99,0.15,Returned,Mobile Money
S0003310,C00666,P0130,ST016,2026-06-24,10,457.63,0.05,Completed,Bank Transfer
S0002235,C00642,P0025,ST001,2025-08-07,2,325.36,0.2,Completed,Mobile Money
S0002519,C00440,P0184,ST018,2025-05-21,6,103.39,0.2,Pending,Cash
S0004659,C00959,P0200,ST017,2025-08-16,8,597.85,0.15,Completed,Cash
S0001720,C00930,P0148,ST017,2025-11-28,8,552.52,0.1,Cancelled,Bank Transfer
S0007684,C00198,P0140,ST001,2025-07-16,7,1310.19,0.0,Cancelled,Bank Transfer
S0008887,C00225,P0094,ST008,2026-03-04,4,487.46,0.1,Completed,Card
S0003518,C00803,P0030,ST007,2026-02-05,6,1373.69,0.05,Completed,Card
S0000548,C00105,P0044,ST004,2026-01-23,10,915.62,0.0,Cancelled,Card
S0005325,C00081,P0017,ST020,2025-05-19,3,151.54,0.0,Cancelled,Bank Transfer
S0004441,C00853,P0177,ST009,2025-08-15,4,19.78,0.0,Returned,Mobile Money
S0003223,C00257,P0045,ST020,2025-10-17,1,1244.55,0.0,completed,Mobile Money
S0001660,C00316,P0181,ST019,2025-02-22,8,72.57,0.1,completed,Mobile Money
S0005713,C00523,P0136,ST014,2026-05-16,2,99.47,0.15,Pending,Cash
S0000116,C00232,P0040,ST001,2026-06-28,7,1288.5,0.05,Completed,Card
S0006838,C00205,P0160,ST019,2025-11-30,7,338.56,0.0,Returned,Card
S0009913,C00010,P0093,ST006,2025-04-19,1,93.45,0.0,completed,Mobile Money
S0008439,C00671,P0116,ST010,2025-08-04,2,33.3,0.05,Pending,Bank Transfer
S0001399,C00384,P0074,ST016,2026-04-01,8,1460.74,0.2,Completed,Mobile Money
S0000631,C00493,P0169,ST007,2025-08-21,7,1119.13,0.1,Pending,Cash
S0006071,C00570,P0001,ST005,2025-07-24,10,1032.14,0.05,Completed,Mobile Money
S0006570,C00033,P0155,ST006,2026-03-20,4,1413.61,0.15,completed,Bank Transfer
S0004774,C00820,P0200,ST009,2025-10-01,3,596.17,0.0,Pending,Card
S0001406,C00171,P0144,ST011,2026-02-01,3,1115.85,0.1,completed,Card
S0008379,C00554,P0094,ST006,2025-12-16,2,485.73,0.1,Cancelled,Mobile Money
S0000030,C00313,P0098,ST010,2026-06-26,1,809.61,0.05,Cancelled,Bank Transfer
S0009359,C00290,P0104,ST003,2026-07-27,10,160.49,0.2,Cancelled,Card
S0004568,C00205,P0150,ST011,2025-07-07,6,675.33,0.2,Pending,Mobile Money
S0001490,C00981,P0013,ST019,2025-03-06,8,101.82,0.2,Completed,Cash
S0009865,C00615, P0136 ,ST002,2025-04-04,3,102.35,0.2,completed,Card
S0000992,C00312,P0034,ST014,2025-08-20,3,1184.46,0.15,Returned,Card
S0001991,C00052,P0098,ST016,2025-03-07,9,811.56,0.15,Completed,Mobile Money
S0007759,C00615,P0103,ST005,2026-06-09,3,1297.69,0.1,Cancelled,Cash
S0003969,C00315,P0040,ST008,2026-02-18,7,1291.51,0.15,Completed,Mobile Money
S0000128,C00418,P0095,ST006,2026-01-30,9,58.83,0.2,completed,Bank Transfer
S0008688,C00099,P0141,ST004,2025-07-28,3,101.3,0.0,Cancelled,Mobile Money
S0007330,C00564,P0043,ST001,2026-07-16,5,1028.6,0.1,completed,Card
S0006830,C00938,P0164,ST006,2025-04-06,7,1255.68,0.0,Returned,Cash
S0004109,C00316,P0196,ST001,2025-03-01,1,503.4,0.2,Cancelled,Bank Transfer
S0006562,C00876,P0083,ST019,2026-02-12,9,1056.39,0.15,Returned,Mobile Money
S0003774,C00118,P0119,ST014,2025-11-13,9,412.39,0.1,Cancelled,Bank Transfer
S0002748,C00683,P0130,ST010,2026-07-05,4,460.19,0.1,completed,Bank Transfer
S0009701,C00416,P0174,ST017,2026-05-18,10,192.21,0.0,Completed,Card
S0000580,C00867,P0142,ST005,2025-02-02,5,1161.78,0.15,Returned,Cash
S0002401,C00737,P0184,ST014,2025-05-23,2,106.18,0.0,Returned,Card
S0000273,C00541,P0112,ST008,2025-05-22,10,122.65,0.05,Completed,Bank Transfer
S0006300,C00249,P0200,ST001,2026-02-12,10,599.5,0.05,Cancelled,Mobile Money
S0000437,C00959,P0030,ST005,2026-05-11,7,1374.54,0.0,completed,Mobile Money
S0003669,C00179,P0053,ST017,2026-04-21,7,0.0,0.1,Pending,Bank Transfer
S0009659,C00432,P0067,ST004,2025-01-12,9,923.14,0.05,Returned,Card
S0000553,C00673,P0004,ST002,2025-06-12,4,1497.92,0.05,completed,Card
S0009200,C00194,P0150,ST019,2025-07-21,9,676.25,0.05,completed,Mobile Money
S0009114,C00344,P0191,ST009,2026-03-12,9,1381.9,0.2,Cancelled,Card
S0001328,C01000,P0086,ST020,2025-12-22,2,355.54,0.0,Returned,Mobile Money
S0004029,C00529,P0094,ST011,2026-07-31,9,485.9,0.15,Completed,Cash
S0006660,C00801,P0012,ST005,2026-01-04,1,1080.16,0.15,Pending,Card
S0000679,C00796,P0115,ST014,2026-06-22,2,611.54,0.05,Returned,Bank Transfer
S0000490,C00692,P0051,ST014,2025-05-15,3,534.14,0.15,Completed,Card
S0001496,C00988,P0118,ST007,2025-01-09,10,807.58,0.1,Cancelled,Cash
S0008517,C00723,P0072,ST016,2025-11-12,1,1115.21,0.2,Cancelled,Card
S0005013,C00771,P0106,ST010,2026-04-23,9,442.85,0.1,Returned,Cash
S0001559,C00695,P0038,ST001,2025-10-31,7,307.25,0.2,completed,Bank Transfer
S0006370,,P0022,ST009,2026-04-11,10,648.09,0.0,Completed,Card
S0008055,C00345,P0123,ST020,2026-06-29,5,816.23,0.1,Cancelled,Bank Transfer
S0001120,C00597,P0091,ST017,2025-06-24,10,456.45,0.2,Pending,Cash
S0004778,C00262,P0077,ST004,2026-05-18,6,942.19,0.15,Cancelled,Card
S0002447,C99999,P0085,ST006,2025-02-07,1,992.65,0.1,Returned,Cash
S0005766,C00170,P0079,ST010,2025-08-12,2,1034.52,0.05,Cancelled,Bank Transfer
S0007669,C00816,P0185,ST012,2025-12-24,5,846.02,0.2,Returned,Card
S0001578,C00908,P0034,ST006,2025-06-13,4,1185.79,0.1,completed,Bank Transfer
S0008433,C00200,P0141,ST013,2025-07-11,7,99.97,0.2,completed,Cash
S0005824,C00127,P0174,ST001,2025-02-02,1,194.37,0.05,Pending,Cash
S0009880,C00850,P0028,ST011,2025-07-25,10,146.26,0.15,Cancelled,Bank Transfer
S0007020,C00294,P0061,ST007,2025-03-14,4,234.16,0.05,Returned,Card
S0003833,C00827,P0124,ST008,2025-11-08,7,638.48,0.15,Pending,Bank Transfer
S0004331,C00640,P0111,ST007,2025-03-25,6,493.56,0.0,Completed,Cash
S0001839,C00867,P0022,ST005,2026-06-04,6,651.0,0.15,Cancelled,Card
S0001723,C00419,P0077,ST015,2026-05-07,5,939.61,0.2,Returned,Mobile Money
S0003422,C00790,P0180,ST016,2026-05-25,1,687.9,0.1,Completed,Mobile Money
S0005901,C00716,P0089,ST020,2026-07-17,4,286.81,0.0,Returned,Cash
S0000361,C00211,P0138,ST012,2025-01-11,7,1438.93,0.0,completed,Bank Transfer
S0000225,C00653,P0079,ST004,2025-09-03,4,1031.48,0.05,Pending,Cash
S0008752,C00791,P0079,ST007,2025-11-14,1,1034.93,0.1,Pending,Cash
S0000895,C00421,P0089,ST007,2026-07-23,7,284.12,0.1,Pending,Bank Transfer
S0009315,C00578,P0178,ST017,2026-05-07,1,1444.82,0.1,completed,Cash
S0002208,C00544,P0074,ST010,2025-05-11,1,1464.76,0.15,completed,Card
S0009668,C00941,P0151,ST003,2025-09-22,2,34.41,0.2,Completed,Card
S0008707,C00962,P0072,ST006,2025-02-19,9,1115.14,0.05,Completed,Card
S0009430,C00636,P0151,ST009,2025-11-14,6,38.33,0.15,Completed,Mobile Money
S0002471,C00310,P0068,ST010,2025-05-03,1,99.38,0.1,Completed,Card
S0007028,C00077,P0094,ST018,2026-06-28,9,487.62,0.15,Pending,Card
S0001733,C00326,P0116,ST005,2026-07-28,9,34.02,0.1,Completed,Bank Transfer
S0004641,C00817,P0141,ST015,2025-10-01,3,102.55,0.15,Cancelled,Cash
S0001635,C00161,P0133,ST016,2026-06-03,9,944.08,0.15,Completed,Card
S0004850,C00699,P0012,ST020,2025-11-19,5,1085.55,0.2,Cancelled,Cash
S0001677,C00061,P0129,ST005,2025-06-08,5,1201.81,0.15,Returned,Card
S0002186,C00756,P0130,ST016,2026-04-06,5,457.45,0.0,Cancelled,Cash
S0007295,C00660,P0159,ST019,2025-03-09,6,581.06,0.05,Cancelled,Bank Transfer
S0001806,C00878,P0175,ST007,2025-06-21,4,520.95,0.2,Completed,Cash
S0002904,C00573,P0161,ST017,2026-07-11,4,99.73,0.15,Pending,Cash
S0001964,C00836,P0175,ST018,2026-01-20,8,522.41,0.2,Cancelled,Cash
S0001274,C00519,P0002,ST015,2025-10-09,5,288.43,0.15,Cancelled,Bank Transfer
S0005452,C00186,P0110,ST002,2025-11-13,7,1363.75,0.05,Completed,Bank Transfer
S0000224,C00154,P0049,ST015,2026-07-26,6,468.17,0.2,Cancelled,Cash
S0006052,C00171,P0019,ST010,2025-05-08,3,712.5,0.0,Cancelled,Card
S0002058,C00226,P0151,ST020,2025-04-05,1,35.87,0.05,Pending,Cash
S0006663,C00275,P0166,ST011,2026-06-26,5,1099.07,0.05,Completed,Bank Transfer
S0003619,C00728,P0194,ST012,2025-02-19,5,1315.99,0.05,Pending,Card
S0008891,C00146,P0151,ST005,2025-01-17,2,32.82,0.0,Pending,Bank Transfer
S0008005,C00915,P0067,ST006,2026-02-06,5,923.55,0.05,Completed,Mobile Money
S0007443,C00936,P0191,ST017,2025-04-14,1,1380.17,0.05,completed,Cash
S0007763,C00954,P0153,ST016,2026-01-27,10,502.02,0.0,Cancelled,Cash
S0004468,C00167,P0033,ST013,2025-11-29,5,334.34,0.05,Pending,Cash
S0009121,C00049,P0072,ST006,2026-05-12,9,1116.17,0.2,Completed,Mobile Money
S0006161,C00224,P0132,ST007,2025-05-20,6,1403.98,0.1,Pending,Bank Transfer
S0008950,C00887,P0011,ST017,2025-11-24,6,158.03,0.15,Cancelled,Bank Transfer
S0006698,C00399,P0139,ST012,2025-12-29,6,1114.87,0.2,Cancelled,Cash
S0009198,C00965,P0156,ST006,2025-01-14,1,637.88,0.1,Cancelled,Cash
S0001055,C00415,P0150,ST018,2026-06-21,9,674.59,0.05,Returned,Cash
S0001751,C00032,P0041,ST012,2025-02-12,7,537.46,0.1,Returned,Bank Transfer
S0003814,C00719,P0147,ST001,2025-12-25,2,1337.7,0.0,Returned,Card
S0008620,C00696,P0177,ST004,2026-07-20,1,15.63,0.2,Returned,Mobile Money
S0000047,C00048,P0044,ST001,2026-07-08,4,917.6,0.2,completed,Bank Transfer
S0001928,C00952,P0081,ST012,2025-06-03,5,204.19,0.2,Cancelled,Card
S0005432,C00459,P0062,ST020,2026-01-20,4,759.24,0.1,Cancelled,Bank Transfer
S0003022,C00531,P0109,ST002,2025-02-07,9,191.76,0.2,Completed,Bank Transfer
S0006289,C00872,P0077,ST014,2026-01-29,6,939.05,0.0,Returned,Mobile Money
S0007205,C00270,P0083,ST011,2026-02-17,2,1057.68,0.2,Returned,Cash
S0009490,C00165,P0109,ST002,2025-02-27,8,187.29,0.05,Completed,Bank Transfer
S0000031,C00554,P0048,ST008,2025-11-27,3,645.58,0.0,Completed,Bank Transfer
S0005484,C00522,P0143,ST004,2026-01-24,3,1167.6,0.2,Pending,Bank Transfer
S0007971,C00803,P0184,ST019,2026-07-11,6,105.83,0.2,completed,Mobile Money
S0000738,C00208,P0059,ST016,2026-03-27,1,411.4,0.05,Returned,Cash
S0007666,C00162,P0025,ST019,2026-01-30,3,327.31,0.05,Pending,Mobile Money
S0002056,C00020,P0138,ST009,2026-03-22,2,1442.13,0.15,completed,Bank Transfer
S0006262,C00011,P0138,ST009,2026-03-12,6,1441.47,0.15,Cancelled,Card
S0006537,C00221,P0145,ST001,2025-10-25,4,1489.75,0.0,Returned,Mobile Money
S0001134,C00871,P0147,ST002,2025-05-15,1,1335.2,0.05,Cancelled,Cash
S0005507,C00705,P0084,ST018,2026-05-15,6,226.59,0.0,Returned,Cash
S0008575,C00300,P0175,ST001,2025-02-19,7,519.6,0.2,completed,Bank Transfer
S0001737,C00299,P0171,ST014,2025-12-03,2,599.1,0.1,Pending,Mobile Money
S0003570,C00858,P0046,ST015,2025-05-26,9,926.47,0.1,Cancelled,Bank Transfer
S0002675,C00536,P0069,ST008,2026-04-18,4,1359.27,0.1,Returned,Card
S0004471,C00611,P0102,ST004,2025-07-10,3,766.38,0.0,Returned,Mobile Money
S0003617,C00059,P0125,ST014,2025-08-08,10,647.2,0.2,Pending,Bank Transfer
S0009228,C00074,P0117,ST019,2025-04-29,5,294.97,0.15,Cancelled,Card
S0009274,C00155,P0083,ST005,2025-07-17,1,1055.4,0.15,Pending,Bank Transfer
S0004741,C00809,P0124,ST004,2025-05-05,10,636.07,0.1,Cancelled,Bank Transfer
S0000274,C00251,P0022,ST015,2026-03-03,3,648.27,0.1,Pending,Card
S0000484,C00730,P0141,ST003,2026-03-28,8,99.04,0.1,completed,Card
S0003750,C00129,P0069,ST002,2026-01-22,1,1362.28,0.05,Returned,Card
S0000811,C00147,P0059,ST002,2026-05-10,6,415.62,0.0,Pending,Mobile Money
S0003979,C00023,P0124,ST016,2025-07-05,6,638.6,0.1,completed,Bank Transfer
S0007061,C00624,P0154,ST015,2025-08-21,4,-50.0,0.05,completed,Mobile Money
S0001552,C00885,P0146,ST019,2026-06-13,2,1390.02,0.05,completed,Mobile Money
S0009492,C00367,P0031,ST017,2026-07-01,8,621.28,0.05,Cancelled,Bank Transfer
S0008329,,P0045,ST010,2026-01-26,2,1243.4,0.05,completed,Cash
S0007724,C00855,P0166,ST020,2026-07-13,2,1099.27,0.15,Completed,Card
S0000870,C00298,P0195,ST010,2026-07-18,9,893.72,0.0,Returned,Cash
S0008963,C00016,P0085,ST019,2025-01-02,9,986.65,0.1,completed,Mobile Money
S0005645,C00340,P0199,ST012,2025-12-22,3,781.92,0.05,Cancelled,Cash
S0009449,C00956,P0133,ST018,2025-04-25,10,941.28,0.15,Pending,Mobile Money
S0005298,C00282,P0065,ST007,2025-09-06,4,591.04,0.15,Returned,Mobile Money
S0002953,C00303,P0005,ST012,2025-02-21,3,308.81,0.15,Cancelled,Card
S0007926,C00821,P0101,ST017,2026-05-19,8,1241.66,0.15,Pending,Card
S0008146,C00244,P0168,ST019,2026-05-10,1,744.1,0.05,Cancelled,Mobile Money
S0008489,C00289,P0115,ST001,2025-03-10,5,615.57,0.05,Returned,Mobile Money
S0004716,C00513,P0158,ST001,2025-01-22,9,97.93,0.0,Cancelled,Card
S0002033,C00714,P0079,ST002,2026-03-12,4,1029.55,0.2,Returned,Cash
S0006766,C00045,P0185,ST012,2025-02-07,7,844.9,0.05,Returned,Cash
S0006345,C00932,P0112,ST001,2025-08-14,5,125.83,0.2,Cancelled,Card
S0003642,C00614,P0167,ST013,2026-01-30,8,359.07,0.05,completed,Cash
S0008479,C00635,P0018,ST006,2025-06-13,4,874.89,0.15,Completed,Card
S0000919,C00315,P0028,ST002,2025-09-25,6,148.72,0.05,Returned,Card
S0001185,C00001,P0185,ST001,2025-10-19,5,843.44,0.2,Cancelled,Cash
S0007892,C00250,P0117,ST011,2025-11-24,4,296.04,0.2,Completed,Cash
S0005682,C00778,P0154,ST002,2026-03-10,10,21.1,0.15,completed,Cash
S0000340,C00906,P0083,ST007,2025-03-03,2,1051.85,0.05,Completed,Cash
S0000164,C00740,P0183,ST012,2025-06-04,4,155.06,0.1,completed,Card
S0008643,C00307,P0046,ST015,2026-01-13,10,925.82,0.0,Returned,Mobile Money
S0009479,C00072,P0136,ST011,2026-07-14,10,100.19,0.2,Returned,Bank Transfer
S0002469,C99999,P0056,ST003,2025-05-24,5,1184.58,0.05,Cancelled,Card
S0003099,C00289,P0160,ST007,2025-06-25,6,337.16,0.05,completed,Mobile Money
S0003968,C00882,P0093,ST001,2026-06-01,6,94.36,0.0,Returned,Card
S0001603,C00543,P0173,ST008,2025-04-16,9,663.34,0.0,Cancelled,Mobile Money
S0003097,C00460,P0137,ST020,2025-12-05,4,152.05,0.1,Pending,Bank Transfer
S0002772,C00329,P0136,ST007,2025-06-01,8,103.35,0.05,completed,Card
S0008127,C00045,P0187,ST001,2025-04-07,3,388.63,0.2,Completed,Card
S0005112,C00488,P0113,ST001,2026-07-11,8,361.53,0.1,completed,Card
S0005768,C00290,P0016,ST017,2025-10-02,4,996.48,0.05,Completed,Bank Transfer
S0000096,C00790,P0161,ST020,2025-02-23,6,99.82,0.0,Cancelled,Bank Transfer
S0004452,C00321, P0133 ,ST009,2025-06-09,1,943.42,0.15,Completed,Cash
S0008120,C00285,P0012,ST001,2025-02-12,4,1085.62,0.2,Pending,Bank Transfer
S0008366,C00340,P0166,ST007,2026-07-24,6,1099.49,0.1,Completed,Card
S0005660,C00170,P0046,ST005,2025-10-03,6,924.68,0.05,completed,Card
S0003122,C00423,P0002,ST006,2025-02-24,3,284.78,0.0,completed,Card
S0003549,C00508,P0176,ST016,2026-04-29,7,340.99,0.0,Completed,Mobile Money
S0006697,C00416,P0046,ST010,2025-08-16,9,922.23,0.2,Completed,Mobile Money
S0007150,C00265,P0136,ST014,2025-06-20,8,100.61,0.05,Cancelled,Bank Transfer
S0005890,C00814,P0119,ST006,2025-03-17,10,413.65,0.05,completed,Bank Transfer
S0005859,C00443,P0047,ST010,2025-09-07,6,619.92,0.2,completed,Card
S0004997,C00048,P0107,ST001,2026-04-09,3,403.26,0.1,Pending,Card
S0001673,C00967,P0022,ST016,2026-04-30,6,653.58,0.1,Returned,Cash
S0004498,C00248,P0020,ST011,2026-07-24,5,1326.11,0.1,Returned,Mobile Money
S0002986,C00039,P0162,ST019,2026-01-26,3,307.69,0.0,completed,Bank Transfer
S0000783,C00492, P0114 ,ST010,2025-03-31,2,555.02,0.1,Pending,Mobile Money
S0005779,C00119,P0133,ST018,2025-03-25,1,940.49,0.05,Returned,Bank Transfer
S0008781,C00916,P0143,ST001,2025-01-05,10,1165.85,0.1,Completed,Card
S0002803,C00808,P0142,ST015,2025-11-14,1,1164.05,0.2,Cancelled,Card
S0003207,C00926,P0039,ST005,2025-02-21,3,1495.99,0.2,Pending,Cash
S0005119,C00163,P0142,ST010,2025-06-29,10,0.0,0.2,completed,Mobile Money
S0005549,C00550,P0156,ST009,2026-06-21,5,635.53,0.05,Completed,Bank Transfer
S0006297,C00347,P0144,ST002,2025-12-13,10,1117.22,0.05,Cancelled,Cash
S0003986,C00575,P0092,ST004,2025-09-07,10,1113.12,0.1,Cancelled,Bank Transfer
S0009920,C00023,P0167,ST009,2026-04-01,3,358.9,0.15,Pending,Bank Transfer
S0008067,C00535,P0183,ST018,2025-11-24,8,150.19,0.1,Pending,Mobile Money
S0002539,C00592,P0179,ST009,2026-04-01,5,627.7,0.1,completed,Mobile Money
S0002878,C00436,P0107,ST020,2025-02-07,10,399.13,0.2,Returned,Bank Transfer
S0004177,C00231,P0200,ST013,2025-12-16,0,597.22,0.05,Returned,Bank Transfer
S0002650,C00400,P0141,ST008,2025-08-27,2,98.34,0.2,Cancelled,Bank Transfer
S0004599,C00883,P0178,ST015,2025-02-20,2,1441.66,0.05,completed,Cash
S0002430,C00724,P0137,ST003,2026-04-24,4,153.55,0.0,Completed,Mobile Money
S0009599,C00594,P0079,ST014,2025-07-21,1,1033.4,0.0,Completed,Card
S0001177,C00673,P0042,ST010,2025-01-01,9,355.85,0.0,Cancelled,Bank Transfer
S0001380,C00074,P0076,ST020,2025-06-22,2,707.43,0.2,Completed,Cash
S0001753,C00674,P0075,ST008,2025-12-05,2,427.69,0.15,Cancelled,Bank Transfer
S0008942,C00860,P0003,ST006,2026-07-30,3,627.93,0.1,Cancelled,Cash
S0007482,C00476,P0169,ST019,2026-05-18,4,1117.3,0.1,completed,Card
S0006658,C00354,P0054,ST003,2026-07-14,9,99.93,0.05,Cancelled,Mobile Money
S0009376,C00165,P0128,ST003,2025-12-11,4,204.3,0.05,completed,Bank Transfer
S0007649,C00781,P0067,ST010,2025-10-10,1,922.51,0.15,Completed,Card
S0004052,C00459,P0110,ST001,2025-04-05,7,1362.15,0.0,Pending,Mobile Money
S0000297,C00617,P0029,ST009,2025-07-21,8,1225.1,0.05,Completed,Cash
S0005055,C00602,P0025,ST001,2026-01-15,4,329.05,0.1,Cancelled,Card
S0003879,C00146,P0165,ST019,2026-01-28,4,827.35,0.15,Cancelled,Card
S0007430,C00145,P0190,ST013,2025-02-05,6,948.86,0.05,Completed,Bank Transfer
S0009275,C00284,P0012,ST010,2025-12-22,5,1085.19,0.05,Cancelled,Mobile Money
S0008331,C00924,P0008,ST014,2026-06-06,9,1262.53,0.05,Returned,Mobile Money
S0004803,C00611,P0190,ST018,2025-01-19,9,953.44,0.1,completed,Card
S0006314,C00388,P0140,ST010,2025-08-03,7,1312.69,0.15,Pending,Cash
S0006080,C00487,P0157,ST009,2025-05-06,8,1293.91,0.05,Completed,Card
S0005810,C00179,P0032,ST001,2025-07-06,2,486.96,0.1,Completed,Bank Transfer
S0008690,C00778,P0033,ST014,2026-03-31,8,331.43,0.15,Completed,Card
S0006805,C00682,P0115,ST014,2026-01-18,8,612.78,0.0,completed,Card
S0009557,C00796,P0074,ST006,2026-05-26,4,1462.25,0.05,Returned,Mobile Money
S0009868,C00641,P0027,ST009,2026-03-28,10,1025.55,0.2,completed,Mobile Money
S0004958,C00715,P0112,ST013,2025-01-10,6,121.46,0.15,Cancelled,Card
S0000017,C00587,P0152,ST015,2026-01-05,0,917.85,0.1,Returned,Bank Transfer
S0007864,C00029,P0195,ST019,2025-04-17,9,897.29,0.1,Returned,Cash
S0002395,C00438,P0123,ST006,2025-07-18,3,814.13,0.2,Pending,Cash
S0008743,C00921,P0076,ST013,2025-01-04,4,710.58,0.1,Cancelled,Cash
S0007755,C00673,P0112,ST004,2025-04-11,4,122.86,0.05,completed,Bank Transfer
S0005701,C00566,P0139,ST003,2025-03-26,9,1112.45,0.05,Returned,Bank Transfer
S0002604,C00143,P0184,ST001,2025-01-19,1,104.16,0.05,Cancelled,Mobile Money
S0000884,C00612,P0149,ST007,2025-12-08,5,277.6,0.15,completed,Cash
S0009361,C00474,P0058,ST002,2026-05-20,3,1324.82,0.2,Pending,Mobile Money
S0007428,C00636,P0197,ST002,2026-04-30,8,114.03,0.0,Cancelled,Cash
S0004222,C00255,P0179,ST006,2026-03-16,7,626.96,0.0,Cancelled,Bank Transfer
S0008452,C00913,P0159,ST011,2026-01-08,10,581.37,0.15,Completed,Card
S0008156,C00926,P0047,ST014,2026-06-16,10,620.39,0.0,Cancelled,Bank Transfer
S0006968,C00862,P0014,ST007,2025-05-23,9,245.42,0.2,Cancelled,Mobile Money
S0000789,C00404,P0033,ST017,2026-07-21,10,332.36,0.05,completed,Cash
S0001220,C00387,P0003,ST018,2026-05-20,7,629.11,0.05,Completed,Bank Transfer
S0000077,C00816,P0159,ST001,2025-03-25,7,580.71,0.1,completed,Card
S0000562,C00593,P0062,ST001,2025-04-19,5,756.9,0.1,Cancelled,Card
S0007438,C00786,P0192,ST010,2026-05-05,2,243.43,0.15,Pending,Cash
S0000310,C00638,P0012,ST007,2026-07-10,10,1083.62,0.1,Completed,Mobile Money
S0003173,C00142,P0164,ST018,2025-10-09,3,1254.27,0.0,Cancelled,Card
S0000176,C00061,P0012,ST014,2026-05-14,6,1080.16,0.2,Cancelled,Bank Transfer
S0009016,C00723,P0176,ST015,2025-09-20,7,339.62,0.1,Completed,Cash
S0008335,C00836,P0151,ST012,2026-07-22,6,33.35,0.2,Cancelled,Bank Transfer
S0003987,C00784,P0020,ST012,2025-01-16,6,1323.78,0.1,Returned,Card
S0005271,C00494,P0199,ST013,2025-01-11,8,785.49,0.05,Cancelled,Card
S0008661,C00001,P0186,ST005,2025-10-22,1,1349.63,0.05,completed,Card
S0009908,C00941,P0103,ST010,2026-05-12,8,1301.03,0.1,Returned,Cash
S0003775,C00371,P0170,ST019,2026-03-13,8,404.18,0.15,completed,Bank Transfer
S0008672,C00581,P0083,ST009,2025-04-07,9,1055.96,0.15,Completed,Card
S0002900,C00429,P0184,ST013,2025-07-23,10,106.66,0.0,Completed,Cash
S0007419,C00957,P0008,ST015,2025-07-10,2,1264.52,0.2,Completed,Card
S0006008,C00608,P0158,ST020,2025-12-06,4,96.78,0.2,Completed,Mobile Money
S0008343,C00459,P0183,ST018,2025-10-22,1,153.27,0.1,Cancelled,Cash
S0005681,C00589,P0122,ST011,2026-03-21,4,1122.03,0.0,Completed,Bank Transfer
S0006045,C00321,P0122,ST015,2025-11-17,5,1123.63,0.2,Completed,Cash
S0004928,C00013,P0018,ST015,2025-03-20,8,871.23,0.1,completed,Card
S0002981,C00001,P0139,ST003,2025-03-28,1,1107.59,0.0,Returned,Cash
S0008864,C00118,P0096,ST012,2025-12-24,1,958.29,0.15,Pending,Cash
S0008419,C00628,P0094, ST020 ,2025-07-05,8,487.85,0.05,Pending,Card
S0003918,C00827,P0083,ST006,2025-01-02,2,1059.89,0.1,Returned,Card
S0000186,C00473,P0144,ST004,2026-07-07,9,1112.51,0.2,completed,Cash
S0007818,C00365,P0190,ST011,2025-01-07,6,952.86,0.1,completed,Cash
S0006829,C00802,P0030,ST006,2025-01-02,6,1372.82,0.2,Returned,Bank Transfer
S0004546,C00292,P0090,ST006,2025-11-19,5,616.14,0.2,Returned,Mobile Money
S0005653,C00336,P0022,ST003,2025-02-28,4,646.36,0.0,Cancelled,Bank Transfer
S0009826,C00164,P0199,ST008,2025-09-22,5,780.47,0.2,Pending,Card
S0007186,C00001,P0008,ST015,2025-03-22,1,1261.77,0.05,Cancelled,Card
S0002166,C00482,P0151,ST002,2026-06-26,7,36.25,0.05,Completed,Card
S0004887,C00427,P0145,ST017,2026-02-23,4,1493.08,0.1,Completed,Cash
S0007192,C00513,P0162,ST002,2026-01-06,6,309.84,0.2,Cancelled,Mobile Money
S0003039,C00878,P0103,ST013,2026-07-13,5,1295.21,0.15,Returned,Mobile Money
S0008893,C00161,P0049,ST012,2025-06-24,6,471.59,0.15,Returned,Cash
S0004008,C00687,P0004,ST003,2025-09-20,3,1498.43,0.0,Returned,Cash
S0001317,C00519,P0186,ST010,2025-04-30,8,1355.93,0.15,Returned,Mobile Money
S0001319,C00328,P0061,ST016,2026-05-18,9,233.87,0.05,Completed,Mobile Money
S0000192,C00099,P0031,ST011,2026-04-27,10,626.53,0.1,completed,Cash
S0008848,C00170,P0054,ST005,2025-09-08,5,101.23,0.05,Cancelled,Bank Transfer
S0009567,C00670,P0115,ST008,2025-08-08,10,610.03,0.2,Pending,Mobile Money
S0006313,C00675,P0124,ST020,2025-01-06,6,636.7,0.0,completed,Card
S0003461,C00911,P0108,ST005,2025-10-04,8,874.51,0.1,Returned,Bank Transfer
S0000791,C00374,P0038,ST018,2025-01-05,4,312.85,0.05,Completed,Cash
S0006718,C00379,P0187,ST010,2026-03-28,2,390.33,0.0,Completed,Bank Transfer
S0006926,C00084,P0063,ST009,2026-05-20,8,1437.74,0.0,completed,Card
S0004547,C00286,P0153,ST011,2025-09-16,2,506.42,0.15,Cancelled,Card
S0001275,C00470,P0026,ST009,2025-05-13,5,1076.4,0.1,Completed,Bank Transfer
S0002349,C00024,P0143,ST017,2026-05-01,6,1167.83,0.15,completed,Cash
S0003894,C00337,P0040,ST007,2025-08-15,7,1290.36,0.2,Pending,Cash
S0008729,C00931,P0012,ST005,2025-06-29,3,1083.17,0.0,Returned,Mobile Money
S0009715,C00458,P0055,ST011,2025-06-13,10,317.67,0.05,Completed,Mobile Money
S0001100,C00499,P0159,ST006,2026-02-20,10,580.74,0.0,Cancelled,Mobile Money
S0002552,C00785,P0141,ST004,2026-04-11,9,96.39,0.2,completed,Card
S0007214,C00684,P0094,ST011,2025-01-03,7,489.26,0.15,Completed,Cash
S0007126,C00950,P0094,ST017,2026-03-12,5,487.46,0.05,Cancelled,Card
S0006298,C00358,P0109,ST011,2026-02-03,6,188.96,0.15,Cancelled,Card
S0006240,C00556,P0189,ST016,2026-02-13,10,644.53,0.0,completed,Mobile Money
S0002216,C00227,P0023,ST007,2025-01-07,5,838.59,0.1,Completed,Cash
S0001379,C00623,P0109,ST007,2025-10-01,7,193.86,0.05,Completed,Card
S0002965,C00871,P0067,ST003,2025-06-27,6,924.01,0.05,Returned,Cash
S0003261,C00734,P0028,ST012,2025-04-17,4,146.98,0.05,Cancelled,Cash
S0000189,C00915,P0126,ST002,2025-01-21,8,457.52,0.2,Completed,Mobile Money
S0001958,C00730,P0076,ST001,2025-09-25,9,709.01,0.0,Returned,Bank Transfer
S0003315,C00944,P0129,ST004,2026-07-13,1,1205.64,0.2,Completed,Cash
S0008472,C00984,P0122,ST019,2025-11-26,9,1121.85,0.1,Returned,Bank Transfer
S0006070,C00691,P0020,ST014,2025-07-27,10,1322.51,0.0,Completed,Mobile Money
S0009146,C00419,P0046,ST003,2026-03-12,9,927.69,0.2,Cancelled,Bank Transfer
S0007565,C00117,P0169,ST001,2025-12-17,8,1120.4,0.0,completed,Mobile Money
S0004443,C00012,P0018,ST011,2025-06-07,4,873.97,0.0,Completed,Cash
S0001058,C00299,P0172,ST002,2026-02-21,1,1420.22,0.1,Returned,Card
S0001713,C00928,P0164,ST008,2026-04-24,6,1255.28,0.0,Pending,Cash
S0002826,C00350,P0099,ST018,2025-03-29,0,1390.4,0.0,Cancelled,Cash
S0001822,C00130,P0189,ST005,2025-04-27,5,645.58,0.0,Completed,Bank Transfer
S0007052,C00907,P0053,ST005,2026-07-05,3,1491.53,0.05,Cancelled,Card
S0001982,C00348,P0102,ST003,2025-07-18,10,763.29,0.0,Cancelled,Mobile Money
S0008122,C00254,P0008,ST007,2025-09-24,9,1263.87,0.2,Returned,Card
S0006450,C00402,P0063,ST016,2026-06-01,3,1441.29,0.2,Cancelled,Card
S0001765,C00101,P0142,ST010,2025-11-18,1,1165.86,0.05,Returned,Mobile Money
S0003891,C00553,P0001,ST005,2025-03-09,3,1033.21,0.05,Returned,Mobile Money
S0004027,C00963,P0194,ST002,2026-05-19,5,1317.41,0.1,Completed,Mobile Money
S0001342,C00691,P0033,ST014,2025-04-18,7,333.49,0.05,Cancelled,Bank Transfer
S0000866,C00086,P0059,ST007,2026-02-12,7,414.05,0.15,Pending,Cash
S0005285,C00161,P0069,ST018,2025-12-19,9,1360.75,0.05,Completed,Mobile Money
S0004816,C00505,P0049,ST006,2025-07-24,4,471.51,0.15,Pending,Mobile Money
S0002505,C00620,P0073,ST006,2025-08-11,2,565.7,0.1,Completed,Bank Transfer
S0002656,C00135,P0037,ST013,2025-07-25,8,519.22,0.1,Pending,Mobile Money
S0001241,C00837,P0132,ST018,2025-12-19,5,1403.36,0.15,Completed,Mobile Money
S0006802,C00884,P0099,ST020,2025-11-17,2,1392.32,0.2,Completed,Cash
S0000800,C00040,P0008,ST010,2025-09-25,10,1264.6,0.2,Pending,Mobile Money
S0002663,C00243,P0047,ST004,2025-05-26,2,622.13,0.05,Returned,Cash
S0003627,C00270,P0111,ST019,2025-07-09,6,494.57,0.2,Completed,Cash
S0005898,C00996,P0003,ST007,2025-11-05,7,628.1,0.05,completed,Card
S0008885,C00099,P0049,ST001,2026-01-03,9,471.4,0.0,Returned,Bank Transfer
S0007911,C00059,P0168,ST006,2025-09-27,6,743.83,0.1,Cancelled,Mobile Money
S0002088,C00929,P0013,ST002,2026-01-30,8,97.93,,Returned,Bank Transfer
S0008183,C00376,P0093,ST006,2025-08-04,6,95.67,0.15,Cancelled,Card
S0007105,C00862,P0122,ST018,2025-11-12,2,1119.58,0.05,Cancelled,Bank Transfer
S0000912,C00215,P0009,ST016,2025-10-13,1,151.55,0.0,Completed,Card
S0004947,C00647,P0052,ST004,2025-03-07,2,1037.41,0.05,Cancelled,Bank Transfer
S0003202,C00356,P0010,ST019,2025-06-20,8,99.54,0.2,Completed,Cash
S0005973,C00779,P0157,ST008,2026-01-29,5,1291.23,0.15,Cancelled,Cash
S0006675,C00245,P0031,ST008,2025-07-14,7,626.46,0.1,Cancelled,Mobile Money
S0007314,C00778,P0188,ST003,2025-06-06,3,803.11,0.05,Pending,Cash
S0009582,C00792,P0019,ST015,2025-07-18,7,713.58,0.0,Returned,Bank Transfer
S0002835,C00120,P0006,ST004,2025-02-20,2,1226.12,0.0,Pending,Mobile Money
S0004157,C00952,P0027,ST020,2025-05-03,10,1025.6,0.0,Cancelled,Mobile Money
S0003857,C00393,P0140,ST009,2026-01-10,10,1306.6,0.1,Returned,Card
S0009298,C00156,P0055,ST018,2026-01-07,2,322.14,0.1,Cancelled,Cash
S0003734,C00141,P0180,ST017,2025-12-07,5,686.73,0.15,Cancelled,Card
S0004288,C00715,P0001,ST005,2025-05-10,5,1030.99,0.15,Cancelled,Cash
S0001034,C00823,P0087,ST016,2026-06-25,5,781.63,0.05,Pending,Bank Transfer
S0003695,C00516,P0024,ST013,2025-04-17,10,608.98,0.0,completed,Bank Transfer
S0000471,C00822,P0035,ST002,2025-11-14,10,306.51,0.1,Completed,Bank Transfer
S0003976,C00706,P0064,ST020,2026-02-01,10,1300.05,0.15,Completed,Card
S0008254,C00502,P0021,ST003,2025-12-31,3,1310.86,0.1,Returned,Card
S0003181,C00785,P0015,ST006,2025-08-02,5,1126.58,0.0,Cancelled,Cash
S0006605,C00536,P0142,ST005,2025-09-05,10,1166.49,0.0,Returned,Mobile Money
S0009797,C00013,P0127,ST015,2025-09-13,2,1484.51,0.05,completed,Cash
S0001419,C00698,P0169,ST009,2025-07-16,5,1119.85,0.0,Returned,Cash
S0008879,C00027,P0187,ST012,2025-12-21,3,388.07,0.0,Returned,Mobile Money
S0000984,C00660,P0080,ST009,2025-07-08,10,871.49,0.0,Completed,Bank Transfer
S0009018,C00160,P0104,ST004,2025-02-01,5,164.2,0.05,completed,Card
S0009669,C00235,P0063,ST014,2025-03-26,10,1440.25,0.15,completed,Card
S0001746,C00953,P0007,ST015,2026-01-10,8,115.09,0.0,Returned,Cash
S0005202,C00557,P0076,ST013,2025-01-24,10,712.14,0.1,Cancelled,Card
S0000595,C00439,P0034,ST001,2026-01-26,5,1183.46,0.0,Returned,Cash
S0002230,C00110,P0076,ST003,2025-09-20,9,706.75,0.0,completed,Cash
S0005933,C00048,P0119,ST015,2026-01-06,7,414.9,0.2,Completed,Card
S0005466,C00804,P0020,ST003,2025-06-09,8,1325.37,0.0,Cancelled,Card
S0003671,C00843,P0151,ST010,2025-07-06,2,35.79,0.0,Cancelled,Mobile Money
S0000761,C00148,P0017,ST001,2025-03-18,3,151.31,0.2,completed,Cash
S0009312,C00211,P0045,ST014,2025-11-01,3,1248.69,0.0,Cancelled,Cash
S0000141,C00011,P0008,ST005,2025-04-12,5,1266.78,0.0,Pending,Card
S0008862,C00692,P0095,ST001,2026-06-10,5,55.77,0.1,Cancelled,Bank Transfer
S0005077,C00305,P0172,ST004,2026-01-14,1,1417.67,0.1,Returned,Bank Transfer
S0009708,C00489,P0025,ST010,2025-01-14,4,330.37,0.0,completed,Cash
S0009860,C00465,P0012,ST001,2025-07-03,1,1084.03,0.05,Cancelled,Card
S0003493,C00362,P0019,ST017,2025-04-21,10,712.7,0.1,Completed,Bank Transfer
S0009498,C00769,P0024,ST005,2026-04-26,6,610.28,0.15,Cancelled,Mobile Money
S0000260,C00364,P0039,ST016,2026-04-02,2,1494.33,0.05,Cancelled,Mobile Money
S0003933,C00064,P0175,ST006,2025-01-29,8,522.19,0.0,Cancelled,Bank Transfer
S0002771,C00626,P0086,ST002,2025-10-11,1,354.14,0.0,Pending,Card
S0009623,C00454,P0056,ST011,2025-06-29,7,1184.16,0.0,completed,Card
S0003449,C00313,P0045,ST011,2025-09-06,3,1249.95,0.05,Pending,Cash
S0007399,C00290,P0038,ST001,2026-04-06,4,310.11,0.15,Returned,Card
S0003071,C00395,P0106,ST014,2025-02-11,9,445.29,0.1,Pending,Bank Transfer
S0009403,C00168,P0083,ST019,2026-03-01,9,1056.07,0.05,Returned,Cash
S0009399,C00187,P0091,ST001,2025-08-31,4,458.89,0.1,Returned,Mobile Money
S0009933,C00300,P0193,ST013,2025-10-06,4,905.05,0.05,Pending,Card
S0006771,C00463,P0033,ST019,2026-04-18,7,331.62,0.15,Completed,Bank Transfer
S0007772,C00008,P0064,ST020,2026-01-20,1,1304.34,0.2,Pending,Bank Transfer
S0006665,C00703,P0034,ST001,2025-11-15,5,1184.07,0.0,Returned,Mobile Money
S0007680,C00513,P0149,ST007,2026-05-30,4,274.73,0.0,Pending,Card
S0006786,C00726,P0148,ST004,2025-11-27,3,553.19,0.1,Cancelled,Bank Transfer
S0001997,C00526,P0097,ST002,2025-03-01,8,1379.22,0.15,Returned,Card
S0001160,C00248,P0004,ST009,2025-11-05,4,1503.39,0.1,Cancelled,Card
S0009561,C00550,P0109,ST017,2025-05-25,8,190.39,0.05,Cancelled,Bank Transfer
S0009887,C00291,P0075,ST011,2025-02-21,8,431.22,0.1,Pending,Card
S0007921,C00909,P0143,ST005,2025-10-28,6,1167.09,0.2,Cancelled,Bank Transfer
S0004857,C00311,P0165,ST011,2025-08-01,9,830.0,0.2,completed,Card
S0001963,C00582,P0156,ST010,2026-02-18,8,638.94,0.2,Pending,Bank Transfer
S0000834,C00386,P0185,ST017,2025-05-27,6,848.25,0.2,Completed,Cash
S0002299,C00651,P0096,ST015,2025-12-20,4,956.53,0.15,Cancelled,Card
S0003543,C00449,P0129,ST020,2025-02-21,8,1203.64,0.05,Completed,Bank Transfer
S0008775,C00388,P0197,ST019,2025-01-06,3,112.83,0.2,completed,Mobile Money
S0001988,C00860,P0191,ST002,2026-07-22,6,1382.12,0.2,Pending,Bank Transfer
S0001250,C00697, P0132 ,ST017,2026-02-21,6,1407.94,0.05,Pending,Mobile Money
S0002788,C00394,P0058,ST005,2025-04-10,6,1325.8,0.1,Returned,Bank Transfer
S0000005,C00656,P0106,ST014,2026-07-15,2,442.79,0.2,Cancelled,Card
S0005828,C00942,P0147,ST003,2025-02-25,1,1338.01,0.05,completed,Bank Transfer
S0004044,C00902,P0118,ST007,2026-03-01,9,808.36,0.2,completed,Mobile Money
S0005583,C00323,P0112,ST019,2025-12-16,4,123.12,0.0,Returned,Mobile Money
S0000499,C00700,P0029,ST018,2025-10-28,1,1222.6,0.1,Pending,Cash
S0001977,C00566,P0077,ST013,2025-11-03,3,940.24,0.05,Pending,Card
S0005862,C00444,P0100,ST006,2025-09-07,6,914.27,0.1,Cancelled,Bank Transfer
S0001581,C00149,P0139,ST014,2025-05-06,10,1110.13,0.05,Completed,Cash
S0003601,C00401,P0014,ST019,2025-06-22,4,246.72,0.0,Completed,Cash
S0001420,C00655,P0067,ST018,2026-07-24,1,922.34,0.15,Cancelled,Mobile Money
S0003076,C00892,P0157,ST018,2026-07-30,8,1294.66,0.15,Returned,Card
S0003194,C00788,P0116,ST006,2025-07-22,4,36.25,0.2,Cancelled,Card
S0001374,C00552,P0169,ST005,2025-04-25,2,1120.61,0.15,Completed,Mobile Money
S0009740,C00702,P0050,ST016,2025-05-31,2,342.93,0.2,Returned,Bank Transfer
S0002495,C00701,P0137,ST003,2025-07-08,9,154.99,0.1,Returned,Cash
S0002936,C00949,P0069,ST017,2025-06-12,3,1358.2,0.0,completed,Mobile Money
S0004891,C00582,P0022,ST002,2025-02-23,2,650.76,0.1,Cancelled,Card
S0005018,C00968,P0046,ST012,2026-07-01,10,923.58,0.05,completed,Cash
S0005056,C00350,P0159,ST011,2025-01-25,6,583.85,0.05,Returned,Card
S0007989,C00808,P0167,ST009,2026-07-22,8,357.58,0.1,completed,Card
S0009000,C00914,P0047,ST012,2025-10-08,1,621.11,0.15,Returned,Mobile Money
S0002082,C00414,P0123,ST011,2026-03-08,1,812.03,0.1,Cancelled,Mobile Money
S0005199,C00630,P0054,ST004,2026-05-20,8,101.83,0.2,Returned,Cash
S0008450,C00058,P0187,ST003,2026-07-09,7,391.38,0.2,Completed,Bank Transfer
S0001112,C00645,P0023,ST006,2026-07-07,9,835.89,0.15,Pending,Cash
S0003874,C00186,P0075,ST012,2026-02-02,1,432.0,0.1,Cancelled,Card
S0007032,C00099,P0166,ST011,2026-05-11,7,1097.77,0.1,Cancelled,Bank Transfer
S0001159,C00911,P0072,ST015,2025-01-11,10,1113.72,0.15,completed,Card
S0000277,C00192,P0182,ST015,2026-06-07,2,554.61,0.2,Returned,Mobile Money
S0004579,C00858,P0192,ST013,2025-12-03,10,243.46,0.05,Pending,Bank Transfer
S0001053,C00304,P0101,ST014,2026-02-12,4,1238.61,0.0,Returned,Mobile Money
S0002554,C00417,P0031,ST004,2026-01-04,3,624.08,0.05,Completed,Cash
S0008625,C00545,P0084,ST008,2026-04-19,8,227.23,0.15,completed,Bank Transfer
S0004374,C00190,P0042,ST007,2025-01-16,4,355.56,0.15,Cancelled,Bank Transfer
S0004609,C00163,P0199,ST011,2025-05-11,10,782.21,0.0,Returned,Cash
S0003272,C00945,P0102,ST017,2025-03-21,8,761.94,0.05,Completed,Card
S0002350,C00628,P0017,ST014,2025-08-07,6,151.06,0.1,Returned,Card
S0002622,C00844,P0086,ST010,2025-10-02,8,354.92,0.2,Pending,Mobile Money
S0007483,C00201,P0144,ST005,2026-04-27,8,1117.65,0.05,Cancelled,Bank Transfer
S0008235,C00335,P0162,ST007,2025-07-25,1,306.08,0.15,Completed,Card
S0002019,C00781,P0158,ST006,2025-07-01,8,103.3,0.15,Pending,Bank Transfer
S0002372,C00445,P0130,ST015,2026-02-04,7,459.01,0.1,Completed,Bank Transfer
S0006970,C00368,P0134,ST020,2025-11-02,10,1257.33,0.05,Completed,Card
S0009512,C00822,P0078,ST007,2026-06-25,3,913.96,0.0,Returned,Mobile Money
S0007608,C00227,P0072,ST004,2026-02-10,10,1113.35,0.15,Cancelled,Card
S0001814,C00331,P0041,ST012,2025-04-10,9,537.63,0.15,Cancelled,Mobile Money
S0000198,C00834,P0046,ST019,2026-05-22,9,924.31,0.1,Returned,Bank Transfer
S0005423,C00376, P0084 ,ST018,2025-01-29,8,228.86,0.0,Cancelled,Card
S0008662,C00312,P0126,ST008,2025-10-27,5,457.24,0.0,Completed,Cash
S0002524,C00471,P0005,ST003,2025-10-20,4,304.83,0.2,Completed,Mobile Money
S0002667,C00919,P0109,ST013,2026-02-27,10,190.12,0.2,Returned,Mobile Money
S0001509,C00797,P0181,ST017,2026-06-13,3,69.91,0.1,Cancelled,Mobile Money
S0004337,C00311,P0060,ST006,2025-06-09,5,734.63,0.1,Returned,Card
S0007141,C00803,P0126,ST016,2025-06-05,10,456.76,0.0,completed,Cash
S0000743,C00080,P0079,ST001,2025-06-11,2,1030.47,0.15,Returned,Cash
S0004895,C00852,P0079,ST014,2025-04-19,3,1036.27,0.05,Completed,Bank Transfer
S0004819,C00884,P0120,ST019,2025-11-08,9,545.55,0.2,Returned,Mobile Money
S0000034,C00118,P0106,ST018,2025-07-01,10,440.7,0.0,Completed,Bank Transfer
S0004523,C00124,P0076,ST003,2025-07-14,5,711.07,0.0,Pending,Bank Transfer
S0005372,C00975,P0070,ST007,2025-03-30,4,1138.55,0.05,completed,Mobile Money
S0009681,C00335,P0016,ST020,2025-05-16,8,994.98,0.0,Cancelled,Mobile Money
S0003938,C00111,P0107,ST017,2025-02-24,2,402.64,0.05,Returned,Mobile Money
S0009318,C00454,P0134,ST006,2025-06-15,3,1257.32,0.05,completed,Bank Transfer
S0005050,C99999,P0033,ST013,2026-04-18,9,330.85,0.2,Cancelled,Bank Transfer
S0004330,C00171,P0152,ST002,2025-06-05,1,918.86,0.1,completed,Cash
S0001316,C00633,P0007,ST015,2026-03-21,2,113.02,0.1,Completed,Cash
S0000844,C00053,P0005,ST017,2025-03-20,2,304.78,0.1,completed,Cash
S0009341,C00539,P0077,ST007,2025-04-15,7,939.42,0.2,completed,Cash
S0004832,C00644,P0108,ST017,2026-03-22,4,872.71,0.1,Pending,Card
S0003898,C00135,P0127,ST007,2025-04-11,5,1483.07,0.05,Returned,Bank Transfer
S0002031,C00278,P0136,ST014,2025-10-20,3,99.51,0.2,Completed,Bank Transfer
S0001639,C00160,P0081,ST013,2025-09-19,3,201.67,0.05,Returned,Mobile Money
S0000672,C00893,P0111,ST012,2025-12-08,9,495.5,0.15,Returned,Card
S0000559,C00796,P0186,ST013,2026-02-22,3,1351.32,0.15,Cancelled,Bank Transfer
S0001748,C00515,P0086,ST004,2026-02-27,9,356.66,0.15,completed,Card
S0003693,C00805,P0144,ST017,2025-05-21,7,1117.29,0.0,Pending,Mobile Money
S0004368,C00788,P0040,ST013,2026-04-29,2,1285.39,0.2,Completed,Card
S0007378,C00764,P0083,ST017,2025-04-01,5,1058.09,0.1,completed,Cash
S0007175,C00552,P0172,ST012,2025-02-27,5,1420.32,0.0,Returned,Card
S0007686,C00039,P0136,ST009,2026-02-10,2,92.68,0.0,Pending,Mobile Money
S0002548,C00661,P0048,ST008,2025-04-27,5,640.32,0.05,Returned,Cash
S0000150,C00674,P0025,ST014,2025-08-24,5,330.44,0.0,Completed,Card
S0005995,C00344,P0175,ST013,2025-01-17,10,518.96,0.1,completed,Card
S0003760,C00809,P0037,ST008,2025-07-07,1,517.34,0.05,Completed,Mobile Money
S0009827,C00203,P0025,ST014,2025-03-22,6,330.91,0.2,Cancelled,Cash
S0009473,C00356,P0010,ST017,2025-10-01,10,98.92,0.05,Pending,Cash
S0008751,C00231,P0012,ST012,2025-05-02,8,1082.27,0.0,completed,Bank Transfer
S0002415,C00278,P0149,ST006,2026-04-05,3,272.49,0.1,Cancelled,Bank Transfer
S0009433,C00979,P0131,ST008,2025-05-12,6,1291.99,0.05,completed,Mobile Money
S0001873,C00287,P0171,ST009,2025-12-15,5,602.27,0.05,Completed,Card
S0009210,C00556,P0052, ST015 ,2026-07-13,5,1033.34,0.1,Returned,Mobile Money
S0008795,C00234,P0022,ST016,2025-03-12,3,651.95,0.2,completed,Card
S0001532,C01000,P0123,ST016,2025-12-18,2,813.33,0.1,Completed,Bank Transfer
S0004824,C00501,P0074,ST019,2025-03-23,10,1463.28,0.1,Returned,Bank Transfer
S0003788,C00639,P0015,ST011,2025-05-04,4,1129.27,0.0,Returned,Cash
S0009884,C00504,P0109,ST016,2025-09-10,7,193.34,0.15,Completed,Card
S0003326,C00936,P0030,ST012,2025-07-01,4,1369.5,0.15,Pending,Card
S0002379,C00272,P0035,ST014,2026-06-27,6,307.65,0.0,Returned,Bank Transfer
S0005337,C00684,P0141,ST012,2025-09-19,3,97.54,0.15,Pending,Bank Transfer
S0004208,C00836,P0191,ST014,2026-03-31,1,1380.61,0.15,Returned,Bank Transfer
S0005886,C00932,P0029,ST010,2025-08-02,4,1219.11,0.0,Completed,Bank Transfer
S0006189,C00817,P0167,ST012,2025-01-20,1,360.5,0.1,Cancelled,Mobile Money
S0002488,C00725,P0026,ST015,2025-11-06,7,1079.29,0.2,Cancelled,Card
S0006310,C00072,P0001,ST011,2025-02-24,9,1036.75,0.0,completed,Card
S0006753,C00288,P0163,ST011,2025-05-11,4,1407.35,0.1,Completed,Bank Transfer
S0000585,C00419,P0137,ST009,2025-05-06,3,153.98,0.0,Pending,Cash
S0006625,C00981,P0173,ST018,2025-05-21,10,664.67,0.05,Pending,Cash
S0005569,C00064,P0101,ST014,2026-02-09,7,1240.69,0.1,completed,Mobile Money
S0003286,C00444,P0160,ST008,2025-09-11,9,336.2,0.2,Completed,Bank Transfer
S0001744,C00779,P0133,ST020,2026-01-01,3,942.27,0.2,Completed,Cash
S0008763,C00649,P0133,ST012,2025-09-01,6,943.65,0.1,completed,Cash
S0006521,C00927,P0133,ST018,2025-09-19,8,941.92,0.2,Completed,Card
S0002234,C00930,P0116,ST004,2026-05-16,5,31.98,0.0,Cancelled,Card
S0004006,C00064,P0179,ST003,2025-10-08,7,627.4,0.2,completed,Mobile Money
S0005217,C00761,P0037,ST010,2026-02-28,1,513.19,0.2,Cancelled,Card
S0005444,C00490,P0164,ST018,2025-10-18,3,1256.9,0.05,completed,Card
S0007113,C00886,P0190,ST012,2025-03-05,2,951.53,0.05,Pending,Bank Transfer
S0002224,C00676,P0088,ST001,2025-07-29,3,695.95,0.1,Pending,Card
S0009051,C00767,P0045,ST005,2025-02-10,7,1248.63,0.1,Completed,Card
S0001045,C00701,P0021,ST020,2026-02-10,3,1306.39,0.2,Returned,Cash
S0003636,C00865,P0057,ST019,2025-02-16,6,204.55,0.2,completed,Mobile Money
S0001132,C00582,P0177,ST016,2026-07-09,8,20.97,0.15,completed,Cash
S0008511,C00868,P0015,ST007,2026-06-20,9,1123.2,0.15,Pending,Mobile Money
S0005928,C00774,P0018,ST010,2026-03-07,9,873.9,0.0,Pending,Card
S0000858,C00438,P0039,ST006,2026-03-01,4,1496.4,0.1,Cancelled,Bank Transfer
S0001475,C00416,P0133,ST006,2025-08-17,1,939.83,0.05,Completed,Mobile Money
S0002795,C00086,P0104,ST014,2025-06-29,6,162.32,0.0,Returned,Bank Transfer
S0009953,C00058,P0097,ST010,2026-01-10,4,1377.91,0.15,Pending,Cash
S0001736,C00641,P0032,ST011,2025-09-20,1,488.68,0.2,Pending,Mobile Money
S0008527,C00981,P0003,ST011,2025-01-19,3,628.15,0.05,Completed,Bank Transfer
S0007467,C00525,P0103,ST008,2025-12-21,9,1295.65,0.05,completed,Mobile Money
S0006472,C00391,P0183,ST008,2026-02-11,8,156.58,0.0,Cancelled,Cash
S0000232,C00060,P0107,ST008,2025-09-03,9,400.89,0.2,Completed,Bank Transfer
S0000317,C00294,P0083,ST012,2025-11-22,2,1054.82,0.05,Completed,Card
S0000057,C00799,P0059,ST015,2026-01-15,8,418.13,0.05,completed,Bank Transfer
S0008802,C00798,P0106,ST008,2026-01-06,4,444.96,0.0,completed,Cash
S0007723,C00317,P0009,ST012,2026-01-01,1,150.11,0.15,Returned,Bank Transfer
S0004737,C00588,P0028,ST015,2026-01-05,3,146.1,0.15,Cancelled,Bank Transfer
S0006650,C00385,P0007,ST003,2025-12-18,9,110.66,0.15,Completed,Card
S0006776,C00242,P0133,ST008,2025-02-14,3,938.56,0.05,Pending,Mobile Money
S0001437,C00793,P0128,ST017,2025-08-26,2,204.35,0.1,Returned,Mobile Money
S0009023,C00097,P0042,ST001,2025-09-23,10,353.08,0.15,Completed,Card
S0006095,C00176,P0066,ST005,2026-07-25,9,155.98,0.2,Completed,Card
S0000144,C00767,P0009,ST011,2025-03-08,7,152.81,0.15,Returned,Bank Transfer
S0006269,C00935,P0014,ST014,2026-04-28,8,247.44,0.15,Pending,Card
S0004692,C00056,P0082,ST014,2025-07-12,8,1219.62,0.1,Returned,Bank Transfer
S0003611,C00899,P0100,ST008,2026-02-02,4,915.92,0.1,Pending,Bank Transfer
S0002387,C00150,P0122,ST015,2025-12-22,4,1120.58,0.15,Completed,Bank Transfer
S0002048,C00903,P0030,ST005,2025-09-29,5,1369.23,0.2,Completed,Mobile Money
S0000423,C00702,P0015,ST003,2026-07-14,4,1124.51,0.2,Completed,Card
S0006629,C00680,P0116,ST008,2026-06-26,4,35.11,0.1,Cancelled,Cash
S0000271,C00869,P0024,ST006,2025-09-19,7,609.22,0.2,Completed,Card
S0001819,C00575,P0141,ST004,2025-07-10,1,99.29,0.15,Completed,Bank Transfer
S0001693,C00752,P0066,ST020,2025-08-27,1,154.88,0.1,Cancelled,Mobile Money
S0005838,C00505,P0003,ST020,2026-03-22,3,626.99,0.0,Cancelled,Mobile Money
S0000877,C00627,P0027,ST006,2025-11-23,3,1023.6,0.15,Pending,Cash
S0001893,C00700,P0111,ST002,2026-06-22,10,496.66,0.1,completed,Bank Transfer
S0000600,C00866,P0157,ST004,2025-11-09,6,1293.26,0.15,Returned,Mobile Money
S0006125,C00012,P0007,ST019,2025-09-21,6,112.01,0.15,Pending,Mobile Money
S0006395,C00822,P0186,ST010,2025-03-24,6,1354.55,0.0,Returned,Cash
S0003318,C00603,P0046,ST020,2025-02-22,6,922.37,0.2,Cancelled,Bank Transfer
S0000035,C00643,P0130,ST010,2025-02-05,10,461.95,0.05,Completed,Card
S0005564,C00160,P0130,ST010,2025-04-23,6,457.75,0.0,Returned,Cash
S0009883,C00448,P0071,ST014,2025-09-04,8,1336.92,0.0,completed,Bank Transfer
S0003675,C00834,P0144,ST017,2025-09-23,4,1118.54,0.05,Cancelled,Card
S0006294,C00743,P0091,ST012,2026-05-16,7,456.01,0.05,Pending,Card
S0004736,C00254,P0142,ST003,2025-05-28,3,1167.35,0.15,Pending,Mobile Money
S0002864,C00404,P0110,ST012,2026-02-04,8,1366.29,0.15,Pending,Mobile Money
S0005414,C00855,P0151,ST012,2025-04-21,3,35.31,0.1,Returned,Cash
S0004549,C00782,P0050,ST013,2025-03-03,5,342.84,0.0,completed,Mobile Money
S0000068,C00383,P0094,ST020,2025-07-22,9,486.58,0.0,Completed,Card
S0006856,C00133,P0196,ST009,2026-02-12,1,503.85,0.2,Pending,Card
S0009391,C00597,P0044,ST020,2026-06-04,1,913.78,0.15,Completed,Cash
S0003736,C00794,P0033,ST004,2025-03-17,4,334.69,0.0,completed,Mobile Money
S0006657,C00031,P0140,ST018,2025-05-26,10,1313.54,0.2,Returned,Card
S0000955,C00982,P0058,ST007,2025-02-01,6,1323.87,0.15,Completed,Card
S0008297,C00240,P0048,ST019,2025-12-27,1,648.04,0.05,Completed,Mobile Money
S0002963,C00274,P0166,ST005,2026-03-11,1,1097.06,0.1,Completed,Mobile Money
S0009069,C00444,P0017,ST002,2025-09-30,1,149.99,0.0,completed,Cash
S0009895,C00017,P0160,ST004,2026-01-19,3,338.67,0.2,Cancelled,Card
S0007675,C00792,P0041,ST013,2025-03-08,10,537.64,0.0,completed,Mobile Money
S0003577,C00028,P0076,ST006,2026-03-30,9,710.8,0.0,Cancelled,Card
S0009084,C00133,P0002,ST009,2026-06-10,1,290.21,0.0,Pending,Mobile Money
S0006594,C00845,P0057,ST020,2026-04-15,5,207.28,0.1,completed,Card
S0005139,C00573,P0112,ST013,2025-02-07,3,125.55,0.05,Completed,Cash
S0009828,C00811,P0126,ST018,2025-10-05,5,456.46,0.0,completed,Cash
S0000488,C00449,P0199,ST001,2025-12-06,7,782.82,0.2,Cancelled,Bank Transfer
S0009961,C00838,P0106,ST005,2026-07-15,4,441.86,0.0,Returned,Cash
S0004210,C00026,P0026,ST015,2025-04-15,10,1073.9,0.0,Cancelled,Mobile Money
S0000020,C00533,P0198,ST006,2025-04-08,2,815.97,0.1,Completed,Card
S0007584,C00678,P0014,ST009,2026-01-14,6,247.66,0.0,Returned,Cash
S0006304,C00364,P0024,ST014,2025-12-21,4,606.16,0.2,completed,Cash
S0006437,C00541,P0058,ST003,2026-03-05,5,1325.46,0.0,Completed,Cash
S0006128,C00800,P0057,ST013,2025-06-04,5,203.97,0.0,Returned,Bank Transfer
S0002347,C00068,P0097,ST011,2025-08-21,5,1381.72,0.15,Completed,Mobile Money
S0001697,C00698,P0005,ST009,2025-07-23,9,303.71,0.15,Cancelled,Bank Transfer
S0007973,C00443,P0148,ST005,2026-03-06,7,556.84,0.1,completed,Bank Transfer
S0005172,C00120,P0092,ST016,2025-01-04,9,1116.16,0.05,Cancelled,Bank Transfer
S0002531,C00714,P0130,ST016,2025-04-27,3,457.61,0.05,Cancelled,Mobile Money
S0006272,C00648,P0017,ST016,2026-06-24,3,154.5,0.2,Cancelled,Bank Transfer
S0001196,C00791,P0097,ST005,2025-10-29,3,1380.63,0.15,Returned,Bank Transfer
S0009442,C00421,P0189, ST008 ,2025-11-18,2,646.05,0.1,completed,Cash
S0003119,C00042,P0198,ST015,2026-02-18,3,817.5,0.05,Returned,Bank Transfer
S0004555,C00380,P0174,ST016,2025-09-09,2,190.45,0.1,Pending,Card
S0004277,C00260,P0189,ST003,2026-05-11,1,643.02,0.1,completed,Mobile Money
S0003582,C00895,P0150,ST002,2026-01-23,6,675.84,0.2,Cancelled,Cash
S0001651,C00912,P0108,ST005,2026-04-16,4,870.7,,completed,Card
S0002481,C00247,P0122,ST013,2025-06-07,6,1122.07,0.15,Completed,Bank Transfer
S0005471,C00741,P0087,ST005,2025-06-10,9,779.72,0.0,completed,Mobile Money
S0003681,C00228,P0046,ST007,2025-09-12,10,927.49,0.2,Cancelled,Bank Transfer
S0004320,C00738,P0096,ST002,2025-04-21,8,963.07,0.0,Completed,Bank Transfer
S0002050,C00619,P0041, ST015 ,2026-03-31,8,534.94,0.0,Pending,Cash
S0002789,C00004,P0143,ST009,2025-12-10,10,1164.9,0.0,Completed,Cash
S0001347,C00724,P0061,ST015,2025-08-03,10,233.82,0.1,Cancelled,Mobile Money
S0009588,C00074,P0005,ST014,2025-10-18,8,306.86,0.05,Returned,Cash
S0008332,C00078,P0056,ST003,2025-04-13,7,1181.88,0.0,Pending,Mobile Money
S0002136,C00033,P0079,ST004,2025-09-17,1,1032.98,0.15,Pending,Cash
S0003051,C00133,P0032,ST004,2025-08-11,1,486.63,0.1,completed,Bank Transfer
S0001467,C00323,P0191,ST001,2025-10-08,8,1379.44,0.0,Completed,Cash
S0009367,C00511,P0032,ST002,2025-01-26,6,491.94,0.0,Returned,Mobile Money
S0004785,C00449,P0155,ST009,2025-04-01,6,1412.79,0.0,Pending,Mobile Money
S0000052,C00393,P0150,ST017,2026-04-24,7,672.42,0.15,Returned,Mobile Money
S0008646,C00527,P0049, ST014 ,2026-01-18,3,469.63,0.0,completed,Bank Transfer
S0005610,C00178,P0174,ST009,2026-02-06,4,188.92,0.1,completed,Mobile Money
S0001243,C00689,P0159,ST017,2025-09-01,7,579.43,0.1,Completed,Mobile Money
S0007702,C00247,P0181,ST019,2026-07-12,10,65.46,0.2,Cancelled,Bank Transfer
S0007299,C00438,P0158,ST002,2026-02-05,10,98.03,0.15,Pending,Card
S0002223,C00992,P0194,ST013,2025-12-30,5,1315.47,0.15,Completed,Cash
S0005437,C00893,P0004,ST016,2025-01-13,3,1500.47,0.1,Completed,Mobile Money
S0002820,C00954,P0141,ST011,2025-04-05,8,100.3,0.1,Returned,Card
S0003881,C00201,P0157,ST020,2026-01-05,7,1295.48,0.15,Pending,Card
S0003277,C00346,P0040,ST019,2026-01-26,0,1289.11,0.15,Cancelled,Cash
S0009263,C00186,P0053,ST006,2025-02-21,10,1493.35,0.15,Pending,Mobile Money
S0005624,C00133,P0196,ST003,2025-03-23,5,503.46,0.15,Returned,Bank Transfer
S0003798,C00966,P0123,ST018,2025-07-27,5,811.98,0.15,Cancelled,Mobile Money
S0000608,C00113,P0132,ST013,2025-03-02,2,1401.67,0.0,Completed,Cash
S0008618,C00962,P0066,ST013,2025-08-05,1,153.1,0.15,Returned,Bank Transfer
S0003160,C00193,P0102,ST013,2025-04-30,4,765.01,0.05,Pending,Cash
S0003031,C00221,P0051,ST016,2025-05-02,7,531.82,0.2,Completed,Cash
S0002569,C00118,P0115,ST017,2025-12-14,2,613.19,0.05,Completed,Cash
S0003789,C00143,P0112,ST018,2025-10-22,5,122.85,0.15,completed,Bank Transfer
S0006749,C00255,P0123,ST005,2025-02-28,7,816.31,0.2,Cancelled,Mobile Money
S0009454,C00133,P0039,ST002,2025-10-25,9,1497.25,0.2,Pending,Mobile Money
S0000752,C00365,P0024,ST002,2025-10-01,8,609.68,0.0,Cancelled,Mobile Money
S0007742,C00277,P0157,ST011,2025-10-01,7,1295.71,0.2,Pending,Cash
S0007491,C00348,P0096,ST005,2026-01-10,7,961.26,0.05,completed,Mobile Money
S0003052,C00638,P0029,ST015,2025-02-03,5,1227.63,0.0,Completed,Bank Transfer
S0007154,C00484,P0051,ST009,2025-08-05,5,532.17,0.0,Cancelled,Cash
S0000930,C00001,P0126,ST006,2026-05-08,6,456.81,0.05,Pending,Cash
S0002690,C00645,P0082,ST009,2025-02-21,7,1217.71,0.15,Completed,Bank Transfer
S0004904,C00879,P0026,ST018,2025-05-25,2,1079.07,0.0,Pending,Cash
S0006351,C00355,P0165,ST005,2026-03-21,9,831.59,0.05,Completed,Bank Transfer
S0008300,C00437,P0078,ST019,2025-07-16,6,916.86,0.2,Pending,Mobile Money
S0002220,C00917,P0185,ST016,2026-03-04,7,843.36,0.1,Completed,Mobile Money
S0007809,C00342,P0146,ST015,2025-05-21,6,1387.73,0.1,Pending,Cash
S0000947,C00862,P0022,ST014,2025-12-15,5,646.68,0.0,Cancelled,Card
S0007449,C00948,P0142,ST004,2025-01-24,7,1167.12,0.2,Returned,Card
S0000158,C00565,P0010,ST012,2026-02-18,3,101.83,0.15,Returned,Cash
S0006762,C00643,P0048,ST016,2026-03-24,6,645.7,0.0,Returned,Cash
S0009901,C00275,P0122,ST020,2025-05-12,6,1125.31,0.1,Completed,Bank Transfer
S0008899,C00172,P0073,ST011,2025-03-18,8,564.65,0.15,Returned,Mobile Money
S0000170,C00694,P0198,ST015,2025-01-12,4,815.8,0.2,Returned,Mobile Money
S0008250,C00697,P0011,ST010,2026-07-03,8,159.11,0.2,completed,Bank Transfer
S0008659,C00150,P0083,ST014,2025-05-20,6,1061.32,0.2,Pending,Card
S0008191,C00935,P0091,ST007,2025-02-13,2,458.95,0.15,completed,Card
S0002187,C00229,P0096,ST007,2025-01-07,9,962.22,0.15,completed,Card
S0002352,C00839,P0144,ST011,2026-05-31,3,1118.93,0.15,Pending,Bank Transfer
S0000337,C00580,P0100,ST020,2026-02-12,9,913.7,0.0,Cancelled,Mobile Money
S0006329,C00598,P0014,ST002,2026-03-19,6,242.69,0.15,Completed,Bank Transfer
S0005605,C00702,P0195,ST018,2026-01-21,5,893.81,0.05,completed,Mobile Money
S0008000,C00588,P0103,ST001,2025-04-03,8,1296.84,0.15,Returned,Cash
S0008341,C00345,P0117,ST003,2025-05-06,6,293.52,0.15,Cancelled,Card
S0006546,C00163,P0176,ST010,2025-03-30,9,340.45,0.0,Completed,Card
S0000778,C00313,P0005,ST002,2025-02-04,7,306.47,0.0,Returned,Bank Transfer
S0002260,C00247,P0165,ST005,2025-07-06,10,828.67,0.1,Pending,Bank Transfer
S0000208,C00301,P0174,ST012,2025-06-25,7,189.35,0.1,Completed,Bank Transfer
S0002461,C00476,P0176,ST011,2025-02-21,3,338.61,0.15,Returned,Cash
S0005830,C00887,P0095,ST009,2025-06-22,2,57.19,0.05,Returned,Card
S0009587,C00978,P0066,ST014,2025-03-05,8,155.46,0.0,Pending,Mobile Money
S0006164,C00774,P0056,ST015,2025-04-30,9,1186.87,0.15,Completed,Card
S0009605,C00383,P0097,ST018,2026-04-25,10,1378.95,0.05,completed,Mobile Money
S0000825,C00368,P0096,ST006,2026-02-02,8,957.38,0.05,Returned,Card
S0007232,C00751,P0024,ST017,2025-09-09,4,608.54,0.0,Returned,Cash
S0008356,C00926,P0079,ST001,2026-03-28,9,1031.34,0.2,Returned,Bank Transfer
S0001780,C00832,P0182,ST019,2026-02-27,8,554.43,,Cancelled,Bank Transfer
S0007238,C00342,P0038,ST005,2025-06-05,8,308.75,0.2,Returned,Mobile Money
S0007622,C00748,P0150,ST002,2025-08-10,2,680.63,0.15,Pending,Bank Transfer
S0003971,C00070,P0100,ST015,2025-09-22,7,913.52,0.2,completed,Bank Transfer
S0004305,C00728,P0018,ST011,2026-06-07,3,873.66,0.1,Pending,Bank Transfer
S0008587,C00129,P0057,ST010,2025-06-29,9,202.07,0.2,Completed,Card
S0003965,C00947,P0023,ST013,2026-06-01,5,838.09,0.1,Returned,Mobile Money
S0003765,C00463, P0171 ,ST001,2025-09-23,8,604.19,0.15,Completed,Mobile Money
S0005194,C00188,P0144,ST016,2025-09-24,8,1118.44,0.0,Pending,Cash
S0001907,C00850,P0035,ST011,2025-11-16,8,304.37,0.05,Cancelled,Bank Transfer
S0005497,C00503,P0163,ST004,2025-08-20,5,1406.94,0.2,Completed,Card
S0008756,C00089,P0120,ST012,2025-02-19,10,540.19,0.05,Returned,Cash
S0002830,C00517,P0176,ST005,2026-05-08,5,336.86,0.05,Completed,Mobile Money
S0003357,C00039,P0096,ST005,2026-01-22,3,959.76,0.05,Returned,Card
S0002605,C00914,P0154,ST002,2026-05-11,2,26.38,0.15,Completed,Bank Transfer
S0004616,C00276,P0040,ST014,2025-11-21,6,1290.63,0.05,Cancelled,Card
S0004751,C00690,P0162,ST007,2026-03-11,5,305.31,0.0,Completed,Cash
S0006032,C00151,P0124,ST015,2025-06-28,10,636.8,0.2,completed,Mobile Money
S0008201,C00458,P0118,ST005,2026-06-26,10,813.31,0.1,Cancelled,Bank Transfer
S0000829,C00912,P0137,ST002,2025-01-03,4,155.64,0.1,completed,Mobile Money
S0001754,C00063,P0009,ST016,2026-07-24,3,152.54,0.0,Completed,Card
S0002503,C00882,P0012,ST016,2026-03-14,9,1081.23,0.1,Returned,Bank Transfer
S0006111,C00155,P0195,ST006,2025-01-23,10,898.8,0.1,Completed,Cash
S0002764,C00971,P0178,ST001,2025-11-23,5,1443.08,0.1,Returned,Bank Transfer
S0009279,C00898,P0022,ST017,2026-07-02,3,651.08,0.05,completed,Mobile Money
S0005718,C00570,P0191,ST012,2026-01-14,3,1378.06,0.15,Cancelled,Mobile Money
S0009372,C00001,P0115,ST010,2025-05-26,4,610.99,0.2,Cancelled,Card
S0001297,C00845,P0122,ST014,2025-10-09,-2,1121.36,0.2,Pending,Cash
S0006939,C00502,P0056,ST012,2025-09-13,7,1182.66,0.0,Completed,Cash
S0008703,C00556,P0187,ST020,2025-03-22,2,388.65,0.2,completed,Mobile Money
S0004607,C00529,P0182,ST008,2025-04-22,5,549.42,0.2,Completed,Mobile Money
S0008364,C00473,P0190,ST007,2025-02-03,8,955.05,0.1,Pending,Bank Transfer
S0002859,C00329,P0095,ST013,2026-05-17,2,54.86,0.2,Pending,Cash
S0006788,C00748,P0088,ST007,2026-02-02,5,697.8,0.0,Pending,Bank Transfer
S0006270,C00535,P0004,ST003,2025-12-26,6,1496.33,0.05,Cancelled,Mobile Money
S0001284,C00370,P0174,ST018,2026-06-07,5,191.22,0.2,Completed,Bank Transfer
S0002729,C00326,P0065,ST007,2025-01-01,5,590.37,0.0,Pending,Card
S0005163,C00348,P0183,ST012,2026-06-06,8,148.75,0.05,completed,Mobile Money
S0008821,C00268,P0153,ST017,2025-06-04,4,507.43,0.0,Cancelled,Card
S0001794,C00426,P0002,ST010,2025-01-02,6,287.12,0.15,Cancelled,Bank Transfer
S0000707,C00844,P0028,ST005,2025-12-31,1,149.44,0.05,Completed,Card
S0001414,C00609,P0140,ST011,2025-07-04,3,1309.63,0.1,Returned,Card
S0009735,C00211,P0167,ST008,2025-08-02,10,359.2,0.05,Pending,Bank Transfer
S0005702,C00977,P0147,ST004,2025-11-28,9,1333.49,0.1,completed,Cash
S0002137,C00564,P0079,ST018,2025-09-24,3,1033.42,0.15,Returned,Card
S0003385,C00551,P0156,ST006,2025-10-21,7,643.79,0.05,Completed,Mobile Money
S0003746,C00028,P0059,ST017,2025-12-14,8,413.06,0.15,Completed,Mobile Money
S0002078,C00646,P0073,ST002,2025-11-19,6,560.46,0.15,Completed,Bank Transfer
S0003124,C00331,P0144,ST020,2025-08-03,4,1119.3,0.05,Cancelled,Card
S0008895,C00269,P0018,ST005,2026-06-09,6,873.66,0.0,completed,Card
S0004245,C00921,P0076,ST017,2025-03-01,2,707.13,0.0,Completed,Bank Transfer
S0000732,C00876,P0086,ST009,2025-09-15,8,352.59,0.0,completed,Cash
S0009163,C00292,P0108,ST015,2025-01-29,9,874.58,0.0,Completed,Bank Transfer
S0007831,C00697,P0078,ST010,2025-05-05,10,913.01,0.0,completed,Mobile Money
S0005007,C00320,P0085,ST010,2026-06-22,6,990.19,0.2,Completed,Bank Transfer
S0008877,C00890,P0163,ST008,2025-11-23,7,1403.04,0.2,completed,Card
S0007271,C00912,P0150,ST009,2025-02-13,1,679.51,0.15,Pending,Card
S0002510,C00656,P0060,ST009,2025-10-08,4,735.56,0.05,Cancelled,Bank Transfer
S0001268,C00093,P0027,ST003,2026-05-05,6,1023.05,0.15,Pending,Card
S0006409,C00124,P0020,ST015,2026-02-03,8,1322.27,0.1,Pending,Bank Transfer
S0004087,C00084,P0160,ST015,2025-12-14,8,337.66,0.15,Returned,Cash
S0007562,C00603,P0032,ST002,2025-07-31,2,485.59,0.15,Pending,Bank Transfer
S0000527,C00858,P0099,ST004,2025-11-04,6,1388.84,0.1,Pending,Bank Transfer
S0006480,C00253,P0054,ST011,2025-12-09,4,100.42,0.15,completed,Card
S0001036,C00631,P0068,ST009,2025-11-24,1,95.31,0.2,Pending,Mobile Money
S0007567,C00972,P0187,ST011,2025-12-31,6,390.93,0.0,completed,Mobile Money
S0009201,C00097,P0076,ST013,2025-03-15,8,712.94,0.15,Cancelled,Card
S0001591,C00856,P0058,ST009,2026-06-05,9,1325.7,0.15,Returned,Bank Transfer
S0009774,C00717,P0004,ST007,2025-02-04,1,1499.25,0.2,Completed,Cash
S0004079,C00797,P0175,ST013,2026-04-13,4,516.66,0.05,Cancelled,Mobile Money
S0003699,C00112,P0091,ST007,2025-05-11,1,458.28,0.0,Cancelled,Card
S0000675,C00940,P0136,ST004,2025-02-14,7,96.98,0.15,Cancelled,Mobile Money
S0001606,C00580,P0116,ST010,2026-06-23,10,30.68,0.15,Completed,Card
S0001973,C00173,P0043,ST003,2025-08-14,9,1027.86,0.0,Completed,Card
S0006151,C00190,P0081,ST014,2025-10-26,4,203.71,0.2,Pending,Bank Transfer
S0006244,C00067,P0068,ST013,2025-07-04,9,100.5,0.0,completed,Card
S0007628,C00145,P0113,ST017,2026-06-03,1,361.63,0.05,Pending,Bank Transfer
S0009107,C00060,P0084,ST015,2026-04-05,10,231.52,0.05,Pending,Card
S0006009,C00628,P0162,ST013,2025-10-02,6,306.7,0.05,Returned,Cash
S0000774,C00731,P0147,ST008,2025-04-11,5,1335.59,0.05,Pending,Bank Transfer
S0007695,C00655,P0028,ST006,2025-08-18,6,149.74,0.2,Cancelled,Card
S0001029,C00408,P0095,ST005,2026-07-17,9,55.09,0.0,completed,Cash
S0004985,C00961,P0184,ST010,2025-03-09,5,104.82,0.15,completed,Bank Transfer
S0007955,C00787,P0088,ST011,2025-04-28,9,695.07,0.2,Cancelled,Cash
S0009383,C00764,P0145,ST006,2025-10-06,5,1490.97,0.0,Cancelled,Cash
S0006976,C00051,P0151,ST003,2025-04-21,5,34.24,0.1,Cancelled,Bank Transfer
S0007255,C00045,P0161,ST019,2026-07-03,4,98.65,0.0,Cancelled,Bank Transfer
S0006400,C00938,P0072,ST019,2025-03-08,2,1115.13,0.0,completed,Mobile Money
S0004025,C00031,P0115,ST015,2026-07-31,3,615.4,0.15,Cancelled,Cash
S0007838,C00608,P0160,ST001,2026-06-07,2,336.0,0.0,Pending,Mobile Money
S0001823,C00615,P0161,ST004,2026-01-03,10,99.42,0.1,Cancelled,Card
S0000647,C00975,P0156,ST008,2025-05-09,1,642.55,0.15,completed,Cash
S0005176,C00108,P0154,ST002,2026-04-01,5,25.03,0.05,Completed,Card
S0003694,C00863,P0098,ST013,2026-01-27,5,809.77,0.0,Cancelled,Mobile Money
S0007670,C00569,P0130,ST011,2026-05-27,10,459.39,0.1,Completed,Mobile Money
S0002403,C00540,P0018,ST016,2025-09-10,5,871.4,0.2,Pending,Bank Transfer
S0009033,C00598,P0082,ST008,2026-01-16,6,1218.01,0.1,Pending,Cash
S0000184,C00276,P0158,ST002,2025-04-02,10,104.86,0.0,Completed,Mobile Money
S0005218,C00061,P0132,ST004,2025-12-11,4,1403.71,0.05,Completed,Cash
S0000658,C00315,P0014,ST002,2026-06-14,8,242.85,0.05,Completed,Card
S0000467,C00587,P0150,ST009,2025-11-12,8,677.41,0.2,Completed,Cash
S0003220,C00193,P0140,ST004,2025-09-05,7,1311.24,0.2,Pending,Cash
S0004901,C00359,P0127,ST003,2025-04-16,4,1483.01,0.1,completed,Bank Transfer
S0002542,C00063,P0143,ST010,2025-03-19,3,1165.92,0.0,completed,Mobile Money
S0005706,C00584,P0095,ST019,2025-12-26,6,58.16,0.05,Pending,Cash
S0005964,C00589,P0145,ST006,2026-07-02,10,1492.59,0.0,completed,Cash
S0000790,,P0187,ST009,2026-02-20,10,394.43,0.2,completed,Bank Transfer
S0004972,C00976,P0045,ST020,2026-04-16,9,1246.74,0.1,Returned,Mobile Money
S0006135,C00443,P0006,ST009,2025-02-05,9,1228.7,0.05,Completed,Bank Transfer
S0008635,C00671,P0057,ST003,2026-06-08,5,207.0,0.0,Returned,Card
S0004613,C00070,P0165,ST008,2025-11-28,9,826.5,0.15,Pending,Card
S0001801,C00332,P0063,ST017,2026-05-23,9,1438.85,0.2,Returned,Mobile Money
S0006905,C00650,P0084,ST011,2026-03-16,4,232.08,0.05,Cancelled,Mobile Money
S0006106,C00197,P0192,ST019,2025-09-06,9,242.37,0.05,Cancelled,Card
S0006817,C00941,P0013,ST011,2025-01-31,6,100.33,0.05,Returned,Cash
S0003855,C00498,P0104,ST015,2026-01-31,8,159.64,0.15,Completed,Card
S0004348,C00066,P0169,ST011,2025-12-03,8,1118.55,0.2,completed,Card
S0001025,C00099,P0198,ST016,2025-06-12,10,814.41,0.15,completed,Cash
S0001065,C00466,P0074,ST013,2025-08-11,3,1460.71,0.0,Completed,Card
S0000110,C00847,P0003,ST005,2025-04-10,7,626.09,0.05,Cancelled,Cash
S0001895,C00731,P0159,ST018,2026-07-25,2,585.14,0.05,Completed,Card
S0006652,C00785,P0060,ST018,2026-04-12,1,738.11,0.0,Pending,Card
S0009693,C00865,P0016,ST004,2025-04-17,9,990.71,0.05,Returned,Bank Transfer
S0002482,C00845,P0084,ST016,2025-09-06,1,225.01,0.1,Returned,Mobile Money
S0000596,C00805,P0067,ST007,2025-08-11,7,924.94,0.2,Returned,Cash
S0007043,C00772,P0020,ST006,2026-06-05,6,1324.35,0.0,Completed,Mobile Money
S0007045,C00854,P0010,ST011,2025-12-17,5,96.14,0.0,Returned,Mobile Money
S0001455,C00885,P0139,ST004,2025-06-29,7,1112.31,0.15,Completed,Cash
S0005985,C00035,P0177,ST012,2026-06-24,5,15.21,0.05,Returned,Bank Transfer
S0008140,C00209,P0086,ST011,2026-02-03,9,354.92,0.15,completed,Card
S0001905,C00942,P0143,ST001,2026-03-24,6,1164.2,0.0,Completed,Cash
S0006721,C00351,P0109,ST009,2026-04-22,5,192.01,0.15,Cancelled,Bank Transfer
S0006484,C00111,P0078,ST004,2025-02-13,8,910.69,0.05,Pending,Cash
S0007681,C00902,P0116,ST005,2025-02-01,1,36.25,0.2,Cancelled,Card
S0008805,C00599,P0030,ST016,2026-06-06,6,1370.94,0.15,Cancelled,Card
S0004151,C00724,P0102,ST015,2026-04-27,7,762.45,0.2,Pending,Bank Transfer
S0009345,C00142,P0070,ST007,2025-03-27,4,1136.47,0.1,Completed,Card
S0008720,C00238,P0082,ST008,2025-04-11,7,1225.18,0.1,Returned,Cash
S0004465,C00653,P0196,ST011,2026-03-14,9,502.36,0.05,completed,Card
S0005170,C00132,P0177,ST009,2026-06-30,2,19.85,0.1,completed,Mobile Money
S0008680,C00929,P0016,ST003,2026-01-09,7,991.7,0.0,Completed,Bank Transfer
S0006596,C00290,P0166,ST010,2026-01-02,1,1099.45,0.15,Completed,Cash
S0008134,C00468,P0152,ST009,2026-01-28,5,923.05,0.1,Returned,Mobile Money
S0001262,C00618,P0173,ST013,2025-01-28,3,666.06,0.1,Completed,Card
S0006723,C00364,P0173,ST016,2025-06-03,7,663.99,0.1,Returned,Mobile Money
S0002357,C00542,P0026,ST019,2026-01-28,1,1072.88,0.05,completed,Mobile Money
S0006664,C00682,P0069,ST005,2025-12-31,7,1359.59,0.15,Cancelled,Bank Transfer
S0007661,C00684,P0140,ST018,2025-12-15,8,1312.24,0.05,Pending,Bank Transfer
S0002921,C00485,P0103,ST001,2026-05-30,5,1297.11,0.15,Completed,Bank Transfer
S0008285,C00175,P0012,ST011,2025-05-25,5,1083.28,0.1,Returned,Cash
S0003019,C00911,P0035,ST001,2025-01-01,5,304.34,0.1,Cancelled,Card
S0007348,C00989,P0081,ST001,2025-03-26,5,202.1,0.1,Returned,Cash
S0007359,C00932,P0027,ST004,2026-06-29,7,1022.22,0.0,Cancelled,Mobile Money
S0000887,C00064,P0162,ST020,2026-05-15,8,308.13,0.15,Completed,Card
S0005237,C00208,P0039,ST013,2025-06-23,5,1494.66,0.05,Pending,Card
S0003311,C00661,P0197,ST008,2025-09-08,2,112.26,0.0,completed,Mobile Money
S0008663,C00079,P0163,ST005,2025-10-21,8,1404.05,0.05,Returned,Bank Transfer
S0004162,C00554,P0181,ST002,2025-11-10,3,73.43,0.15,Completed,Bank Transfer
S0008004,C00553,P0186,ST001,2026-06-02,6,1353.51,0.2,Returned,Cash
S0000470,C00903,P0067,ST018,2025-09-27,1,922.18,0.15,Completed,Mobile Money
S0004640,C00170,P0199,ST015,2025-07-14,9,782.85,0.15,Completed,Cash
S0006655,C00877,P0035,ST012,2026-03-10,4,308.5,0.2,Returned,Cash
S0000245,C00014,P0037,ST003,2025-05-27,9,516.79,0.15,Pending,Cash
S0009971,C00194,P0079,ST014,2025-04-26,4,1029.65,0.15,Pending,Mobile Money
S0008701,C00821,P0113,ST013,2026-05-31,7,360.74,0.15,Returned,Mobile Money
S0008287,C00737,P0172,ST007,2025-08-14,10,1416.13,0.0,Completed,Card
S0000329,C00869,P0076,ST014,2026-07-24,3,708.07,0.0,completed,Card
S0004290,C00392,P0126,ST006,2025-07-09,10,456.65,0.2,Cancelled,Cash
S0009821,C00572,P0039,ST009,2025-06-16,6,1492.75,0.15,completed,Card
S0002734,C00838,P0074,ST020,2025-09-27,8,1465.19,0.0,Cancelled,Cash
S0003127,C00319,P0157,ST010,2025-04-14,1,1294.22,0.05,completed,Card
S0004565,C00012,P0056,ST012,2025-12-29,8,1184.26,0.15,Returned,Card
S0008535,C00795,P0007,ST008,2026-06-19,9,113.39,0.05,Completed,Card
S0008147,C00953,P0169,ST009,2026-05-06,9,1116.03,0.2,Returned,Mobile Money
S0006707,C00603,P0189,ST006,2025-03-31,9,646.21,0.1,Returned,Mobile Money
S0007054,C00302,P0049,ST003,2025-01-05,3,469.55,0.05,Cancelled,Card
S0006226,C00668,P0098,ST010,2025-02-17,1,812.54,0.0,completed,Cash
S0007288,C00677,P0152,ST017,2025-09-30,-2,920.71,0.15,Pending,Bank Transfer
S0002114,C00990,P0087,ST016,2025-04-29,8,780.38,0.0,completed,Card
S0008988,C00417,P0156,ST012,2025-09-08,7,643.19,0.2,Completed,Cash
S0008601,C00235,P0106,ST008,2026-01-17,3,447.63,0.15,Returned,Card
S0009698,C00246,P0001,ST017,2025-01-22,7,1037.72,0.15,Returned,Card
S0004370,C00385,P0049,ST007,2026-01-15,2,466.85,0.05,Returned,Mobile Money
S0008997,C00949,P0041,ST006,2026-02-12,9,539.23,0.15,Cancelled,Bank Transfer
S0001665,C00711,P0168,ST008,2025-05-04,9,747.65,0.0,Completed,Mobile Money
S0000205,C00158,P0108,ST018,2026-04-04,1,873.69,0.15,Cancelled,Cash
S0005907,C00721,P0118,ST004,2026-03-24,8,810.08,0.1,Pending,Bank Transfer
S0006566,C00791,P0192,ST017,2025-01-10,1,246.43,0.2,Pending,Bank Transfer
S0007618,C00393,P0106,ST004,2026-02-04,1,444.02,0.15,completed,Bank Transfer
S0000828,C00647,P0176,ST016,2025-11-07,8,341.0,0.05,Pending,Card
S0007096,C00677,P0047,ST003,2026-12-02,8,620.05,0.1,Returned,Cash
S0001902,C00540,P0057,ST011,2025-10-17,1,206.67,0.1,Cancelled,Card
S0008833,C00965,P0126,ST017,2025-07-22,8,453.1,0.0,Pending,Bank Transfer
S0007247,C00821,P0134,ST018,2025-12-23,3,1258.36,0.1,Cancelled,Bank Transfer
S0005993,C00703,P0047,ST005,2025-02-06,9,618.63,0.1,Cancelled,Cash
S0007539,C00140,P0007,ST007,2025-08-06,8,114.5,0.1,Cancelled,Bank Transfer
S0008042,C00373,P0172,ST008,2026-04-28,9,1420.54,0.1,Cancelled,Cash
S0009521,C00570,P0035,ST017,2025-02-13,1,307.46,0.2,Pending,Card
S0009396,C00947,P0094,ST010,2025-01-12,8,484.85,0.0,Cancelled,Cash
S0009867,C00562,P0079,ST007,2025-04-21,10,1031.34,0.1,completed,Card
S0008567,C00721,P0013,ST007,2026-01-09,7,101.4,0.15,Cancelled,Card
S0003058,C00341,P0038,ST001,2026-07-14,0,310.73,0.15,Cancelled,Cash
S0002514,C00005,P0135,ST004,2025-07-23,1,1299.11,0.05,Pending,Bank Transfer
S0004586,C00456,P0184,ST003,2026-01-31,10,105.36,0.0,Cancelled,Mobile Money
S0001799,C00776,P0179,ST008,2025-05-15,2,627.6,0.05,completed,Card
S0002077,C00640,P0146,ST019,2025-12-19,5,1391.1,0.2,Completed,Bank Transfer
S0001271,C00229,P0100,ST004,2025-07-02,2,915.26,0.05,Pending,Mobile Money
S0007375,C00952,P0171,ST007,2025-07-31,2,601.79,0.2,completed,Bank Transfer
S0004271,C00283,P0194,ST003,2025-10-28,7,1315.72,0.1,Cancelled,Card
S0000098,C00405,P0122,ST008,2026-02-13,4,1123.48,0.2,Returned,Mobile Money
S0006011,C00530,P0157,ST013,2026-07-02,8,1297.41,0.2,Returned,Bank Transfer
S0003252,C00319,P0097,ST019,2026-04-04,8,1381.71,0.15,Completed,Bank Transfer
S0005406,C00686,P0169,ST017,2025-04-12,6,1119.9,0.0,Cancelled,Bank Transfer
S0002874,C00250,P0012,ST008,2025-07-20,1,1082.18,0.15,Pending,Mobile Money
S0009401,C00166,P0006,ST018,2025-04-15,10,1226.18,0.05,Returned,Card
S0004232,C00089,P0086,ST011,2025-03-13,8,354.64,0.1,Completed,Cash
S0008657,C00154,P0151,ST002,2026-01-10,5,36.55,0.15,Completed,Mobile Money
S0000326,C00824,P0069,ST010,2025-01-13,5,1360.12,0.05,Pending,Cash
S0008793,C00013,P0190,ST004,2025-04-14,3,949.44,0.1,Pending,Cash
S0005740,C00941,P0168,ST014,2025-06-12,5,744.8,0.2,completed,Bank Transfer
S0003195,C00101,P0107,ST011,2025-04-07,2,400.14,0.1,Pending,Mobile Money
S0002870,C00403,P0040,ST010,2026-05-24,3,1287.4,0.0,Cancelled,Bank Transfer
S0004283,C00336,P0142,ST019,2025-04-08,9,1163.12,0.2,completed,Mobile Money
S0000876, C00836 ,P0098,ST012,2025-01-13,0,812.34,0.1,Pending,Cash
S0004714,C00206,P0174,ST014,2025-02-14,5,194.27,0.05,Cancelled,Mobile Money
S0004537,C00687,P0130,ST017,2025-04-20,3,457.76,0.1,Returned,Card
S0005449,C00348,P0176,ST016,2026-07-21,2,342.27,0.15,Cancelled,Card
S0000143,C00878,P0062,ST005,2026-05-12,4,762.5,0.0,Cancelled,Bank Transfer
S0004999,C00906,P0023,ST017,2025-03-10,3,837.38,0.1,Cancelled,Bank Transfer
S0000934,C00815,P0104,ST011,2026-02-28,7,164.44,0.05,Completed,Cash
S0004578,C00350,P0083,ST004,2026-04-23,10,1052.59,0.15,Completed,Mobile Money
S0002925,C00639,P0006,ST017,2026-06-28,9,1226.2,0.05,Returned,Card
S0003912,C00873,P0075,ST015,2025-02-04,4,429.86,0.1,completed,Cash
S0001167,C00943,P0074,ST015,2025-10-30,4,1464.35,0.15,Completed,Cash
S0003249,C00396,P0009,ST010,2025-06-27,9,150.68,0.1,Pending,Cash
S0003791,C00761,P0157,ST004,2025-02-03,5,1295.13,0.05,Cancelled,Cash
S0003875,C00330,P0080,ST017,2026-04-30,3,864.62,0.0,Cancelled,Card
S0008151,C00466,P0033,ST020,2025-06-10,3,329.41,0.05,Cancelled,Bank Transfer
S0006700,C00698,P0195,ST003,2026-07-05,2,894.23,0.2,Returned,Mobile Money
S0002227,C00641,P0020,ST011,2025-07-17,7,1323.61,0.2,Completed,Card
S0009613,C00022,P0139,ST017,2025-05-27,4,1111.39,0.2,completed,Bank Transfer
S0000455,C00219,P0043,ST017,2026-03-27,3,1026.97,0.2,Completed,Cash
S0006670,C00747,P0185,ST011,2025-03-31,10,845.77,0.05,Cancelled,Mobile Money
S0004719,C00723,P0057,ST017,2025-05-21,2,205.26,0.15,Pending,Card
S0009291,C00587,P0086,ST007,2026-04-07,10,355.45,0.05,Pending,Mobile Money
S0009722,C00275,P0034,ST020,2025-05-11,2,1184.88,0.15,completed,Mobile Money
S0008529,C00310,P0034,ST008,2025-10-20,8,1185.68,0.1,Returned,Card
S0003747,C00140,P0078,ST006,2025-10-27,3,913.74,0.15,completed,Card
S0005178,C00184,P0064,ST015,2026-04-28,1,1298.91,0.05,completed,Bank Transfer
S0006598,C00835,P0193,ST013,2026-02-14,7,907.27,0.15,Returned,Cash
S0005739,C00356,P0025,ST002,2026-06-09,7,329.88,0.0,Completed,Mobile Money
S0006040,C00733,P0007,ST001,2026-01-17,8,116.67,0.0,Pending,Bank Transfer
S0009662,C00659,P0068,ST009,2025-05-24,8,96.67,0.1,Pending,Cash
S0001097,C00254,P0185,ST016,2026-06-24,2,846.91,0.05,Cancelled,Cash
S0007225,C00403,P0129,ST012,2025-10-29,10,1203.88,0.2,Completed,Mobile Money
S0002842,C00572,P0005,ST014,2025-07-28,5,304.72,0.2,Pending,Bank Transfer
S0007404,C00242,P0194,ST008,2026-07-14,10,1314.49,0.1,completed,Mobile Money
S0003872,C00793,P0049,ST003,2025-02-04,5,468.81,0.2,Cancelled,Cash
S0004473,C00813,P0195,ST017,2025-10-14,5,894.47,0.05,Cancelled,Bank Transfer
S0003035, C00924 ,P0078,ST012,2026-03-04,2,915.11,0.15,completed,Mobile Money
S0000621,C00156,P0044,ST004,2025-04-04,10,917.72,0.1,Cancelled,Cash
S0001954,C00216,P0169,ST013,2025-08-04,9,1117.81,0.0,Returned,Card
S0009879,C00550,P0079,ST008,2025-12-03,5,1033.93,0.15,Pending,Cash
S0003691,C00923,P0174,ST002,2025-10-14,1,192.18,0.0,Cancelled,Card
S0007082,C00010,P0010,ST015,2025-04-12,8,100.33,0.05,Returned,Bank Transfer
S0000135,C00562,P0053,ST009,2026-05-06,1,1495.57,0.1,Cancelled,Mobile Money
S0004575,C00991,P0125,ST017,2026-04-25,6,647.53,0.2,Returned,Cash
S0004003,C00627,P0187,ST017,2025-12-12,9,390.07,0.15,completed,Mobile Money
S0000233,C00781,P0173,ST016,2025-11-25,4,665.89,0.0,Returned,Mobile Money
S0002423,C00904,P0185,ST005,2025-02-15,8,845.18,0.15,Completed,Mobile Money
S0008565,C00485,P0141,ST009,2026-01-12,9,103.67,0.2,Completed,Card
S0001521,C00154,P0160,ST001,2026-07-30,5,335.77,0.15,Completed,Card
S0005884,C00236,P0139,ST020,2025-07-20,3,1109.98,0.05,Completed,Card
S0002587,C00974,P0137,ST012,2026-07-22,1,153.48,0.2,completed,Cash
S0002286,C00566,P0195,ST011,2025-09-21,6,898.0,0.05,Returned,Cash
S0008949,C00011,P0020,ST020,2025-02-19,6,1324.02,0.05,Returned,Cash
S0008251,C00113,P0186,ST003,2025-04-11,2,1351.18,0.15,Pending,Cash
S0002024,C00643,P0178,ST018,2025-05-21,9,1445.84,0.1,completed,Mobile Money
S0002325,C00029,P0023,ST010,2025-12-06,10,839.87,0.0,Completed,Bank Transfer
S0004359,C00452,P0047,ST002,2026-07-22,4,623.34,0.0,Completed,Bank Transfer
S0008233,C00014,P0070,ST011,2025-06-03,3,1136.39,0.0,Pending,Cash
S0003218,C00891,P0177,ST020,2026-02-20,3,12.12,0.05,Cancelled,Cash
S0007789,C00775,P0025,ST013,2026-03-08,2,332.28,0.15,Cancelled,Mobile Money
S0006943,C00420,P0031,ST020,2025-06-25,6,627.62,0.05,completed,Mobile Money
S0001323,C00013,P0007,ST005,2025-12-02,4,113.22,0.05,Completed,Card
S0002854,C00715,P0071,ST017,2025-03-06,4,1336.6,0.15,Cancelled,Card
S0000582,C00738,P0156,ST011,2025-10-26,2,641.77,0.0,Pending,Cash
S0009619,C00976,P0014,ST002,2026-01-07,6,246.55,0.2,Completed,Card
S0001750,C00502,P0002,ST003,2025-02-15,8,284.59,0.15,Completed,Card
S0006406,C00827,P0059,ST012,2026-01-13,1,412.78,0.05,Completed,Card
S0000090,C00749,P0030,ST016,2026-07-27,5,1371.24,0.1,completed,Cash
S0000181,C00007,P0013,ST006,2026-03-01,8,99.82,0.1,Returned,Bank Transfer
S0003227,C00255,P0147,ST010,2026-04-19,7,1335.86,0.0,Cancelled,Cash
S0009034,C00756,P0042,ST012,2025-04-15,4,352.95,0.05,Returned,Card
S0006291,C00051,P0033,ST003,2025-12-25,8,332.78,0.2,Pending,Mobile Money
S0004166,C00155,P0176,ST006,2025-11-11,9,338.85,0.1,Pending,Card
S0001127,C00874,P0151,ST013,2026-05-24,7,35.85,0.0,Cancelled,Bank Transfer
S0009301,C00696,P0104,ST007,2025-03-04,3,162.37,0.1,Cancelled,Card
S0001840,C00950,P0029,ST004,2025-07-08,3,1223.25,0.1,Completed,Cash
S0006464,C00965,P0141,ST001,2025-11-23,3,100.51,0.05,Completed,Bank Transfer
S0002138,C00633,P0088,ST008,2026-07-07,1,696.63,0.15,Cancelled,Bank Transfer
S0003290,C00683,P0111,ST011,2026-02-22,1,494.2,0.05,Completed,Mobile Money
S0009300,C00854,P0089,ST018,2025-01-10,2,284.37,0.15,Pending,Card
S0002987,C00180,P0069,ST010,2025-10-23,1,1360.26,0.15,Cancelled,Mobile Money
S0002931,C00645,P0152,ST003,2025-07-16,6,921.93,0.2,Cancelled,Bank Transfer
S0009393,C00802,P0182,ST010,2026-02-07,9,554.15,0.2,Returned,Cash
S0003850,C00633,P0185,ST002,2025-07-31,6,846.85,0.0,Completed,Card
S0006908,C00840,P0014,ST001,2026-03-28,4,241.68,0.15,Returned,Cash
S0006308,C00620,P0154,ST005,2025-04-06,3,20.95,0.05,Returned,Mobile Money
S0005016,C00640,P0151,ST012,2025-01-30,7,36.19,0.1,Cancelled,Cash
S0009540,C00346,P0128,ST019,2025-11-10,9,202.15,0.1,Returned,Card
S0000805,C00493,P0153,ST010,2025-05-05,4,505.0,0.2,Pending,Mobile Money
S0008880,C00902,P0144,ST010,2026-04-24,3,1115.82,0.15,Pending,Bank Transfer
S0008783,C00141,P0174,ST018,2025-12-03,9,194.21,0.05,Completed,Cash
S0001261,C00685,P0073,ST007,2026-04-05,3,566.15,0.2,Cancelled,Mobile Money
S0008693,C00034, P0109 ,ST013,2025-06-06,2,190.53,0.15,Cancelled,Card
S0001236,C00399,P0184,ST009,2026-05-30,10,104.81,0.15,Completed,Card
S0006402,C00151,P0145,ST009,2025-12-25,7,1494.61,0.15,Cancelled,Mobile Money
S0008785,C00603,P0120,ST015,2026-07-13,4,545.81,0.2,Cancelled,Mobile Money
S0003150,C00934,P0012,ST018,2025-04-26,4,1082.75,0.05,Returned,Card
S0000064,C00079,P0048,ST004,2025-03-05,6,642.02,0.05,completed,Bank Transfer
S0002693,C00517,P0071,ST012,2026-04-02,7,1338.65,0.1,completed,Bank Transfer
S0001952,C00522,P0060,ST003,2025-05-02,8,734.61,0.0,Returned,Mobile Money
S0008987,C00292,P0168,ST006,2025-03-30,8,749.31,0.15,Completed,Cash
S0009364,C00567,P0002,ST009,2025-06-28,7,284.2,0.15,Pending,Cash
S0000302,C00650,P0080,ST004,2026-04-20,3,867.44,0.0,completed,Mobile Money
S0007209,C00936,P0055,ST020,2025-01-13,2,325.6,0.1,Pending,Bank Transfer
S0008639,C00636,P0069,ST006,2025-08-27,10,1357.46,0.05,Pending,Cash
S0009998,C00435,P0069,ST012,2025-04-06,8,1358.31,0.15,completed,Card
S0008197,C00015,P0043,ST016,2025-05-14,7,1026.61,0.0,Pending,Card
S0002759,C00180,P0053,ST013,2025-04-27,6,1493.54,0.2,Completed,Cash
S0005228,C00176,P0047,ST005,2026-02-11,9,619.35,0.15,Completed,Cash
S0001009,C00905,P0169,ST020,2025-02-06,4,1117.84,0.15,Cancelled,Mobile Money
S0008794,C00149,P0065,ST005,2025-02-09,10,589.76,0.05,Completed,Card
S0009305,C00583,P0129,ST009,2025-03-07,7,1203.93,0.0,Returned,Bank Transfer
S0009338,C00447,P0126,ST003,2025-09-06,7,455.23,0.2,Pending,Mobile Money
S0003100,C00436,P0029,ST009,2025-06-23,7,1224.64,0.15,Completed,Card
S0008126,C00887,P0140,ST002,2026-01-24,2,1308.46,0.15,completed,Card
S0003864,C00157,P0009,ST016,2025-01-25,5,152.13,0.0,Completed,Card
S0007906,C00359,P0051,ST006,2026-03-07,8,535.01,0.05,completed,Bank Transfer
S0003455,C00189,P0161,ST004,2025-01-18,5,102.02,0.15,Cancelled,Card
S0003395,C00591,P0103,ST009,2025-01-30,2,1297.22,0.0,completed,Cash
S0001962,C00442,P0155,ST014,2025-10-29,3,1414.24,0.0,Pending,Cash
S0008588,C00655,P0183,ST016,2025-01-18,1,150.66,0.15,Returned,Bank Transfer
S0006339,C00266,P0059,ST008,2026-03-07,3,414.93,0.15,completed,Cash
S0001200,C00641,P0120,ST002,2026-04-23,3,543.61,0.1,Pending,Bank Transfer
S0008721,C00508,P0138,ST004,2025-07-13,6,1445.79,0.05,Cancelled,Mobile Money
S0006618,C00447,P0156,ST012,2026-02-04,3,640.5,0.05,Returned,Bank Transfer
S0003819,C00087,P0083,ST009,2025-07-03,2,1053.5,0.15,Pending,Card
S0000599,C00377,P0194,ST002,2026-04-04,8,1316.69,0.2,Completed,Card
S0004140,C00702,P0028,ST012,2025-03-26,9,147.34,0.0,Pending,Bank Transfer
S0004799,C00195,P0119,ST009,2025-07-01,10,414.41,0.05,Cancelled,Bank Transfer
S0001574,C00117,P0052,ST013,2025-06-25,7,1037.8,0.05,Completed,Mobile Money
S0005364,C00326,P0124,ST020,2025-01-06,5,634.53,0.2,Cancelled,Bank Transfer
S0004632,C00625,P0161,ST013,2025-12-01,4,97.56,0.0,Returned,Cash
S0002573,C00301,P0038,ST005,2026-04-24,8,308.53,0.05,Pending,Card
S0002651,C00646,P0151,ST017,2025-01-15,7,37.72,0.15,Returned,Card
S0004158,C00866,P0168,ST001,2026-05-03,3,745.04,0.2,Returned,Bank Transfer
S0005673,C00036,P0025,ST012,2026-01-15,9,327.88,0.2,Pending,Bank Transfer
S0002439,C00551,P0043,ST002,2025-09-10,8,1026.49,0.2,completed,Cash
S0002428,C00072,P0180,ST017,2026-01-27,5,689.65,0.05,Pending,Cash
S0009150,C00882,P0174,ST010,2025-09-02,10,190.7,0.05,Returned,Bank Transfer
S0002671,C00026,P0162,ST001,2026-02-27,3,309.81,0.2,Pending,Mobile Money
S0002314,C00462,P0015,ST019,2025-08-31,4,1125.4,0.0,completed,Mobile Money
S0009193,C00173,P0164,ST002,2026-02-08,5,1251.38,0.15,Completed,Mobile Money
S0006375,C00957,P0039,ST013,2025-03-09,5,1493.26,0.15,Returned,Cash
S0004450,C00295,P0131,ST016,2026-06-19,9,1295.73,0.15,Completed,Bank Transfer
S0007904,C00876,P0080,ST003,2025-11-26,10,864.83,0.1,Pending,Card
S0002500,C00917,P0129,ST015,2025-11-15,3,1199.3,0.15,completed,Cash
S0005103,C00835,P0052,ST010,2025-05-26,2,1035.9,0.0,Cancelled,Bank Transfer
S0002490,C00609,P0146,ST011,2025-02-26,3,1393.42,0.0,Returned,Mobile Money
S0001136,C00205,P0157,ST018,2026-01-24,1,1295.92,0.05,Cancelled,Cash
S0003645,C00769,P0157,ST006,2025-11-05,10,1294.26,0.1,Cancelled,Bank Transfer
S0008714,C00303,P0090,ST003,2025-06-11,8,616.33,0.2,Completed,Cash
S0001060,C00011,P0150,ST007,2025-08-12,7,679.88,0.0,Returned,Card
S0003718,C00778,P0053,ST016,2026-07-06,5,1495.68,0.1,Completed,Bank Transfer
S0003060,C00323,P0055,ST012,2025-06-24,4,322.98,0.15,Cancelled,Bank Transfer
S0000835,C00347,P0014,ST015,2025-06-06,1,242.56,0.05,Returned,Bank Transfer
S0005584,C00609,P0134,ST013,2025-03-02,6,1258.06,0.05,Cancelled,Cash
S0006433,C00996,P0166,ST001,2025-08-30,3,1096.85,0.2,Cancelled,Bank Transfer
S0000840,C00162,P0170,ST012,2026-07-01,9,407.77,0.05,Returned,Card
S0001281,C00812,P0146,ST003,2025-07-24,3,1390.5,0.0,Pending,Mobile Money
S0000285,C00973,P0181,ST019,2025-05-09,5,68.41,0.15,Returned,Cash
S0004209,C00581,P0089,ST007,2025-06-25,8,283.08,0.15,Pending,Bank Transfer
S0003556,C01000,P0195,ST013,2025-07-29,6,895.15,0.1,Completed,Cash
S0008664,C00627,P0183,ST017,2025-12-20,9,153.1,0.1,completed,Mobile Money
S0000367,C00309,P0120,ST020,2025-06-25,8,0.0,0.05,Completed,Mobile Money
S0006203,C00163,P0088,ST003,2026-03-01,4,695.98,0.05,Cancelled,Card
S0000247,C00416,P0012,ST015,2025-07-20,2,1080.65,0.1,Returned,Bank Transfer
S0004135,C00003,P0125,ST005,2025-05-12,8,646.84,0.05,Completed,Bank Transfer
S0008018,C00504,P0193,ST003,2025-01-31,4,902.53,0.2,Cancelled,Cash
S0007185,C00936,P0045,ST019,2025-08-19,5,1246.6,0.1,Completed,Card
S0002603,C00891,P0138,ST007,2025-12-10,10,1440.45,0.2,Cancelled,Bank Transfer
S0000447,C00033,P0114,ST009,2026-07-20,4,554.63,0.15,Pending,Card
S0002394,C00991,P0041,ST005,2025-01-24,2,535.68,0.1,Completed,Cash
S0005282,C00797,P0038,ST006,2025-08-29,8,310.59,0.15,Pending,Mobile Money
S0003093,C00605,P0003,ST008,2025-03-28,6,631.91,0.2,Completed,Mobile Money
S0003980,C00866, P0055 ,ST002,2025-03-31,1,320.35,0.2,Pending,Bank Transfer
S0001828,C00011,P0051,ST020,2025-10-21,3,530.44,0.0,Returned,Mobile Money
S0009806,C00211,P0109,ST002,2025-06-20,1,192.34,0.15,Pending,Card
S0000253,C00345,P0037,ST012,2026-07-04,5,514.79,0.15,Cancelled,Cash
S0006615,C00099,P0059,ST004,2025-03-22,5,413.46,0.2,Cancelled,Mobile Money
S0000533,C00471,P0195,ST013,2025-01-16,2,895.4,0.1,Completed,Card
S0000616,C00824,P0015,ST018,2025-04-05,5,1127.26,0.1,Completed,Cash
S0006790,C00590,P0030,ST010,2025-10-29,9,1369.72,0.0,Pending,Card
S0007709,C00726,P0126,ST004,2026-07-09,10,451.42,0.0,Cancelled,Cash
S0009172,C00251,P0087,ST008,2025-06-13,1,779.57,0.1,Cancelled,Mobile Money
S0000373,C00450,P0092,ST008,2025-10-29,2,1118.69,0.1,Cancelled,Cash
S0007542,C00874,P0074,ST012,2026-03-04,5,1460.02,0.05,Pending,Bank Transfer
S0002008,C00768,P0015,ST001,2025-11-24,10,1129.49,0.15,Completed,Cash
S0004193,C00006,P0095,ST012,2026-02-23,6,58.25,0.05,Cancelled,Bank Transfer
S0004992,C00748,P0011,ST019,2025-07-25,1,155.79,0.0,Returned,Mobile Money
S0002938,C00894,P0101,ST019,2026-03-05,5,1242.15,0.15,Completed,Card
S0002752,C00450,P0149,ST016,2025-10-13,6,278.01,0.15,Cancelled,Cash
S0005357,C00014,P0115,ST017,2026-03-20,2,613.85,0.2,Pending,Mobile Money
S0003209,C00715,P0081,ST004,2025-08-10,7,203.24,0.15,Returned,Card
S0001611,C00308,P0039,ST015,2025-12-16,10,1495.27,0.2,Completed,Bank Transfer
S0006740,C00697,P0074,ST002,2026-05-29,9,1460.33,0.15,Completed,Mobile Money
S0004413,C00970,P0158,ST006,2025-07-11,1,99.59,0.1,Completed,Card
S0003243,C00105,P0124,ST017,2026-03-18,3,634.92,0.1,Completed,Cash
S0003266,C00934,P0039,ST008,2025-08-14,2,1496.12,0.15,completed,Mobile Money
S0002464,C00312,P0018,ST003,2025-09-15,1,872.62,0.05,Completed,Cash
S0002120,C00595,P0067,ST011,2025-09-09,2,922.17,0.0,completed,Card
S0000845,C00555,P0049,ST014,2026-02-13,1,471.03,0.1,Pending,Mobile Money
S0003763,C00037,P0102,ST010,2025-08-09,1,760.87,0.05,Pending,Mobile Money
S0002558,C00380,P0009,ST014,2026-07-18,10,152.37,0.15,Completed,Bank Transfer
S0001483,C00518,P0181,ST007,2026-03-23,3,66.83,0.1,Completed,Card
S0009386,C00226,P0013,ST001,2025-07-14,6,100.46,0.1,Pending,Card
S0006941,C00584,P0183,ST005,2026-04-06,1,156.17,0.05,Cancelled,Bank Transfer
S0003575,C00404,P0055,ST008,2026-03-05,2,320.92,0.15,completed,Bank Transfer
S0005321,C00494,P0150,ST017,2025-11-26,1,676.47,0.05,Cancelled,Bank Transfer
S0004470,C00899,P0161,ST007,2025-09-20,9,100.4,0.15,completed,Card
S0007845,C00514,P0072,ST004,2025-03-08,9,1114.92,0.2,completed,Card
S0007506,C00741,P0170,ST011,2025-01-14,2,405.63,0.2,Completed,Mobile Money
S0002886,C00052,P0192,ST015,2026-05-14,5,242.99,0.15,Cancelled,Cash
S0001536,C00121,P0095,ST018,2025-12-19,5,54.35,0.05,completed,Cash
S0006835,C00322,P0026,ST002,2025-04-10,8,1073.24,0.1,completed,Bank Transfer
S0006474,C00914,P0143,ST019,2026-02-22,1,1166.42,0.1,Completed,Mobile Money
S0002601,C00729,P0101,ST007,2025-03-30,3,1242.44,,Returned,Mobile Money
S0005684,C00875,P0118,ST017,2025-09-06,6,806.34,0.0,Cancelled,Cash
S0001679,C00225,P0025,ST012,2026-07-12,4,329.21,0.1,Cancelled,Bank Transfer
S0009368,C00338,P0136,ST012,2025-08-30,6,98.46,0.2,completed,Bank Transfer
S0004207,C00934,P0146,ST017,2026-05-01,5,1383.16,0.0,Returned,Mobile Money
S0004050,C00418,P0155,ST019,2026-07-01,1,1416.91,0.05,Returned,Bank Transfer
S0003903,C00850,P0146,ST007,2026-05-02,8,1389.66,0.05,Pending,Mobile Money
S0004163,C00448,P0054,ST018,2026-02-13,1,98.66,0.2,completed,Cash
S0002012,C00928,P0043,ST015,2025-12-31,10,1026.01,0.0,Completed,Bank Transfer
S0004270,C00708,P0041,ST019,2026-04-08,0,536.58,0.2,Cancelled,Cash
S0000228,C00451,P0169,ST009,2025-01-15,8,1121.81,0.15,Cancelled,Mobile Money
S0005906,C00887,P0158,ST005,2025-09-20,4,101.24,0.1,Returned,Card
S0000577,C00889,P0199,ST003,2025-05-10,9,781.1,0.1,Returned,Cash
S0004515,C00571,P0032,ST010,2025-08-01,6,483.88,0.15,Pending,Mobile Money
S0000802,C00666,P0001,ST017,2026-04-28,3,1034.16,0.1,Cancelled,Mobile Money
S0001046,C00156,P0012,ST014,2026-03-10,6,1083.51,0.05,Pending,Mobile Money
S0004834,C00327,P0192,ST011,2025-03-19,7,242.67,0.05,Cancelled,Mobile Money
S0001695,C00944,P0192,ST009,2025-02-10,4,244.86,0.05,Returned,Bank Transfer
S0001056,C00561,P0096,ST007,2026-01-24,4,961.45,0.15,Completed,Cash
S0004069,C00642,P0083,ST001,2025-05-21,6,1056.01,0.0,Returned,Card
S0002308,C00939,P0165,ST015,2026-01-09,7,827.58,0.0,completed,Card
S0008448,C00325,P0043,ST002,2025-06-07,5,1027.67,0.0,completed,Mobile Money
S0008229,C00323,P0043,ST018,2025-03-23,10,1027.05,0.0,completed,Card
S0004953,C00614,P0130,ST014,2025-08-05,2,456.16,0.0,Returned,Card
S0008808,C00854,P0164,ST014,2025-03-24,4,1248.5,0.05,completed,Cash
S0001831,C00484,P0185,ST016,2025-09-26,10,842.89,0.1,completed,Bank Transfer
S0000522,C00344,P0140,ST009,2025-03-05,4,1309.78,0.05,Completed,Card
S0007398,C00678,P0052,ST010,2025-07-12,8,1033.88,0.1,Pending,Bank Transfer
S0001394,C00452,P0023,ST016,2026-07-24,6,839.93,0.0,Returned,Mobile Money
S0005774,C00318,P0048,ST001,2025-10-01,3,644.51,0.0,Pending,Mobile Money
S0009348,C00224,P0047,ST015,2025-04-14,2,621.68,0.05,completed,Bank Transfer
S0002813,C00932,P0093,ST009,2026-05-11,4,89.87,0.15,completed,Bank Transfer
S0004870,C00859,P0127,ST009,2026-07-31,7,1484.52,0.2,Cancelled,Bank Transfer
S0000476,C00698,P0093,ST010,2026-07-22,2,91.24,0.1,Cancelled,Card
S0005168,C00175,P0178,ST015,2025-07-20,1,1442.28,0.2,Cancelled,Bank Transfer
S0009656,C00157,P0081,ST999,2025-09-05,1,207.87,0.15,Completed,Bank Transfer
S0009897,C00758,P0147,ST005,2025-12-03,3,1337.59,0.15,Cancelled,Card
S0003049,C00341,P0129,ST009,2025-10-27,10,1204.33,0.1,Pending,Mobile Money
S0006465,C00566,P0071,ST002,2025-10-30,2,1335.91,0.2,Completed,Cash
S0000215,C00572,P0005,ST004,2026-01-08,3,303.97,0.05,Completed,Mobile Money
S0004747,C00912,P0195,ST012,2025-08-14,7,897.75,0.0,Returned,Bank Transfer
S0007737,C00570,P0127,ST018,2026-05-15,7,1483.41,0.15,completed,Cash
S0000524,C00602,P0180,ST011,2026-03-18,8,686.52,0.0,Pending,Cash
S0001820,C00315,P0128,ST004,2026-04-21,3,208.07,0.1,completed,Card
S0003008,C00221,P0074,ST014,2026-01-22,5,1460.68,0.15,Cancelled,Bank Transfer
S0006782,C00672,P0171,ST012,2025-12-22,9,603.62,0.1,Cancelled,Card
S0001811,C00216,P0124,ST014,2025-06-02,8,640.38,0.0,Returned,Bank Transfer
S0008178,C00594,P0117,ST002,2025-04-30,7,289.99,0.1,Pending,Bank Transfer
S0006880,C00055,P0128,ST008,2026-07-01,4,205.9,0.1,Cancelled,Mobile Money
S0007222,C00045,P0132,ST020,2025-10-17,5,1399.54,0.0,Completed,Cash
S0003712,C00349,P0122,ST016,2025-03-05,5,1123.14,0.2,Returned,Cash
S0001324,C00776,P0189,ST006,2026-01-26,7,645.17,0.2,Cancelled,Card
S0009893,C00445,P0134,ST001,2025-11-02,5,1256.09,0.0,Completed,Card
S0005132,C00067,P0006,ST002,2026-02-18,9,1225.11,0.05,Returned,Mobile Money
S0000649,C00053,P0063,ST017,2026-07-22,8,1436.22,0.1,Pending,Mobile Money
S0007994,C00342,P0077,ST008,2025-10-23,4,943.52,0.0,completed,Mobile Money
S0002063,C00016,P0003,ST002,2025-08-30,1,626.64,0.1,Completed,Bank Transfer
S0003895,C00641,P0018,ST008,2026-03-28,9,873.01,0.0,Cancelled,Cash
S0000396,C00902,P0078,ST013,2026-01-06,7,915.58,0.15,Cancelled,Mobile Money
S0005235,C00634,P0019,ST012,2025-11-03,9,708.05,0.1,completed,Mobile Money
S0008675,C00398,P0090,ST002,2026-01-19,4,618.51,0.2,completed,Card
S0002712,C00770,P0012,ST999,2025-12-25,7,1081.94,0.05,Completed,Card
S0006667,C00132,P0138,ST018,2025-02-09,-2,1442.86,0.15,completed,Mobile Money
S0003413,C00813,P0136,ST007,2025-04-12,3,100.52,0.0,Completed,Card
S0000163,C00285,P0102,ST003,2025-08-14,10,765.34,0.2,Returned,Bank Transfer
S0008921,C00244,P0111,ST003,2025-01-16,9,496.54,0.0,Cancelled,Mobile Money
S0005213,C00435,P0103,ST016,2025-07-15,7,1291.44,0.0,completed,Card
S0000994,C00582,P0173,ST002,2025-09-20,10,664.88,0.2,completed,Bank Transfer
S0006637,C00533,P0041,ST011,2025-10-27,3,540.49,0.1,Cancelled,Mobile Money
S0000363,C00365,P0056,ST004,2025-09-25,0,1186.65,0.05,Cancelled,Cash
S0007351,C00913,P0101,ST017,2025-09-11,2,1235.61,0.0,completed,Mobile Money
S0001026,C00571,P0085,ST014,2025-09-06,7,988.93,0.2,Cancelled,Bank Transfer
S0008705,C00073,P0043,ST006,2025-09-22,10,1028.29,0.05,completed,Bank Transfer
S0001411,C00701,P0171,ST014,2025-06-14,3,602.32,0.05,Returned,Card
S0001079,C00846,P0088,ST019,2026-03-16,2,691.56,0.2,Returned,Cash
S0001803,C00154,P0090,ST020,2025-12-06,7,619.04,0.05,Completed,Mobile Money
S0002684,C00871,P0173,ST011,2025-02-18,10,662.29,0.15,Cancelled,Bank Transfer
S0005643,C00599,P0105,ST002,2025-12-15,6,734.07,0.15,Cancelled,Bank Transfer
S0009836,C00219,P0106,ST019,2026-02-10,1,443.91,0.15,Cancelled,Mobile Money
S0002337,C00577,P0106,ST016,2025-08-26,9,443.66,0.15,Completed,Mobile Money
S0002065,C00134,P0136,ST018,2026-04-14,1,104.11,0.0,Cancelled,Bank Transfer
S0002288,C00489,P0006,ST017,2025-06-12,4,1223.83,0.0,Pending,Bank Transfer
S0002526,C00732,P0014,ST015,2025-10-25,9,247.87,0.15,Pending,Cash
S0002943,C00119,P0023,ST002,2025-02-20,9,839.23,0.2,Pending,Card
S0003200,C00367,P0167,ST020,2026-03-31,10,356.66,0.2,completed,Cash
S0006457,C00896,P0145,ST009,2026-07-31,1,1492.38,0.1,Cancelled,Cash
S0004221,C00837,P0175,ST007,2025-09-04,2,522.03,0.1,Completed,Cash
S0002896,C00167,P0176,ST018,2025-05-09,2,336.3,0.05,Pending,Card
S0002998,C00626,P0158,ST010,2025-06-16,4,102.64,0.05,Completed,Card
S0009586,C00025,P0083,ST015,2026-06-05,7,1058.61,0.1,Completed,Card
S0006046,C00876,P0164,ST012,2025-11-08,6,1255.69,0.15,completed,Card
S0004188,C00846,P0036,ST003,2025-10-05,10,1283.36,0.15,Returned,Cash
S0008427,C00907,P0072,ST014,2025-12-13,8,1116.3,0.2,completed,Mobile Money
S0002247,C00117,P0170,ST018,2025-07-08,10,410.27,0.15,Completed,Card
S0004935,C00794,P0072,ST012,2025-05-14,2,1118.02,0.05,Pending,Mobile Money
S0007645,C00172,P0060,ST006,2026-03-28,3,735.26,0.2,completed,Bank Transfer
S0003571,C00159,P0069,ST009,2025-02-22,5,1361.72,0.05,Returned,Bank Transfer
S0006750,C00547,P0046,ST003,2026-03-09,6,921.9,0.2,Returned,Card
S0002947,C00734,P0058,ST017,2025-07-29,7,0.0,0.05,Pending,Bank Transfer
S0004681,C00743,P0159,ST017,2025-06-20,7,581.99,0.1,Cancelled,Mobile Money
S0004287,C00547,P0193,ST007,2025-10-15,5,907.46,0.1,Completed,Cash
S0000210,C00275,P0012,ST012,2025-04-03,2,1083.65,0.15,Pending,Cash
S0005690,C00758,P0185,ST012,2025-01-17,3,843.7,0.1,Returned,Cash
S0007407,C00205,P0115,ST011,2026-07-13,2,613.68,0.15,Pending,Card
S0006463,C00873,P0137,ST005,2025-04-27,1,151.5,0.15,Pending,Bank Transfer
S0000435,C00709,P0080,ST010,2025-11-22,9,866.05,0.0,Pending,Mobile Money
S0003135,C00436,P0123,ST014,2026-05-15,6,814.82,0.05,Pending,Bank Transfer
S0001209,C00441,P0020,ST002,2025-01-22,6,1323.94,0.0,Cancelled,Bank Transfer
S0002170,C00823,P0043,ST012,2025-07-05,2,1028.54,0.2,completed,Bank Transfer
S0008136,C00466,P0153,ST008,2025-11-28,3,505.55,0.05,completed,Bank Transfer
S0008768,C00609,P0102,ST010,2025-03-27,1,765.23,0.2,Completed,Cash
S0005870,C00270,P0183,ST013,2026-07-07,6,153.15,0.15,completed,Mobile Money
S0007017,C00274,P0065,ST008,2025-09-07,4,588.13,0.0,Completed,Mobile Money
S0001381,C00753,P0179,ST007,2026-02-10,2,624.93,0.1,completed,Mobile Money
S0002238,C00668,P0183, ST010 ,2025-08-06,6,149.51,0.05,Pending,Card
S0000713,C00262,P0109,ST012,2026-01-02,6,192.02,0.0,Cancelled,Card
S0008257,C00286,P0035,ST018,2026-04-27,1,308.92,0.15,completed,Bank Transfer
S0009233,C00727,P0159,ST003,2026-04-12,3,580.67,0.0,Completed,Cash
S0000050,C00065,P0003,ST015,2025-11-11,4,625.74,0.0,completed,Cash
S0003095,C00665,P0137,ST010,2025-02-15,7,153.11,0.2,completed,Bank Transfer
S0006322,C00407,P0127,ST020,2026-01-08,6,1483.61,0.2,Pending,Mobile Money
S0006548,C00743,P0034,ST015,2026-04-30,3,1184.7,0.15,completed,Cash
S0008057,C00199,P0013,ST016,2025-07-18,1,101.57,0.0,Returned,Card
S0002378,C00405,P0118,ST006,2025-09-01,7,808.59,0.05,completed,Bank Transfer
S0000357,C00186,P0017,ST013,2025-05-30,3,152.51,0.0,Completed,Card
S0000153,C00625,P0137,ST009,2026-06-12,5,152.98,0.15,Returned,Bank Transfer
S0008158,C00295,P0054,ST009,2025-11-02,9,95.95,0.0,Pending,Cash
S0009825,C00895,P0085,ST012,2026-09-04,5,986.57,0.1,Completed,Mobile Money
S0007751,C00315,P0061,ST001,2026-03-19,2,233.09,0.1,completed,Card
S0000408,C00808,P0142,ST019,2025-10-09,9,1164.8,0.05,Returned,Bank Transfer
S0008440,C00759,P0115,ST020,2025-09-03,7,614.84,0.1,Cancelled,Card
S0000626,C00385,P0006,ST013,2025-03-13,4,1226.37,0.2,Cancelled,Card
S0007677,C00657,P0162,ST008,2025-02-04,10,307.26,0.0,Completed,Card
S0003637,C00290,P0032,ST001,2026-03-12,9,487.68,0.1,Completed,Bank Transfer
S0004602,C00185,P0156,ST006,2025-08-02,10,642.34,0.2,Returned,Card
S0004558,C00803,P0018,ST020,2026-03-23,1,872.14,0.0,Cancelled,Mobile Money
S0000785,C00907,P0078,ST007,2025-02-12,6,912.2,0.05,completed,Bank Transfer
S0001522,C00194,P0027,ST013,2025-08-05,10,1025.4,0.05,Pending,Card
S0008081,C00445,P0163,ST010,2025-05-30,6,1404.16,0.15,completed,Card
S0005023,C00414,P0052,ST004,2026-07-13,4,1033.98,0.2,Returned,Card
S0004227,C00257,P0018,ST001,2025-01-31,4,871.16,0.1,completed,Bank Transfer
S0008421,C00068,P0095,ST004,2026-03-06,1,56.14,0.1,completed,Card
S0005291,C00747,P0153,ST001,2026-03-14,10,506.19,0.0,Pending,Cash
S0005526,C00741,P0197,ST020,2025-12-06,6,111.57,0.1,Returned,Card
S0006922,C00423,P0145,ST005,2025-09-10,1,1489.3,0.15,completed,Card
S0008822,C00028, P0018 ,ST007,2025-05-15,8,874.45,0.15,Cancelled,Bank Transfer
S0007280,C00433,P0108,ST006,2026-01-03,1,871.94,0.15,Cancelled,Mobile Money
S0008291,C00318,P0078,ST004,2025-01-22,3,913.19,0.05,Returned,Card
S0004995,C00710,P0070,ST013,2026-07-06,1,1140.93,0.05,completed,Mobile Money
S0007011,C00122,P0059,ST011,2026-06-19,9,412.18,0.05,Returned,Bank Transfer
S0009592,C00958,P0148,ST011,2025-04-07,3,557.14,0.05,Pending,Card
S0000526,C00839,P0034,ST019,2026-03-27,6,1184.7,0.0,Returned,Card
S0005058,C00951,P0158,ST008,2025-08-20,7,96.24,0.0,completed,Bank Transfer
S0001906,C00423,P0193,ST018,2025-06-05,1,907.63,0.0,Cancelled,Bank Transfer
S0001300,C00084,P0093,ST018,2026-07-30,10,99.37,0.1,Completed,Cash
S0008207,C00842,P0200,ST007,2026-07-26,2,600.66,0.2,completed,Card
S0006709,C00210,P0007,ST011,2025-03-06,1,113.11,0.0,completed,Bank Transfer
S0007198,C00207,P0019,ST017,2025-12-27,9,710.19,0.1,Returned,Mobile Money
S0008962,C00472,P0190,ST008,2026-04-02,6,951.86,0.15,Completed,Mobile Money
S0006141,C00238,P0180,ST013,2026-01-16,1,690.27,,completed,Bank Transfer
S0006357,C00341,P0176,ST019,2025-10-25,7,338.24,0.1,Cancelled,Mobile Money
S0003489,C00728,P0161,ST004,2026-03-08,3,99.78,0.1,Pending,Cash
S0007602,C00746,P0142,ST008,2025-01-08,4,1165.43,0.05,Returned,Cash
S0002440,C00965,P0007,ST020,2025-02-14,1,112.67,0.1,Completed,Mobile Money
S0000868,C00631,P0080,ST016,2025-11-12,9,868.51,0.05,Cancelled,Cash
S0006127,C00982,P0174,ST011,2025-12-14,4,192.79,0.15,completed,Cash
S0000203,C00823,P0093,ST001,2025-08-03,1,96.77,0.2,Completed,Bank Transfer
S0002370,C00555,P0105,ST018,2025-01-12,7,735.86,0.2,completed,Bank Transfer
S0007749,C00094,P0037,ST006,2026-06-23,6,515.13,0.15,completed,Cash
S0007345,C00425,P0003,ST020,2025-03-21,2,628.0,0.15,Completed,Mobile Money
S0000074,C00258,P0008,ST007,2025-04-07,9,1263.4,0.2,Returned,Mobile Money
S0001355,C00341,P0149,ST013,2025-04-22,6,277.61,0.1,Pending,Cash
S0002300,C00462,P0049,ST005,2025-09-06,8,471.56,0.2,Returned,Cash
S0001111,C00339,P0200,ST003,2025-08-04,5,593.91,0.1,Completed,Cash
S0003868,C00160,P0082,ST010,2026-03-13,7,1220.03,0.0,completed,Bank Transfer
S0009996,C00930,P0041,ST001,2026-01-22,4,540.31,0.1,Completed,Bank Transfer
S0001296,C00961,P0171,ST007,2026-04-11,3,601.92,0.2,Pending,Cash
S0009795,C00612,P0063,ST019,2025-02-04,2,1436.94,0.0,Pending,Mobile Money
S0005216,C00870,P0067,ST001,2026-03-13,3,921.65,0.15,Returned,Bank Transfer
S0003291,C00556,P0070,ST002,2025-07-29,4,1138.04,0.05,Completed,Mobile Money
S0007177,C00131,P0052,ST008,2026-03-30,9,1035.76,0.2,Pending,Bank Transfer
S0008340,C00950,P0080,ST018,2025-03-06,4,872.0,0.15,completed,Mobile Money
S0002365,C00825,P0034,ST001,2025-04-07,10,1185.13,0.1,completed,Bank Transfer
S0005305,C00288,P0013,ST005,2026-01-10,3,98.63,0.0,Completed,Card
S0001791,C00502,P0067,ST007,2025-10-05,6,923.27,0.05,completed,Cash
S0003092,C00907,P0121,ST005,2025-11-09,7,1014.73,0.2,Pending,Cash
S0008804,C00577,P0092,ST006,2026-04-16,6,1115.59,0.15,Cancelled,Bank Transfer
S0000174,C00504,P0162,ST002,2026-02-23,1,309.31,0.15,Cancelled,Cash
S0005783,C00215,P0044,ST015,2025-03-07,2,913.7,0.15,Pending,Card
S0006813,C00746,P0164,ST011,2026-05-03,2,1250.56,0.05,Completed,Card
S0009049,C00557,P0159,ST004,2026-02-05,4,580.72,0.2,Cancelled,Card
S0005302,C00856,P0173,ST016,2025-11-21,6,661.2,0.05,Returned,Bank Transfer
S0007025,C00370,P0054,ST010,2026-01-07,5,103.75,0.0,Cancelled,Bank Transfer
S0001852,C00584,P0045,ST018,2025-11-27,10,1245.26,0.05,Cancelled,Bank Transfer
S0009516,C00518,P0088,ST009,2026-03-11,4,695.93,0.15,Cancelled,Bank Transfer
S0007732,C00265,P0176,ST008,2025-03-25,1,340.81,0.05,Completed,Bank Transfer
S0004068,C00824,P0126,ST012,2025-10-12,4,455.69,0.15,Completed,Card
S0000712,C00758,P0191,ST011,2025-10-06,10,1381.01,0.15,Returned,Card
S0005762,C00357,P0167,ST011,2025-03-02,7,358.1,0.05,completed,Card
S0005041,C00349,P0090,ST005,2025-06-17,4,615.16,0.1,Pending,Bank Transfer
S0006600,C00296,P0196,ST013,2025-05-26,6,501.67,0.15,Cancelled,Card
S0002302,C00082,P0189,ST005,2026-01-27,6,644.53,0.2,Pending,Card
S0007854,C00591,P0130,ST005,2026-01-29,1,455.94,0.0,completed,Mobile Money
S0003129,C00335,P0098,ST001,2026-04-17,8,809.27,0.0,Completed,Bank Transfer
S0008912,C00709,P0142,ST005,2025-11-18,8,1168.26,0.1,Cancelled,Bank Transfer
S0005912,C00912,P0078,ST014,2025-11-25,5,915.61,0.0,Returned,Bank Transfer
S0002474,C00163,P0086,ST008,2025-02-07,6,359.29,0.1,Completed,Card
S0008121,C00254,P0114,ST017,2026-03-27,8,552.78,0.0,Returned,Cash
S0000268,C00498,P0014,ST018,2025-04-09,5,246.72,0.2,Returned,Cash
S0002884,C00581,P0075,ST014,2026-01-30,3,428.02,0.15,Cancelled,Mobile Money
S0001503,C00657,P0084,ST012,2026-07-11,9,226.72,0.0,completed,Cash
S0005230,C00135,P0198,ST013,2025-12-29,6,816.11,0.05,Pending,Cash
S0002698,C00783,P0169,ST005,2025-06-11,6,1119.16,0.0,completed,Bank Transfer
S0009523,C99999,P0180,ST020,2026-07-20,8,689.17,0.1,Completed,Cash
S0002966,C00708,P0114,ST019,2025-09-29,8,549.81,0.1,Cancelled,Mobile Money
S0009688,C00800,P0036,ST007,2026-04-29,3,1282.43,0.2,Pending,Cash
S0003013,C00929,P0022,ST009,2026-02-05,3,649.32,0.05,Returned,Cash
S0002095,C00578,P0051,ST002,2025-10-27,10,532.66,0.1,Pending,Cash
S0001602,C00185,P0117,ST008,2025-05-30,6,293.19,0.15,Pending,Cash
S0004115,C00294,P0078,ST008,2025-11-26,4,914.42,0.05,Returned,Card
S0000333,C00823,P0168,ST016,2025-05-09,3,747.99,0.0,completed,Card
S0002052,C00895,P0192,ST003,2025-11-16,6,243.82,0.1,Pending,Bank Transfer
S0006662,C00601,P0007,ST003,2026-03-22,6,115.21,0.1,Cancelled,Mobile Money
S0003754,C00119,P0019,ST014,2025-04-17,10,709.01,0.15,Returned,Cash
S0004686,C00764,P0085,ST014,2026-01-30,7,983.9,0.2,Pending,Cash
S0001829,C00976,P0091,ST017,2025-09-23,9,460.3,0.0,Pending,Cash
S0008444,C00160,P0106,ST004,2026-02-19,8,442.46,0.05,completed,Bank Transfer
S0007365,C00900,P0166,ST009,2026-05-13,2,1101.31,0.15,Completed,Card
S0008558,C00598,P0084,ST005,2026-07-02,3,226.81,0.0,completed,Cash
S0001861, C00219 ,P0128,ST015,2026-06-28,1,201.52,0.05,Cancelled,Mobile Money
S0003924,C00257,P0131,ST008,2025-07-12,10,1294.02,0.2,Pending,Cash
S0009542,C00206,P0089,ST020,2025-10-21,7,284.39,0.1,Cancelled,Cash
S0009499,C00205,P0017,ST017,2026-06-22,8,153.33,0.15,completed,Mobile Money
S0002570,C00821,P0121,ST006,2025-04-21,6,1013.85,0.2,Cancelled,Cash
S0005191,C00754,P0057,ST008,2025-11-16,7,206.75,0.0,Cancelled,Cash
S0000008,C00340,P0126,ST020,2026-04-01,2,453.13,0.05,Returned,Bank Transfer
S0004671,C00896,P0028,ST013,2026-04-29,9,148.88,0.2,Completed,Card
S0002893,C00917,P0182,ST018,2026-05-23,5,548.5,0.0,Completed,Mobile Money
S0006356,C00790,P0189,ST006,2026-02-21,10,645.23,0.15,Returned,Cash
S0003396,C00976,P0096,ST001,2025-01-28,5,965.15,0.15,Completed,Mobile Money
S0000782,C00475,P0004,ST002,2025-10-02,9,1499.57,0.1,Cancelled,Card
S0008579,C00186,P0035,ST010,2025-09-21,2,304.49,0.05,completed,Bank Transfer
S0001564,C00124,P0111,ST010,2025-11-24,3,499.3,0.2,completed,Card
S0004224,C00482,P0076,ST008,2025-09-28,9,712.08,0.0,Pending,Cash
S0004533,C00469,P0179,ST014,2025-05-27,3,626.39,0.1,completed,Cash
S0003783,C00887,P0063,ST007,2026-01-14,10,1439.1,0.1,Pending,Card
S0007776,C00947,P0132,ST016,2025-02-03,10,1407.47,0.05,completed,Card
S0007335,C00510,P0142,ST015,2025-10-07,9,1165.36,0.15,Pending,Bank Transfer
S0007710,C00730,P0081,ST003,2026-07-06,5,208.35,0.05,Returned,Bank Transfer
S0002724,C00523,P0177,ST018,2025-03-08,9,15.21,0.1,completed,Card
S0005439,C00034,P0186,ST019,2025-08-26,7,1354.59,0.2,Returned,Cash
S0009967,C00571,P0065,ST010,2026-06-18,3,591.01,0.2,Returned,Card
S0000803,C00666,P0044,ST016,2025-08-27,4,915.74,0.0,Completed,Bank Transfer
S0000369,C00044,P0129,ST001,2026-06-16,7,1199.87,0.15,completed,Cash
S0003952,C00760,P0159,ST020,2025-03-15,5,582.56,0.15,Pending,Bank Transfer
S0004264,C00345,P0115,ST009,2026-02-07,4,613.43,0.05,Returned,Bank Transfer
S0005513,C00504,P0084,ST013,2025-01-18,10,231.91,0.15,Completed,Cash
S0007937,C00495,P0026,ST006,2025-12-08,5,1078.41,0.15,Pending,Bank Transfer
S0002329,C00157,P0089,ST007,2025-03-08,10,285.98,0.05,completed,Bank Transfer
S0008327,C00541,P0004,ST016,2025-02-24,2,1498.75,0.1,Cancelled,Mobile Money
S0004644,,P0063,ST008,2025-04-28,1,1437.68,0.05,Returned,Mobile Money
S0005707,C00525,P0121,ST002,2025-10-22,10,1016.57,0.1,Cancelled,Bank Transfer
S0006369,C00918,P0086,ST016,2026-05-10,10,355.02,0.15,Pending,Bank Transfer
S0009366,C00831,P0128,ST012,2025-05-31,5,206.25,0.0,Completed,Cash
S0009095,C00225,P0184,ST009,2025-04-16,8,102.42,0.05,Returned,Cash
S0007620,C00684,P0014,ST006,2025-11-18,2,244.73,0.2,Returned,Cash
S0004061,C00089,P0115,ST017,2025-02-27,4,613.06,0.1,Pending,Card
S0003629,C00964,P0052,ST003,2026-07-09,9,1036.39,0.2,Pending,Mobile Money
S0008547,C00878,P0125,ST014,2025-08-08,10,648.07,0.2,Pending,Bank Transfer
S0000438,C00381,P0160,ST013,2026-05-19,3,334.97,0.1,Cancelled,Cash
S0004534,C00854,P0006,ST019,2026-05-23,9,1224.05,0.0,Pending,Bank Transfer
S0000575,C00714,P0017,ST001,2025-02-22,10,152.09,0.1,Cancelled,Cash
S0008510,C00111,P0073,ST017,2026-07-16,1,563.7,0.05,Completed,Bank Transfer
S0004265,C00224,P0111,ST007,2025-11-01,1,495.09,0.1,Pending,Cash
S0005697,C00640,P0166,ST002,2025-06-03,10,1096.53,0.0,completed,Card
S0001377,C00302,P0062,ST011,2026-06-20,5,759.92,0.15,Pending,Cash
S0007580,C00264,P0144,ST015,2025-02-27,2,1112.12,0.2,Returned,Cash
S0001622,C00790,P0095,ST010,2025-10-23,6,56.45,0.15,Pending,Bank Transfer
S0008827,C00154,P0143,ST010,2026-07-24,10,1167.34,0.1,Pending,Bank Transfer
S0002275,C00332,P0131,ST020,2025-12-11,10,1295.88,0.15,Pending,Bank Transfer
S0008811,C00345,P0055,ST013,2026-02-07,3,323.75,0.0,Returned,Card
S0009713,C00447,P0200,ST012,2026-07-10,9,597.04,0.05,Pending,Bank Transfer
S0009250,C00040,P0125,ST014,2025-07-29,8,647.26,0.1,completed,Card
S0001006,C00346, P0189 ,ST018,2026-05-22,1,641.01,0.0,Pending,Mobile Money
S0003204,C00028,P0105,ST018,2025-06-02,7,734.82,0.1,Completed,Card
S0005376,C00398,P0039,ST013,2026-04-25,1,1490.92,0.05,Pending,Bank Transfer
S0006092,C00585,P0169,ST007,2025-08-21,10,1122.77,0.1,Returned,Mobile Money
S0009074,C00015,P0053,ST003,2025-07-22,8,1494.72,0.0,Completed,Card
S0005276,C00967,P0084,ST009,2026-02-21,6,233.59,0.15,Cancelled,Card
S0006916,C00775,P0005,ST015,2025-02-10,2,305.37,0.2,Completed,Cash
S0006064,C00696,P0110,ST008,2025-03-30,3,1363.4,0.2,completed,Mobile Money
S0004017,C00303,P0083,ST003,2025-03-22,9,1052.64,0.15,Completed,Bank Transfer
S0001694,C00875, P0153 ,ST018,2026-07-21,10,504.0,0.2,Cancelled,Cash
S0006207,C00951,P0009,ST020,2025-08-31,3,150.84,0.0,Completed,Mobile Money
S0006912,C00756,P0155,ST012,2025-12-09,6,1416.85,0.0,Cancelled,Card
S0003012,C00537,P0169,ST007,2025-06-05,10,1120.67,0.2,Pending,Bank Transfer
S0005518,C00509,P0025,ST016,2026-04-07,3,331.57,0.15,completed,Mobile Money
S0008179,C00002,P0185,ST017,2026-02-01,6,846.81,0.2,Completed,Card
S0002270,C00173,P0047,ST020,2025-10-15,8,621.44,0.05,Completed,Card
S0005554,C00159,P0038,ST011,2025-03-24,1,313.24,0.1,Completed,Card
S0001899,C00085,P0132,ST019,2025-08-16,2,1402.37,0.15,Completed,Bank Transfer
S0006028,C00322,P0175,ST003,2026-01-02,2,520.54,0.1,Returned,Bank Transfer
S0007218,C00195,P0093,ST014,2026-03-11,6,93.11,0.05,Completed,Bank Transfer
S0001435,C00080,P0005,ST001,2025-10-02,10,304.53,0.05,Returned,Cash
S0006824,C00389,P0167,ST010,2025-11-16,5,358.2,0.05,Cancelled,Bank Transfer
S0001246,C00717,P0047,ST016,2025-03-22,4,617.39,0.0,completed,Card
S0004638,C00570,P0003,ST002,2025-11-23,7,626.89,0.1,Returned,Bank Transfer
S0002591,C00104,P0091,ST010,2025-01-14,5,459.01,0.1,Completed,Cash
S0003482,C00089,P0071,ST013,2025-02-24,6,1336.42,0.1,Returned,Bank Transfer
S0009658,C00114,P0081,ST005,2025-02-07,8,201.85,0.2,Pending,Cash
S0005725,C00951,P0119,ST002,2025-01-05,5,414.17,0.2,completed,Bank Transfer
S0002047,C00786,P0073,ST010,2026-06-16,8,565.44,0.05,Cancelled,Mobile Money
S0008073,C00195,P0168,ST018,2026-01-18,5,743.76,0.05,completed,Cash
S0001755,C00381,P0126,ST004,2025-02-12,7,459.5,0.1,Completed,Cash
S0009624,C00079,P0044,ST019,2025-08-26,7,913.36,0.0,Completed,Mobile Money
S0004723,C00949,P0019,ST004,2026-02-11,7,710.49,0.1,Cancelled,Cash
S0000544,C00031,P0092,ST014,2025-01-04,7,1114.07,0.05,Cancelled,Card
S0009833,C00110,P0119,ST003,2026-06-16,1,414.55,0.0,Returned,Mobile Money
S0008347,C00904,P0111,ST008,2026-01-20,6,497.19,0.1,Completed,Bank Transfer
S0000406,C00796,P0139,ST005,2025-12-17,5,1108.88,0.15,Cancelled,Cash
S0003511,C00570,P0134,ST008,2025-02-18,7,1254.21,0.15,Returned,Cash
S0004946,C00441,P0024,ST003,2025-09-11,1,606.15,0.2,Completed,Bank Transfer
S0007905,C00008,P0127,ST011,2026-03-27,9,1483.89,0.0,Cancelled,Mobile Money
S0006608,C00888,P0099,ST009,2025-09-28,7,1392.2,0.0,completed,Cash
S0003447,C00531,P0186,ST020,2025-10-18,7,1350.99,0.05,Returned,Mobile Money
S0007400,C00705,P0005,ST006,2026-03-01,8,306.19,0.1,Returned,Cash
S0004206,C00929,P0051,ST006,2025-07-10,7,530.14,0.15,Cancelled,Card
S0005634,C00659,P0200,ST001,2025-07-23,9,598.75,0.05,Completed,Mobile Money
S0000889,C00071,P0053,ST012,2026-02-12,9,1495.1,0.1,Cancelled,Cash
S0007934,C00921,P0034,ST019,2025-04-07,1,1184.3,0.1,completed,Mobile Money
S0000665,C00597,P0134,ST013,2025-09-05,7,1256.58,0.05,completed,Bank Transfer
S0005941,C00084,P0073,ST008,2025-02-07,10,562.67,0.2,Returned,Bank Transfer
S0006793,C00865,P0176,ST005,2025-02-24,3,338.52,0.05,Completed,Mobile Money
S0008789,C00329,P0089,ST002,2026-04-06,3,283.15,0.0,Cancelled,Bank Transfer
S0003340,C00179,P0070,ST013,2026-02-02,4,1139.18,0.15,Returned,Bank Transfer
S0007189,C00731,P0118,ST014,2026-07-25,1,808.93,0.0,Pending,Card
S0007698,C00180,P0034,ST020,2025-02-27,1,1183.97,0.15,Completed,Bank Transfer
S0001015,C00304,P0037,ST007,2025-08-22,8,512.27,0.05,Cancelled,Card
S0009510,C00466,P0050,ST019,2025-03-09,6,343.07,0.2,Returned,Cash
S0000483,C00584,P0191,ST012,2025-03-08,10,1382.43,0.15,Pending,Bank Transfer
S0004519,C00254,P0123,ST013,2025-06-28,4,817.36,0.0,Cancelled,Cash
S0008718,C00604,P0019,ST004,2025-01-04,1,714.91,0.2,completed,Card
S0008227,C00027,P0147,ST010,2026-02-02,4,1334.77,0.1,Cancelled,Card
S0006897,C00115,P0073,ST020,2025-09-19,6,562.88,0.2,completed,Mobile Money
S0007217,C00306,P0024,ST005,2025-06-06,2,610.64,0.1,Returned,Bank Transfer
S0006034,C00049,P0077,ST008,2025-06-21,3,944.76,0.15,Returned,Bank Transfer
S0009004,C00567,P0098,ST015,2025-08-10,2,808.34,0.0,Cancelled,Bank Transfer
S0001405,C00963,P0111,ST011,2025-11-16,5,496.42,0.05,Pending,Mobile Money
S0003641,C00376,P0180,ST012,2025-04-02,10,687.55,0.15,Cancelled,Mobile Money
S0003037,C00485,P0081,ST020,2026-05-15,1,203.61,0.0,Returned,Bank Transfer
S0005521,C00255,P0053,ST003,2025-09-01,4,1495.18,0.05,Completed,Cash
S0004500,C00372,P0156,ST015,2026-05-19,4,636.91,0.2,Pending,Card
S0006488,C00569,P0120,ST012,2026-05-30,8,542.67,0.15,completed,Bank Transfer
S0002805,C00877,P0095,ST005,2026-01-21,8,55.57,0.1,completed,Bank Transfer
S0009484,C00020,P0129,ST002,2025-08-30,9,1201.88,0.05,Completed,Card
S0009703,C00765,P0023,ST015,2026-01-27,4,837.92,0.0,Pending,Mobile Money
S0002952,C00207,P0171,ST013,2025-03-22,9,596.68,0.05,Completed,Card
S0006639,C00842,P0095,ST008,2025-02-24,1,58.23,0.0,Completed,Bank Transfer
S0001337,C00652,P0010,ST015,2025-11-04,4,100.06,0.05,Completed,Mobile Money
S0006609,C00486,P0102,ST007,2026-06-27,4,767.35,0.0,completed,Cash
S0001735,C00309,P0122,ST009,2026-04-30,5,1124.02,0.15,Returned,Card
S0000954,C00951,P0003,ST017,2025-04-26,7,623.65,0.2,Returned,Card
S0009841,C00640,P0164,ST007,2025-09-24,5,1253.95,0.2,Pending,Card
S0007566,C00957,P0059,ST003,2025-03-01,9,415.05,0.1,Returned,Card
S0007316,C00196,P0036,ST010,2026-02-14,3,1281.87,0.2,completed,Bank Transfer
S0008798,C00554,P0055,ST005,2025-01-05,5,318.33,0.2,Returned,Card
S0005913,C00010,P0044,ST017,2025-05-25,3,917.09,0.1,Returned,Cash
S0000671,C00052,P0167,ST018,2025-12-03,10,357.14,0.05,completed,Cash
S0006171,C00170,P0122,ST012,2026-01-18,5,1122.33,0.1,completed,Bank Transfer
S0003948,C00091,P0127,ST015,2026-03-06,10,1492.58,0.05,Pending,Mobile Money
S0006544,C00217,P0023,ST015,2025-12-13,6,840.05,0.2,Returned,Card
S0005322,C00265,P0035,ST006,2025-08-25,4,306.78,0.05,Returned,Card
S0003176,C00066,P0105,ST010,2025-08-23,10,737.92,0.1,completed,Card
S0009962,C00390,P0001,ST017,2025-07-05,8,1034.45,0.05,Cancelled,Card
S0002782,C00609,P0019,ST019,2026-05-29,4,716.9,0.1,Pending,Mobile Money
S0008275,C00001,P0110,ST015,2025-02-26,7,1368.49,0.15,completed,Card
S0002907,C00635,P0167,ST015,2025-11-12,7,359.32,0.1,completed,Mobile Money
S0003359,C00587,P0151,ST004,2025-11-28,4,35.88,0.15,Completed,Cash
S0009005,C00286,P0050,ST007,2026-01-23,-2,342.06,0.05,Completed,Card
S0006999,C00512,P0022,ST002,2026-01-31,4,648.66,0.0,Returned,Card
S0005187,C00122,P0030,ST006,2025-02-12,1,1369.26,0.2,Returned,Cash
S0003473,C00537,P0009,ST005,2025-03-28,7,148.91,0.2,Returned,Bank Transfer
S0004225,C00811,P0183,ST012,2026-07-23,3,151.73,0.1,Cancelled,Bank Transfer
S0001080,C00277,P0159,ST018,2025-05-20,5,583.42,0.15,Pending,Cash
S0005636,C00277,P0024,ST018,2025-11-23,0,609.43,0.0,Pending,Mobile Money
S0002087,C00878,P0131,ST001,2025-05-26,1,1293.87,0.15,Returned,Card
S0005845,C00738, P0123 ,ST013,2026-01-30,1,816.02,0.15,Completed,Bank Transfer
S0004329,C00381,P0200,ST010,2025-05-24,4,598.47,0.0,Pending,Mobile Money
S0009412,C00591,P0030,ST008,2025-06-17,3,1371.33,0.05,completed,Card
S0001466,C00890,P0167,ST011,2026-05-06,1,357.35,0.0,Completed,Bank Transfer
S0007079,C00746,P0178,ST010,2025-07-16,2,1442.47,0.1,completed,Bank Transfer
S0003564,C00993,P0116,ST016,2026-05-19,3,34.33,0.05,Cancelled,Mobile Money
S0006809,C00072,P0078,ST014,2025-03-07,2,914.6,0.15,Cancelled,Mobile Money
S0003994,C00145,P0066,ST001,2025-01-29,2,155.11,0.15,Completed,Bank Transfer
S0005040,C00829,P0081,ST001,2025-04-16,1,206.04,0.15,Cancelled,Mobile Money
S0008169,C00424,P0138,ST011,2025-02-12,4,1443.64,0.2,Returned,Cash
S0002790,C00027,P0116,ST001,2026-06-11,3,36.34,0.15,Completed,Mobile Money
S0007679,C00705,P0184,ST004,2025-09-11,4,105.24,0.1,Cancelled,Mobile Money
S0002169,C00327,P0142,ST010,2025-10-06,7,1165.72,0.05,Completed,Cash
S0001718,C00745,P0076,ST006,2025-06-16,10,710.89,0.0,Completed,Card
S0000981,C00756,P0169,ST005,2025-09-15,7,1122.35,0.2,Returned,Mobile Money
S0003066,C00509,P0090,ST007,2025-06-27,3,616.8,0.15,Pending,Mobile Money
S0001153,C00443,P0164,ST008,2025-12-09,3,1252.5,0.15,Completed,Cash
S0007395,C00465,P0023,ST002,2025-11-15,3,835.72,0.0,completed,Cash
S0004038,C00017,P0132,ST001,2025-10-26,7,1406.07,0.1,Completed,Cash
S0000389,C00275,P0050,ST019,2025-02-16,3,344.88,0.2,Pending,Bank Transfer
S0008138,C00544,P0116,ST005,2025-10-30,7,33.12,0.2,Cancelled,Bank Transfer
S0006841,,P0032,ST001,2026-02-03,4,488.36,0.0,completed,Bank Transfer
S0004356,C00569,P0028,ST005,2025-08-11,8,147.64,0.15,Completed,Mobile Money
S0006024,C00554,P0132,ST019,2026-01-19,3,1401.58,0.15,completed,Cash
S0006056,C00152,P0078,ST001,2025-01-15,4,914.55,0.1,completed,Bank Transfer
S0007129,C00872,P0195,ST007,2026-06-10,5,898.58,0.1,Returned,Cash
S0000015,C00729,P0100,ST008,2026-03-06,5,914.86,0.1,Returned,Cash
S0000554,C00811,P0032,ST006,2026-05-08,4,485.96,0.15,Completed,Cash
S0007738,C00838,P0163,ST006,2026-02-27,1,1402.22,0.05,completed,Mobile Money
S0004702,C00610,P0149,ST019,2025-01-04,7,273.03,0.0,Cancelled,Card
S0005429,C00488,P0172,ST012,2025-12-05,5,1419.55,0.0,Returned,Bank Transfer
S0007081,C00411,P0185,ST019,2026-01-05,2,846.11,0.2,Pending,Card
S0006016,C00008,P0168,ST018,2025-02-07,5,745.42,0.0,Returned,Bank Transfer
S0007510,C00254,P0086,ST009,2025-01-19,4,351.92,0.05,completed,Mobile Money
S0000387,C00960,P0181,ST014,2025-05-09,3,73.91,0.2,Pending,Card
S0001656,C00936,P0142,ST001,2025-01-17,10,1166.39,0.0,Completed,Bank Transfer
S0009716,C00641,P0045,ST002,2025-09-21,2,1246.78,0.0,Completed,Bank Transfer
S0006947,C00583,P0094,ST016,2025-10-26,3,488.36,0.1,Completed,Card
S0002177,C00991,P0198,ST006,2025-03-19,6,814.17,0.0,Completed,Bank Transfer
S0004334,C00869,P0089,ST017,2025-09-04,3,283.47,0.1,Cancelled,Mobile Money
S0000383,C00254,P0108,ST016,2026-07-11,1,870.48,0.05,completed,Cash
S0004247,C00929,P0030,ST003,2025-08-16,10,1371.38,0.2,Completed,Bank Transfer
S0004036,C00511,P0170,ST019,2025-07-27,7,409.16,0.0,Returned,Cash
S0003242,C00683,P0041,ST018,2026-02-01,6,539.24,0.05,completed,Cash
S0002908,C00382,P0052,ST018,2026-04-15,9,1035.4,0.0,Pending,Bank Transfer
S0003312,C00688,P0045,ST002,2026-05-01,4,1246.45,0.2,completed,Bank Transfer
S0002996,C00295,P0011,ST008,2026-07-28,10,150.53,0.2,Returned,Mobile Money
S0000067,C00861,P0163,ST019,2026-01-28,8,1403.47,0.05,Completed,Bank Transfer
S0007778,C00898,P0102,ST014,2025-01-21,8,764.62,0.05,Completed,Cash
S0005930,C00224,P0200,ST012,2025-10-25,7,595.3,0.2,Completed,Card
S0009534,C00144,P0140,ST017,2025-09-10,1,1313.62,0.0,Pending,Card
S0008939,C00961,P0102,ST008,2025-10-26,10,764.79,0.05,Pending,Mobile Money
S0008875,C00482,P0059,ST005,2025-07-31,2,415.58,0.2,Cancelled,Cash
S0001676,C00176,P0093,ST010,2025-10-26,5,91.97,0.0,Returned,Bank Transfer
S0009781,C00852,P0133,ST019,2026-05-15,8,941.29,0.0,Completed,Cash
S0008480,C00191,P0097,ST002,2025-04-26,6,1379.63,0.15,Pending,Bank Transfer
S0009224,C00069,P0003,ST015,2026-01-28,7,627.13,0.0,Pending,Card
S0002808,C00904,P0163,ST007,2026-04-15,1,1401.43,0.05,Pending,Mobile Money
S0001173,C00578,P0110,ST007,2025-01-22,10,1368.77,0.1,Completed,Mobile Money
S0004269,C00655,P0150,ST001,2025-10-17,10,677.85,0.15,Pending,Cash
S0009721,C00846,P0080,ST004,2025-08-02,8,866.52,0.05,Pending,Card
S0006787,C00959,P0071,ST005,2025-10-18,1,1338.57,0.15,Returned,Card
S0006524,C00465,P0005,ST001,2025-02-14,10,307.13,0.05,Returned,Cash
S0003596,C00475,P0024,ST016,2026-09-04,4,607.33,0.05,Cancelled,Bank Transfer
S0000979,C00948,P0130,ST017,2025-09-16,7,456.36,0.0,Completed,Card
S0004683,C00047,P0126,ST007,2026-04-15,9,457.6,0.05,Completed,Card
S0006656,C00169,P0120,ST002,2025-07-13,5,543.2,0.05,Completed,Cash
S0004376,C00233,P0146,ST017,2026-06-01,8,1391.94,0.15,Pending,Cash
S0002689,C00145,P0006,ST007,2025-01-31,4,1223.98,0.15,Completed,Bank Transfer
S0007331,C00562,P0042,ST007,2025-07-18,4,356.31,0.05,Pending,Mobile Money
S0004197,C00573,P0091,ST020,2026-02-21,5,460.55,0.0,Returned,Bank Transfer
S0008794,C00149,P0065,ST005,2025-02-09,10,589.76,0.05,Completed,Card
S0007119,C00890,P0199,ST016,2025-06-23,9,785.24,0.15,completed,Bank Transfer
S0003002,C00035,P0033,ST017,2025-05-05,10,332.73,0.0,Completed,Mobile Money
S0001849,C00427,P0089,ST017,2025-01-14,8,281.81,0.0,Returned,Mobile Money
S0000103,C00282,P0060,ST002,2025-01-17,7,737.48,0.15,Pending,Mobile Money
S0003332,C00935,P0151,ST018,2025-01-03,7,33.84,0.05,Cancelled,Bank Transfer
S0003779,C00661,P0133,ST007,2025-06-09,9,941.76,0.1,Completed,Cash
S0007003,C00916,P0148,ST006,2025-09-01,6,554.08,0.15,Returned,Cash
S0008985,C00078,P0076,ST015,2025-07-24,1,710.05,0.15,Returned,Card
S0009334,C00649,P0128,ST011,2025-07-07,4,204.19,0.2,Completed,Mobile Money
S0009256,C00164,P0040,ST019,2026-03-04,7,1287.31,0.1,Completed,Card
S0008977,C00303,P0020,ST013,2025-03-30,9,1325.63,0.0,Completed,Bank Transfer
S0000683,C00351,P0188,ST002,2025-08-21,5,805.2,0.05,Returned,Mobile Money
S0004107,C00335,P0194,ST003,2025-10-30,10,1316.27,0.05,completed,Card
S0001433,C00766,P0100,ST007,2025-08-15,6,917.04,0.05,Cancelled,Cash
S0007073,C00813,P0192,ST013,2026-06-26,9,243.78,0.1,Returned,Card
S0009589,C00863,P0051,ST007,2025-05-20,5,532.1,0.05,Pending,Bank Transfer
S0009389,C00315,P0162,ST020,2025-01-19,4,308.93,0.05,completed,Cash
S0005978,C00914,P0102,ST019,2026-03-16,8,766.62,0.0,Returned,Mobile Money
S0001211,C00760,P0194,ST013,2025-07-18,4,1313.31,0.05,Cancelled,Bank Transfer
S0004257,C00224,P0052,ST012,2025-02-25,9,1039.89,0.2,Completed,Mobile Money
S0006109,C00763,P0045,ST016,2025-04-22,9,1245.52,0.0,Returned,Card
S0004721,C00642,P0112,ST006,2025-11-07,2,127.05,0.2,Cancelled,Card
S0007638,C00345,P0122,ST011,2025-12-20,6,1121.39,0.1,completed,Card
S0000106,C00020,P0079,ST018,2025-04-19,2,1032.79,0.05,Completed,Mobile Money
S0009423,C00895,P0008,ST020,2025-04-03,6,1263.48,0.0,completed,Card
S0003015,C00979,P0173,ST003,2025-08-21,8,665.04,0.0,Returned,Mobile Money
S0007075,C00355,P0133,ST010,2026-04-19,8,943.27,0.05,Pending,Card
S0007612,C00521,P0115,ST001,2026-03-01,2,615.6,0.05,Cancelled,Mobile Money
S0005683,C00297,P0063,ST009,2025-12-29,1,1436.43,0.0,Completed,Cash
S0000353,C00593,P0090,ST003,2025-01-23,1,616.29,0.15,completed,Cash
S0005742,C00262,P0110,ST017,2025-11-16,2,1364.29,0.2,Returned,Mobile Money
S0005137,C00645,P0101,ST001,2025-12-31,3,1242.6,0.05,Pending,Card
S0006907,C00855,P0039,ST003,2026-01-06,9,1499.77,0.1,Returned,Cash
S0001853,C00419,P0196,ST011,2026-05-29,9,502.75,0.1,Completed,Cash
S0009583,C00044,P0015,ST009,2025-10-13,3,1128.0,0.05,Returned,Card
S0001092,C00837,P0047,ST018,2025-01-27,6,619.72,0.2,Returned,Cash
S0000379,C00171,P0145,ST016,2026-07-24,9,1493.85,0.15,Cancelled,Bank Transfer
S0007626,C00306,P0086,ST009,2026-03-13,8,359.82,0.05,Cancelled,Bank Transfer
S0002897,C00225,P0017,ST019,2026-05-12,8,153.01,0.1,Returned,Card
S0009213,C00615,P0188,ST007,2025-09-16,3,804.3,0.2,Completed,Cash
S0006446,C00529,P0019,ST002,2026-07-22,1,712.98,0.15,Cancelled,Card
S0002997,C00244,P0176,ST014,2025-05-30,6,341.7,0.15,Completed,Card
S0007559,C00208,P0188,ST006,2025-12-31,8,805.02,0.2,Completed,Cash
S0009611,C00572,P0005,ST009,2026-01-26,10,301.49,0.1,Pending,Bank Transfer
S0006604,C00785,P0056,ST004,2025-06-20,3,1186.35,0.2,Cancelled,Bank Transfer
S0000973,C00779,P0023,ST002,2025-07-11,7,838.72,0.15,Cancelled,Cash
S0007883,C00518,P0015,ST015,2025-09-25,7,1129.77,0.15,completed,Cash
S0002625,C00329,P0173,ST014,2026-02-12,1,666.61,0.0,Completed,Cash
S0002115,C00724,P0118,ST005,2025-07-10,8,808.75,0.2,Pending,Cash
S0007667,C00413,P0068,ST002,2025-10-17,10,99.35,0.05,Returned,Mobile Money
S0000458,C00259,P0026,ST003,2025-02-28,6,1079.59,0.15,Completed,Card
S0006414,C00253,P0014,ST017,2025-08-13,3,247.47,0.15,Returned,Card
S0006158,C00211,P0074,ST014,2025-06-09,5,1462.06,0.15,Returned,Cash
S0005201,C00715,P0092,ST011,2025-09-21,6,1115.39,0.0,Returned,Bank Transfer
S0000475,C00004,P0105,ST003,2025-11-17,9,736.03,0.2,Completed,Bank Transfer
S0001434,C00259,P0042,ST003,2025-07-12,9,349.61,0.15,Cancelled,Bank Transfer
S0009022,C00981,P0014,ST020,2025-03-21,2,249.55,0.1,Returned,Cash
S0001279,C00194,P0120,ST015,2025-04-26,6,545.55,0.0,Pending,Mobile Money
S0009203,C00093,P0193,ST019,2025-03-04,4,906.83,0.0,Returned,Card
S0004422,C00781,P0129,ST006,2025-05-03,8,1201.93,0.0,Cancelled,Mobile Money
S0007898,C00635,P0034,ST019,2025-02-03,5,1182.46,0.2,Completed,Bank Transfer
S0003560,C00628,P0064,ST002,2025-12-31,8,1301.19,0.05,Pending,Bank Transfer
S0006305,C00264,P0035,ST019,2025-06-13,3,306.11,0.0,completed,Card
S0007420,C00816,P0067,ST013,2025-06-12,5,920.34,0.2,Cancelled,Mobile Money
S0003893,C00001,P0144,ST011,2025-12-12,8,1118.57,0.15,Pending,Bank Transfer
S0006168,C00804,P0186,ST006,2025-05-26,7,1350.92,0.15,Completed,Mobile Money
S0007811,C00455,P0198,ST008,2025-12-20,2,817.4,0.0,completed,Card
S0007321,C00117,P0024,ST006,2025-03-18,9,609.29,0.1,Completed,Card
S0003650,C00632,P0106,ST011,2025-07-31,10,446.81,0.05,Returned,Cash
S0007875,C00905,P0156,ST014,2025-06-26,3,640.15,0.05,Returned,Bank Transfer
S0005937,C00525,P0048,ST005,2026-03-19,3,648.32,0.15,Cancelled,Mobile Money
S0005005,C00249,P0038,ST010,2025-01-17,2,312.02,0.1,Pending,Cash
S0008559,C00174,P0143,ST007,2026-01-29,7,1165.76,0.05,Cancelled,Bank Transfer
S0008456,C00719,P0177,ST012,2026-04-21,7,13.79,0.1,Cancelled,Card
S0005403,C00246,P0037,ST019,2026-05-14,2,517.12,0.2,Completed,Bank Transfer
S0009216, C00313 ,P0074,ST010,2026-04-10,10,1462.28,0.15,Cancelled,Cash
S0008574,C00900,P0013,ST016,2026-06-22,1,102.14,0.0,Completed,Mobile Money
S0007444,C00899,P0052,ST005,2025-01-14,4,1037.39,0.1,Pending,Cash
S0002281,C00261,P0170,ST003,2025-09-10,5,407.05,0.05,Completed,Mobile Money
S0009190,C00171,P0179,ST015,2026-03-11,5,622.74,0.1,Cancelled,Cash
S0000633,C00955,P0141,ST008,2026-06-14,6,100.19,0.05,Returned,Bank Transfer
S0008746,C00321,P0039,ST007,2026-04-26,6,1494.19,0.1,Cancelled,Card
S0009156,C00608,P0128,ST005,2025-07-31,2,205.4,0.05,Completed,Cash
S0003378,C00765,P0021,ST015,2025-05-25,5,1308.68,0.05,Returned,Mobile Money
S0007852,C00864,P0192,ST016,2025-03-11,10,246.01,0.0,Completed,Card
S0006560,C00881,P0076,ST015,2025-07-26,1,709.26,0.1,Completed,Mobile Money
S0004950,C00751,P0047,ST015,2025-08-06,5,621.84,0.0,completed,Card
S0000152,C00283,P0152,ST006,2026-02-11,10,920.28,0.1,Pending,Cash
S0003165,C00379,P0061,ST018,2026-06-28,7,236.0,0.15,Pending,Mobile Money
S0002611,C00802,P0168,ST002,2025-08-03,6,747.46,0.15,Returned,Bank Transfer
S0002862,C00565,P0161,ST014,2025-08-28,9,97.57,0.1,completed,Mobile Money
S0007140,C00338,P0104,ST008,2025-02-16,3,161.75,0.1,Cancelled,Mobile Money
S0004682,C00418,P0109,ST019,2026-06-18,5,192.69,0.1,Returned,Mobile Money
S0009131,C00975,P0143,ST013,2026-04-18,9,1164.36,0.1,Completed,Bank Transfer
S0000319,C00410,P0050,ST018,2025-04-01,10,341.96,0.15,Completed,Card
S0000101,C00232,P0174,ST008,2025-02-17,4,191.21,0.0,Completed,Card
S0003404,C00107,P0025,ST017,2025-01-10,2,328.71,0.1,Pending,Mobile Money
S0003381,C00072,P0120,ST017,2025-05-24,9,539.56,0.2,Completed,Card
S0008131,C00900,P0141,ST004,2026-05-04,7,97.02,0.1,Pending,Mobile Money
S0007048,C00861,P0026,ST007,2026-01-11,9,1072.97,0.2,Pending,Mobile Money
S0003372,C00158,P0089,ST015,2026-03-21,4,282.57,0.1,completed,Mobile Money
S0002472,C00583,P0129,ST018,2025-11-21,2,1205.42,0.15,completed,Cash
S0003300,C00468,P0121,ST010,2025-11-01,5,1016.9,0.1,Cancelled,Bank Transfer
S0005481,C00577,P0115,ST008,2025-06-23,3,615.31,0.15,Completed,Bank Transfer
S0005490,C00965,P0154,ST006,2025-09-24,3,22.71,0.2,Cancelled,Bank Transfer
S0000755,C00584,P0131,ST014,2025-08-29,8,1291.59,0.0,Pending,Bank Transfer
S0009731,C00443,P0060,ST004,2025-03-01,2,737.31,0.15,Cancelled,Mobile Money
S0007969,C00140,P0021,ST012,2025-10-26,6,1309.93,0.1,Cancelled,Cash
S0003823,C00251,P0177,ST012,2025-03-21,4,20.27,0.0,Completed,Bank Transfer
S0002483,C00126,P0180,ST003,2025-01-09,6,689.09,0.05,Completed,Mobile Money
S0008414,C00906,P0046,ST004,2025-11-06,7,923.49,0.0,Pending,Cash
S0007605,C00688,P0017,ST016,2026-06-23,5,150.14,0.2,completed,Bank Transfer
S0008984,C00347,P0067,ST007,2025-05-05,7,925.0,0.2,Cancelled,Bank Transfer
S0007983,C00615,P0014,ST014,2025-07-05,4,243.62,0.2,Pending,Mobile Money
S0005744,C00578,P0036,ST004,2026-06-13,9,1285.79,0.15,Pending,Card
S0002887,C00775,P0187,ST004,2025-06-02,5,388.84,0.05,completed,Mobile Money
S0005383,C00880,P0127,ST016,2025-08-17,1,1485.48,0.05,completed,Card
S0005642,C00701,P0117,ST010,2025-09-17,6,294.84,0.15,Cancelled,Card
S0009771,C00341,P0113,ST001,2025-01-05,2,358.99,0.15,Completed,Mobile Money
S0001052,C00899,P0067,ST001,2025-05-15,1,923.89,0.0,Cancelled,Bank Transfer
S0001118,C00720,P0026,ST007,2026-04-29,8,1075.51,0.0,Returned,Cash
S0001212,C00937,P0154,ST008,2025-12-24,10,22.59,0.15,Completed,Mobile Money
S0008807,C00074,P0111,ST005,2026-04-09,9,494.06,0.1,Pending,Card
S0006075,C00751,P0096,ST017,2025-03-18,3,959.92,0.0,completed,Cash
S0005333,C00969,P0076,ST013,2026-04-28,6,710.45,0.0,Cancelled,Bank Transfer
S0003723,C00780,P0017,ST020,2025-01-09,5,153.16,0.1,Cancelled,Card
S0003021,C00744,P0020,ST015,2025-09-02,3,1324.82,0.2,Returned,Mobile Money
S0001073,C00079,P0009,ST020,2025-08-12,3,150.92,0.05,Cancelled,Card
S0003497,C00776,P0176,ST010,2025-05-12,3,336.22,0.1,Cancelled,Card
S0000190,C00826,P0120,ST010,2025-05-05,7,543.83,0.2,Returned,Cash
S0003487,C00806,P0101,ST011,2026-02-24,8,1243.09,0.15,Returned,Bank Transfer
S0003091,C00424,P0143,ST014,2026-01-14,10,1161.66,0.05,Returned,Cash
S0004294,C00070,P0111,ST020,2025-02-20,6,501.1,0.15,completed,Bank Transfer
S0008496,C00309,P0200,ST002,2025-06-16,1,597.45,0.0,Cancelled,Cash
S0003733,C00248,P0089,ST015,2025-12-07,6,282.37,0.1,Cancelled,Cash
S0009303,C00248,P0009,ST002,2025-01-25,-2,150.51,0.1,Cancelled,Card
S0009796,C00586,P0007,ST010,2026-07-13,3,111.47,0.15,Pending,Card
S0001567,C00381,P0058,ST017,2025-09-15,8,1325.58,0.15,Completed,Mobile Money
S0002578,C00504,P0193,ST006,2025-04-08,1,909.91,0.05,Completed,Card
S0004389,C00962,P0131,ST004,2025-02-22,6,1296.26,0.15,Completed,Mobile Money
S0005536,C00291,P0050,ST019,2025-07-08,3,337.52,0.0,Cancelled,Bank Transfer
S0007128,C00475,P0106,ST003,2025-07-14,8,441.65,0.05,Returned,Bank Transfer
S0001766,C00407,P0020,ST002,2025-07-08,8,1321.66,0.0,Completed,Mobile Money
S0000428,C00297,P0134,ST012,2025-10-03,9,1255.63,0.0,Completed,Cash
S0008441,C00959,P0047,ST006,2026-03-20,8,616.48,0.0,Cancelled,Card
S0006348,C00269,P0035,ST004,2026-05-14,10,301.48,0.2,Returned,Bank Transfer
S0008995,C00657,P0150,ST011,2026-07-02,10,678.14,0.15,Completed,Mobile Money
S0004324,C00167,P0027,ST007,2026-03-04,2,1021.76,0.1,Pending,Cash
S0005566,C00968,P0116,ST016,2026-03-14,5,36.03,0.0,Pending,Card
S0006820,C00189,P0138,ST016,2025-07-01,5,1438.78,0.1,Cancelled,Mobile Money
S0009434,C00037,P0106,ST017,2026-01-11,7,442.28,0.2,Returned,Mobile Money
S0007041,C00925,P0147,ST011,2026-07-15,3,1337.54,0.2,Cancelled,Cash
S0004833,C00198,P0155,ST018,2025-03-27,6,1412.23,0.1,Completed,Card
S0000571,C00781,P0082,ST015,2026-04-22,4,1222.61,0.05,Returned,Bank Transfer
S0000787,C00917,P0155,ST007,2025-12-20,9,1416.18,0.05,Returned,Card
S0009633,C00003,P0030,ST001,2026-07-29,5,1373.6,0.0,Cancelled,Cash
S0007008,C00074,P0108,ST017,2025-04-14,4,876.91,0.1,Pending,Cash
S0000908,C00616,P0047,ST011,2026-01-30,2,618.92,0.0,Cancelled,Card
S0000753,C00155,P0005,ST014,2025-11-26,3,303.94,0.15,Cancelled,Mobile Money
S0003471,C00376,P0056,ST002,2026-07-08,2,1186.72,0.2,Returned,Cash
S0007494,C00756,P0157,ST016,2025-10-16,8,1295.34,0.0,Pending,Bank Transfer
S0008909,C00382,P0019,ST015,2025-10-28,8,713.18,0.0,completed,Card
S0002646,C00383,P0111,ST007,2026-04-13,9,499.89,0.15,completed,Bank Transfer
S0003960,C00300,P0147,ST019,2025-01-30,7,1334.15,0.15,Pending,Card
S0009260,C00187,P0154,ST019,2025-09-16,6,17.4,0.0,Cancelled,Mobile Money
S0001582,C00514,P0012,ST003,2026-06-02,8,1084.16,0.1,Cancelled,Card
S0002800,C00841,P0017,ST020,2025-12-05,10,150.38,0.0,Cancelled,Cash
S0003844,C00514,P0199,ST020,2025-06-13,2,783.54,0.2,Returned,Mobile Money
S0004480,C00853,P0079,ST010,2025-06-23,4,1026.0,0.0,Cancelled,Cash
S0001959,C00466,P0018,ST006,2025-08-24,5,871.86,0.2,completed,Mobile Money
S0004448,C00343,P0071,ST007,2025-09-05,6,1335.71,0.1,Completed,Cash
S0001265,C00015,P0085,ST020,2025-10-31,10,988.86,0.1,Pending,Card
S0001336,C00379,P0086,ST014,2026-07-19,1,357.54,0.15,Completed,Bank Transfer
S0002950,C00017,P0104,ST008,2026-06-03,8,162.47,0.0,Cancelled,Cash
S0003057,C00447,P0160,ST002,2025-06-12,2,334.42,0.15,Completed,Mobile Money
S0009314,C00569,P0196,ST019,2025-10-12,6,498.35,0.0,Pending,Mobile Money
S0007708,C00128,P0027,ST001,2026-03-21,4,1024.7,0.0,Cancelled,Cash
S0002278,C00213,P0155,ST002,2026-04-21,4,1411.18,0.15,Completed,Card
S0009755,C00656,P0021,ST005,2025-07-29,5,1309.18,0.0,completed,Cash
S0002149,C00939,P0060,ST014,2025-03-22,3,737.6,0.2,Completed,Card
S0006770,C00201,P0194,ST004,2025-10-23,8,1319.37,0.1,completed,Bank Transfer
S0008262,,P0110,ST007,2025-08-19,1,1369.44,0.2,Returned,Mobile Money
S0000619,C00273,P0033,ST002,2026-01-15,7,329.93,0.15,Completed,Bank Transfer
S0004273,C00725,P0167,ST008,2025-02-28,2,362.2,0.1,Completed,Mobile Money
S0002757,C00596,P0020,ST003,2025-10-26,8,1322.92,0.0,completed,Cash
S0006404,C00686,P0126,ST017,2026-07-21,5,455.63,0.1,Cancelled,Card
S0008695,C00685,P0063,ST003,2025-06-07,2,1441.83,0.05,Cancelled,Mobile Money
S0008304,C00751,P0009,ST012,2025-02-04,5,153.05,0.2,Cancelled,Cash
S0008050,C00828,P0035,ST015,2026-05-02,2,306.91,0.15,Cancelled,Bank Transfer
S0002359,C00515,P0150,ST004,2026-02-09,7,676.13,0.05,Pending,Cash
S0003594,C00675,P0151,ST019,2026-03-08,10,36.43,0.1,Pending,Mobile Money
S0001834,C00613,P0196,ST011,2025-04-25,10,498.65,0.2,Returned,Bank Transfer
S0000691,C00283,P0055,ST012,2025-07-05,7,320.13,0.0,Pending,Mobile Money
S0002934,C00967,P0119,ST011,2026-05-19,7,411.87,0.0,Completed,Mobile Money
S0008231,C00317,P0123,ST004,2025-02-25,2,814.1,0.0,Completed,Bank Transfer
S0002670,C00291,P0146,ST003,2025-03-20,6,1390.05,0.2,Returned,Bank Transfer
S0000359,C00921,P0110,ST008,2026-01-14,1,1366.09,0.0,Cancelled,Bank Transfer
S0000204,C00522,P0027,ST016,2025-05-11,3,1020.84,0.2,Returned,Cash
S0005222,C00277,P0198,ST017,2025-05-18,6,818.99,0.2,Pending,Card
S0007462,C00869,P0008,ST008,2026-03-05,7,1262.2,0.15,Completed,Mobile Money
S0003212,C00204,P0199,ST007,2025-07-13,4,787.54,0.0,Cancelled,Card
S0003600,C00104,P0061,ST009,2025-03-30,9,235.85,0.15,Completed,Mobile Money
S0006146,C00063,P0143,ST012,2026-06-04,5,1169.09,0.0,Cancelled,Bank Transfer
S0001162,C00563,P0176,ST018,2025-03-29,3,338.83,0.0,Completed,Mobile Money
S0003512,C00604,P0072,ST009,2025-01-25,7,1113.51,0.1,Completed,Cash
S0006777,C00378,P0168,ST006,2025-06-22,4,745.94,0.1,Returned,Cash
S0008296,C00942,P0114,ST020,2025-11-11,7,553.31,0.2,Pending,Mobile Money
S0001313,C00547, P0172 ,ST012,2025-08-17,2,1419.64,0.15,Cancelled,Card
S0000531,C00162,P0053,ST020,2025-06-23,1,1496.62,0.2,Completed,Cash
S0006352,C00643,P0130,ST003,2026-02-25,2,459.37,0.15,Pending,Mobile Money
S0001188,C00846,P0065,ST015,2025-06-22,9,591.03,0.2,completed,Bank Transfer
S0000958,C00101,P0045,ST010,2025-09-20,10,1243.67,0.15,Cancelled,Card
S0005130,C00406,P0083,ST014,2025-06-28,4,1055.16,0.15,Completed,Card
S0000736,C00755,P0179,ST012,2026-07-16,2,628.38,0.0,completed,Mobile Money
S0000075,C00583,P0012,ST013,2025-01-06,2,1082.96,0.15,completed,Cash
S0006061,C00820,P0174,ST003,2025-09-26,1,191.4,0.1,completed,Mobile Money
S0004629,C00424,P0186,ST015,2025-09-15,8,1352.51,0.0,Cancelled,Bank Transfer
S0000569,C00498,P0191,ST002,2025-07-21,0,1381.58,0.1,completed,Mobile Money
S0005083,C00432,P0107,ST013,2025-01-14,2,400.97,0.15,Pending,Mobile Money
S0006124,C00877,P0048,ST002,2025-12-08,4,647.9,0.1,Cancelled,Mobile Money
S0004503,C00643,P0029,ST006,2026-03-25,4,1225.72,0.2,Cancelled,Bank Transfer
S0004605,C00173,P0184,ST018,2025-02-18,3,106.48,0.2,Pending,Mobile Money
S0001844,C00576,P0139,ST009,2025-01-24,8,1105.45,0.1,Returned,Cash
S0000765,C00715,P0120,ST019,2025-08-13,1,543.89,0.05,Pending,Card
S0009342,C00848,P0087,ST001,2025-06-10,8,775.41,0.2,completed,Cash
S0000749,C00548,P0104,ST010,2025-12-25,2,162.44,0.0,Pending,Mobile Money
S0007537,C00507,P0130, ST004 ,2025-08-24,5,460.81,0.0,completed,Card
S0002006,C00618,P0200,ST015,2026-03-09,1,597.71,0.0,completed,Mobile Money
S0000745,C00654,P0128,ST013,2026-04-16,5,203.18,0.0,Completed,Card
S0001627,C00806,P0127,ST003,2026-03-25,1,1485.87,0.05,completed,Bank Transfer
S0003390,C00982,P0167,ST015,2026-03-20,4,360.54,0.05,completed,Bank Transfer
S0007437,C00295,P0021,ST001,2025-01-16,1,1305.77,0.2,Returned,Bank Transfer
S0004567,C00851,P0008,ST009,2026-01-22,10,1263.26,0.1,Cancelled,Card
S0001050,C00759,P0005,ST006,2025-09-05,4,304.5,0.05,Returned,Mobile Money
S0008243,C00605,P0010,ST005,2026-04-03,3,97.59,0.1,Pending,Cash
S0008711,C00579,P0111,ST008,2025-12-31,8,492.73,0.1,completed,Mobile Money
S0006094,C00749,P0035,ST007,2025-03-20,7,306.1,0.05,completed,Card
S0004063,C00492,P0131,ST014,2025-02-19,5,1294.31,0.2,Pending,Mobile Money
S0001918,C00171,P0095,ST007,2026-04-28,10,56.82,0.2,completed,Cash
S0001158,C00849,P0174,ST008,2026-03-19,9,193.25,0.15,Returned,Bank Transfer
S0001657,C00971,P0115,ST013,2026-04-16,2,616.04,0.1,Pending,Cash
S0009253,C00367,P0084,ST017,2025-08-12,8,229.5,0.05,Cancelled,Mobile Money
S0006204,C00308,P0155,ST014,2025-02-08,3,1414.88,0.2,Pending,Mobile Money
S0001269,C00277,P0124,ST002,2025-10-11,6,639.89,0.1,Returned,Mobile Money
S0005434,C00851,P0125,ST019,2025-07-20,3,644.72,0.05,Completed,Bank Transfer
S0004810,C00720,P0191,ST009,2026-01-26,9,1381.52,0.1,Completed,Mobile Money
S0000282,C00622,P0029,ST014,2025-10-14,6,1221.16,0.1,completed,Bank Transfer
S0007425,C00046,P0187,ST014,2026-06-19,2,388.07,0.05,Cancelled,Card
S0008906,C00516,P0092,ST018,2025-06-03,1,1114.14,0.15,Pending,Card
S0003141,C00087,P0042,ST002,2025-02-15,1,354.06,0.15,Pending,Bank Transfer
S0005417,C00993,P0130,ST002,2025-07-13,2,460.56,0.1,Pending,Card
S0006686,C00861,P0043,ST016,2026-02-01,5,1027.86,0.2,completed,Card
S0003382,C00617,P0030,ST011,2025-03-16,6,1372.34,0.15,Pending,Cash
S0007334,C00038,P0152,ST008,2025-10-05,10,922.96,0.0,completed,Card
S0008815,C00183,P0079,ST001,2025-10-08,2,1033.64,0.0,Returned,Cash
S0009736,C00980,P0157,ST010,2025-06-09,3,1295.54,0.0,Returned,Card
S0004297,C00246,P0055,ST020,2026-02-05,6,321.01,0.1,Pending,Mobile Money
S0006612,C00234,P0014,ST017,2025-10-23,2,247.74,0.0,Completed,Mobile Money
S0001187,C00959,P0093,ST008,2026-07-07,5,92.64,0.05,Returned,Card
S0001106,C00834,P0057,ST006,2025-07-01,1,206.28,0.15,Pending,Card
S0001472,C00558,P0109,ST002,2026-01-01,5,192.22,0.2,Cancelled,Cash
S0000418,C00216,P0045,ST019,2025-09-16,5,1245.58,0.2,Completed,Mobile Money
S0000990,C00381,P0067,ST003,2025-03-02,8,923.41,0.15,Cancelled,Mobile Money
S0004032,C00417,P0065,ST015,2025-12-20,4,589.73,0.2,Cancelled,Mobile Money
S0009888,C00930,P0174,ST001,2025-10-25,1,189.81,0.0,Pending,Mobile Money
S0000931,C00348,P0113,ST004,2025-09-21,10,361.32,0.05,Cancelled,Cash
S0001371,C00810,P0020,ST012,2026-01-20,2,1323.37,0.05,Cancelled,Cash
S0000664,C00402,P0068,ST008,2025-02-19,4,98.26,0.0,completed,Card
S0002402,C00225,P0027,ST018,2026-01-04,4,1018.96,0.2,Pending,Mobile Money
S0000039,C00818,P0075,ST005,2026-06-20,9,427.48,0.2,Returned,Card
S0005113,C00995,P0077,ST006,2025-02-23,8,941.83,0.05,Pending,Cash
S0004669,C00007,P0163,ST012,2026-03-25,4,1406.2,0.0,Cancelled,Cash
S0008611,C00783,P0040,ST018,2025-08-07,7,1288.72,0.2,Completed,Mobile Money
S0006932,C00555,P0070,ST009,2025-06-29,1,1137.53,0.15,completed,Card
S0004986,C00356,P0159,ST017,2025-08-11,2,582.24,0.1,completed,Cash
S0009267,C00209,P0042,ST020,2026-01-05,3,352.57,0.0,Completed,Mobile Money
S0000796,C00432,P0195,ST019,2025-10-29,8,893.68,0.1,Returned,Mobile Money
S0009527,C00115,P0198,ST006,2025-12-12,2,814.73,0.05,completed,Card
S0001152,C00299,P0025,ST010,2026-01-30,1,328.83,0.1,Pending,Card
S0001048,C00363,P0025,ST002,2025-12-03,9,330.06,0.1,completed,Card
S0000848,C00530,P0011,ST010,2025-01-13,10,150.0,0.2,Cancelled,Bank Transfer
S0002668,C00788,P0192,ST003,2025-12-13,5,243.97,0.05,Cancelled,Mobile Money
S0005244,C00783,P0075,ST010,2026-07-03,5,430.1,0.2,Completed,Bank Transfer
S0001068,C00352,P0011,ST014,2025-01-14,1,156.26,0.15,Pending,Bank Transfer
S0002159,C00532,P0071,ST007,2026-02-26,1,1337.1,0.0,Cancelled,Cash
S0006014,C00072,P0134,ST012,2026-05-08,1,1255.9,0.05,Cancelled,Mobile Money
S0005967,C00723,P0146,ST016,2025-02-01,5,1394.76,0.15,completed,Bank Transfer
S0002468,C00961,P0012,ST017,2026-02-02,8,1085.46,0.2,Completed,Mobile Money
S0001201,C00464,P0032,ST015,2025-07-08,10,486.29,0.1,Pending,Mobile Money
S0003992,C00486,P0197,ST003,2026-04-05,1,110.81,0.1,Completed,Cash
S0002427,C00709,P0136,ST001,2025-07-31,5,97.75,0.1,completed,Card
S0009309,C00825,P0070,ST018,2025-01-08,1,1138.47,0.0,Completed,Cash
S0009714,C00280,P0094,ST009,2025-07-26,9,491.73,0.0,completed,Bank Transfer
S0007519,C00444,P0002,ST011,2026-06-03,7,286.07,0.05,Completed,Mobile Money
S0006343,C00534,P0050,ST008,2025-06-01,8,342.36,0.1,Cancelled,Cash
S0004460,C00988,P0123,ST004,2025-11-01,10,812.4,0.05,Returned,Card
S0006927,C00531,P0120,ST003,2026-05-20,2,542.66,0.15,Cancelled,Bank Transfer
S0005910,C00593,P0110,ST002,2025-04-11,6,1366.5,0.2,completed,Card
S0000178,C00849,P0159,ST002,2026-02-04,7,578.8,0.1,Pending,Cash
S0008045,C00657,P0047,ST007,2026-04-06,7,618.0,0.15,Completed,Cash
S0002167,C00815,P0077,ST013,2026-07-28,3,940.99,0.0,Returned,Card
S0002769,C00943,P0187,ST002,2025-06-27,7,391.89,0.1,completed,Card
S0001986,C00155,P0044,ST019,2026-02-25,1,919.8,0.15,Returned,Cash
S0004681,C00743,P0159,ST017,2025-06-20,7,581.99,0.1,Cancelled,Mobile Money
S0001626,C00883,P0086,ST019,2025-03-16,10,352.72,0.15,completed,Cash
S0005360,C00945,P0015,ST004,2025-02-25,6,1130.43,0.0,Returned,Bank Transfer
S0006882, C00313 ,P0001,ST018,2026-07-25,3,1036.34,0.1,Completed,Cash
S0007953,C00146,P0142,ST013,2025-09-16,5,1161.82,0.15,Completed,Cash
S0003785,C00869,P0104,ST014,2025-08-18,4,162.36,0.0,completed,Bank Transfer
S0001432,C00993,P0125,ST004,2025-03-05,10,644.21,0.1,completed,Mobile Money
S0009136,C00565,P0089,ST015,2026-03-17,7,284.02,0.05,Completed,Mobile Money
S0004892,C00943,P0180,ST008,2025-06-14,2,686.71,0.2,Pending,Bank Transfer
S0008638,C00801,P0064,ST008,2025-07-29,9,1299.27,0.05,completed,Cash
S0008424,C00532,P0049,ST006,2025-10-11,4,472.17,0.0,Completed,Mobile Money
S0009451,C00725,P0039,ST003,2025-04-17,5,1498.42,0.15,completed,Mobile Money
S0001169,C00322,P0160,ST005,2025-07-30,6,334.98,0.05,completed,Card
S0009140,C00970,P0079,ST001,2025-07-25,1,1032.71,0.1,completed,Mobile Money
S0008336,C00586,P0075,ST004,2025-07-12,4,430.57,0.05,Returned,Mobile Money
S0005126,C00974,P0193,ST011,2025-04-11,6,909.93,0.05,Cancelled,Mobile Money
S0002293,C00340,P0026,ST011,2025-11-22,4,1076.83,0.0,Pending,Cash
S0004815,C00984,P0132,ST015,2025-05-13,7,1403.44,0.0,Returned,Mobile Money
S0008420,C00228,P0141,ST003,2025-10-03,1,103.27,0.05,Pending,Cash
S0001180,C00597,P0014,ST010,2025-05-14,6,245.48,0.1,Completed,Mobile Money
S0008173,C00551,P0077,ST009,2025-09-08,10,944.42,0.05,Returned,Mobile Money
S0006267,C00779,P0113,ST005,2025-05-22,5,364.46,0.05,Pending,Mobile Money
S0005385,C00747,P0014,ST003,2025-02-06,9,244.55,0.05,Returned,Mobile Money
S0002455,C00505,P0024,ST003,2025-06-25,10,612.68,0.05,Pending,Card
S0002959,C00818,P0023,ST020,2026-04-06,8,836.1,0.05,Returned,Cash
S0007865,C00985,P0072,ST011,2026-02-25,10,1114.86,0.0,Pending,Cash
S0002171,C00454,P0191,ST006,2025-07-20,3,1381.96,0.15,Completed,Mobile Money
S0006042,C00166,P0038,ST005,2025-08-31,6,309.71,0.0,Completed,Cash
S0001403,C00421,P0133,ST006,2026-02-26,8,942.89,0.2,Completed,Cash
S0009594,C00566,P0126,ST012,2025-07-10,7,455.95,0.15,Completed,Cash
S0007009,C00959, P0188 ,ST013,2026-07-10,5,803.21,0.1,Returned,Card
S0007949,C00516,P0072,ST006,2025-02-10,10,1115.29,0.15,Returned,Bank Transfer
S0005399,C00403,P0045,ST007,2025-02-19,8,1248.07,0.05,completed,Cash
S0009764,C00895,P0008,ST002,2025-09-01,2,1263.17,0.15,Pending,Mobile Money
S0006206,C00648,P0086,ST014,2025-10-09,4,357.72,0.0,Pending,Bank Transfer
S0001085,C00044,P0089,ST014,2026-02-20,1,282.65,0.15,Pending,Bank Transfer
S0002575,C00283,P0128,ST005,2026-07-06,1,204.34,0.15,Returned,Mobile Money
S0006275,C00502,P0096,ST007,2025-04-07,4,957.06,0.1,completed,Card
S0003009,C00898,P0134,ST008,2026-02-27,3,1257.3,0.1,Pending,Card
S0004823,C00235,P0190,ST002,2025-09-13,4,950.51,0.1,Completed,Mobile Money
S0005560,C00748,P0117,ST014,2025-03-29,9,296.56,0.2,Cancelled,Card
S0001182,C00514,P0168,ST018,2026-05-09,7,746.58,0.15,completed,Mobile Money
S0003018,C00143,P0141,ST019,2025-02-16,6,99.21,0.05,Pending,Mobile Money
S0007161,C00688,P0154,ST019,2025-06-01,3,27.45,0.1,Pending,Cash
S0001315,C00006,P0044,ST012,2025-07-02,2,915.04,0.15,Returned,Card
S0003347,C00316,P0164,ST013,2025-05-22,6,1253.74,0.2,Cancelled,Card
S0008068,C00128,P0038,ST005,2026-06-06,10,308.26,0.2,completed,Cash
S0005365,C00186,P0123,ST012,2026-06-01,2,813.08,0.05,Returned,Bank Transfer
S0001683,C00229,P0008,ST003,2026-04-23,6,1262.62,0.1,Pending,Card
S0002883,C00238,P0092,ST010,2026-03-01,10,1112.65,0.2,completed,Bank Transfer
S0007869,C00877,P0088,ST004,2025-05-04,9,696.18,0.05,Returned,Card
S0003538,C00863,P0096,ST001,2026-03-17,5,960.01,0.0,Returned,Card
S0002036,C00561,P0076,ST015,2025-04-29,9,710.23,0.1,Cancelled,Card
S0009718,C00405,P0121,ST004,2026-04-09,6,1018.71,0.05,Completed,Card
S0008764,C00251,P0190,ST003,2025-02-08,10,951.75,0.0,Pending,Cash
S0002777,C00211,P0021,ST015,2025-09-01,10,1312.88,0.1,Returned,Bank Transfer
S0006920,C00623,P0088,ST015,2026-01-17,8,693.94,0.05,Cancelled,Bank Transfer
S0004941,C00610,P0085,ST014,2025-12-22,8,983.91,0.05,Completed,Cash
S0002144,C00276,P0042,ST018,2026-05-18,3,356.05,0.05,Pending,Cash
S0003922,C00448,P0148,ST013,2025-05-02,4,556.9,0.0,completed,Mobile Money
S0002494,C00545,P0042,ST001,2025-10-13,6,353.32,0.15,Pending,Bank Transfer
S0005832,C00676,P0095,ST018,2025-03-05,8,56.42,0.1,Completed,Cash
S0006328,C00761,P0046,ST013,2025-06-19,2,926.91,0.1,Returned,Bank Transfer
S0004012,C00411,P0101,ST001,2026-07-14,6,1240.28,0.2,Pending,Bank Transfer
S0003065,C00146,P0056,ST012,2025-10-10,4,1182.72,0.2,Completed,Cash
S0007387,C00880,P0103,ST005,2025-05-11,6,1296.21,0.1,Returned,Bank Transfer
S0001259,C00784,P0177,ST007,2025-01-08,10,22.0,0.15,Cancelled,Cash
S0004483,C00162,P0170,ST013,2026-07-17,8,409.71,0.15,Pending,Cash
S0003697,C00701,P0149,ST007,2026-06-24,8,270.39,0.2,Pending,Bank Transfer
S0003342,,P0113,ST013,2026-05-19,8,360.2,0.0,Cancelled,Cash
S0005015,C00125,P0171,ST007,2026-01-20,5,601.68,0.2,Pending,Bank Transfer
S0003453,C00329,P0061,ST012,2025-12-21,9,233.35,0.05,completed,Card
S0001001,C00085,P0142,ST018,2025-04-08,9,1162.53,0.15,Pending,Cash
S0001669,C00757,P0081,ST011,2025-08-08,3,206.44,0.05,Cancelled,Cash
S0006526,C00721,P0151,ST015,2025-12-31,5,40.86,0.2,Completed,Bank Transfer
S0001763,C00818,P0005,ST004,2025-08-23,8,305.21,0.05,Completed,Bank Transfer
S0001955,C00922,P0160,ST009,2026-01-30,10,332.87,0.1,Returned,Cash
S0007734,C99999,P0157,ST003,2026-06-14,10,1290.5,0.0,Cancelled,Mobile Money
S0007309,C00430,P0123,ST005,2025-03-08,6,814.19,0.2,Completed,Bank Transfer
S0006523,C00217,P0149,ST013,2026-03-01,1,273.4,0.2,Returned,Mobile Money
S0008835,C00134,P0061,ST004,2025-02-10,3,236.39,,completed,Card
S0006778,C00260,P0053,ST008,2025-02-11,9,1497.67,0.15,Cancelled,Mobile Money
S0007604,C00505,P0156,ST006,2026-04-03,10,639.62,0.1,Cancelled,Mobile Money
S0009506,C00164,P0117,ST018,2025-01-11,2,292.59,0.2,Cancelled,Bank Transfer
S0008796,C00287,P0171,ST011,2026-02-18,2,603.94,0.0,Cancelled,Cash
S0005274,C00531,P0151,ST019,2025-07-27,1,36.09,0.05,Pending,Cash
S0001786,C00014,P0153,ST005,2026-02-23,1,504.35,0.2,completed,Bank Transfer
S0003862,C00477,P0074,ST015,2025-01-13,3,1463.56,0.2,Cancelled,Bank Transfer
S0005850,C00355,P0182,ST012,2026-02-06,4,551.54,0.15,Returned,Bank Transfer
S0003469,C00365,P0192,ST020,2026-03-05,2,243.98,0.0,Cancelled,Mobile Money
S0000814,C00443,P0065,ST017,2026-07-12,6,592.89,0.1,completed,Mobile Money
S0005852,C00009,P0183,ST014,2025-04-27,1,152.91,0.0,completed,Card
S0003953,C00433,P0154,ST004,2025-11-25,7,21.2,0.05,Pending,Bank Transfer
S0002269,C00636,P0079,ST006,2026-02-28,6,1033.11,0.05,Cancelled,Mobile Money
S0002116,C00155,P0101,ST008,2026-03-16,9,1243.73,0.2,Cancelled,Card
S0006143,C00345,P0082,ST017,2026-02-05,8,1220.73,0.1,Pending,Mobile Money
S0000358,C00328,P0156,ST019,2026-04-24,10,640.33,0.2,Cancelled,Card
S0000415,C00384,P0168,ST003,2025-09-30,8,748.71,0.2,completed,Cash
S0009424,C00812,P0120,ST019,2026-05-19,8,545.09,0.15,Returned,Mobile Money
S0003206,C00651,P0186,ST009,2025-10-05,3,1354.58,0.15,Returned,Cash
S0009143,C00018,P0048,ST003,2025-04-25,4,644.72,0.2,Pending,Bank Transfer
S0009603,C00954,P0101,ST017,2026-01-31,1,1241.27,0.15,completed,Mobile Money
S0002067,C00213,P0007,ST016,2025-04-09,1,116.09,0.0,completed,Card
S0005679,C00147,P0163, ST011 ,2025-06-05,4,1405.31,0.15,Completed,Mobile Money
S0002618,C00859,P0143,ST009,2025-03-02,2,1163.08,0.2,Pending,Cash
S0003314, C00337 ,P0038,ST015,2026-03-06,10,310.07,0.15,Cancelled,Cash
S0004911,C00399,P0197,ST005,2025-02-22,7,111.64,0.1,Pending,Mobile Money
S0005197,C00635,P0017,ST013,2026-03-18,2,152.81,0.2,completed,Cash
S0008732,C00369,P0132,ST009,2026-01-30,5,1402.65,0.15,Cancelled,Card
S0001922,C00159,P0154,ST016,2025-02-01,7,23.43,0.15,completed,Cash
S0000166,C00624,P0171,ST012,2025-04-30,2,600.31,0.1,Pending,Bank Transfer
S0005996,C00610,P0137,ST012,2025-07-12,9,149.94,0.1,Pending,Bank Transfer
S0000612,C00600,P0093,ST019,2025-02-05,3,94.35,0.15,Cancelled,Mobile Money
S0003411,C00421,P0118,ST016,2025-05-07,8,810.15,0.15,Cancelled,Bank Transfer
S0009784,C00390,P0105,ST013,2026-06-27,9,735.22,0.0,Cancelled,Mobile Money
S0006796,C00241,P0037,ST016,2026-04-13,10,515.31,0.05,Returned,Cash
S0009529,C00788,P0143,ST007,2025-05-14,5,1164.41,0.0,Pending,Card
S0002583,C00938,P0157,ST015,2025-03-06,1,1294.7,0.1,Pending,Bank Transfer
S0009856,C00005,P0069,ST019,2026-07-04,6,1359.35,0.05,Pending,Card
S0005165,C00489,P0168,ST013,2026-06-01,3,746.98,0.05,Cancelled,Cash
S0009916,C00705,P0066,ST006,2025-11-09,8,154.86,0.1,Completed,Bank Transfer
S0001103,C00427,P0100,ST005,2026-01-26,10,914.5,0.1,Returned,Mobile Money
S0007851,C00688,P0144,ST010,2025-12-29,1,1114.61,0.0,Returned,Bank Transfer
S0006794,C00130,P0114,ST013,2026-06-01,2,552.7,0.05,Pending,Card
S0002342,C00935,P0166,ST005,2026-02-16,3,1098.1,0.15,Completed,Card
S0002989,C00292,P0142,ST019,2026-06-03,3,1165.87,0.0,Cancelled,Mobile Money
S0005219,C00425,P0028,ST004,2026-03-29,3,147.76,0.15,Returned,Card
S0009905,C00314,P0170,ST009,2026-05-05,5,407.87,0.1,Completed,Mobile Money
S0007139,C00471,P0056,ST011,2026-06-27,10,1181.9,0.0,Completed,Card
S0004612,C00072,P0108,ST011,2025-09-04,10,877.36,0.0,Returned,Cash
S0006088,C00051,P0106,ST019,2025-10-01,3,441.55,0.1,Pending,Card
S0000112,C99999,P0063,ST014,2025-06-16,10,1438.03,0.15,Pending,Cash
S0006373,C00484,P0007,ST001,2026-02-26,7,111.93,0.15,Completed,Card
S0005600,C00535,P0116,ST002,2026-04-21,8,31.47,0.05,Returned,Mobile Money
S0008422,C00120,P0074,ST010,2025-06-28,3,1464.87,0.05,completed,Cash
S0009222,C00458,P0140,ST002,2025-09-01,9,1312.86,0.0,Completed,Cash
S0001633,C00777,P0119,ST007,2025-06-17,5,415.81,0.1,Returned,Card
S0003530,C00744,P9999,ST001,2025-01-31,9,1225.63,0.2,Pending,Cash
S0004936,C00476,P0006,ST019,2025-03-18,8,1224.22,0.0,Completed,Bank Transfer
S0002701,C00977,P0022,ST006,2025-02-11,4,649.68,0.0,Cancelled,Bank Transfer
S0005530,C00299,P0046,ST012,2025-02-15,9,925.72,0.0,Cancelled,Bank Transfer
S0009689,C00785,P0162,ST013,2025-05-14,3,309.19,0.05,Cancelled,Card
S0000244,C00263,P0032,ST003,2025-12-31,3,486.3,0.0,Pending,Bank Transfer
S0006807,C00618,P0088,ST003,2026-02-01,9,694.28,0.15,Completed,Mobile Money
S0006344,C00298,P0004,ST020,2026-07-01,4,1497.02,0.15,completed,Mobile Money
S0007188,C00289,P0191,ST007,2025-08-06,4,1383.86,,Pending,Card
S0004311,C00560,P0053,ST003,2025-12-01,1,1495.61,0.1,Returned,Mobile Money
S0009649,C00671,P0110,ST017,2025-07-12,7,1364.98,0.05,Completed,Mobile Money
S0006362,C00722,P0106,ST014,2026-04-20,5,440.16,0.1,Cancelled,Cash
S0007265,C00376,P0052,ST008,2026-02-01,2,1036.81,0.0,Returned,Cash
S0002408,C00450,P0160,ST011,2026-05-22,3,336.28,0.0,Returned,Cash
S0009824,C00170,P0020,ST012,2025-06-13,8,1324.5,0.05,completed,Mobile Money
S0009235,C00504,P0094,ST017,2025-12-21,7,484.72,0.0,Pending,Mobile Money
S0007614,C00015,P0047,ST009,2025-03-29,3,618.12,0.15,Pending,Cash
S0007065,C00171,P0150,ST002,2025-02-11,10,677.27,0.15,Completed,Bank Transfer
S0005456,C00265,P0001,ST016,2026-06-18,5,1039.61,0.2,Pending,Cash
S0007656,C00870,P0066,ST005,2026-01-15,3,155.44,0.1,completed,Cash
S0008001,C00261,P0066,ST014,2026-06-10,3,156.91,0.1,Cancelled,Mobile Money
S0005929,C00679,P0162,ST004,2026-05-04,4,307.77,0.0,Completed,Card
S0008998,C00787,P0086,ST015,2025-12-07,4,354.61,0.2,completed,Cash
S0009362,C00935,P0033,ST020,2025-12-02,8,331.43,0.2,Returned,Card
S0003756,C00364,P0141,ST017,2026-05-15,2,98.74,0.15,Returned,Bank Transfer
S0009963,C00412,P0066,ST006,2026-07-13,6,155.67,0.1,completed,Bank Transfer
S0006116,C00506,P0164,ST009,2025-01-15,7,1251.98,0.15,Cancelled,Card
S0005883,C00918,P0087,ST011,2026-01-28,9,783.6,0.1,completed,Card
S0009986,C00668,P0023,ST005,2026-07-19,2,840.75,0.2,Pending,Bank Transfer
S0001583,C00152,P0113,ST020,2026-04-03,6,363.87,0.2,Pending,Mobile Money
S0009088,C00607,P0043,ST013,2025-08-03,10,1027.39,0.1,Completed,Bank Transfer
S0009319,C00347,P0153,ST007,2025-03-11,4,503.43,0.0,completed,Bank Transfer
S0000771,C00711,P0112,ST017,2025-08-29,6,129.7,0.15,Returned,Card
S0006222,C00013,P0028,ST014,2026-05-22,5,150.3,0.1,Completed,Cash
S0000607,C00875,P0101,ST015,2026-06-10,1,1241.52,0.1,Pending,Mobile Money
S0007379,C00995,P0154,ST015,2025-09-06,4,22.28,0.2,Returned,Cash
S0006285,C00084,P0024,ST015,2026-06-26,6,609.82,0.05,completed,Bank Transfer
S0003989,C00316,P9999,ST009,2025-02-09,10,1124.28,0.1,Returned,Bank Transfer
S0003238,C00313,P0010,ST012,2026-07-23,3,101.49,0.15,Pending,Cash
S0008892,C00009,P0100,ST001,2026-03-22,2,911.02,0.15,Returned,Cash
S0008266,C00673,P0024,ST006,2026-01-11,8,609.87,0.1,Pending,Bank Transfer
S0002197,C00114,P0023,ST011,2025-11-29,8,837.41,0.05,Cancelled,Card
S0008622,C00097,P0081,ST005,2026-04-21,3,206.34,0.15,Returned,Mobile Money
S0002164,C00805,P0138,ST002,2025-11-26,7,1443.31,0.1,Cancelled,Bank Transfer
S0000441,C00808,P0014,ST016,2026-05-21,7,246.56,0.15,completed,Bank Transfer
S0008478,C00502,P0002,ST010,2025-10-31,5,286.34,0.1,Returned,Card
S0005024,C00026,P0070,ST010,2025-03-21,8,1140.35,0.05,Returned,Mobile Money
S0001189,C00970,P0055,ST014,2025-01-15,1,320.87,0.2,completed,Cash
S0005105,C00381,P0167,ST006,2026-03-18,9,359.3,0.1,Pending,Mobile Money
S0007514,C00145,P0156,ST020,2026-02-01,5,642.29,0.05,completed,Bank Transfer
S0000427,C00065,P0190,ST007,2025-01-11,2,953.43,0.2,Pending,Card
S0000335,C00756,P0062,ST005,2026-03-06,2,760.81,0.05,Pending,Mobile Money
S0004697,C00111,P0129,ST014,2025-01-05,7,1202.67,0.0,Returned,Bank Transfer
S0009098,C00796,P0088,ST011,2026-05-22,9,698.95,0.2,Cancelled,Cash
S0008223,C00104,P0102,ST011,2026-03-10,4,763.03,0.1,Cancelled,Mobile Money
S0000892,C00765,P0009,ST009,2026-04-26,5,150.45,0.05,Cancelled,Cash
S0004097,C00728,P0067,ST009,2026-01-11,10,924.98,0.0,Completed,Bank Transfer
S0003271,C00736,P0106,ST004,2025-12-30,5,443.07,0.05,Returned,Mobile Money
S0008438,C00030,P0084,ST008,2025-05-18,7,230.21,0.05,Returned,Cash
S0004998,C00358,P0133,ST016,2025-11-18,5,946.89,0.0,Cancelled,Cash
S0007310,C00120,P0106,ST018,2025-08-04,6,443.36,0.05,Cancelled,Bank Transfer
S0005703,C00794,P0099,ST009,2026-04-15,0,1389.63,0.1,Completed,Cash
S0006048,C00883,P0169,ST005,2025-03-04,8,1116.45,0.2,Pending,Bank Transfer
S0005042,C00066,P0015,ST002,2025-03-19,1,1128.82,0.1,completed,Bank Transfer
S0000009,C00405,P0199,ST001,2025-10-18,3,780.37,0.05,completed,Bank Transfer
S0000032,C00236,P0186,ST009,2026-04-21,1,1352.14,0.0,Pending,Mobile Money
S0006511,C00696,P0052,ST011,2026-02-25,6,1036.26,0.1,Pending,Mobile Money
S0006334,C00488,P0010,ST013,2025-06-24,6,99.91,0.0,Cancelled,Card
S0000422,C00970,P0138,ST001,2025-11-04,8,1439.42,0.2,Cancelled,Mobile Money
S0007750,C00440,P0140,ST001,2025-01-08,9,1309.01,0.15,Pending,Bank Transfer
S0000220,C00859,P0168,ST007,2026-05-04,4,748.59,0.0,completed,Mobile Money
S0000718,C00601,P0034,ST005,2025-07-27,1,1184.91,0.2,Returned,Card
S0009202,C00085,P0111,ST013,2026-05-20,4,498.51,0.15,Cancelled,Bank Transfer
S0005296,C00548,P0058,ST011,2025-01-03,6,1326.63,0.1,completed,Card
S0004229,C00267,P0198,ST019,2026-02-01,7,817.94,0.15,Completed,Cash
S0005155,C00445,P0185,ST012,2025-08-27,3,841.82,0.15,Cancelled,Mobile Money
S0006058,C00591,P0117,ST002,2025-02-25,8,289.63,0.15,Cancelled,Mobile Money
S0003520,C00428,P0158,ST018,2025-05-28,3,100.74,0.05,Pending,Cash
S0006950,C00970,P0109,ST003,2025-09-17,1,190.32,0.2,Returned,Card
S0004199,C00510,P0069,ST017,2025-07-18,7,1355.25,0.2,completed,Mobile Money
S0004643,C00155,P0005,ST014,2026-01-12,2,305.65,0.2,Returned,Cash
S0001122,C00809,P0006,ST016,2025-10-18,10,1223.3,0.15,completed,Cash
S0001915,C00479,P0070,ST004,2025-02-02,6,1135.81,0.0,completed,Bank Transfer
S0008704,C00687,P0055,ST017,2026-02-10,9,320.69,0.1,Returned,Bank Transfer
S0005794,C00492,P0119,ST020,2025-05-04,2,415.08,0.05,Completed,Cash
S0002794,C00919,P0059,ST013,2026-03-08,9,412.8,0.2,Pending,Bank Transfer
S0001727,C00928,P0047,ST010,2025-08-27,7,621.72,0.2,Pending,Bank Transfer
S0001176,C00383,P0123,ST005,2025-09-04,2,811.26,0.15,Completed,Bank Transfer
S0000883,C00493,P0082,ST020,2026-02-20,2,1221.43,0.0,Pending,Cash
S0002781,C00605,P0046,ST001,2026-01-20,7,926.3,0.05,Cancelled,Bank Transfer
S0006963,C00548,P0166,ST007,2025-05-17,1,1099.03,0.1,completed,Mobile Money
S0005999,C00963,P0117,ST005,2026-05-04,1,293.46,0.0,Cancelled,Cash
S0008105,C00704,P0148,ST004,2026-07-20,7,554.91,0.15,Returned,Mobile Money
S0003792,C00155,P0089,ST013,2026-03-20,1,283.2,0.1,completed,Mobile Money
S0004053,C00158,P0136,ST008,2026-04-11,1,101.44,0.05,Returned,Card
S0009132,C00925,P0170,ST020,2025-02-08,3,407.67,0.1,Cancelled,Bank Transfer
S0003614,C00898,P0192,ST011,2025-03-22,1,245.54,0.0,Completed,Card
S0002354,C00179,P0070,ST012,2025-07-11,5,1137.92,0.0,Cancelled,Cash
S0008820,C00755,P0053,ST020,2026-04-06,2,1495.93,0.2,Returned,Cash
S0001585,C00122,P0086,ST011,2025-02-24,8,354.17,0.05,Completed,Card
S0009212,C00006,P0107,ST014,2025-08-06,2,399.37,0.1,Pending,Bank Transfer
S0002001,C00810,P0066,ST009,2025-12-16,9,156.06,0.2,Returned,Card
S0008339,C00976,P0099,ST007,2026-05-26,1,1395.09,0.0,completed,Cash
S0000426,C00521,P0162,ST010,2025-03-19,2,308.17,0.2,Pending,Card
S0000512,C00753,P0157,ST002,2025-12-15,5,1295.36,0.15,Returned,Mobile Money
S0003623,C00901,P0135,ST007,2026-02-18,1,1294.14,0.05,Cancelled,Bank Transfer
S0001431,C00373,P0104,ST006,2025-12-09,8,163.24,0.15,Pending,Bank Transfer
S0006565,C00313,P0005,ST006,2026-07-29,6,310.33,0.15,Cancelled,Bank Transfer
S0001707,C00323,P0124,ST011,2026-07-12,9,639.58,0.0,Cancelled,Card
S0008188,C00172,P0134,ST002,2025-06-25,3,1256.41,0.15,completed,Card
S0006416,C00489,P0103,ST010,2026-05-11,9,1298.16,0.0,Pending,Card
S0008415,C00591,P0142,ST013,2025-09-08,2,1167.77,0.2,Pending,Cash
S0005203,C00255,P0078,ST012,2025-08-03,1,913.31,0.05,Completed,Mobile Money
S0007543,C00083,P0086,ST015,2025-02-24,3,354.13,0.1,Completed,Mobile Money
S0008401,C00111,P0113,ST020,2026-04-08,6,359.64,0.15,completed,Mobile Money
S0002792,C00783,P0137,ST014,2025-10-13,6,151.5,0.1,Pending,Card
S0002023,C00135,P0187,ST018,2025-02-12,2,391.29,0.1,Completed,Bank Transfer
S0005330,C00900,P0155,ST002,2026-06-20,2,1413.91,0.1,Pending,Card
S0002822,C00491,P0104,ST010,2025-07-02,8,163.66,0.0,Returned,Bank Transfer
S0002400,C00222,P0130,ST005,2026-02-27,8,460.53,0.0,Returned,Card
S0009326,C00342,P0083,ST007,2025-05-16,2,1058.28,0.0,Cancelled,Card
S0009926,C00855,P0121,ST008,2025-07-02,5,1019.65,0.1,Cancelled,Mobile Money
S0009185,C00392,P0127,ST012,2025-04-23,7,1482.51,0.1,Completed,Card
S0006906,C00028,P0016,ST001,2026-07-17,9,993.34,0.0,Returned,Card
S0006646,C00802,P0028,ST012,2026-02-18,1,148.87,0.0,Returned,Mobile Money
S0007725,C00862,P0018,ST018,2026-07-12,10,875.33,0.0,Completed,Cash
S0006381,C00327,P0094,ST007,2026-04-17,3,485.76,0.1,Returned,Cash
S0005614,C00340,P0155,ST012,2026-06-28,9,1415.84,0.15,Cancelled,Cash
S0008182,C00080,P0188,ST016,2025-07-17,9,800.48,0.2,Pending,Mobile Money
S0005966,C00447,P0085,ST011,2025-04-17,4,984.76,0.15,Completed,Bank Transfer
S0006736,C00079,P0171,ST020,2026-06-12,8,601.45,0.15,Returned,Cash
S0006866,C00313,P0070,ST007,2026-07-02,8,1137.99,0.1,Completed,Bank Transfer
S0004211,C00502,P0101,ST017,2026-03-23,3,1239.54,0.15,Completed,Card
S0001421,C00035,P0084,ST007,2025-05-23,4,229.31,0.05,Completed,Mobile Money
S0006130,C00915,P0175,ST016,2025-01-20,6,518.91,0.05,Cancelled,Cash
S0003417,C00352,P0041,ST020,2026-06-07,2,537.74,0.15,Returned,Card
S0008738,C00117,P0022,ST001,2026-08-05,8,646.04,0.0,Completed,Bank Transfer
S0008455,C00956,P0170,ST010,2026-03-25,9,408.74,0.05,Returned,Card
S0008429,C00885,P0047,ST008,2025-11-23,4,620.17,0.0,Returned,Card
S0006426,C00913,P0126,ST017,2025-02-20,4,455.17,0.15,completed,Mobile Money
S0006035,C00998,P0010,ST002,2025-11-22,7,99.52,0.05,Pending,Cash
S0002596,C00265,P0120,ST002,2026-04-18,8,547.72,0.0,Completed,Card
S0003234,C00737,P0106,ST004,2026-06-10,4,443.42,0.05,Cancelled,Bank Transfer
S0006674,C00179,P0116,ST012,2026-05-06,9,33.48,0.2,completed,Mobile Money
S0004921,C00347,P0075,ST006,2026-05-22,1,428.07,0.2,Pending,Card
S0006508,C00260,P0054,ST014,2025-01-30,9,101.42,0.15,completed,Bank Transfer
S0001064,C00520,P0097,ST005,2026-05-31,7,1375.89,0.05,Pending,Bank Transfer
S0008461,C00472,P0047,ST001,2026-04-09,3,623.62,0.1,Pending,Mobile Money
S0002812,C00433,P0080,ST007,2026-03-18,7,869.05,0.1,Completed,Bank Transfer
S0005668,C00290,P0026,ST015,2025-10-02,3,1079.14,0.05,Pending,Cash
S0005786,C00018,P0119,ST011,2026-06-05,1,416.36,0.05,completed,Mobile Money
S0007160,C00450,P0035,ST016,2025-04-14,1,309.0,0.15,Pending,Cash
S0007132,C00165,P0007,ST009,2026-07-06,2,114.98,0.1,Pending,Bank Transfer
S0004420,C00023,P0010,ST007,2025-09-01,8,100.82,0.2,Returned,Bank Transfer
S0006683,C00217,P0013,ST011,2026-05-09,5,102.45,0.1,Returned,Card
S0004516,C00349,P0084,ST001,2026-05-23,3,231.11,0.15,Cancelled,Card
S0005014,C00720,P0158,ST011,2026-05-01,3,98.47,0.0,Completed,Cash
S0000051,C00494,P0115,ST003,2026-03-27,9,615.19,0.0,Cancelled,Bank Transfer
S0001573,C00163,P0090,ST003,2026-06-20,6,617.19,0.05,Completed,Mobile Money
S0004080,C00462,P0191,ST009,2025-06-25,3,1378.03,0.05,Returned,Card
S0001492,C00922,P0085,ST020,2025-05-31,7,985.9,0.0,Cancelled,Card
S0006892,C00274,P0105,ST020,2026-01-05,10,736.77,0.2,Cancelled,Mobile Money
S0004970,C00240,P0189,ST001,2025-04-25,3,646.29,0.2,Pending,Cash
S0001229,C00506,P0119,ST002,2025-08-31,5,416.0,0.2,Cancelled,Bank Transfer
S0006257,C00461,P0084,ST005,2025-05-14,9,230.96,0.15,completed,Mobile Money
S0006520,C00780,P0007,ST002,2025-07-12,2,115.15,0.0,Pending,Cash
S0009223,C00420,P0147,ST002,2025-10-08,4,1336.42,0.15,Pending,Mobile Money
S0004550,C00892,P0137,ST010,2026-05-17,1,153.48,0.0,completed,Card
S0001767,C00519,P0101,ST005,2025-10-12,6,1239.23,0.1,Pending,Mobile Money
S0001327,C00083,P0153,ST020,2025-05-10,4,505.16,0.15,Returned,Mobile Money
S0009078,C00046,P0066,ST005,2026-06-22,1,156.47,0.05,completed,Bank Transfer
S0008813,C00249,P0173,ST002,2025-08-22,6,663.46,0.05,Returned,Mobile Money
S0003024,C00074,P0149,ST014,2026-04-18,4,273.64,0.0,Completed,Mobile Money
S0001856,C00856,P0059,ST014,2025-11-21,10,414.78,0.1,Pending,Bank Transfer
S0000240,C00112,P0060,ST019,2025-03-29,5,733.03,0.15,Cancelled,Bank Transfer
S0000674,C00939,P0170,ST006,2026-04-26,4,407.68,0.15,Cancelled,Mobile Money
S0007504,C00976,P0036,ST003,2026-02-07,9,1284.43,0.2,Returned,Cash
S0007455,C00285,P0091,ST017,2026-05-16,4,460.16,0.2,completed,Bank Transfer
S0009001,C00037,P0055,ST009,2026-01-29,9,321.22,0.0,Pending,Bank Transfer
S0005045,C00338,P0191,ST005,2025-05-22,10,1377.96,0.1,Returned,Card
S0000082,C00435,P0189,ST016,2025-05-13,0,644.36,0.05,Cancelled,Cash
S0002817,C00399,P0162,ST002,2025-05-03,10,304.29,0.0,Pending,Cash
S0005019,C00949,P0191,ST014,2025-05-31,5,1382.78,0.15,Pending,Mobile Money
S0003235,C00537,P0197,ST016,2026-01-22,3,112.77,0.15,Cancelled,Mobile Money
S0008313,C00559,P0067,ST010,2026-02-19,3,927.53,0.0,Pending,Bank Transfer
S0006051,C00352,P9999,ST010,2025-12-10,7,112.15,0.0,completed,Cash
S0001734,C00442,P0066,ST017,2025-07-20,10,156.77,0.1,completed,Mobile Money
S0003289,C00339,P0145,ST008,2025-08-23,2,1493.63,0.2,Completed,Bank Transfer
S0001618,C00189,P0173,ST007,2025-03-05,10,668.35,0.0,Completed,Cash
S0004708,C00635,P0133,ST003,2026-02-17,7,939.38,0.0,Completed,Cash
S0001401,C00574,P0088,ST014,2025-10-29,2,695.88,0.1,Pending,Card
S0005874,C00402,P0197,ST012,2025-08-26,8,0.0,0.0,completed,Card
S0004718,C00576,P0135,ST013,2026-03-16,10,1292.66,0.0,Pending,Cash
S0005855,C00236,P0094,ST011,2025-04-03,5,490.86,0.2,Cancelled,Bank Transfer
S0009791,C00582,P0005,ST019,2025-02-24,3,304.13,0.2,Returned,Bank Transfer
S0001659,C00327,P0095,ST016,2025-01-27,9,57.13,0.0,Returned,Card
S0007589,C00946,P0115,ST009,2025-03-18,6,614.96,0.2,Returned,Bank Transfer
S0008247,C00883,P0049,ST011,2025-05-25,7,470.23,0.0,Returned,Card
S0005475,C00498,P0149,ST019,2025-02-27,1,272.7,0.2,completed,Cash
S0007775,C00108,P0043,ST016,2025-10-25,10,1026.63,0.15,completed,Bank Transfer
S0009960,C00001,P0003,ST014,2025-05-24,2,625.71,0.05,completed,Cash
S0006722,C00291,P0117,ST010,2025-08-13,4,290.81,0.0,Completed,Mobile Money
S0006120,C00648,P0074,ST020,2026-02-02,3,1461.54,0.0,Completed,Mobile Money
S0009021,C00271,P0102,ST002,2025-10-01,2,763.28,0.05,completed,Card
S0002366,C00516,P0061,ST015,2025-10-11,3,235.11,0.0,Pending,Cash
S0006478,C00386,P0141,ST013,2025-01-02,4,97.36,0.1,completed,Card
S0007814,C00648,P0060,ST003,2025-09-06,9,734.26,0.15,Returned,Card
S0005950,C00500,P0104,ST010,2025-05-11,9,159.82,0.15,Returned,Bank Transfer
S0003900,C00660,P0053,ST006,2025-06-10,6,1492.2,0.1,completed,Mobile Money
S0008268,C00536,P0143, ST015 ,2026-02-12,4,1171.02,0.1,Returned,Bank Transfer
S0007463,C00252,P0110,ST014,2025-09-03,10,1365.01,0.0,Pending,Mobile Money
S0000024,C00097,P0065,ST001,2026-01-06,6,589.75,0.0,completed,Card
S0001023,C00983,P0112,ST009,2025-01-13,7,123.49,0.2,Completed,Mobile Money
S0000860,C00752,P0003,ST013,2026-05-04,2,625.52,0.0,Completed,Bank Transfer
S0000332,C00067,P0083,ST005,2025-03-06,10,1060.24,0.0,Cancelled,Cash
S0002015,C00566,P0107,ST009,2025-04-08,9,401.46,0.05,Cancelled,Mobile Money
S0002161,C00922,P0052,ST005,2025-03-25,6,1035.98,0.05,Returned,Card
S0007663,C00879,P0047,ST020,2026-07-04,4,617.26,0.1,Cancelled,Mobile Money
S0009306,C00236,P0030,ST005,2026-02-28,3,1371.8,0.1,Returned,Cash
S0009985,C00991,P0131,ST018,2025-08-14,-2,1295.76,0.05,Pending,Mobile Money
S0009080,C00865,P0172,ST001,2025-08-06,9,1419.12,0.15,Pending,Mobile Money
S0009083,C00897,P0051,ST002,2025-04-02,4,531.42,0.05,Completed,Bank Transfer
S0005390,C00683,P0174,ST006,2026-07-03,5,188.34,0.15,completed,Mobile Money
S0001947,C00409,P0031,ST012,2025-11-08,3,626.57,0.15,completed,Bank Transfer
S0000469,C00653,P0062,ST017,2026-01-25,5,765.29,0.05,Returned,Mobile Money
S0001725,C00980,P0132,ST007,2026-06-06,7,1403.42,0.2,Pending,Mobile Money
S0003105,C00400,P0139,ST020,2025-05-16,7,1107.39,0.2,Returned,Card
S0002778,C00491,P0172,ST018,2026-02-11,10,1419.64,0.2,Completed,Bank Transfer
S0007616,C00625,P0078,ST019,2025-03-09,10,915.98,0.0,completed,Mobile Money
S0006741,C00631,P0096,ST018,2025-10-13,3,962.68,0.0,Pending,Bank Transfer
S0001675,C00452,P0072,ST014,2026-01-06,2,1111.68,0.1,Completed,Mobile Money
S0000966,C00012,P0056,ST001,2025-09-06,8,1184.94,0.15,Cancelled,Card
S0002751,C00932,P0138,ST007,2026-05-04,5,1439.86,0.15,Completed,Bank Transfer
S0003477,C00425,P0064,ST004,2025-05-02,2,1302.57,0.1,Cancelled,Card
S0004106,C00816,P0183,ST010,2025-06-16,4,153.09,0.2,Pending,Bank Transfer
S0002139,,P0062,ST014,2025-02-06,3,757.94,0.0,completed,Card
S0006281,C00360,P0024,ST015,2025-01-09,7,610.68,0.1,Cancelled,Card
S0009294,C00725,P0170,ST020,2026-05-27,6,411.31,0.0,Pending,Cash
S0000109,C00735,P0029,ST013,2026-04-01,9,1225.4,0.2,Returned,Bank Transfer
S0005780,C00529,P0042,ST009,2025-08-23,2,356.64,0.15,Pending,Card
S0009067,C00253,P0150,ST003,2026-07-03,8,678.97,0.1,Pending,Cash
S0007607,C00001,P0051,ST007,2025-09-24,7,530.12,0.1,completed,Cash
S0006878,C00304,P0170,ST012,2025-04-07,2,410.11,0.15,Completed,Cash
S0006678,C00427,P0173,ST001,2025-10-10,1,663.68,0.15,Completed,Mobile Money
S0004047,C00012,P0075,ST020,2025-04-20,9,429.23,0.05,Returned,Card
S0001341,C00560,P0118,ST016,2026-06-21,2,809.47,0.15,completed,Card
S0002156,C00801,P0092,ST004,2025-10-10,8,1115.04,0.15,Returned,Card
S0002875,C00126,P0054,ST010,2025-10-29,4,99.13,0.2,Completed,Card
S0003353,C00145,P0097,ST020,2025-12-05,9,1379.69,0.15,Completed,Bank Transfer
S0008584,C00965,P0179,ST018,2026-05-11,6,628.98,0.15,Cancelled,Mobile Money
S0004880,C00791,P0070,ST007,2025-11-18,4,1136.62,0.05,Cancelled,Cash
S0009631,C01000,P0130,ST016,2026-01-05,5,457.72,0.2,Returned,Mobile Money
S0002633,C00736,P0199,ST010,2026-02-19,6,785.86,0.0,Returned,Card
S0007183,C99999,P0157,ST008,2025-08-31,8,1290.15,0.05,completed,Cash
S0002463,C00509,P0035,ST018,2025-10-10,4,307.03,0.15,completed,Card
S0003892,C00041,P0193,ST001,2025-12-01,5,907.58,0.0,Pending,Mobile Money
S0004455,C00778,P0050,ST019,2026-03-04,4,339.39,0.15,completed,Cash
S0007311,C00912,P0114,ST008,2025-02-21,3,554.8,0.1,Pending,Cash
S0004587,C00571,P0197,ST004,2025-10-09,2,111.74,0.15,Returned,Cash
S0002367,C00626,P0138,ST010,2026-03-29,5,1444.8,0.15,completed,Mobile Money
S0004797,C00034,P0074,ST006,2025-05-26,8,1465.5,0.0,Returned,Bank Transfer
S0004256,C00700,P0162,ST013,2026-04-11,9,308.43,0.15,Pending,Card
S0002565,C00136,P0100,ST017,2026-06-27,9,912.52,0.2,Pending,Cash
S0001272,C00550,P0194,ST001,2026-04-10,2,1314.2,0.1,Cancelled,Card
S0000351,C00829,P0161,ST017,2026-04-05,6,98.86,0.0,Pending,Card
S0002850,C00241,P0003,ST011,2025-03-22,5,625.6,0.0,Cancelled,Bank Transfer
S0000869,C00407,P0052,ST011,2026-03-24,6,1036.67,0.15,Cancelled,Mobile Money
S0002414,C00469,P0144,ST008,2025-07-26,-2,1116.31,0.0,Pending,Bank Transfer
S0002486,C00444,P0107,ST019,2025-07-24,5,403.32,0.0,completed,Cash
S0009082,C00385,P0093,ST005,2026-07-30,6,92.54,0.0,completed,Card
S0006643,C00094,P0045,ST004,2025-09-18,1,1247.27,0.15,Cancelled,Cash
S0003829,C00241,P0194,ST001,2025-03-06,3,1315.94,0.2,Cancelled,Mobile Money
S0006198,C00563,P0003,ST005,2026-07-30,9,624.53,0.05,Returned,Card
S0005184,C00085,P0012,ST011,2026-03-20,3,1083.34,0.1,Returned,Mobile Money
S0007126,C00950,P0094,ST017,2026-03-12,5,487.46,0.05,Cancelled,Card
S0007486,C00976,P0060,ST016,2025-01-19,4,734.74,0.15,Cancelled,Mobile Money
S0005327,C00948,P0181,ST006,2025-07-29,4,73.53,0.0,Completed,Card
S0008398,C00112,P0021,ST008,2026-02-27,6,1308.32,0.05,Cancelled,Card
S0001223,C00184,P0087,ST019,2025-07-17,3,777.98,0.2,Pending,Bank Transfer
S0007509,C00742,P0032,ST015,2025-08-22,9,489.38,0.05,Pending,Card
S0005916, C00245 ,P0140,ST016,2025-08-11,1,1312.3,0.15,completed,Card
S0005162,C00200,P0197,ST002,2025-10-28,10,117.19,0.2,Cancelled,Card
S0003721,C00828,P0033,ST013,2026-01-30,8,334.43,0.15,completed,Mobile Money
S0008118,C00046,P0097,ST004,2026-01-23,9,1375.61,0.0,Pending,Mobile Money
S0002912,C00839,P0174,ST011,2025-06-10,8,188.38,0.1,Completed,Mobile Money
S0003275,C00745,P0168,ST009,2026-04-23,1,746.95,0.0,Completed,Mobile Money
S0008832,C00635,P0138,ST004,2026-01-17,3,1442.55,0.2,Returned,Cash
S0002709,C00331,P0112,ST004,2025-05-19,9,128.09,0.15,Completed,Mobile Money
S0004951,C00826,P0039,ST007,2026-01-20,7,1494.42,0.1,Returned,Mobile Money
S0005266,C00520,P0137,ST006,2026-03-12,10,153.69,0.05,Pending,Card
S0008290,C00720,P0138,ST018,2025-06-16,4,1440.75,0.05,completed,Bank Transfer
S0006192,C00153,P0190,ST009,2025-04-14,3,952.3,0.05,Returned,Bank Transfer
S0003752,C00325,P0069,ST007,2026-03-28,3,1360.15,0.0,completed,Card
S0009085,C00445,P0087,ST013,2025-03-12,3,778.93,0.2,completed,Bank Transfer
S0006964,C00583,P0048,ST005,2025-02-18,6,647.48,0.05,Completed,Bank Transfer
S0002659,C00295,P0082,ST007,2025-02-24,3,1221.57,0.1,Pending,Cash
S0004508,C00611,P0127,ST020,2025-12-22,10,1483.29,0.1,Cancelled,Bank Transfer
S0001604,C00517,P0002,ST017,2025-06-23,10,290.25,0.2,Cancelled,Bank Transfer
S0005592,C00223,P0106,ST017,2025-10-07,6,441.65,0.05,completed,Cash
S0004688,C00316,P0155,ST018,2025-07-10,3,1413.95,0.2,Cancelled,Cash
S0006173,C00806,P0124,ST004,2025-10-14,8,639.89,0.1,completed,Bank Transfer
S0008435,C00105,P0106,ST003,2026-03-23,5,441.21,0.1,Completed,Mobile Money
S0009638,C00477,P0062,ST012,2025-12-20,2,761.97,0.05,completed,Card
S0000590,C00779,P0158,ST008,2025-10-11,4,101.34,0.15,Pending,Card
S0008446,C00742,P0086,ST005,2026-02-18,10,358.61,0.15,completed,Card
S0003547,C00441,P0151,ST008,2025-09-05,3,32.39,0.05,Returned,Cash
S0004504,C00679,P0060,ST009,2026-07-06,6,734.94,0.0,Cancelled,Mobile Money
S0000461,C00593,P0186,ST015,2026-01-18,1,1353.87,0.0,Pending,Mobile Money
S0002584,C00721,P0173,ST013,2026-04-16,10,666.26,0.05,completed,Cash
S0004873,C00067,P0167,ST007,2026-02-07,6,357.78,0.0,Cancelled,Cash
S0005715,C00661,P0108,ST009,2026-07-18,8,872.86,0.05,Returned,Bank Transfer
S0008976,C00216,P0079,ST015,2025-09-15,7,1033.45,0.05,Pending,Cash
S0008597,C00140,P0048,ST006,2025-04-20,5,644.71,0.05,Pending,Card
S0008857,C00772,P0164,ST002,2025-07-10,3,1251.68,0.2,completed,Cash
S0000038,C00671,P0002,ST015,2025-10-03,6,285.92,0.05,Returned,Mobile Money
S0006458,C00371,P0098,ST002,2025-05-07,10,809.29,0.2,Cancelled,Cash
S0003445,C00970,P0112,ST013,2025-01-15,8,129.27,0.0,Pending,Cash
S0002117,C00386,P0078,ST003,2026-01-28,2,911.5,0.2,Pending,Card
S0006619,C00436,P0180,ST002,2025-04-27,6,688.68,0.15,Cancelled,Mobile Money
S0000970,C00601,P0067,ST001,2025-09-20,3,920.59,0.15,Cancelled,Card
S0002922,C00270,P0127,ST010,2026-05-10,1,1485.13,0.05,Cancelled,Cash
S0004039,C00526,P0040,ST013,2025-02-01,1,1287.22,0.0,Returned,Bank Transfer
S0004624,C00517,P0138,ST014,2025-11-26,6,1438.74,0.0,completed,Bank Transfer
S0006033,C00452,P0048,ST017,2025-12-27,1,644.88,0.15,Pending,Bank Transfer
S0001427,C00761,P0173,ST018,2026-07-25,5,668.16,0.0,completed,Card
S0007590,C00794,P0038,ST001,2026-03-24,10,310.79,0.1,Returned,Cash
S0000083,C00751,P0128,ST014,2025-01-03,5,207.68,0.1,completed,Card
S0006636,C00801,P0008,ST018,2026-02-22,9,1262.56,0.0,completed,Bank Transfer
S0003759,C00437,P0015,ST009,2025-01-17,6,1124.98,0.2,completed,Cash
S0006904,C01000,P0183,ST012,2025-07-20,6,152.59,0.15,completed,Cash
S0000107,C00755,P0033,ST016,2025-05-15,7,332.77,0.1,Completed,Card
S0004414,C00367,P0019,ST002,2025-06-14,10,711.85,0.2,completed,Cash
S0008265,C00269,P0147,ST004,2026-05-16,8,1336.23,0.15,Cancelled,Mobile Money
S0003296,C00843,P0124,ST001,2025-08-22,3,637.32,0.0,Cancelled,Card
S0009426,C00455,P0078,ST008,2025-02-21,8,916.11,0.1,Returned,Mobile Money
S0003521,C00285,P0180,ST012,2026-11-03,8,688.73,0.15,completed,Card
S0006853,C00993,P0010,ST017,2026-01-28,10,101.6,0.05,Returned,Bank Transfer
S0003403,C00982,P0107,ST013,2025-03-19,6,400.96,0.0,Cancelled,Bank Transfer
S0000368,C00104,P0048,ST002,2026-07-15,2,646.77,0.2,completed,Mobile Money
S0007173,C00657,P0063,ST012,2025-02-07,10,1438.06,0.0,Pending,Bank Transfer
S0007268,C00267,P0066,ST007,2025-11-03,1,155.58,0.2,Returned,Card
S0009440,C00118,P0130,ST002,2026-02-04,7,458.61,0.15,Cancelled,Mobile Money
S0009460,C00809,P0029,ST011,2026-06-04,1,1220.43,0.0,Pending,Cash
S0005505,C00389,P0019,ST001,2025-12-18,10,714.43,0.05,Returned,Card
S0005159,C00269,P0086,ST001,2025-05-11,7,354.25,0.1,Completed,Card
S0003476,C00695,P0030,ST009,2025-12-30,2,1372.99,0.0,completed,Card
S0005926,C00046,P0197,ST019,2025-07-13,10,114.38,0.15,Pending,Mobile Money
S0006576,C00933,P0041,ST018,2026-01-25,8,536.56,0.05,Returned,Mobile Money
S0007957,C00082,P0084,ST002,2026-05-04,2,231.96,0.15,Returned,Cash
S0002753,C00807,P0028,ST008,2025-06-20,3,149.24,0.15,Completed,Card
S0005559,C00666,P0020,ST009,2025-08-05,1,1323.42,0.05,Cancelled,Card
S0002918,C00270,P0031,ST018,2025-07-14,7,622.13,0.05,Completed,Bank Transfer
S0009747,C00988,P0161,ST009,2025-01-24,8,99.32,0.0,Returned,Bank Transfer
S0001776,C00858,P0039,ST013,2026-06-15,7,1494.82,0.2,Completed,Mobile Money
S0008037,C00624,P0144,ST019,2025-12-09,10,1119.3,0.2,Cancelled,Bank Transfer
S0004019,C00007,P0008,ST020,2026-05-02,5,1265.09,0.05,Cancelled,Cash
S0006360,C00791,P0192,ST014,2025-05-13,3,242.86,0.2,completed,Mobile Money
S0008531,C00065,P0134,ST004,2025-05-19,8,1257.52,0.15,Cancelled,Cash
S0005075,C00862,P0147,ST003,2026-03-01,7,1335.18,0.2,completed,Mobile Money
S0006759,C00177,P0126,ST007,2025-01-30,9,457.41,0.1,completed,Card
S0009183,C00954,P0185,ST019,2025-12-15,5,845.24,0.1,Cancelled,Bank Transfer
S0009657,C00104,P0078,ST017,2026-02-17,9,913.42,0.05,completed,Mobile Money
S0009571,C00943,P0170, ST012 ,2025-10-23,6,409.47,0.2,Returned,Cash
S0004610,,P0007, ST007 ,2025-12-28,6,111.44,0.0,Cancelled,Card
S0004021,C00294,P0050,ST004,2025-09-22,9,339.22,0.15,Completed,Cash
S0005460,C00824,P0026,ST013,2025-02-22,4,1077.39,0.2,Cancelled,Mobile Money
S0009453,C00455,P0172,ST003,2026-01-15,4,1414.77,0.15,Returned,Mobile Money
S0004711,C00069,P0085,ST016,2025-01-25,5,987.86,0.1,completed,Cash
S0001927,C00466,P0175,ST016,2025-07-21,5,519.16,0.1,completed,Card
S0007868,C00717,P0095,ST019,2025-11-25,1,57.45,0.05,completed,Bank Transfer
S0007900,C00486,P0136,ST001,2025-05-15,4,98.03,0.15,Returned,Bank Transfer
S0003059,C00648,P0005,ST004,2025-12-11,4,309.47,0.05,Returned,Card
S0003597,C00035,P0038,ST008,2025-02-03,5,309.47,0.2,Pending,Mobile Money
S0009903,C00682,P0046,ST014,2025-06-07,10,923.9,0.15,Pending,Card
S0000766,C00114,P0029,ST011,2026-04-28,9,1223.54,0.2,Cancelled,Bank Transfer
S0002150,C00271,P0170,ST016,2025-06-27,6,410.31,0.0,Cancelled,Cash
S0008694,C00932,P0054,ST002,2026-07-01,4,99.83,0.0,Completed,Card
S0007171,C00175,P0090,ST020,2025-02-10,5,616.72,0.2,Completed,Cash
S0005341,C00049,P0036,ST011,2025-07-15,9,1281.87,0.05,completed,Card
S0001768,C00081,P0131,ST008,2026-01-20,10,1293.53,0.1,completed,Bank Transfer
S0005301,C00906,P0129,ST016,2026-07-24,1,1203.84,0.2,Pending,Mobile Money
S0007714,C00694,P0070,ST009,2026-07-09,1,1135.36,0.2,Cancelled,Card
S0001239,C00820,P0099,ST001,2026-01-05,8,1392.41,0.05,Cancelled,Cash
S0007362,C00940,P0020,ST014,2025-04-14,1,1323.65,0.15,Pending,Bank Transfer
S0004647,C00033,P0014,ST019,2025-12-23,8,249.87,0.1,completed,Mobile Money
S0007903,C00148,P0031,ST019,2025-08-08,7,627.7,0.1,Pending,Card
S0004067,C00790,P0112,ST020,2026-07-06,7,123.77,0.15,Returned,Card
S0002073,C00104,P0013,ST019,2026-03-14,4,99.08,0.15,Pending,Bank Transfer
S0006559,C00747,P0159,ST012,2025-04-05,2,581.75,0.1,Pending,Mobile Money
S0005262,C00038,P0066,ST004,2026-01-01,2,156.79,0.2,Pending,Mobile Money
S0005764,C00484,P0031,ST015,2025-04-03,9,625.47,0.05,Cancelled,Card
S0002730,C00523,P0108,ST011,2026-03-19,4,874.41,0.0,Pending,Mobile Money
S0001308,C00121,P0009,ST017,2026-03-20,5,150.53,0.0,Returned,Card
S0000479,C00694,P0167,ST007,2025-10-06,4,360.13,0.0,Pending,Bank Transfer
S0007774,C00189,P0006,ST007,2026-01-30,5,1223.98,0.1,completed,Bank Transfer
S0003567,C00617,P0015,ST009,2026-06-18,3,1129.8,0.05,Completed,Bank Transfer
S0006688,C00852,P0054,ST007,2026-02-14,7,97.54,0.15,Cancelled,Bank Transfer
S0006851,C00116,P0143,ST019,2025-11-20,10,1163.47,0.15,Cancelled,Cash
S0007233,C00155,P0114,ST011,2026-01-09,7,552.55,0.0,Returned,Card
S0005074,C00598,P0140,ST018,2025-12-04,2,1312.36,0.2,Cancelled,Cash
S0007630,C00958,P0111,ST005,2026-02-03,2,493.63,0.0,Pending,Cash
S0007251,C00801,P0049,ST003,2026-02-28,8,467.57,0.2,Returned,Card
S0001652,C00261,P0016,ST008,2025-03-26,5,991.48,0.0,completed,Cash
S0001400,C00637,P0098,ST002,2026-03-27,6,810.52,0.05,Returned,Bank Transfer
S0000770,C00239,P0147,ST016,2025-07-11,3,1335.63,0.05,Completed,Cash
S0004154,C00958,P0019,ST005,2026-07-14,3,713.58,0.0,Completed,Mobile Money
S0008049,C00039,P0078,ST003,2026-01-23,9,911.5,0.05,Cancelled,Cash
S0002567,C00667,P0158,ST003,2025-11-19,6,101.34,0.0,Cancelled,Cash
S0003598,C00444,P0174,ST011,2026-04-02,10,190.38,0.0,Returned,Bank Transfer
S0008228,C00172,P0057,ST013,2025-10-18,2,202.05,0.0,Returned,Cash
S0009439,C00740,P0150,ST014,2026-06-16,5,677.09,0.1,completed,Card
S0003715,C00734,P0183,ST007,2025-07-22,8,152.11,0.1,Cancelled,Bank Transfer
S0007790,C00503,P0198,ST001,2026-05-19,4,817.92,0.1,Cancelled,Mobile Money
S0005268,C00950,P0040,ST002,2025-05-24,6,1281.77,0.1,Returned,Card
S0003386,C00469,P0059,ST004,2025-01-23,9,412.33,0.2,completed,Card
S0001881,C00436,P0166,ST006,2026-05-21,1,1098.18,0.2,Cancelled,Bank Transfer
S0003339,C00775,P0003,ST003,2026-04-24,6,623.94,0.15,Returned,Bank Transfer
S0008955,C00289,P0159,ST015,2026-05-16,10,582.6,0.1,Pending,Mobile Money
S0009564,C00276,P0180,ST009,2025-08-24,2,686.72,0.2,Pending,Bank Transfer
S0000530,C00314,P0018,ST002,2025-03-23,8,874.12,0.0,Completed,Card
S0005717,C00839,P0116,ST010,2025-10-19,9,32.26,0.1,Pending,Cash
S0005021,C00572,P0193,ST012,2026-06-23,7,908.97,0.2,Returned,Cash
S0009351,C00830,P0078,ST017,2025-12-24,6,913.46,0.1,Returned,Card
S0009138,C00866,P0036,ST008,2025-03-12,9,1284.21,0.15,Completed,Cash
S0005847,C00689,P0120,ST011,2025-08-18,7,541.04,0.1,Pending,Mobile Money
S0009990,C00517,P0196,ST006,2025-02-27,8,504.02,0.1,Completed,Bank Transfer
S0004344,C00600,P0070,ST008,2025-07-24,5,1139.52,0.2,Cancelled,Card
S0004430,C00296,P0090,ST008,2025-04-10,10,617.54,0.15,Returned,Card
S0003137,C00690,P0142,ST016,2025-11-20,3,1165.86,0.0,Returned,Cash
S0008541,C00409,P0180,ST020,2025-07-06,4,688.05,0.0,Cancelled,Card
S0003388,C00721,P0036,ST014,2025-07-11,4,1287.21,0.15,Pending,Mobile Money
S0008868,C00068,P0073,ST014,2025-11-26,9,564.32,0.05,completed,Mobile Money
S0000890,C00366,P0062,ST011,2025-12-08,8,759.77,0.1,Returned,Mobile Money
S0007694,C00026,P0089,ST013,2026-06-04,10,284.96,0.2,Completed,Card
S0000425,C00722,P0173,ST001,2025-11-13,4,665.11,0.15,Returned,Cash
S0009011,C00444,P0136,ST013,2026-04-27,9,98.2,0.1,Completed,Card
S0001150,C00469,P0115,ST006,2026-06-04,6,617.79,0.15,Returned,Bank Transfer
S0000278,C00016,P0148,ST009,2025-06-16,4,556.48,0.05,Returned,Card
S0003467,C00328,P0088,ST015,2025-01-08,3,698.68,0.2,Cancelled,Card
S0009125,C00958,P0024,ST016,2025-03-25,6,607.92,0.05,Cancelled,Cash
S0006391,C00682,P0186,ST001,2025-09-09,5,1355.08,0.2,Pending,Bank Transfer
S0001407,C00193,P0192,ST006,2026-02-27,5,241.98,0.05,Cancelled,Bank Transfer
S0007158,C00891,P0151,ST019,2025-01-12,6,39.23,0.1,Completed,Bank Transfer
S0008957,C00649,P0165,ST010,2025-11-11,6,829.55,0.15,Completed,Cash
S0006580,C00979,P0180,ST007,2026-02-24,8,684.39,0.05,completed,Cash
S0005558,C00612,P0033,ST003,2025-05-26,7,335.76,0.15,Returned,Bank Transfer
S0005659,C00625,P0080,ST004,2026-07-06,4,868.72,0.05,Cancelled,Cash
S0002958,C00095,P0175,ST005,2026-05-31,6,521.51,0.2,Pending,Card
S0002467,C00061,P0150,ST002,2026-01-26,7,678.18,0.15,Pending,Mobile Money
S0009539,C00164,P0122,ST002,2025-07-25,8,1122.55,0.0,Cancelled,Mobile Money
S0000464,C00557,P0015,ST003,2025-07-07,3,1125.86,0.15,completed,Cash
S0008685,C00923,P0181,ST017,2025-10-15,5,69.36,0.1,Returned,Cash
S0009310,C00345,P0152,ST002,2026-07-23,3,917.72,0.0,Completed,Cash
S0003647,C00240,P0168,ST005,2025-11-21,4,747.01,0.1,completed,Mobile Money
S0003668,C00754,P0046,ST018,2025-03-15,9,923.76,0.1,Pending,Mobile Money
S0007207,C00685,P0007,ST020,2025-05-23,4,111.55,0.05,Pending,Mobile Money
S0007383,C00389,P0037,ST020,2026-01-03,1,516.25,0.0,Returned,Bank Transfer
S0009645,C00036,P0119,ST008,2025-10-04,6,410.91,0.1,Returned,Bank Transfer
S0008931,C00366,P0100,ST015,2026-11-04,5,914.45,0.15,Cancelled,Card
S0001743,C00368,P0176,ST016,2026-03-04,7,338.62,0.0,Cancelled,Mobile Money
S0005866,C00487,P0157,ST020,2025-01-08,9,1297.53,0.05,Cancelled,Cash
S0003240,C00339,P0149,ST009,2025-06-16,9,273.89,0.1,Returned,Card
S0001175,C00855,P0173,ST016,2025-01-12,10,666.95,0.0,Returned,Bank Transfer
S0008202,C00616,P0037,ST014,2026-05-04,7,515.15,0.0,Completed,Cash
S0004525,C00792,P0192,ST010,2025-04-20,9,244.32,0.15,Pending,Mobile Money
S0007992,C00477,P0007,ST006,2025-11-06,4,112.52,0.1,Cancelled,Cash
S0009937,C00533,P0067,ST015,2026-07-03,7,923.89,0.15,Returned,Bank Transfer
S0006925,C00203,P0028,ST010,2026-05-06,1,146.83,0.2,completed,Cash
S0008613,C00635,P0121,ST011,2025-01-14,7,1017.68,0.0,Cancelled,Mobile Money
S0007522,C00548,P0040,ST002,2025-04-11,1,1287.98,0.05,Completed,Bank Transfer
S0000331,C00597,P0165,ST003,2026-04-21,1,826.33,0.05,Cancelled,Card
S0004917,C00964,P0186,ST004,2025-04-27,1,1353.42,0.1,Pending,Cash
S0001210,C00781,P0146,ST002,2025-09-03,9,1390.34,0.2,Cancelled,Cash
S0009617,C00821,P0126,ST005,2026-02-28,5,455.83,0.0,Returned,Bank Transfer
S0006476,C00690,P0013,ST008,2025-04-26,1,100.48,0.0,Pending,Cash
S0003139,C00998,P0065,ST008,2025-03-29,6,590.62,0.15,Pending,Card
S0005998,C00740,P0024,ST020,2025-08-01,4,607.97,0.0,Pending,Mobile Money
S0006090,C00468,P0167,ST010,2026-05-23,1,359.26,0.0,Cancelled,Bank Transfer
S0004604,C00638,P0135,ST012,2025-03-27,1,1294.35,0.05,Cancelled,Cash
S0002588,C00299,P0071,ST014,2025-04-20,4,1334.55,0.05,Returned,Cash
S0000669,C00603,P0032,ST019,2025-02-19,3,484.79,0.05,Returned,Mobile Money
S0004631,C00611,P0128,ST008,2025-03-20,8,202.49,0.1,completed,Bank Transfer
S0009096,C00601,P0002,ST019,2026-02-21,4,286.6,0.2,completed,Card
S0006265,C00517,P0062,ST016,2026-02-23,1,759.21,0.1,Completed,Card
S0008423,C00609,P0034,ST003,2026-03-02,4,1184.84,0.0,completed,Card
S0001129,C00407,P0154,ST006,2025-11-01,5,21.07,0.1,Cancelled,Card
S0001384,C00499,P0081,ST003,2026-04-28,8,205.8,0.1,Completed,Cash
S0009336,C00023,P0037,ST010,2025-04-27,3,513.84,0.15,Cancelled,Card
S0008041,C00990,P0095,ST019,2026-01-18,8,52.6,0.1,completed,Mobile Money
S0008538,C00294,P0186,ST013,2025-05-25,2,1354.77,0.0,Completed,Cash
S0006756,C00451,P0128,ST002,2025-07-08,10,206.2,0.15,Cancelled,Cash
S0004881,C00976,P0164,ST006,2026-07-17,9,1254.5,0.15,Completed,Cash
S0006148,C00873,P0198,ST003,2026-01-13,10,814.14,0.0,Returned,Bank Transfer
S0002708,C00299,P0141,ST009,2026-05-18,3,99.07,0.15,Pending,Mobile Money
S0006712,C00915,P0126,ST007,2026-03-11,8,456.08,0.15,Pending,Card
S0001299,C00196,P0127,ST014,2026-03-20,5,1485.82,0.05,completed,Mobile Money
S0002407,C00892,P0031,ST014,2025-05-11,5,624.99,0.1,completed,Cash
S0002284,C00012,P0100,ST018,2025-04-02,3,916.88,,completed,Mobile Money
S0000823,C00973,P0149,ST015,2026-05-27,7,274.85,0.05,completed,Bank Transfer
S0008505,C00284,P0142,ST019,2025-10-28,5,1167.55,0.0,Cancelled,Bank Transfer
S0002020,C00950,P0044,ST002,2025-10-17,2,916.11,0.0,Cancelled,Mobile Money
S0001090,C00544,P0047,ST007,2026-06-15,2,617.7,0.15,Completed,Card
S0007401,C00903,P0098,ST005,2025-02-03,2,808.17,0.05,Pending,Card
S0008853,C00287,P0130,ST011,2025-11-30,5,462.33,0.0,Returned,Bank Transfer
S0001726,C00533,P0196,ST020,2026-04-24,1,501.09,0.15,Completed,Mobile Money
S0000900,C00781,P0017,ST014,2025-12-28,0,149.44,0.2,Cancelled,Mobile Money
S0000542,C00973,P0084,ST019,2025-08-20,8,230.35,0.15,Completed,Mobile Money
S0005160,C00612,P0016,ST003,2025-12-16,6,993.75,0.1,Returned,Mobile Money
S0007297,C00005,P0167,ST014,2025-11-05,2,358.12,0.1,Pending,Cash
S0001866,C00627,P0010,ST001,2026-07-16,10,103.31,0.1,Cancelled,Cash
S0008938,C00774,P0048,ST015,2025-09-09,3,643.61,0.15,Returned,Mobile Money
S0004326,C00860,P0130,ST001,2025-01-16,3,457.38,0.0,Cancelled,Cash
S0004213,C00304,P0015,ST014,2026-02-10,9,1129.26,0.2,Pending,Card
S0004419,C00318,P0161,ST005,2026-07-23,2,101.31,0.15,Completed,Cash
S0001865,C00578,P0090,ST005,2025-01-13,7,618.39,0.0,Cancelled,Bank Transfer
S0001597,C00421,P0199,ST014,2025-09-19,3,781.95,0.2,Returned,Mobile Money
S0008882,C00924,P0121,ST018,2026-03-28,8,1016.61,0.2,Returned,Bank Transfer
S0000724,C00005,P0067,ST013,2025-09-01,8,922.33,0.2,Returned,Bank Transfer
S0003457,C00693,P0019,ST013,2025-03-06,10,714.46,0.15,Completed,Mobile Money
S0009871,C00713,P0159,ST013,2026-06-23,6,581.56,0.05,Pending,Mobile Money
S0002431,C00454,P0130,ST002,2025-12-01,7,457.98,0.1,Completed,Bank Transfer
S0000637,C00782,P0059,ST013,2025-08-13,4,418.8,0.0,Completed,Card
S0007308,C00662,P0110,ST010,2025-07-12,8,1365.11,0.1,completed,Mobile Money
S0004474,C00685,P0164,ST001,2026-06-07,7,1254.6,0.0,Cancelled,Card
S0003816,C00828,P0065,ST011,2025-03-30,4,588.84,0.1,Completed,Bank Transfer
S0004201,C00504,P0099,ST015,2026-06-28,6,1393.75,0.2,Cancelled,Card
S0003297,C00296,P0118,ST018,2026-06-25,3,807.84,0.2,Completed,Bank Transfer
S0004446,C00286,P0018,ST011,2026-02-11,1,871.72,0.0,completed,Card
S0003565,C00105,P0162,ST011,2026-07-08,6,309.91,0.0,Completed,Mobile Money
S0004677,C00767,P0162,ST020,2025-08-26,9,304.43,0.15,Cancelled,Mobile Money
S0009983,C00760,P0110,ST018,2026-03-14,8,1364.85,0.2,completed,Mobile Money
S0002627,C00025,P0089,ST007,2025-05-22,9,280.16,0.2,Cancelled,Bank Transfer
S0003905,C00676,P0177,ST001,2025-03-03,9,18.37,0.0,Pending,Card
S0000401,C00208,P0120,ST020,2025-12-13,9,542.58,0.2,Pending,Cash
S0002291,C00257,P0135,ST007,2025-02-13,6,1292.56,0.15,Cancelled,Bank Transfer
S0004559,C00202,P0014,ST018,2025-02-10,4,244.87,0.1,Cancelled,Cash
S0005622,C00258,P0146,ST015,2026-02-12,9,1391.73,0.05,Returned,Card
S0007834,C00623,P0038,ST002,2025-03-03,4,314.42,0.2,Pending,Bank Transfer
S0007603,C00003,P0148,ST013,2025-07-19,10,556.21,0.2,Returned,Cash
S0005002,C00523,P0048,ST010,2025-01-19,2,646.37,0.05,Returned,Bank Transfer
S0003887,C00122,P0120,ST013,2025-08-08,4,541.71,0.15,Completed,Card
S0005436,C00631,P0050,ST017,2026-05-18,2,336.01,0.05,completed,Bank Transfer
S0005812,C00017,P0057,ST002,2026-04-19,6,207.89,0.1,completed,Bank Transfer
S0004281,C00878,P0073,ST010,2026-05-05,7,566.97,0.2,Completed,Mobile Money
S0002571,C00122,P0075,ST015,2025-08-15,2,429.69,0.1,completed,Card
S0004279,C00724,P0133,ST013,2025-12-21,6,942.28,0.05,Cancelled,Mobile Money
S0008204,C00561,P0195,ST018,2026-07-28,2,895.76,,Pending,Mobile Money
S0006827,C00973,P0057,ST005,2025-07-08,10,203.85,0.15,Completed,Mobile Money
S0003086,C00686,P0058,ST015,2025-10-11,4,1328.46,0.1,Returned,Mobile Money
S0009194,C00137,P0160,ST016,2026-04-11,4,338.2,0.15,completed,Card
S0005212,C00550,P0136,ST012,2026-06-07,6,99.34,0.05,Cancelled,Cash
S0003460,C00620,P0176,ST011,2025-01-20,5,336.68,0.2,Completed,Card
S0005662,C00300,P0183,ST008,2025-03-08,10,156.11,0.1,Returned,Card
S0009335,C00667,P0088,ST016,2025-01-04,6,697.19,0.15,Pending,Card
S0004875,C00094,P0168,ST016,2025-11-16,4,743.46,0.05,Cancelled,Card
S0004467,C00671,P0061,ST001,2025-04-09,10,237.11,0.0,Pending,Cash
S0001184,C00131,P0160,ST001,2026-03-06,8,333.7,0.05,Completed,Cash
S0004966, C00305 ,P0116,ST005,2025-12-09,4,35.44,0.05,Completed,Mobile Money
S0001456,C00873,P0016,ST011,2026-06-14,6,990.99,0.0,Cancelled,Mobile Money
S0002310,C00758,P0076,ST006,2026-06-10,9,708.58,0.15,Returned,Card
S0007441,C00528,P0059,ST009,2026-01-02,1,415.97,0.0,Cancelled,Bank Transfer
S0008700,C00232,P0174,ST018,2025-06-24,9,189.47,0.0,Pending,Cash
S0003113,C00606,P0087,ST014,2026-03-19,8,777.06,0.15,Returned,Cash
S0005166,C00745,P0085,ST016,2025-11-11,9,988.06,0.15,Cancelled,Cash
S0000123,C00985,P0037,ST005,2025-12-11,1,515.59,0.05,Cancelled,Card
S0001143,C00720,P0068,ST009,2026-04-18,4,99.46,0.15,Cancelled,Bank Transfer
S0006082,C00227,P0079,ST016,2026-01-28,9,1032.3,0.05,Completed,Mobile Money
S0005984,C00310,P0184,ST004,2025-06-22,10,108.14,0.0,Returned,Cash
S0004439,C00012,P0170,ST005,2026-03-20,10,408.78,0.05,completed,Cash
S0008741,C00231,P0110,ST018,2025-08-17,4,1367.93,0.1,completed,Bank Transfer
S0004553,C00392,P0003,ST012,2026-05-21,4,629.48,0.15,Cancelled,Cash
S0005971,C00859,P0175,ST019,2025-03-04,8,521.64,0.1,Pending,Bank Transfer
S0006938,C00363,P0145,ST016,2025-09-02,6,1490.69,0.15,Completed,Mobile Money
S0000856,C00115,P0149,ST003,2025-06-10,4,276.32,0.0,Returned,Bank Transfer
S0000677,C00989,P0008,ST015,2025-07-06,10,1261.88,0.2,Cancelled,Cash
S0006575,C00696,P0176,ST009,2026-01-23,9,340.28,0.05,Cancelled,Card
S0000248,C00912,P0200,ST010,2025-05-16,5,598.3,0.0,Completed,Card
S0004927,C00835,P0069,ST013,2025-04-08,2,1360.73,0.1,Pending,Bank Transfer
S0005457,C00316,P0024,ST019,2025-07-23,6,611.18,0.15,Pending,Bank Transfer
S0001661,C00249,P0044,ST015,2026-07-03,7,918.65,0.15,Pending,Card
S0002251,C00171,P0004,ST011,2025-04-19,4,1495.64,0.05,Cancelled,Bank Transfer
S0007643,C00184,P0177,ST001,2025-03-21,6,16.09,0.05,Completed,Card
S0008788,C00703,P0177,ST008,2025-04-21,1,17.58,0.1,Cancelled,Mobile Money
S0008411,C00007,P0058,ST004,2025-04-25,3,1323.33,0.15,Pending,Mobile Money
S0009481,C00774,P0183,ST002,2025-05-05,7,150.94,0.0,completed,Card
S0004905,C00919,P0066,ST009,2025-03-31,7,157.53,0.0,Pending,Bank Transfer
S0008823,C00584,P0012,ST018,2025-09-16,1,1081.25,0.2,Pending,Bank Transfer
S0005107,C00230,P0155,ST010,2026-05-23,8,1414.32,0.05,completed,Mobile Money
S0005792,C00200,P0075,ST006,2025-05-23,2,428.72,0.0,Returned,Cash
S0008999,C00762,P0178,ST009,2026-06-13,7,1442.43,0.15,Pending,Cash
S0008840,C00143,P0071,ST008,2025-03-18,2,1335.89,0.05,completed,Mobile Money
S0005716,C00047,P0091,ST013,2025-09-25,2,460.37,0.1,Pending,Card
S0008219,C00036,P0036,ST013,2025-08-22,9,1281.74,0.05,completed,Mobile Money
S0007570,C00096,P0193,ST002,2025-05-09,4,910.98,0.1,completed,Cash
S0005084,,P0044,ST017,2026-03-10,7,918.95,0.1,completed,Cash
S0005823,C00958,P0144,ST002,2025-11-01,5,1116.1,0.05,Cancelled,Cash
S0006680,C00497,P0060,ST006,2025-11-04,8,731.17,0.1,Returned,Mobile Money
S0003519,C00195,P0136,ST005,2025-11-27,3,101.43,0.2,Cancelled,Bank Transfer
S0006564,C00863,P0046,ST006,2025-04-29,3,921.93,0.0,Returned,Mobile Money
S0002537,C00617,P0116,ST020,2025-02-23,2,34.01,0.2,Cancelled,Mobile Money
S0009851,C00811,P0071,ST008,2025-01-22,7,1336.33,0.0,completed,Mobile Money
S0007212,C00753,P0049,ST016,2026-03-30,1,471.81,0.1,Returned,Mobile Money
S0001303,C00790,P0175,ST010,2026-01-18,4,517.73,0.15,Completed,Mobile Money
S0002737,C00665,P0138,ST017,2026-01-14,9,1441.2,0.1,Returned,Bank Transfer
S0009407,C00207,P0016,ST012,2025-03-13,2,995.18,0.05,Pending,Mobile Money
S0004231,C00347,P0180,ST002,2025-03-17,5,687.68,0.2,completed,Card
S0008226,C00629,P0186,ST008,2026-05-27,7,1348.21,0.05,Returned,Cash
S0003870,C00608,P0104,ST005,2026-05-22,4,165.5,0.05,Returned,Bank Transfer
S0001101,C00566,P0056,ST014,2025-05-06,9,1185.71,0.0,completed,Card
S0008299,C00019,P0121,ST018,2025-02-10,2,1019.0,0.2,Cancelled,Mobile Money
S0005844,C00584,P0130,ST019,2025-08-21,8,457.66,0.05,Cancelled,Mobile Money
S0004129,C00266,P0107,ST014,2025-10-19,7,400.62,0.05,completed,Mobile Money
S0009373,C00760,P0120,ST004,2025-05-22,7,547.26,0.05,completed,Mobile Money
S0001730,C00969,P0046,ST017,2026-04-15,6,922.65,0.1,Completed,Bank Transfer
S0007469,C00065,P0129,ST010,2025-03-05,10,1203.97,0.2,Completed,Cash
S0000197,C00910,P0037,ST015,2025-07-27,4,515.94,0.0,completed,Bank Transfer
S0000622,C00670,P0191,ST019,2025-08-05,3,1379.36,0.0,Completed,Card
S0005551,C00487,P0003,ST012,2025-03-16,3,628.59,0.15,Cancelled,Card
S0004652,C00732,P0084,ST014,2026-07-04,2,228.25,0.0,Completed,Bank Transfer
S0006103,C00834,P0178,ST007,2026-04-08,8,1442.47,0.2,Completed,Cash
S0006967,C00706,P0131,ST014,2025-03-03,3,1292.12,0.2,Completed,Cash
S0004335,C00299,P0167,ST013,2026-02-13,9,361.1,0.1,Returned,Card
S0009751,C00395,P0166,ST018,2025-08-19,1,1097.13,0.0,Cancelled,Mobile Money
S0003633,C00151,P0042,ST006,2026-03-27,6,352.51,0.2,completed,Card
S0004878,C00193,P0104,ST001,2025-06-27,1,165.24,0.05,Completed,Cash
S0003017,C00893,P0080,ST005,2026-06-29,9,868.18,0.15,completed,Card
S0006283,C00123,P0145,ST019,2026-03-16,6,1490.83,0.2,Completed,Mobile Money
S0009381,C00458,P0074,ST011,2025-02-04,8,1464.47,0.0,Pending,Bank Transfer
S0001418,C00062,P0151,ST017,2025-06-17,9,34.57,0.0,Completed,Bank Transfer
S0007031,C00842,P0163,ST015,2026-03-21,1,1401.52,0.2,Returned,Bank Transfer
S0002540,C00269,P0085,ST012,2025-04-21,10,986.05,0.1,Completed,Card
S0000505,C00991,P0070,ST013,2025-05-22,2,1137.75,0.2,completed,Card
S0003505,C00136,P0063,ST019,2025-07-24,9,1440.2,0.15,Completed,Mobile Money
S0001762,C00428,P0078,ST005,2026-03-05,6,912.49,0.2,Completed,Mobile Money
S0009057,C00893,P0032,ST011,2025-06-26,6,487.15,0.1,Returned,Mobile Money
S0007815,C00811,P0065,ST004,2026-03-26,3,590.99,0.2,completed,Card
S0000903,C00519,P0105,ST012,2025-11-12,7,737.25,0.1,Cancelled,Bank Transfer
S0007748,C00773,P0012,ST019,2025-03-11,8,1086.12,0.1,completed,Cash
S0008354,C00979,P0068,ST010,2026-03-19,9,96.38,0.2,Returned,Bank Transfer
S0001172,C00593,P0174,ST007,2026-07-10,5,190.25,0.05,completed,Card
S0008029,C00396,P0060,ST005,2026-01-02,2,728.56,0.2,Cancelled,Card
S0008836,C00072,P0195,ST014,2026-02-08,8,895.02,0.05,Completed,Cash
S0005735,C00882,P0068,ST006,2025-07-07,6,97.33,0.0,Completed,Cash
S0003682,C00830,P0015, ST010 ,2025-09-09,5,1125.93,0.1,Completed,Cash
S0003044,C00559,P0188,ST020,2026-07-19,5,800.52,0.05,Cancelled,Cash
S0004893,C00873,P0069,ST011,2025-05-13,5,1361.02,0.2,Completed,Cash
S0005479,C00909,P0037,ST008,2025-06-24,2,515.7,0.15,Completed,Bank Transfer
S0007996,C00396,P0179,ST008,2025-03-15,3,628.84,0.15,Cancelled,Mobile Money
S0007317,C00107,P0038,ST015,2025-03-28,2,311.26,0.2,Completed,Cash
S0003974,C00002,P0062,ST011,2026-06-06,3,758.03,0.05,Completed,Card
S0001477,C00295,P0145,ST003,2025-03-31,6,1492.31,0.2,Completed,Mobile Money
S0006330,C00189,P0067,ST013,2025-10-12,7,922.57,0.15,Completed,Mobile Money
S0009177,C00819,P0017,ST006,2025-09-03,1,146.94,0.05,Pending,Card
S0002629,C00715,P0145,ST008,2026-01-21,6,1490.65,0.1,Cancelled,Mobile Money
S0003308,C00396,P0120,ST010,2026-04-23,9,547.03,0.1,Pending,Mobile Money
S0004327,C00168,P0129,ST017,2026-01-11,4,1205.0,0.2,completed,Card
S0000388,C00691,P0062,ST017,2026-04-18,2,757.57,0.15,Returned,Bank Transfer
S0007164,C00089,P0079,ST007,2026-05-31,9,1031.67,0.2,Completed,Mobile Money
S0003603,C00880,P0200,ST001,2026-01-29,7,597.03,0.0,Returned,Mobile Money
S0007131,C00116,P0010,ST017,2025-09-04,8,102.86,0.1,Completed,Card
S0000682,C00933,P0002,ST007,2025-10-29,10,287.38,0.0,Completed,Bank Transfer
S0002153,C00768,P0035,ST002,2025-01-06,-2,307.18,0.2,Pending,Bank Transfer
S0007037,C00134,P0026,ST007,2026-03-06,4,1074.3,0.2,Completed,Mobile Money
S0006237,C00892,P0016,ST014,2026-04-10,8,991.28,0.0,Returned,Card
S0001398,C00468,P0145,ST020,2025-03-22,2,1491.07,0.2,Cancelled,Bank Transfer
S0005644,C00683,P0087,ST006,2026-01-06,5,782.22,0.1,completed,Bank Transfer
S0005488,C00929,P0027,ST013,2026-05-17,6,1022.86,0.1,Cancelled,Bank Transfer
S0002261,C00750,P0040,ST006,2025-05-06,3,1288.35,0.05,Returned,Cash
S0007962,C00803,P0028,ST020,2026-02-13,7,150.99,0.15,completed,Card
S0003644,C00881,P0051,ST006,2025-06-16,3,532.22,0.1,Completed,Card
S0006190,C00023,P0187,ST013,2025-06-01,3,391.06,0.0,Completed,Bank Transfer
S0004425,C00667,P0186,ST002,2025-10-26,9,1352.62,,Completed,Mobile Money
S0000127,C00291,P0055,ST001,2026-03-10,5,320.37,0.05,Completed,Mobile Money
S0008022,C00498,P0199,ST012,2026-01-31,6,784.57,0.2,completed,Bank Transfer
S0008990,C00905,P0100,ST006,2025-01-07,10,913.95,0.05,Pending,Cash
S0003341,C00602,P0036,ST016,2026-03-15,5,1283.54,0.15,Completed,Bank Transfer
S0002945,C00017,P0081,ST004,2026-07-30,3,207.51,0.0,Completed,Mobile Money
S0002598,C00721,P0041,ST012,2025-10-08,5,537.39,0.0,Completed,Bank Transfer
S0009268,C00286,P0154,ST020,2025-06-18,5,21.24,0.05,completed,Cash
S0005990,C00479,P0151,ST003,2025-05-03,6,35.91,0.15,Cancelled,Cash
S0008280,C00044,P0088,ST008,2025-11-08,1,694.55,0.15,Completed,Mobile Money
S0009640,C00816,P0045,ST002,2026-01-26,1,1245.4,0.2,Completed,Bank Transfer
S0006494,C00965,P0150,ST016,2026-07-11,9,676.76,0.0,Returned,Cash
S0002527,C00752,P0033,ST009,2025-04-26,3,333.14,0.1,Completed,Card
S0004143,C00545,P0189,ST013,2026-01-05,9,646.2,0.0,completed,Mobile Money
S0003635,C00281,P0084,ST017,2026-05-27,4,231.35,0.1,Pending,Mobile Money
S0001969,C00356,P0115,ST006,2026-07-21,1,611.58,0.0,Completed,Mobile Money
S0009091,C00043,P0140,ST012,2025-10-10,9,1310.7,0.2,Cancelled,Mobile Money
S0000717,C00159,P0070,ST003,2026-03-30,3,1137.13,0.1,Completed,Bank Transfer
S0001705,C00935,P0116,ST013,2026-05-03,2,34.89,0.05,Cancelled,Bank Transfer
S0009584,C00266,P0034,ST009,2026-01-22,1,1187.33,0.0,completed,Card
S0001155,C00919,P0125,ST010,2026-06-04,3,647.49,0.2,completed,Mobile Money
S0004738,C00599,P0141,ST016,2025-03-13,8,101.06,0.0,Pending,Card
S0002348,C00401,P0186,ST020,2025-08-01,8,1353.01,0.05,Returned,Mobile Money
S0005117,C00606,P0021,ST019,2025-12-25,6,1312.89,0.05,completed,Mobile Money
S0003827,C00084,P0109,ST013,2025-10-12,4,191.6,0.0,Cancelled,Bank Transfer
S0009061,C00963,P0160,ST003,2026-03-25,3,332.94,0.1,Cancelled,Card
S0004215,C00272,P0153,ST015,2025-04-02,10,506.77,0.2,completed,Mobile Money
S0002404,C00018,P0030,ST007,2025-04-07,8,1370.71,0.2,Cancelled,Bank Transfer
S0004482,C00107,P0035,ST019,2025-11-15,2,307.39,0.15,Returned,Bank Transfer
S0004272,C00722,P0036,ST005,2025-10-02,7,1284.67,0.0,Returned,Card
S0007918,C00633,P0141,ST002,2026-06-14,3,99.7,0.0,Pending,Mobile Money
S0005905,C00149,P0123,ST012,2025-02-27,8,811.59,0.0,Returned,Mobile Money
S0008570,C00470,P0153,ST001,2025-01-30,7,504.25,0.15,Returned,Cash
S0006944,C00351,P0149,ST009,2026-03-23,2,274.69,0.0,Completed,Bank Transfer
S0004252,C00795,P0062,ST015,2025-10-17,10,760.7,0.2,Returned,Bank Transfer
S0001501,C00971,P0190,ST002,2025-07-31,4,951.15,0.1,Pending,Card
S0009015,C00045,P0158,ST019,2026-07-16,7,98.98,0.0,Pending,Cash
S0006504,C00999,P0166,ST008,2025-01-16,2,1095.28,0.0,Cancelled,Cash
S0005378,C00808,P0190,ST014,2025-06-26,6,954.02,0.0,Completed,Card
S0007803,C00606,P0059,ST013,2026-02-01,9,412.65,0.0,Completed,Card
S0005027,C00130,P0125,ST002,2025-05-01,3,642.5,0.0,Returned,Card
S0008276,C00518,P0095,ST019,2025-04-26,10,54.69,0.05,Cancelled,Card
S0008322,C00676,P0199,ST001,2025-03-03,1,785.65,0.05,Returned,Bank Transfer
S0000549,C00968,P0102,ST012,2025-06-23,8,766.47,0.1,Pending,Bank Transfer
S0008844,C00473,P0075,ST018,2025-07-21,3,430.03,0.0,Cancelled,Card
S0004198,C00325,P0158,ST010,2026-03-08,1,101.05,0.0,Completed,Card
S0001554,C00669,P0186,ST013,2026-06-04,9,1351.48,0.05,Cancelled,Card
S0007184,C00736,P0093,ST005,2026-07-19,6,93.52,0.2,Cancelled,Card
S0008012,C00419,P0108,ST010,2025-10-03,7,873.86,0.05,Cancelled,Mobile Money
S0003716,C00635,P0184,ST017,2025-02-09,9,107.02,0.1,Cancelled,Cash
S0005307,C00611,P0104,ST018,2026-04-24,1,165.43,0.05,Returned,Card
S0001358,C00207,P0198,ST008,2025-11-28,6,816.65,0.15,Returned,Cash
S0005851,C00664,P0058,ST008,2025-11-11,6,1323.11,0.1,Cancelled,Bank Transfer
S0002617,C00749,P0084,ST020,2025-10-27,1,233.02,0.05,completed,Card
S0001102,C00590,P0152,ST013,2025-11-14,10,924.8,0.2,completed,Bank Transfer
S0006966,C00176,P0022,ST016,2025-04-18,9,649.12,0.15,completed,Card
S0005234,C00194,P0048,ST007,2026-04-14,7,644.76,0.1,Returned,Card
S0007086,C00198,P0121,ST012,2025-06-13,5,1016.85,0.2,completed,Card
S0004835,C00915,P0167,ST013,2025-08-13,9,356.12,0.05,Cancelled,Cash
S0008103,C00840,P0117,ST015,2026-01-06,5,295.7,0.15,Completed,Mobile Money
S0000776,C00680,P0084,ST008,2025-02-04,6,229.92,0.05,Completed,Mobile Money
S0003828,C00732,P0135,ST012,2025-06-05,6,1295.35,0.15,Cancelled,Cash
S0004421,C00489,P0181,ST005,2026-04-04,2,70.92,0.0,Completed,Cash
S0003117,C00970,P0043,ST010,2026-04-02,2,1027.19,0.2,Pending,Cash
S0009429,C00415,P0132,ST010,2025-04-14,4,1404.75,0.15,Returned,Card
S0003090,C00640,P0086,ST999,2025-09-13,9,353.09,0.05,Pending,Cash
S0007770,C00169,P0193,ST013,2025-02-10,8,906.85,0.2,Completed,Card
S0005359,C00153,P0169,ST011,2026-04-07,9,1120.22,0.05,completed,Card
S0009339,C00277,P0100,ST014,2025-01-03,5,914.41,0.05,Completed,Bank Transfer
S0000901,C00297,P0099,ST011,2026-04-21,9,1392.96,0.0,completed,Mobile Money
S0008095,C00634,P0075,ST013,2025-10-05,6,428.03,0.0,Pending,Cash
S0002215,C00304,P0099,ST003,2025-03-30,6,1392.54,0.1,Cancelled,Cash
S0007644,C00427,P0148,ST011,2026-04-30,7,556.47,0.15,completed,Cash
S0000751,C00253,P0171,ST018,2026-03-13,2,602.2,0.1,Cancelled,Card
S0003428,C00555,P0137,ST020,2025-01-16,8,150.69,0.15,Returned,Cash
S0004103,C00856,P0134,ST010,2025-12-14,1,1254.01,0.15,Completed,Card
S0009122,C00062,P0196,ST015,2026-05-16,10,501.0,0.15,Pending,Cash
S0002915,C00688,P0046,ST020,2026-07-22,2,924.2,0.05,Pending,Cash
S0004769,C00314,P0035,ST020,2025-05-25,4,303.97,0.15,Returned,Bank Transfer
S0008787,C00963,P0073,ST020,2025-07-23,2,565.26,0.2,Returned,Cash
S0003517,C00915,P0128,ST006,2025-12-18,10,201.71,0.15,Returned,Bank Transfer
S0009337,C00075,P0114,ST016,2025-11-12,6,550.95,0.0,Returned,Mobile Money
S0002679,C00537,P0042,ST008,2025-03-30,4,353.42,0.05,Pending,Card
S0001904,C00912,P0106,ST008,2026-01-01,6,440.61,0.1,Cancelled,Cash
S0007029,C00615,P0125,ST008,2025-05-25,7,646.14,0.1,completed,Card
S0009141,C00110,P0062,ST015,2025-07-05,10,757.55,0.1,Cancelled,Cash
S0005260,C00759,P0070,ST005,2025-02-16,5,1138.52,0.2,Cancelled,Cash
S0001278,C00855,P0057,ST011,2026-07-31,5,206.31,0.15,Returned,Mobile Money
S0002639,C00395,P0186,ST019,2025-04-10,2,1351.71,0.05,Returned,Bank Transfer
S0003901,C00808,P0187,ST017,2026-04-28,6,392.57,0.2,Completed,Card
S0002928,C00940,P0090,ST015,2025-05-28,4,620.71,0.05,Completed,Mobile Money
S0003055,C00681,P0066,ST016,2025-05-19,4,154.98,0.15,Cancelled,Cash
S0001788,C00872,P0018,ST002,2026-01-19,2,872.09,0.05,completed,Mobile Money
S0000863,C00687,P0164,ST006,2026-06-05,6,1254.48,0.2,Returned,Mobile Money
S0003192,C00792,P0084,ST015,2026-02-06,10,228.43,0.1,completed,Bank Transfer
S0001942,C00278,P0147,ST009,2026-07-18,4,1335.7,0.1,Cancelled,Cash
S0004317,C00210,P0054,ST001,2025-07-04,2,98.82,0.05,Completed,Cash
S0004560,C00757,P0108,ST002,2025-12-15,5,874.76,0.0,completed,Card
S0004822,C00491,P0104,ST014,2025-11-09,4,165.39,0.05,Pending,Cash
S0000269,C00296,P0026,ST011,2025-02-23,9,1078.33,0.1,Pending,Cash
S0003584,C00364,P0010,ST017,2026-05-30,3,101.49,0.0,completed,Cash
S0008021,C00629,P0152,ST010,2025-09-06,4,919.58,0.0,Completed,Mobile Money
S0007599,C00405,P0062,ST002,2026-04-03,10,761.27,0.0,completed,Cash
S0007059,C00892,P0106,ST008,2026-05-17,2,440.37,0.2,completed,Cash
S0006316,C00151,P0125,ST019,2026-03-14,10,647.72,0.0,completed,Bank Transfer
S0000896,C00768,P0139,ST013,2025-10-11,9,1112.32,0.05,Completed,Mobile Money
S0008843,C00425,P0078,ST012,2025-08-21,7,917.27,0.2,Completed,Bank Transfer
S0006810,C00349,P0195,ST004,2026-02-09,3,896.63,0.0,Returned,Cash
S0001230,C00854,P0084,ST003,2025-12-12,1,230.5,0.2,Returned,Mobile Money
S0007072,C00921,P0021,ST004,2026-06-06,3,1306.07,0.0,Pending,Cash
S0006965,C00562,P0010,ST007,2026-05-26,2,97.93,0.05,completed,Cash
S0005246,C00051,P0166,ST003,2025-02-25,3,1103.15,0.05,Completed,Cash
S0003278,C00581,P0085,ST005,2026-03-08,3,986.77,0.2,Returned,Card
S0001359,C00355,P0130,ST011,2025-08-06,6,461.66,0.0,completed,Mobile Money
S0001698,C00536,P0142,ST011,2025-10-19,1,1163.03,0.1,completed,Card
S0005352,C00017,P0038,ST005,2026-01-19,5,313.58,0.05,Pending,Mobile Money
S0006877,C00925,P0099,ST012,2025-02-23,6,1392.18,0.15,completed,Bank Transfer
S0004597,C00764,P0102,ST003,2026-01-09,6,763.13,0.0,Returned,Mobile Money
S0004717,C00004,P0128,ST018,2026-01-29,2,205.54,0.0,completed,Bank Transfer
S0005646,C00188,P0155,ST018,2025-06-14,6,1410.37,0.05,completed,Mobile Money
S0008490,C00262,P0048,ST014,2026-05-21,1,646.03,0.15,Pending,Cash
S0005175,C00351,P0196,ST017,2025-01-29,3,499.44,0.1,completed,Mobile Money
S0005451,C00153,P0120,ST017,2025-02-21,9,544.78,0.15,Cancelled,Card
S0004606,C00121,P0085,ST020,2025-05-12,8,987.86,0.2,Returned,Bank Transfer
S0008075,C00531,P0043,ST017,2025-05-06,9,1026.58,0.2,Returned,Bank Transfer
S0008485,C00123,P0149,ST009,2026-06-15,1,276.97,0.0,Pending,Mobile Money
S0007157,C00446,P0086,ST002,2025-10-09,6,358.52,0.05,Returned,Cash
S0009007,C00713,P0069,ST010,2025-11-18,9,1360.18,0.1,Returned,Card
S0001396,C00696,P0077,ST020,2026-05-18,9,944.32,0.1,Pending,Card
S0004626, C00618 ,P0188,ST015,2026-07-25,5,803.72,0.0,Completed,Cash
S0005777,C00583,P0148,ST011,2025-02-18,2,555.48,0.05,Pending,Bank Transfer
S0006089,C00223,P0046,ST011,2026-02-12,9,924.58,0.1,completed,Bank Transfer
S0009206,C00267,P0043,ST003,2025-03-18,3,1030.06,0.0,Cancelled,Cash
S0009127,C00923,P0027,ST016,2026-07-27,4,1022.29,0.05,Pending,Bank Transfer
S0003714,C00411,P0053,ST010,2025-08-05,3,1492.15,,Completed,Bank Transfer
S0005921,C00635,P0080,ST010,2025-09-13,5,867.14,0.0,Pending,Mobile Money
S0003251,C00059,P0183,ST017,2025-04-25,2,154.41,0.0,Returned,Mobile Money
S0000201,C00371,P0114,ST018,2025-10-06,4,553.95,0.2,Pending,Mobile Money
S0002785,C00878,P0129,ST001,2025-02-11,6,1202.96,0.05,Completed,Bank Transfer
S0002599, C00016 ,P0144,ST009,2026-06-06,4,1113.64,0.1,Pending,Bank Transfer
S0004625,C00693, P0073 ,ST005,2025-11-19,10,563.1,0.1,Completed,Card
S0000985,C00719,P0011,ST015,2025-10-13,9,149.57,0.05,Cancelled,Bank Transfer
S0003770,C00918,P0191,ST012,2026-05-18,5,1378.54,0.0,Completed,Cash
S0002867,C00845,P0005,ST006,2026-06-11,7,304.07,0.15,Pending,Bank Transfer
S0006899,C00015,P0011,ST004,2025-02-12,2,-50.0,0.05,Returned,Card
S0006142,C00631,P0052,ST003,2025-12-02,10,1039.8,0.15,Cancelled,Bank Transfer
S0008499,C00413,P0149,ST005,2025-06-05,5,274.68,0.2,Pending,Mobile Money
S0008913,C00085,P0159,ST009,2026-01-29,9,580.29,0.15,completed,Bank Transfer
S0001484,C00096,P0194,ST014,2025-11-16,7,1314.61,0.1,Cancelled,Cash
S0008484,C00893,P0150,ST015,2026-01-29,3,676.22,0.15,Completed,Cash
S0009899,C00739,P0141,ST008,2026-04-19,2,99.48,0.1,completed,Cash
S0000217,C00851,P0105,ST016,2026-07-23,6,733.9,0.15,Returned,Bank Transfer
S0007237,C00522,P0088,ST006,2025-02-26,2,689.83,0.15,Returned,Bank Transfer
S0004821,C00144,P0163,ST020,2026-01-23,6,1405.09,,Pending,Mobile Money
S0009363,C00840,P0062,ST004,2026-01-25,8,761.55,0.2,Pending,Bank Transfer
S0000421,C00597,P0064,ST008,2026-05-30,1,1298.39,0.15,Completed,Bank Transfer
S0009602,C00200,P0139,ST007,2025-01-05,4,1109.19,0.1,completed,Bank Transfer
S0002902,C00571, P0156 ,ST014,2026-04-22,8,638.45,0.1,Completed,Card
S0005109,C00862,P0033,ST003,2025-04-01,5,332.11,0.1,Cancelled,Card
S0007201, C00509 ,P0029,ST018,2026-01-01,1,1223.63,0.05,Cancelled,Bank Transfer
S0008317,C00048,P0044,ST003,2025-11-13,8,915.05,0.2,Pending,Cash
S0004655,C00905,P0029,ST003,2025-08-09,6,1226.18,0.05,Cancelled,Card
S0003572,C00230,P0012,ST003,2026-04-24,9,1081.7,0.05,Cancelled,Bank Transfer
S0003193,C00362,P0049,ST008,2025-03-10,8,471.17,0.1,Returned,Cash
S0005755,C00580,P0025,ST007,2025-07-14,3,327.46,0.15,Returned,Bank Transfer
S0001816,C00223,P0036,ST005,2025-02-26,8,1281.43,0.05,Completed,Cash
S0002506,C00634,P0138,ST012,2025-09-06,10,1439.77,0.05,Completed,Card
S0009487,C00182,P0083,ST005,2025-09-22,7,1058.07,0.15,Completed,Bank Transfer
S0000886,C00928,P0129,ST020,2025-05-04,6,1207.6,0.2,Pending,Bank Transfer
S0006010,C00169,P0066,ST019,2025-06-08,1,156.73,0.05,Pending,Mobile Money
S0006105,C00916,P0099,ST002,2026-04-02,3,1392.37,0.2,Cancelled,Cash
S0008246,C00751,P0060,ST001,2026-06-22,6,735.97,0.15,Pending,Mobile Money
S0004763,C00616,P0021,ST013,2025-10-06,7,1307.22,0.2,Cancelled,Bank Transfer
S0005091,C00096,P0025,ST008,2025-03-29,10,329.8,0.0,Pending,Mobile Money
S0007550,C00044,P0152,ST010,2025-01-25,2,915.16,0.0,Cancelled,Mobile Money
S0008149,C00272,P0049,ST003,2026-06-12,5,471.12,0.0,completed,Bank Transfer
S0000281,C00512,P0109,ST011,2025-11-05,6,191.61,0.15,Cancelled,Mobile Money
S0003865,C00746,P0035,ST016,2025-03-14,4,308.62,0.1,Cancelled,Mobile Money
S0007355,C00280,P0150,ST018,2025-09-23,10,677.18,0.05,Returned,Mobile Money
S0001562,C00312, P0037 ,ST015,2026-03-15,1,515.84,0.0,Pending,Cash
S0008333,C00123,P0200,ST009,2026-06-11,3,598.77,0.1,Completed,Card
S0006931,C00302,P0179,ST004,2025-06-18,7,626.3,0.1,Cancelled,Mobile Money
S0004114,,P0068,ST015,2025-12-17,6,102.25,0.15,Pending,Mobile Money
S0007293,C00333,P0062,ST017,2026-06-14,3,759.68,0.0,Returned,Bank Transfer
S0009090,C00098,P0183,ST011,2026-01-11,4,156.46,0.1,Returned,Cash
S0008023,C00066,P0031,ST007,2026-05-14,4,622.95,0.2,Pending,Card
S0008466,C00067,P0145,ST016,2025-03-16,7,0.0,0.1,completed,Cash
S0002371,C00952,P0118,ST004,2026-01-27,3,807.56,0.05,Pending,Bank Transfer
S0001520,C00257,P0061,ST007,2025-04-10,10,234.6,0.15,Cancelled,Card
S0006758,C00865,P0112,ST003,2025-07-09,1,123.2,0.05,Completed,Cash
S0006166,C00426,P0035,ST007,2026-03-10,3,307.56,0.2,Returned,Mobile Money
S0004872,C00561,P0101,ST001,2025-07-08,5,1241.11,0.05,Returned,Card
S0000839,C00731,P0044,ST020,2025-06-23,4,918.48,0.0,completed,Cash
S0002179,C00617,P0100,ST018,2025-01-05,7,917.5,0.05,Returned,Bank Transfer
S0007653,C00722,P0087,ST019,2025-05-03,4,778.73,0.0,Returned,Card
S0001409,C00389,P0177,ST006,2025-11-20,10,20.09,0.1,Cancelled,Mobile Money
S0005465,C00795,P0152,ST015,2026-03-20,3,920.4,0.1,Returned,Mobile Money
S0003307,C00988,P0070,ST010,2025-12-01,4,1139.15,0.0,Cancelled,Card
S0001862,C00923,P0186,ST001,2026-01-16,10,1352.67,0.05,Cancelled,Cash
S0006799,C00710,P0153,ST004,2025-12-29,2,509.19,0.1,Returned,Mobile Money
S0004695,C00516,P0069,ST999,2025-11-09,2,1359.82,0.2,Completed,Card
S0005512,C00772,P0116,ST011,2025-09-08,9,34.86,0.2,completed,Mobile Money
S0005006,C00017,P0185,ST013,2026-01-16,3,843.14,0.0,Completed,Cash
S0008082,C00773,P0096,ST002,2026-05-27,6,964.75,0.0,Cancelled,Mobile Money
S0005440,C00831,P0020,ST009,2025-05-08,6,1326.54,0.2,completed,Cash
S0009009,C00193,P0037,ST001,2026-01-21,6,516.34,0.2,completed,Bank Transfer
S0008540,C00744,P0094,ST017,2026-04-29,6,487.97,0.05,Returned,Bank Transfer
S0004788,C00124,P0172,ST017,2025-10-08,8,1418.67,0.1,Cancelled,Mobile Money
S0007159,C00345,P0200,ST006,2025-08-30,9,599.58,0.2,Pending,Mobile Money
S0003230,C00634,P0099,ST009,2025-11-03,3,1392.36,0.2,Cancelled,Mobile Money
S0002879,C00231,P0174,ST004,2025-12-03,5,195.12,0.2,Completed,Bank Transfer
S0006359,C00794,P0062,ST005,2025-11-30,5,759.24,0.0,Cancelled,Bank Transfer
S0005293,C00720,P0051,ST005,2025-06-13,6,533.97,0.2,Returned,Mobile Money
S0008130,C00646,P0039,ST012,2025-11-10,8,1491.72,0.2,completed,Bank Transfer
S0004754,C00412,P0045,ST014,2025-01-14,8,1245.68,0.05,Completed,Mobile Money
S0000445,C00524,P0005,ST003,2026-05-28,2,305.91,0.15,Returned,Card
S0004967,C00365,P0194,ST012,2025-02-16,3,1319.29,0.15,completed,Cash
S0002148,C00719,P0049,ST014,2025-10-28,2,469.5,0.2,Cancelled,Cash
S0009160,C00488,P0166,ST016,2026-07-19,6,1100.27,0.2,Pending,Cash
S0001649,C00791,P0066,ST016,2025-10-23,1,157.96,0.0,completed,Bank Transfer
S0001041,C00120,P0001,ST017,2025-04-06,5,1035.87,0.05,completed,Bank Transfer
S0002556,C00003,P0137,ST017,2026-02-18,10,151.86,0.05,Completed,Cash
S0004364,C00646,P0157,ST019,2025-12-26,1,1292.93,0.0,Completed,Mobile Money
S0000256,C00440,P0062,ST004,2026-05-17,2,762.75,0.2,Cancelled,Mobile Money
S0002889,C00859,P0129,ST017,2026-01-07,10,1204.38,0.2,completed,Mobile Money
S0005695,C00555,P0121,ST016,2025-08-21,2,1020.96,0.2,Completed,Cash
S0004740,C00996,P0020,ST007,2025-07-14,7,1327.43,0.05,completed,Cash
S0009155,C00410,P0028,ST004,2025-04-24,6,146.72,0.0,completed,Mobile Money
S0005877,C00030,P0040,ST018,2025-07-28,10,1289.81,0.1,completed,Mobile Money
S0008306,C00538,P0006,ST004,2025-09-21,3,1227.02,0.0,Cancelled,Card
S0001423,C00702,P0143,ST004,2026-06-20,5,1164.48,0.0,Pending,Bank Transfer
S0008555,C00014,P0185,ST006,2025-01-26,5,843.92,0.0,completed,Cash
S0000222,C00420,P0104,ST004,2025-11-28,4,167.84,0.0,completed,Bank Transfer
S0003640,C00749,P0132,ST012,2026-03-23,10,1402.61,0.2,Completed,Mobile Money
S0008261,C00359,P0014,ST010,2025-10-08,5,248.08,0.2,Cancelled,Bank Transfer
S0007324,C00302,P0055,ST013,2025-10-19,9,319.14,0.05,Completed,Cash
S0001174,C00050,P0147,ST020,2026-01-19,6,1334.86,0.0,Pending,Mobile Money
S0007144,C00406,P0005,ST006,2025-06-07,9,307.18,0.0,Cancelled,Card
S0007193,C00548,P0159,ST013,2026-05-03,9,582.46,0.1,Pending,Card
S0003626,C00964,P0020,ST007,2026-07-11,3,1325.26,0.2,Returned,Cash
S0007342,C00768,P0147,ST012,2026-01-19,10,1334.68,0.2,completed,Bank Transfer
S0007674,C00793,P0076,ST009,2025-12-17,4,709.7,0.15,Returned,Mobile Money
S0007459,C00942,P0022,ST014,2025-04-11,4,649.88,0.15,Completed,Card
S0002162,C00615,P0074,ST006,2025-11-18,6,1460.71,0.2,Completed,Card
S0008644,C00513,P0058,ST003,2026-04-25,10,1326.3,0.05,Pending,Mobile Money
S0002068,C00867,P0127,ST010,2026-05-30,2,1489.74,0.1,completed,Mobile Money
S0001099,C00715,P0132,ST009,2025-07-25,8,1403.42,0.05,Cancelled,Bank Transfer
S0009535,C00970,P0106,ST014,2025-10-01,1,441.95,0.15,Returned,Cash
S0005925,C00010,P0196,ST015,2025-01-19,10,499.2,0.1,Cancelled,Bank Transfer
S0001911,C00403,P0091,ST010,2026-07-01,3,458.99,0.0,Pending,Mobile Money
S0007824,C00001,P0037,ST010,2025-11-08,8,513.97,0.2,Pending,Bank Transfer
S0003232,C00433,P0056, ST020 ,2026-03-08,1,1182.16,0.05,Returned,Card
S0005741,C00699,P0179,ST007,2025-02-27,4,-50.0,0.05,Returned,Bank Transfer
S0004431,C00528,P0053,ST015,2025-09-25,9,1496.62,0.05,Returned,Bank Transfer
S0004784,C00823,P0053,ST016,2025-07-04,9,1493.37,0.2,Pending,Bank Transfer
S0000160,C00407,P0042,ST008,2025-04-05,8,353.51,0.2,Returned,Mobile Money
S0007147,C00364,P0082,ST008,2026-03-26,4,1222.05,0.05,Pending,Bank Transfer
S0003625,C00435,P0111,ST011,2025-03-12,4,498.14,0.15,Returned,Bank Transfer
S0008488,C00405,P0010,ST006,2026-06-23,5,99.66,0.0,completed,Bank Transfer
S0009087,C00228,P0108,ST012,2025-04-21,5,873.77,0.0,Returned,Bank Transfer
S0009017,C00444,P0047,ST015,2025-10-01,4,618.76,0.0,Pending,Card
S0003545,C00477,P0184,ST014,2025-11-14,1,107.07,0.05,Completed,Cash
S0002363,C00560,P0022,ST006,2025-09-20,8,648.41,0.2,Completed,Mobile Money
S0001719,C00880,P0029,ST016,2025-06-04,10,1221.1,0.0,Completed,Mobile Money
S0009848,C00755,P0133,ST019,2026-05-06,7,943.05,0.2,Completed,Card
S0000969,C00595,P0155,ST002,2026-07-26,5,1412.49,0.05,completed,Mobile Money
S0005534,C00637,P0134,ST002,2025-11-05,3,1254.69,0.15,Pending,Cash
S0002267,C00107,P0104,ST005,2026-06-11,8,166.05,0.2,Returned,Card
S0009532,C00627,P0167,ST002,2025-12-02,9,357.52,0.05,completed,Bank Transfer
S0008295,C00372,P0165,ST010,2025-10-25,10,829.48,0.1,Cancelled,Card
S0006396,C00322,P0067,ST008,2025-05-16,9,923.47,0.1,Returned,Bank Transfer
S0008651,C00887,P0037,ST008,2025-04-25,2,515.24,0.0,Pending,Cash
S0009400,C00249,P0070,ST004,2026-01-30,10,1140.84,0.1,Returned,Mobile Money
S0008676,C00934,P0026,ST020,2025-01-29,10,1076.79,0.15,Pending,Card
S0009159,C00631,P0117,ST020,2025-05-28,6,293.92,0.1,Returned,Cash
S0007938,C00690,P0128,ST012,2025-01-06,6,206.46,0.05,Pending,Bank Transfer
S0006066,C00650,P0034,ST020,2025-02-23,2,1185.11,0.15,Cancelled,Bank Transfer
S0008654,C00951,P0071,ST009,2025-11-21,2,1336.88,0.05,Completed,Card
S0002462,C00414,P0189,ST019,2026-06-08,8,642.52,0.05,Cancelled,Cash
S0001857,C00400,P0124,ST011,2026-04-18,6,636.88,0.1,completed,Mobile Money
S0004172,C00651,P0087,ST006,2025-02-23,8,779.8,0.0,Cancelled,Bank Transfer
S0009964,C00601,P0017,ST008,2025-06-26,4,148.14,0.0,Cancelled,Card
S0001289,C00892,P0009,ST007,2025-03-22,9,153.61,0.1,completed,Cash
S0008791,C00899,P0137,ST004,2025-09-25,10,152.07,0.05,Returned,Bank Transfer
S0006006,C00715,P0011,ST018,2026-01-06,9,153.19,0.1,Cancelled,Card
S0004078,C00565,P0091,ST005,2026-02-01,2,458.35,0.1,Returned,Bank Transfer
S0006684,C00839,P0172,ST015,2026-07-31,10,1421.14,0.2,completed,Mobile Money
S0001565,C00571,P0007,ST003,2025-06-09,7,111.9,0.2,Returned,Bank Transfer
S0000573,C00584,P0074,ST007,2026-01-20,8,1461.9,0.0,Returned,Bank Transfer
S0004630,C00968,P0028,ST016,2025-12-10,5,148.4,0.05,Cancelled,Mobile Money
S0003302,C00746,P0125,ST020,2026-04-26,2,646.71,0.0,Completed,Cash
S0006734,C00729,P0151,ST001,2026-06-09,6,39.33,0.0,Cancelled,Mobile Money
S0007470,C00671,P0011,ST017,2025-04-25,3,158.46,0.15,Pending,Bank Transfer
S0000097,C00293,P0144,ST020,2025-09-15,2,1117.87,0.05,Pending,Bank Transfer
S0001615,C00755,P0033,ST003,2025-04-12,9,331.87,0.2,Completed,Cash
S0006355,C00913,P0086,ST005,2026-04-26,8,355.35,0.15,completed,Card
S0004499,C00139,P0191,ST019,2025-01-17,5,1381.11,0.1,Cancelled,Bank Transfer
S0000515,C00547,P0019,ST001,2026-02-27,5,715.45,0.15,Cancelled,Mobile Money
S0000473,C00667,P0019,ST009,2025-07-27,10,711.72,0.0,Completed,Cash
S0004274,C00245,P0156,ST002,2025-01-18,3,640.95,0.1,completed,Card
S0008526,C00879,P0021,ST009,2025-02-07,8,1308.37,0.05,Cancelled,Mobile Money
S0000928,C00882,P0076,ST013,2025-03-14,4,709.6,0.05,completed,Cash
S0002635,C00986,P0171,ST001,2025-03-13,4,601.13,0.15,completed,Mobile Money
S0001739,C00232,P0200,ST018,2026-06-10,8,594.66,0.1,Pending,Bank Transfer
S0001706,C00696,P0018,ST008,2025-04-29,4,873.9,0.1,completed,Mobile Money
S0008866,C00273, P0126 ,ST018,2025-10-25,2,454.13,0.15,completed,Bank Transfer
S0004981,C00791,P0096,ST017,2025-05-11,4,959.35,0.0,Completed,Cash
S0005631,C00221,P0058,ST015,2025-03-15,6,1327.44,0.0,Pending,Card
S0007849,C00029,P0151,ST009,2025-01-23,10,37.32,0.0,Returned,Cash
S0005477,C00623,P0167,ST019,2026-04-25,6,356.84,0.05,Returned,Cash
S0002894,C00076,P0026,ST004,2025-05-09,1,1076.77,0.05,Completed,Cash
S0007320,C00115,P0129,ST018,2026-02-15,6,1200.31,0.1,Completed,Bank Transfer
S0002255,C00081,P0133,ST016,2025-12-28,3,941.42,0.15,completed,Cash
S0007551,C00790,P0119,ST006,2025-12-21,4,414.77,0.05,completed,Mobile Money
S0001318,C00370,P0025,ST008,2026-01-14,2,327.58,0.15,Returned,Card
S0002309,C00761,P0058,ST006,2025-07-02,8,1324.48,0.05,Pending,Mobile Money
S0001290,C00066,P0030,ST001,2026-04-13,2,1376.04,0.2,Completed,Cash
S0004658,C00472,P0077,ST012,2025-03-07,5,938.87,0.0,Returned,Cash
S0005245,C00764,P0182,ST005,2026-07-26,4,558.04,0.0,Cancelled,Bank Transfer
S0002097,C00645,P0188,ST010,2026-07-18,9,803.12,0.2,Returned,Mobile Money
S0000806,C00019,P0119,ST009,2026-05-21,6,410.89,0.0,completed,Mobile Money
S0003964,C00565,P0176,ST017,2025-10-17,4,338.91,0.15,Cancelled,Card
S0001637,C00816,P0191,ST020,2025-03-05,5,1380.19,0.2,Pending,Card
S0005848,C00050,P0056,ST009,2026-02-14,2,1190.91,0.1,Cancelled,Cash
S0004663,C00743,P0176,ST014,2026-06-20,1,337.15,0.05,Cancelled,Mobile Money
S0007966,C00836,P0192,ST017,2025-12-09,6,241.15,0.1,Pending,Cash
S0008058,C00722,P0043,ST006,2025-05-20,2,1031.04,0.2,Pending,Card
S0007356,C00940,P0148,ST006,2025-08-29,10,554.44,0.2,Cancelled,Card
S0005022,C00809,P0085,ST005,2026-01-23,1,986.21,0.1,Cancelled,Card
S0004339,C00791,P0183,ST003,2025-09-07,5,153.98,0.1,Pending,Cash
S0002761,C00611,P0172,ST007,2026-01-05,1,1418.94,0.0,Completed,Cash
S0006850,C00857,P0133,ST001,2026-04-01,3,940.83,0.05,Completed,Cash
S0009269,C00036,P0106,ST016,2025-03-06,3,443.58,0.15,completed,Bank Transfer
S0008956,C00886,P0080,ST009,2026-01-11,5,867.82,0.2,Cancelled,Cash
S0003651,C00418,P0185,ST007,2025-01-14,7,847.31,0.1,completed,Cash
S0003886,C00674,P0028,ST020,2025-04-14,3,148.06,0.1,completed,Card
S0003465,C00204,P0178,ST016,2025-02-01,7,1442.48,0.15,Completed,Mobile Money
S0005411,C00447,P0170,ST008,2026-03-11,1,409.78,0.05,Pending,Mobile Money
S0008506,C00566,P0137,ST019,2025-01-29,6,154.84,0.2,completed,Card
S0006936,C00252,P0186,ST019,2025-10-30,7,1350.23,0.2,Completed,Mobile Money
S0004592,C00631,P0148,ST005,2026-06-21,2,556.77,0.1,Cancelled,Card
S0004171,C00191,P0153,ST016,2025-09-08,1,501.69,0.15,Cancelled,Cash
S0001957,C00199,P0107,ST018,2025-12-01,7,399.58,0.1,Pending,Bank Transfer
S0008404,C00102,P0189,ST003,2026-05-22,4,646.22,0.05,Returned,Bank Transfer
S0003687,C00539,P0131,ST020,2025-07-02,10,1295.24,0.15,Returned,Bank Transfer
S0002198,C00118, P0059 ,ST005,2026-07-13,5,412.14,0.15,completed,Bank Transfer
S0005267,C00439,P0124,ST003,2026-01-10,3,635.71,0.1,Cancelled,Card
S0002935,C00761,P0159,ST017,2026-07-26,10,580.81,0.0,Pending,Mobile Money
S0006138,C00453,P0200,ST013,2026-03-18,3,593.68,0.1,Completed,Mobile Money
S0002446,C00105,P0071,ST002,2025-08-31,3,1335.7,0.15,Cancelled,Bank Transfer
S0000634,C00056,P0101,ST017,2025-08-03,2,1239.73,0.2,Cancelled,Mobile Money
S0003062,C00892,P0005,ST008,2025-02-02,4,308.03,0.05,Pending,Cash
S0001428,C00092,P0023,ST007,2026-07-31,1,837.12,0.2,completed,Card
S0003118,C00995,P0118,ST001,2026-06-02,5,806.9,0.05,completed,Cash
S0001072,C00924,P0145,ST020,2026-05-26,6,1496.58,0.15,Completed,Card
S0006137,C00027,P0126,ST007,2026-05-21,10,454.77,0.1,Completed,Mobile Money
S0004427,C00040,P0076,ST006,2026-01-16,10,710.89,0.15,Returned,Card
S0007995,C00729,P0113,ST012,2026-07-25,1,358.64,0.0,Returned,Card
S0007388,C00746,P0136,ST001,2026-07-10,10,102.21,0.0,Pending,Mobile Money
S0005565,C00216,P0060,ST009,2026-01-26,2,736.69,0.05,Cancelled,Bank Transfer
S0001035,C00239,P0053,ST004,2025-10-22,5,1491.42,0.2,Returned,Mobile Money
S0008434,C00205,P0165,ST015,2025-05-31,2,828.37,0.15,Cancelled,Mobile Money
S0009946,C00444,P0100,ST006,2026-04-24,9,913.48,0.15,Cancelled,Bank Transfer
S0000611,C00658,P0004,ST013,2025-10-21,9,1500.31,0.15,Returned,Mobile Money
S0006715,C00826,P0119,ST003,2025-10-05,5,414.85,0.2,Completed,Card
S0006641,C00615,P0069,ST016,2025-03-22,9,1360.53,0.05,Cancelled,Cash
S0004804,C00470,P0143,ST006,2025-12-14,2,1165.57,0.15,Pending,Mobile Money
S0003130,C00563,P0166,ST016,2026-06-14,8,1095.94,0.2,Cancelled,Cash
S0004806,C00587,P0018,ST019,2026-03-06,2,870.83,0.05,completed,Cash
S0008582,C00040,P0111,ST010,2025-05-12,2,497.38,0.1,Pending,Cash
S0009392,C00616,P0043,ST002,2026-02-15,9,1027.27,0.1,Returned,Bank Transfer
S0008903,C00104,P0092,ST018,2026-03-26,7,1111.67,0.0,completed,Mobile Money
S0006624,C00662,P0062,ST002,2025-03-27,4,761.62,0.2,Pending,Mobile Money
S0000938,C00376,P0115,ST006,2025-12-18,2,617.39,0.1,Completed,Bank Transfer
S0006445,C00557,P0193,ST001,2025-04-01,8,911.75,0.05,Returned,Cash
S0009037,C00334,P0199,ST006,2026-05-31,7,783.84,0.1,Cancelled,Bank Transfer
S0009869,C00972,P0143,ST009,2025-06-20,9,1166.99,0.15,Completed,Cash
S0007941,C00320,P0039,ST009,2026-05-15,5,1494.49,0.0,Pending,Card
S0001253, C00414 ,P0093,ST015,2026-04-05,10,94.45,0.0,Pending,Bank Transfer
S0004122,C00709,P0198,ST006,2026-02-21,7,810.26,0.0,Completed,Card
S0009857,C00647,P0016,ST002,2025-11-29,2,991.74,0.05,Completed,Bank Transfer
S0002322,C00597,P0175,ST019,2025-09-10,9,520.85,0.2,completed,Bank Transfer
S0009538,C00556,P0057,ST002,2026-04-13,9,207.66,0.15,completed,Cash
S0007954,C00333,P0121,ST015,2026-06-02,4,1016.59,0.0,Pending,Mobile Money
S0002205,C00592,P0118,ST001,2025-03-24,10,806.13,0.2,Completed,Mobile Money
S0003818,C00642,P0067,ST003,2025-06-22,10,921.12,0.15,Pending,Cash
S0004058, C00782 ,P0189,ST016,2026-04-03,4,646.55,0.2,Pending,Cash
S0005895,C00894,P0098,ST017,2025-02-10,4,806.28,0.1,Cancelled,Bank Transfer
S0009734,C00470,P0184,ST011,2025-05-27,5,100.08,0.0,Completed,Mobile Money
S0005638,C00323,P0125,ST007,2025-01-17,10,646.38,0.2,completed,Mobile Money
S0003581,C00083,P0163,ST019,2026-06-30,3,1401.99,0.15,Cancelled,Bank Transfer
S0003877,C00765,P0143,ST001,2026-04-19,5,1164.36,0.2,Cancelled,Mobile Money
S0006287,C00960,P0141,ST017,2025-07-09,2,97.26,0.15,Returned,Bank Transfer
S0007272,C00325,P0184,ST007,2025-07-09,7,105.54,0.0,Returned,Cash
S0009476,C00365,P0014,ST006,2026-03-28,1,241.83,0.2,completed,Mobile Money
S0004930,C00400,P0053,ST010,2026-06-28,6,1492.91,0.15,Completed,Mobile Money
S0002443,C00745,P0023,ST011,2025-04-19,10,837.68,0.0,Returned,Card
S0008053,C00427,P0169,ST011,2026-12-07,3,1119.38,0.1,Pending,Card
S0009280,C00650,P0012,ST008,2026-02-21,6,1084.32,0.15,Completed,Card
S0004976,C00181,P0048,ST007,2025-07-06,4,648.35,0.2,Cancelled,Bank Transfer
S0000756,C00195,P0019,ST009,2026-04-22,4,712.19,0.2,completed,Bank Transfer
S0001004,C00604,P0104,ST005,2025-07-19,4,163.9,0.0,Pending,Cash
S0001430,C00891,P0190,ST006,2026-03-30,5,953.44,0.0,completed,Bank Transfer
S0008826,C00031,P0196,ST012,2026-05-16,5,504.63,0.1,completed,Card
S0003504,C00850,P0127,ST018,2025-04-04,2,1485.97,0.1,Completed,Mobile Money
S0006733,C00011,P0188,ST003,2026-01-21,2,804.33,0.2,Completed,Card
S0004194,C00924,P0115,ST013,2025-07-07,10,610.84,0.15,Returned,Bank Transfer
S0000420,C00706,P0013,ST016,2025-02-24,6,101.63,0.2,Completed,Mobile Money
S0000780,C00072,P0073,ST013,2025-10-05,1,559.96,0.1,Pending,Bank Transfer
S0000617,C00663,P0134,ST001,2026-03-27,6,1257.26,0.2,Pending,Card
S0000519,C00775,P0188,ST008,2026-03-18,4,799.74,0.1,Returned,Bank Transfer
S0003540,C00280,P0027,ST016,2025-08-31,3,1020.6,0.1,completed,Bank Transfer
S0006735,C00720,P0148,ST016,2025-02-10,8,554.32,0.1,Pending,Bank Transfer
S0002594,C00880,P0189,ST018,2025-11-19,5,646.63,0.15,Returned,Cash
S0007526,C00049,P0131,ST003,2026-03-08,7,1295.02,0.0,Pending,Cash
S0001350,C00640,P0058,ST018,2025-06-17,6,1328.7,0.15,Returned,Bank Transfer
S0000762,C00419,P0069,ST005,2026-01-19,9,1361.01,0.1,completed,Card
S0004637,C00588,P0014,ST007,2025-02-16,6,242.84,0.15,Returned,Bank Transfer
S0009123,C00349,P0024,ST004,2025-01-14,7,609.19,0.2,Completed,Card
S0001812,C00444,P0034,ST004,2025-07-29,10,1186.32,0.2,Completed,Card
S0000296,C00335,P0197,ST006,2025-03-13,2,113.95,0.2,Returned,Bank Transfer
S0009225,C00660,P0025,ST016,2025-09-16,9,332.82,0.05,Completed,Mobile Money
S0004914,C00113,P0176,ST015,2025-08-03,2,341.69,0.2,Completed,Bank Transfer
S0008314,C00055,P0138,ST008,2026-03-23,9,1442.11,0.0,Completed,Card
S0009478,C00396,P0138,ST001,2025-03-17,6,1443.73,0.05,Completed,Mobile Money
S0000025,C00872,P0038,ST014,2026-04-29,1,308.39,0.05,Returned,Card
S0000891,C00223,P0129,ST015,2025-08-29,7,1202.94,0.0,completed,Bank Transfer
S0006181,C00931,P0130,ST017,2025-07-19,6,460.2,0.0,completed,Bank Transfer
S0005096,C00489,P0104,ST015,2025-12-31,2,161.78,0.15,Completed,Card
S0001715,C00065,P0180,ST019,2026-06-30,8,685.32,0.05,Returned,Card
S0000012,C00085,P0181,ST004,2025-11-19,2,72.49,0.05,Pending,Bank Transfer
S0003664,C00632,P0162,ST011,2025-04-29,6,306.59,0.05,Completed,Card
S0009942,C00230,P0148,ST002,2025-06-10,10,559.35,0.0,Pending,Cash
S0001054,C00807,P0048,ST007,2025-04-08,5,647.62,0.2,Returned,Cash
S0007722,C00923,P0157,ST004,2025-10-25,3,1293.63,0.0,Pending,Card
S0006934,C00365,P0060,ST015,2025-03-16,7,734.75,0.2,Cancelled,Mobile Money
S0007997,C00894,P0182,ST015,2025-06-14,5,550.68,0.15,Completed,Cash
S0003247,C00101,P0176,ST019,2025-01-07,1,340.69,0.0,Completed,Cash
S0008282,C00810,P0178,ST009,2025-06-23,7,1443.22,0.15,Returned,Mobile Money
S0007766,C00337,P0064, ST009 ,2026-04-19,4,1302.12,0.2,Completed,Cash
S0005670,C00678,P0003,ST019,2025-01-23,1,628.21,0.1,completed,Bank Transfer
S0004987,C00132,P0001,ST011,2026-06-20,6,1034.55,0.05,Pending,Bank Transfer
S0001205,C00303,P0050,ST012,2025-02-08,9,341.5,0.15,Completed,Card
S0005528,C00171,P0018,ST005,2026-02-07,3,871.69,0.05,Returned,Bank Transfer
S0002277,C00696,P0183,ST004,2025-11-26,6,152.09,0.1,Pending,Mobile Money
S0004773,C00574,P0194,ST016,2026-06-07,3,1315.98,0.1,completed,Cash
S0003045,C00607,P0054,ST009,2026-05-01,2,0.0,0.0,Completed,Card
S0002823,C00090,P0178,ST007,2025-08-07,2,1444.09,0.2,Returned,Bank Transfer
S0001717,C00740,P0138,ST014,2025-01-09,10,1443.56,0.0,Completed,Bank Transfer
S0002307,C00582,P0165,ST006,2025-09-19,1,831.35,0.05,completed,Card
S0007591,C00814,P0001,ST009,2025-03-28,6,1036.42,0.15,Pending,Cash
S0004338,C00449,P0026,ST016,2025-05-29,5,1075.36,0.05,Completed,Mobile Money
S0005857,C00060,P0043,ST011,2026-04-19,3,1030.85,0.0,Cancelled,Mobile Money
S0007117,C00644,P0061,ST005,2025-09-20,2,234.26,0.0,Completed,Cash
S0005694,C00599,P0053,ST012,2025-05-15,8,1498.17,0.0,Pending,Card
S0009282,C00543,P0015,ST009,2026-06-23,3,1130.36,0.05,Pending,Mobile Money
S0008230,C00781,P0006,ST013,2025-06-22,6,1223.13,0.15,Pending,Bank Transfer
S0005069,C00361,P0182,ST016,2025-03-30,2,550.83,0.1,Cancelled,Card
S0004496,C00565,P0166,ST010,2025-01-22,2,1096.2,0.1,Cancelled,Card
S0004518, C00329 ,P0104,ST013,2025-12-12,8,162.61,0.2,Returned,Mobile Money
S0003934,C00978,P0102,ST007,2025-02-10,6,761.99,0.0,completed,Bank Transfer
S0008884,C00015,P0113,ST002,2025-06-27,2,362.5,0.1,completed,Mobile Money
S0000793,C00481,P0131,ST002,2026-01-06,6,1294.86,0.0,Cancelled,Bank Transfer
S0000853,C00554,P0154,ST019,2025-08-14,9,21.72,0.0,Returned,Cash
S0005555,C00125,P0003,ST010,2025-01-10,1,630.13,0.15,Pending,Bank Transfer
S0007228,C00811,P0116,ST009,2026-01-01,6,33.07,0.1,Returned,Mobile Money
S0003854,C00985,P0065,ST015,2025-06-16,1,591.88,0.0,Returned,Mobile Money
S0002175,C00923,P0166,ST004,2026-04-17,4,1100.68,0.2,completed,Cash
S0002072,C00428,P0064,ST017,2025-12-31,8,1298.5,0.1,Pending,Cash
S0003655,C00944,P0019,ST007,2025-07-21,8,712.1,0.15,Returned,Mobile Money
S0007691,C00775,P0197,ST020,2026-05-25,1,114.96,0.15,Pending,Mobile Money
S0002054,C00207,P0146,ST005,2025-11-21,1,-50.0,0.0,Cancelled,Bank Transfer
S0001912,C00455,P0138,ST020,2025-12-02,4,1440.03,0.05,Returned,Card
S0000792,C00376,P0105,ST009,2025-10-10,8,734.44,0.1,Cancelled,Card
S0008375,C00745,P0163,ST008,2025-03-27,4,1404.01,0.05,Pending,Bank Transfer
S0007792,C00775,P0051,ST001,2026-02-21,1,530.99,,Cancelled,Cash
S0000070,C00046,P0163,ST004,2026-01-10,2,1404.6,0.0,completed,Mobile Money
S0004650,C00558,P0154,ST017,2026-02-13,7,23.35,0.1,completed,Card
S0008682,C00011,P0169,ST004,2026-05-30,5,1116.69,0.0,Cancelled,Card
S0003248,C00893,P0081,ST014,2025-09-07,2,206.05,0.1,Completed,Card
S0002413,C00667,P0080,ST004,2025-10-09,7,869.3,0.05,Completed,Cash
S0003805,C00267,P0185,ST016,2026-03-22,8,842.9,0.0,Returned,Mobile Money
S0008617,C00631,P0050,ST014,2025-07-23,1,341.58,0.1,Cancelled,Bank Transfer
S0005445,C00602,P0027,ST006,2025-11-04,6,1024.99,0.0,Cancelled,Cash
S0005712,C00732,P0169,ST002,2026-02-11,8,1117.35,0.15,Cancelled,Bank Transfer
S0009992,C00635,P0125,ST016,2025-02-11,6,648.15,0.1,Cancelled,Mobile Money
S0006017,C00609,P0136,ST011,2025-07-21,7,102.63,0.05,Pending,Cash
S0006500,C00984,P0060,ST015,2025-09-03,2,739.13,0.15,Completed,Cash
S0008627,C00059,P0195,ST019,2025-11-20,9,895.21,0.0,completed,Card
S0004952,C00522,P0093,ST001,2025-05-19,2,95.09,0.1,completed,Bank Transfer
S0003657,C00833,P0114,ST015,2026-06-28,1,546.73,0.15,completed,Cash
S0007573,C00991,P0160,ST005,2025-06-21,8,335.02,0.1,Completed,Cash
S0001260,C00270,P0161,ST004,2025-10-31,3,104.03,0.2,Cancelled,Cash
S0005611,C00072,P0048,ST013,2025-07-11,3,646.9,0.15,Returned,Cash
S0004156,C00746,P0166,ST014,2025-10-27,1,1096.92,0.0,Completed,Card
S0001577,C00051,P0078,ST013,2026-01-29,10,916.71,0.05,Cancelled,Cash
S0005696,C00616,P0181,ST011,2025-11-12,3,69.57,0.2,Returned,Bank Transfer
S0002369,C00666,P0010,ST001,2025-03-20,6,100.76,0.1,Cancelled,Cash
S0000729,C00599,P0082,ST002,2025-01-18,4,1221.16,0.05,Pending,Cash
S0009919,C00412,P0131,ST018,2026-01-14,5,1295.65,0.15,completed,Bank Transfer
S0004304,C00113,P0056,ST017,2025-10-06,4,1185.02,0.2,Cancelled,Cash
S0004385,C00018,P0090,ST004,2026-02-03,10,617.29,0.05,completed,Bank Transfer
S0005663,C00837,P0010,ST004,2025-09-23,7,101.26,0.05,Completed,Mobile Money
S0005596,C00955,P0052,ST005,2025-09-27,7,1037.76,0.15,Cancelled,Card
S0006855,C00492,P0052,ST019,2025-03-26,9,1038.01,0.05,completed,Mobile Money
S0005733,C00899,P0050,ST016,2025-11-07,6,343.22,0.05,Pending,Cash
S0002327,C00720,P0175,ST016,2025-02-12,3,519.31,0.1,Cancelled,Mobile Money
S0000242,C00067,P0074,ST013,2025-01-13,4,1464.49,0.1,Returned,Bank Transfer
S0003638,C00564,P0170,ST020,2025-10-23,8,410.09,0.05,completed,Cash
S0007078,C00089,P0108,ST017,2025-08-13,8,876.63,,Completed,Card
S0001340,C00006,P0118,ST015,2026-01-14,2,810.52,0.05,completed,Bank Transfer
S0000022,C00094,P0107,ST018,2026-03-21,9,397.31,0.0,Pending,Bank Transfer
S0006930,C00160,P0065,ST003,2025-07-05,9,591.76,0.05,Returned,Card
S0002906,C00932,P0027,ST009,2025-04-16,3,1024.88,0.2,Returned,Card
S0004185,C00644,P0163,ST005,2025-04-21,7,1406.96,0.0,Pending,Bank Transfer
S0001115,C00038,P0136,ST016,2026-05-02,1,97.57,0.05,Returned,Card
S0002881,C00695,P0033,ST007,2026-06-07,4,334.71,0.0,Completed,Mobile Money
S0000188,C00193,P0076,ST003,2025-06-07,8,712.09,0.1,Returned,Bank Transfer
S0004023,C00691,P0110,ST008,2025-03-08,7,1365.45,0.1,Returned,Mobile Money
S0003154,C00872,P0098,ST015,2025-03-26,6,808.96,0.2,Pending,Mobile Money
S0001254,C00025,P0043,ST016,2025-11-23,10,1026.52,0.15,Completed,Bank Transfer
S0004033,C00272,P0178,ST008,2026-03-06,6,1445.31,0.2,Returned,Mobile Money
S0003942,C00570,P0159,ST002,2025-03-24,10,582.81,0.2,completed,Card
S0008040,C00221,P0043,ST003,2026-03-26,6,1024.5,0.15,completed,Bank Transfer
S0005748,C00112,P0040,ST020,2026-04-25,9,1284.88,0.1,completed,Cash
S0002827,C00843,P0062,ST011,2025-10-06,9,762.31,0.05,completed,Cash
S0003800,C00250,P0023,ST014,2025-05-20,1,837.98,0.15,Cancelled,Mobile Money
S0000259,C00540,P0164,ST010,2025-06-15,6,1254.27,0.05,Cancelled,Bank Transfer
S0008670,C00107,P0049,ST019,2026-06-06,10,470.01,0.0,Returned,Cash
S0001821,C00862,P0193,ST013,2025-07-20,1,910.03,0.2,Cancelled,Mobile Money
S0002173,C00985,P0131,ST018,2026-06-28,1,1293.98,0.2,Returned,Bank Transfer
S0005283,C00696,P0007,ST016,2025-09-26,1,111.06,0.05,Pending,Card
S0001514,C00696,P0122,ST014,2026-04-13,2,1121.88,0.0,Cancelled,Mobile Money
S0005328,C00990,P0027,ST013,2025-04-03,9,1025.37,0.0,Cancelled,Cash
S0009768,C00936,P0168,ST004,2025-09-22,7,746.36,0.15,Pending,Mobile Money
S0005332,C00354,P0052,ST011,2026-05-28,8,1034.33,0.15,Cancelled,Cash
S0005650,C00742,P0003,ST008,2025-06-12,8,627.8,0.2,Completed,Card
S0005869,C00053,P0030,ST019,2025-09-30,7,1371.24,0.15,Returned,Card
S0001996,C00738,P0008,ST003,2026-03-30,7,1261.18,0.15,Cancelled,Card
S0000640,C00951,P0006,ST005,2026-03-20,5,1224.34,0.05,completed,Card
S0006197,C00217,P0127,ST009,2026-06-27,3,1487.75,0.2,Completed,Mobile Money
S0006169,C00240,P0179,ST001,2026-04-08,5,627.22,0.2,Pending,Mobile Money
S0007250,C00426,P0003,ST003,2026-06-14,5,627.97,0.05,Completed,Card
S0001311,C00557,P0055,ST002,2025-05-08,5,324.24,0.05,completed,Card
S0002089,C00828,P0012,ST001,2025-12-15,4,1078.64,0.0,Completed,Bank Transfer
S0001728,C00530,P0032,ST001,2026-05-15,6,487.48,0.1,completed,Cash
S0009892,C00355,P0170,ST013,2026-07-14,1,409.09,0.05,Cancelled,Mobile Money
S0003937,C00655,P0051,ST013,2025-10-01,10,535.84,0.1,Completed,Bank Transfer
S0006177,C00971,P0074,ST020,2025-07-29,4,1461.96,0.2,Completed,Bank Transfer
S0004472,C00080,P0098,ST017,2026-02-09,4,811.96,0.2,Cancelled,Mobile Money
S0000894,C00013,P0018,ST016,2025-05-18,8,874.07,0.15,completed,Cash
S0005375,C00722,P0100,ST009,2025-07-07,10,913.34,0.15,completed,Card
S0006743,C00243,P0191,ST011,2025-06-25,3,1379.76,0.2,Completed,Cash
S0005918,C00736,P0009,ST002,2026-02-25,4,148.21,0.05,Returned,Mobile Money
S0002960,C00763,P0148,ST011,2026-06-04,1,556.98,0.2,Completed,Card
S0002351,C00105,P0113,ST002,2025-04-20,10,365.62,0.1,Completed,Bank Transfer
S0006986,C00958,P0019,ST013,2025-07-13,7,713.58,0.05,Cancelled,Cash
S0006837,C00613,P0184,ST017,2025-02-05,3,106.16,0.15,Cancelled,Bank Transfer
S0001513,C00264,P0134,ST011,2025-02-13,10,1253.3,0.15,Cancelled,Card
S0005574,C00544,P0183,ST018,2025-11-24,2,152.73,0.15,Pending,Card
S0005803,C00559,P0175,ST008,2025-02-11,8,519.16,0.0,Completed,Cash
S0007922,C00767,P0160,ST003,2026-04-11,2,335.5,0.05,completed,Card
S0002449,C00089,P0144,ST009,2026-04-25,4,1115.63,0.05,Completed,Cash
S0002999,C00454,P0168,ST020,2025-10-24,8,747.56,0.2,completed,Card
S0007439,C00558,P0050,ST005,2025-09-12,10,343.82,0.0,Returned,Card
S0005310,C00710,P0008,ST007,2026-06-28,2,1262.59,0.1,Completed,Bank Transfer
S0002653,C00373,P0104,ST013,2025-01-15,7,161.93,0.2,Cancelled,Cash
S0000826,C00686,P0028,ST011,2025-06-19,1,148.16,0.15,completed,Card
S0000939,C00008,P0141,ST018,2026-02-17,2,101.17,0.15,Cancelled,Cash
S0000697,C00048,P0142,ST010,2025-07-03,3,1169.1,0.1,Completed,Bank Transfer
S0008894,C00758,P0110,ST011,2025-08-18,9,1367.6,0.15,Returned,Bank Transfer
S0001008,C00575,P0102,ST017,2025-01-21,10,764.67,0.15,Completed,Card
S0004444,C00561,P0130,ST018,2025-07-28,7,457.7,0.2,Returned,Cash
S0007109,C00604,P0162,ST016,2026-04-15,5,309.19,0.2,Returned,Bank Transfer
S0006957,C00471,P0053,ST001,2026-05-20,7,1494.7,0.1,Completed,Mobile Money
S0007104,C00292,P0148,ST009,2026-05-05,10,554.99,0.1,Pending,Bank Transfer
S0007424,C00347,P0146,ST016,2025-03-29,8,1391.13,0.1,Returned,Bank Transfer
S0007114,C00770,P0042,ST013,2025-09-17,3,355.28,0.1,completed,Bank Transfer
S0008577,C00645,P0170,ST016,2025-04-10,6,402.91,0.2,completed,Mobile Money
S0003106,C00035,P0030,ST006,2025-06-29,7,1372.14,0.0,Pending,Cash
S0007204,C00773,P0064,ST006,2026-06-08,4,1300.94,0.2,Pending,Bank Transfer
S0007417,C00802,P0180,ST009,2026-03-07,9,689.06,0.0,Pending,Cash
S0006389,C00915,P0087,ST006,2025-09-13,4,780.64,0.1,Cancelled,Cash
S0001931,C00424,P0190,ST003,2025-04-20,7,954.52,0.05,Cancelled,Cash
S0007761,C00168,P0159,ST006,2025-12-18,10,578.48,0.1,Returned,Mobile Money
S0007284,C00377,P0018,ST001,2025-04-04,5,871.82,0.15,Returned,Card
S0007127,C00940,P0141,ST007,2025-07-12,5,100.9,0.15,completed,Card
S0001542,C00275,P0197,ST005,2026-06-25,6,111.63,0.15,completed,Cash
S0000290,C00367,P0045,ST003,2026-07-03,5,1244.97,0.1,completed,Cash
S0008736,C00807,P0104,ST017,2025-08-18,1,162.27,0.2,Pending,Card
S0003198,C00456,P0123,ST014,2026-02-14,4,815.23,0.0,Cancelled,Bank Transfer
S0009241,C00776,P0108,ST005,2025-06-15,2,877.26,0.0,Completed,Mobile Money
S0009205,C00374,P0165,ST007,2026-05-02,6,826.96,0.0,Returned,Cash
S0001781,C00919,P0065,ST008,2026-04-05,8,590.37,0.2,completed,Card
S0007466,C00403,P0051,ST019,2026-06-10,3,534.91,0.2,completed,Cash
S0005277,C00357,P0110,ST008,2026-03-18,10,1364.97,0.05,Pending,Cash
S0002631,C00868,P0045,ST009,2025-06-30,3,1247.53,0.0,Returned,Mobile Money
S0003707,C00478,P0091,ST014,2026-03-21,4,458.93,0.15,Returned,Mobile Money
S0009976,C00475,P0119,ST005,2025-08-13,8,412.91,0.1,Cancelled,Mobile Money
S0000312,C00529,P0194,ST017,2026-02-06,7,1311.08,0.05,Returned,Bank Transfer
S0007360,C00672,P0008,ST009,2025-12-24,3,1260.9,0.15,Pending,Bank Transfer
S0008684,C00458,P0125,ST019,2025-12-25,2,646.13,0.05,Completed,Card
S0005384,C00609,P0022,ST007,2025-12-18,9,646.23,0.0,Cancelled,Bank Transfer
S0002528,C00719,P0134,ST017,2025-06-28,1,1253.34,0.1,Pending,Card
S0002706,C00854,P0034,ST007,2025-01-06,7,1183.71,0.05,Cancelled,Bank Transfer
S0000061,C00619,P0159,ST005,2025-10-23,4,580.31,0.0,completed,Cash
S0002518,C00820,P0134,ST015,2026-03-18,10,1259.5,0.15,completed,Cash
S0009255,C00033,P0066,ST004,2025-12-15,2,156.96,0.2,completed,Mobile Money
S0006928,C00759,P0023,ST001,2025-07-26,10,837.02,0.05,Completed,Card
S0008442,C00444,P0164,ST020,2025-05-28,7,1253.72,0.15,completed,Bank Transfer
S0004562,C00579,P0176,ST018,2025-12-24,8,339.65,0.0,Returned,Bank Transfer
S0006364,C00677,P0058,ST005,2025-11-08,3,1329.07,0.1,Returned,Mobile Money
S0008443,C00721,P0176,ST011,2026-06-30,10,338.49,0.15,Pending,Cash
S0004764,C00410,P0078,ST015,2025-05-11,6,910.78,0.05,completed,Cash
S0008598,C00602,P0143,ST007,2026-07-03,8,1161.08,0.15,Pending,Mobile Money
S0006995,C00310,P0177,ST019,2026-05-27,4,21.05,0.15,Completed,Cash
S0007829,C00113,P0199,ST010,2026-06-26,1,780.04,0.1,Pending,Cash
S0003170,C00934,P0192,ST018,2026-02-24,7,245.91,0.0,Cancelled,Cash
S0007051,C00432,P0074,ST018,2026-04-30,1,1466.52,0.2,Pending,Card
S0008780,C00506,P0021,ST006,2026-04-22,10,1308.6,0.2,Pending,Card
S0002254,C00836,P0067,ST011,2025-12-03,6,921.95,0.2,completed,Bank Transfer
S0005541,C00917,P0127,ST013,2025-07-30,8,1486.88,0.1,Cancelled,Mobile Money
S0006279,C00672,P0094,ST002,2025-09-26,2,487.96,0.15,Cancelled,Bank Transfer
S0002376,C00797,P0122,ST010,2025-08-13,6,1118.24,0.1,Pending,Card
S0004673,C00774,P0020,ST016,2025-03-06,5,1327.44,0.05,Completed,Cash
S0004524,C00805,P0099,ST002,2025-08-20,4,1393.45,0.05,Pending,Card
S0004577,C00477,P0038,ST007,2025-12-06,5,310.64,0.0,completed,Bank Transfer
S0002283,C00495,P0151,ST019,2025-09-03,8,33.27,0.0,Returned,Card
S0006234,C00438,P0066,ST009,2025-02-17,9,153.22,0.05,completed,Mobile Money
S0000587,C00383,P0054,ST009,2026-03-20,1,100.24,0.2,Completed,Cash
S0000350,C00465,P0105,ST005,2025-04-14,9,734.33,0.15,Pending,Bank Transfer
S0001305,C00713,P0080,ST011,2025-05-24,3,865.81,0.1,Cancelled,Card
S0000279,C00086,P0093,ST009,2025-04-06,5,93.56,0.0,completed,Cash
S0001851,C00585,P0021,ST020,2025-04-25,3,1308.87,0.1,Completed,Cash
S0000514,C00328,P0176,ST007,2025-06-14,2,339.34,0.1,Returned,Bank Transfer
S0009838,C00214,P0067,ST005,2025-11-15,7,928.35,0.15,Completed,Card
S0009513,C00127,P0141,ST009,2025-04-20,7,99.8,0.1,Pending,Mobile Money
S0009525,C00532,P0120,ST004,2025-01-17,6,542.95,0.0,completed,Cash
S0004046,C00848,P0008,ST003,2025-01-16,0,1259.0,0.2,completed,Cash
S0005754,C00989,P0085,ST008,2025-10-08,2,983.7,0.15,Cancelled,Bank Transfer
S0004235,C00836,P0072,ST009,2026-01-10,2,1120.21,0.2,Pending,Mobile Money
S0000062,C00524,P0110,ST005,2026-05-04,5,1363.62,0.0,Pending,Bank Transfer
S0001854,C00222,P0039,ST012,2025-05-01,3,1495.87,0.1,Completed,Mobile Money
S0009058,C00161,P0034,ST001,2026-02-06,4,1188.28,0.15,Returned,Cash
S0005188,C00472,P0172,ST012,2025-06-10,6,1419.32,0.15,Cancelled,Cash
S0006077,C00276,P0158,ST007,2025-04-16,1,100.06,0.1,Pending,Card
S0006439,C00393,P0110,ST016,2026-07-01,1,1364.77,0.15,completed,Bank Transfer
S0003713,C00903,P0093,ST017,2025-11-18,4,90.47,0.2,completed,Cash
S0001462,C00602,P0197,ST002,2026-06-14,5,113.37,0.1,Cancelled,Mobile Money
S0001841,C00675,P0043,ST010,2026-03-06,9,1028.63,0.2,Returned,Card
S0000179,C00255,P0090,ST019,2026-07-30,4,613.14,0.05,Completed,Card
S0005896,C00408,P0123,ST017,2026-03-24,3,811.9,0.05,completed,Mobile Money
S0000910,C00600,P0184,ST015,2025-03-16,2,105.99,0.2,Returned,Bank Transfer
S0001682,C00079,P0126,ST013,2025-10-15,4,455.24,0.0,Completed,Card
S0001465,C00181,P0168,ST018,2025-07-14,8,750.09,0.0,completed,Bank Transfer
S0007194,C00451,P0055,ST009,2025-11-13,1,323.17,0.15,Returned,Cash
S0000243,C00909,P0124,ST006,2025-01-22,6,638.46,0.05,completed,Card
S0008316,C00341,P0075,ST018,2025-04-30,3,426.12,0.2,completed,Mobile Money
S0001930,C00009,P0006,ST019,2025-10-06,7,1224.84,0.0,Completed,Cash
S0007672,C00099,P0167,ST001,2025-06-17,9,357.01,0.1,completed,Mobile Money
S0005078,C00280,P0192,ST014,2026-01-04,3,244.48,0.0,Completed,Bank Transfer
S0005443,C00879,P0093,ST019,2025-07-06,4,94.47,0.2,Cancelled,Cash
S0006239,C00883,P0026,ST008,2026-03-26,1,1077.78,0.15,completed,Cash
S0007303,C00154,P0021,ST007,2025-10-25,6,1312.83,0.0,Pending,Cash
S0007932,C00827,P0186,ST009,2025-04-26,8,1352.36,0.0,Cancelled,Card
S0006864,C00242,P0083,ST014,2026-07-23,2,1057.93,0.1,completed,Cash
S0000784,C00369,P0126,ST006,2026-04-03,3,456.94,0.1,Completed,Bank Transfer
S0009604,C00211,P0077,ST002,2025-03-20,9,940.91,0.05,completed,Cash
S0005009,C00288,P0168,ST001,2025-11-25,7,746.68,0.05,completed,Card
S0002988,C00167, P0030 ,ST005,2025-02-14,3,1371.88,0.2,completed,Mobile Money
S0004982,C00623,P0085,ST009,2026-07-31,5,986.01,0.15,completed,Bank Transfer
S0007520,C00756,P0083,ST003,2026-01-03,6,1058.16,0.2,Returned,Mobile Money
S0004328,C00669,P0031,ST018,2025-12-18,10,625.27,0.15,completed,Cash
S0002592,C00605,P0136,ST010,2025-07-14,9,99.19,0.15,completed,Cash
S0009574,C00459,P0027,ST019,2026-02-22,10,1021.22,0.05,Pending,Bank Transfer
S0002454,C00072,P0133,ST011,2026-04-25,1,939.73,0.0,Cancelled,Cash
S0009019,C00485,P0120,ST005,2025-05-30,1,542.89,0.15,Completed,Cash
S0007594,C00695,P0175,ST010,2025-04-28,2,522.51,0.05,Completed,Mobile Money
S0007547,C00707,P0097,ST014,2026-07-02,5,1380.05,0.05,Pending,Mobile Money
S0004276,C00349,P0073,ST013,2025-06-12,3,564.47,0.15,Completed,Bank Transfer
S0000318,C00154,P0036,ST008,2025-01-20,6,1283.55,0.15,Pending,Card
S0007569,C00841,P0147,ST007,2026-05-11,3,1337.43,0.2,Returned,Bank Transfer
S0003226,C00496,P0121,ST010,2026-06-15,7,1016.15,0.0,Pending,Cash
S0005012,C00582,P0135,ST012,2026-06-30,6,1295.74,0.0,Returned,Card
S0004670,C00229,P0108,ST019,2026-06-17,3,873.38,0.05,Returned,Mobile Money
S0007176,C00312,P0007,ST015,2025-11-08,4,114.38,0.05,Completed,Bank Transfer
S0003630,C00410,P0120,ST001,2026-02-25,8,542.75,0.05,completed,Mobile Money
S0002125,C00063,P0166,ST002,2025-08-25,6,1098.46,0.2,Returned,Mobile Money
S0006492,C00186,P0019,ST016,2025-12-17,10,709.96,0.15,Pending,Mobile Money
S0003888,C00782,P0079,ST005,2025-01-13,3,1032.22,0.0,Returned,Mobile Money
S0006456,C00526,P0199,ST008,2025-09-02,6,787.23,0.15,Returned,Card
S0002791,C00165,P0194,ST003,2025-05-24,8,1314.01,0.05,completed,Cash
S0002040,C00683,P0172,ST016,2025-11-01,4,1418.12,0.15,Pending,Mobile Money
S0007445,C00475,P0166,ST017,2026-06-21,1,1099.16,0.1,Pending,Card
S0007988,C00865,P0089,ST020,2025-06-01,7,278.28,0.2,Cancelled,Cash
S0000545,C00232,P0129,ST003,2025-08-08,3,1202.25,0.15,Pending,Bank Transfer
S0008038,C00030,P0090,ST010,2025-11-07,10,618.07,0.05,Pending,Card
S0005750,C00467,P0174,ST001,2025-04-03,1,193.24,0.2,completed,Mobile Money
S0007958,C00482,P0182,ST012,2025-03-26,0,550.51,0.0,Returned,Cash
S0004481,C00714,P0101,ST001,2026-02-18,3,1242.45,0.2,Returned,Cash
S0008308,C00188,P0074,ST016,2026-02-24,8,1461.36,0.15,Returned,Mobile Money
S0001144,C00165,P0101,ST006,2026-02-15,8,1240.08,0.1,completed,Bank Transfer
S0006346,C00927,P0179,ST003,2025-08-08,5,628.97,0.0,Pending,Bank Transfer
S0009947,C00911,P0197,ST001,2025-04-21,8,-50.0,0.2,completed,Bank Transfer
S0006748,C00518,P0157,ST004,2025-01-02,6,1290.83,0.05,completed,Card
S0009555,C00307,P0077,ST018,2026-05-15,6,943.52,0.1,Cancelled,Card
S0003287,C00415,P0131,ST011,2025-02-13,7,1294.71,0.0,completed,Bank Transfer
S0004814,C00443,P0063,ST020,2026-06-29,3,1434.68,0.05,Pending,Bank Transfer
S0007887,C00597,P0017,ST004,2026-06-23,1,150.95,0.15,Pending,Mobile Money
S0000246,C00417,P0136,ST012,2026-02-24,4,99.72,0.1,Pending,Mobile Money
S0001295,C00492,P0160,ST016,2026-05-08,3,337.48,0.05,completed,Cash
S0008739,C00874,P0161,ST007,2026-01-11,4,98.96,0.15,completed,Cash
S0002562,C00931,P0032,ST018,2026-04-27,4,488.93,0.1,Cancelled,Card
S0004057,C00434,P0087,ST004,2026-07-11,9,775.86,0.15,Completed,Card
S0000576,C00416,P0017,ST013,2025-04-25,8,149.59,0.2,Returned,Bank Transfer
S0009702,C00032,P0197,ST016,2025-01-14,6,115.16,0.2,completed,Card
S0001382,C00416,P0132,ST015,2026-03-16,6,1402.66,0.2,Cancelled,Cash
S0003621,C00241,P0094,ST009,2026-03-12,3,489.0,0.2,Cancelled,Card
S0004180,C00513,P0088,ST004,2025-06-11,7,694.1,0.05,Returned,Mobile Money
S0009786,C00125,P0148,ST020,2025-10-11,5,557.24,0.0,Pending,Cash
S0001863,C00841,P0165,ST002,2025-10-27,2,829.56,0.2,Returned,Card
S0009428,C00914,P0095,ST012,2026-03-19,8,58.89,0.2,Pending,Mobile Money
S0000666,C00432,P0150,ST020,2025-04-01,3,678.35,0.1,Completed,Card
S0009839,C00470,P0140,ST007,2025-02-06,10,1310.59,0.0,Returned,Card
S0001502,C00534,P0129,ST010,2025-08-26,7,1198.92,0.05,Returned,Bank Transfer
S0003824,C00928,P0117,ST012,2026-01-10,3,294.13,0.1,Completed,Bank Transfer
S0001772,C00418,P0164,ST009,2025-08-06,7,1257.82,0.05,completed,Card
S0005728,C00310,P0033,ST012,2025-12-15,0,330.46,0.2,Returned,Card
S0004196,C00102,P0130,ST015,2026-06-04,9,458.61,0.2,Completed,Card
S0009002,C00424,P0016,ST001,2025-01-16,1,994.92,0.15,Completed,Mobile Money
S0001416,C00883,P0181,ST009,2025-04-23,1,69.92,0.1,completed,Cash
S0003778,C00020,P0168,ST014,2025-09-03,9,748.43,0.1,completed,Bank Transfer
S0000902,C00695,P0177,ST012,2026-02-21,1,20.14,0.2,Completed,Bank Transfer
S0004307,C00483,P0125,ST014,2025-11-27,3,649.68,0.0,Completed,Card
S0005664,C00192,P0082,ST003,2026-03-08,5,1218.69,0.2,completed,Card
S0009124,C00093,P0058,ST009,2025-04-10,5,1328.54,0.1,Pending,Bank Transfer
S0005036,C00053,P0196,ST009,2025-08-30,10,501.54,0.05,Returned,Cash
S0003578,C00205,P0144,ST016,2025-01-09,1,1120.82,0.05,Pending,Cash
S0005464,C00843,P0112,ST008,2025-05-28,8,122.57,0.05,Returned,Card
S0003503,C00630,P0109,ST019,2026-05-04,4,190.22,0.1,Pending,Cash
S0006205,C00797,P0171,ST001,2025-03-18,4,602.95,0.05,Pending,Mobile Money
S0006687,C00350,P0195,ST009,2026-04-12,1,894.26,0.1,Completed,Bank Transfer
S0005115,C00172,P0031,ST015,2025-02-07,7,626.62,0.1,Pending,Mobile Money
S0007091,C00801,P0045,ST016,2025-12-20,8,1248.49,0.1,Returned,Cash
S0001934,C00251,P0195,ST013,2026-07-05,3,896.31,0.15,Pending,Card
S0003485,C00064,P0092,ST011,2025-07-10,5,1117.5,0.2,Returned,Mobile Money
S0000510,C00341,P0143,ST002,2026-01-12,8,1160.66,0.1,Returned,Cash
S0003028,C00182,P0043,ST001,2025-06-28,1,1027.21,0.15,Cancelled,Bank Transfer
S0002290,C00931,P0118,ST001,2025-01-29,9,808.59,0.0,Completed,Mobile Money
S0002616,C00894,P0026,ST018,2026-02-08,2,1074.57,0.05,Pending,Card
S0003784,C00826,P0076,ST003,2026-06-09,6,709.74,0.05,Pending,Cash
S0006276,C00846,P0116,ST006,2025-06-29,5,33.23,0.1,Pending,Mobile Money
S0005143,C00212,P0101,ST007,2025-04-20,3,1243.15,0.15,Pending,Cash
S0003689,C00197,P0177,ST018,2026-01-21,3,18.24,0.2,Cancelled,Card
S0000501,C00345,P0152,ST006,2025-04-27,1,922.58,0.0,Cancelled,Card
S0000861,C00468,P0105,ST016,2025-06-13,10,734.65,0.2,completed,Bank Transfer
S0001232,C00539,P0148,ST018,2025-04-27,6,554.15,0.1,Cancelled,Cash
S0003743,C00529,P0055,ST012,2026-01-30,3,318.65,0.05,Pending,Bank Transfer
S0005450,C00900,P0017,ST014,2025-12-04,1,150.05,0.0,Completed,Cash
S0009910,C00348,P0053,ST002,2026-02-25,8,1496.79,0.05,Pending,Mobile Money
S0003890,C00490,P0054,ST006,2025-04-17,2,99.51,0.1,Returned,Mobile Money
S0002122,C00136,P0124,ST016,2026-04-18,3,640.44,0.0,completed,Bank Transfer
S0000444,C00100,P0139,ST016,2026-04-19,7,1110.19,0.1,completed,Mobile Money
S0008148,C00348,P0091,ST012,2025-04-29,9,461.87,0.0,Completed,Bank Transfer
S0007840,C00593,P0129,ST018,2026-05-16,2,1204.54,0.15,Pending,Mobile Money
S0003604,C00250,P0189,ST017,2026-03-28,10,644.13,0.15,Completed,Cash
S0005960,C00594,P0110,ST002,2026-03-21,10,1367.9,0.0,Completed,Bank Transfer
S0005427,C00577,P0198,ST013,2026-05-25,5,815.99,0.0,completed,Bank Transfer
S0007609,C00296,P0018,ST003,2026-06-22,8,877.76,0.05,Completed,Cash
