SaleID,CustomerID,ProductID,StoreID,SaleDate,Quantity,UnitPrice,Discount,OrderStatus,PaymentMethod
S0013759,C00091,P0009,ST015,4/15/2026,1,1165,1,completed,Mobile Money
S0013203,C00140,P0048,ST015,4/27/2025,2,212,0.2,Returned,Mobile Money
S0019985,C00911,P0197,ST001,4/21/2025,1,505,0.2,completed,Bank Transfer
S0011062,C00673,P0168,ST005,7/19/2025,8,653,0.05,Cancelled,Card
S0011449,C00159,P0159,ST008,3/5/2026,6,1399,0.15,Completed,Bank Transfer
S0010108,C00479,P0181,ST007,6/17/2025,7,368,0.1,Cancelled,Cash
S0012580,C00697,P0120,ST007,4/21/2025,5,1083,0.1,Completed,Cash
S0016710,C00624,P0154,ST015,8/21/2025,6,1028,0.05,completed,Mobile Money
S0019534,C00699,P0179,ST007,2/27/2025,3,1452,0.05,Returned,Bank Transfer
S0010043,C00682,P0061,ST007,3/29/2025,8,423,0.05,completed,Bank Transfer
S0012365,C00330,P0057,ST014,3/7/2025,9,326,0,Cancelled,Card
S0013255,C00707,P0101,ST002,1/10/2025,5,715,0.1,Returned,Cash
S0014808,C00352,P0182,ST006,4/25/2025,2,462,0,completed,Card
S0019426,C00015,P0011,ST004,2/12/2025,4,980,0.05,Returned,Card
S0019753,C00207,P0146,ST005,11/21/2025,6,42,0,Cancelled,Bank Transfer
S0010601,C00540,P0192,ST006,5/10/2026,4,1131,0.15,Cancelled,Mobile Money
S0011576,C00285,P0093,ST020,12/3/2025,3,1371,0,Pending,Bank Transfer
S0016767,C00163,P0142,ST010,6/29/2025,6,1317,0.2,completed,Mobile Money
S0011522,C00596,P0114,ST006,5/9/2026,3,608,0.1,Pending,Cash
S0012603,C00081,P0080,ST009,6/18/2025,6,999,0.1,Pending,Mobile Money
S0015997,C00718,P0164,ST011,1/10/2025,3,1387,0,Completed,Cash
S0016225,C00596,P0085,ST007,7/17/2025,10,1070,0.05,Pending,Card
S0017661,C00309,P0120,ST020,6/25/2025,4,355,0.05,Completed,Mobile Money
S0018802,C00402,P0197,ST012,8/26/2025,2,841,0,completed,Card
S0015769,C00766,P0001,ST011,11/23/2025,8,912,0.1,completed,Card
S0016605,C00179,P0053,ST017,4/21/2026,4,1455,0.1,Pending,Bank Transfer
S0017811,C00734,P0058,ST017,7/29/2025,4,530,0.05,Pending,Bank Transfer
S0019468,C00067,P0145,ST016,3/16/2025,6,1404,0.1,completed,Cash
S0011387,C00450,P0193,ST005,8/13/2025,5,1421,0.05,Cancelled,Card
S0011698,C00497,P0102,ST005,6/11/2025,10,1302,0.05,Completed,Card
S0012888,C00853,P0109,ST009,4/15/2025,10,14,0.15,Returned,Mobile Money
S0011798,C00609,P0120,ST010,1/18/2026,5,728,0.1,Pending,Bank Transfer
S0012483,C00704,P0061,ST003,2/24/2025,8,1370,0,Pending,Mobile Money
S0012628,C00866,P0149,ST001,3/7/2025,5,935,0,completed,Cash
S0014491,C00536,P0099,ST014,3/7/2026,10,746,0.1,Cancelled,Card
S0010490,C00903,P0101,ST005,7/20/2026,10,553,0.1,Returned,Mobile Money
S0019728,C00607,P0054,ST009,5/1/2026,9,1061,0,Completed,Card
S0014395,C00873,P0024,ST003,3/19/2025,9,469,0.1,Returned,Bank Transfer
S0015276,C00246,P0159,ST003,2/11/2026,9,89,0.15,Completed,Mobile Money
S0012277,C00650,P0096,ST001,10/20/2025,2,1153,0.1,Completed,Cash
S0017556,C00891,P0177,ST020,2/20/2026,10,1188,0.05,Cancelled,Cash
S0018244,C00719,P0177,ST012,4/21/2026,1,871,0.1,Cancelled,Card
S0011295,C00497,P0177,ST013,1/14/2025,10,1447,0.15,Pending,Card
S0013121,C00058,P0177,ST008,3/5/2026,4,15,0,Pending,Mobile Money
S0014103,C00411,P0177,ST002,10/22/2025,7,1267,0,completed,Card
S0013823,C00694,P0177,ST016,12/17/2025,6,209,0,Pending,Cash
S0013172,C00246,P0177,ST001,9/22/2025,7,250,0,Cancelled,Mobile Money
S0017962,C00523,P0177,ST018,3/8/2025,7,311,0.1,completed,Card
S0017403,C00035,P0177,ST012,6/24/2026,5,371,0.05,Returned,Bank Transfer
S0011898,C00709,P0177,ST011,6/27/2025,6,1102,0.2,Cancelled,Card
S0015969,C00616,P0177,ST017,10/10/2025,8,1168,0.2,Returned,Cash
S0015868,C00060,P0177,ST005,12/5/2025,2,234,0.05,Cancelled,Mobile Money
S0010295,C00812,P0177,ST010,7/31/2026,6,530,0.2,Returned,Card
S0016678,C00696,P0177,ST004,7/20/2026,10,246,0.2,Returned,Mobile Money
S0011900,C00540,P0177,ST014,9/25/2025,5,790,0.2,Completed,Bank Transfer
S0013724,C00742,P0177,ST005,12/24/2025,3,804,0.05,completed,Mobile Money
S0019192,C00184,P0177,ST001,3/21/2025,2,160,0.05,Completed,Card
S0015562,C00680,P0177,ST013,11/22/2025,2,302,0,completed,Mobile Money
S0014553,C00861,P0177,ST006,11/19/2025,10,1005,0.15,completed,Cash
S0012528,C00859,P0177,ST007,6/9/2026,3,249,0,completed,Bank Transfer
S0011364,C00680,P0177,ST016,1/24/2026,5,429,0.1,Completed,Bank Transfer
S0012226,C00513,P0177,ST005,4/7/2026,10,969,0.15,Pending,Bank Transfer
S0013141,C00383,P0177,ST002,3/31/2026,3,1232,0.15,Pending,Bank Transfer
S0016476,C00732,P0177,ST004,2/20/2025,1,678,0.1,Completed,Mobile Money
S0016075,C00086,P0177,ST010,6/4/2025,6,49,0.05,Cancelled,Mobile Money
S0013549,C00154,P0177,ST011,5/30/2025,1,418,0.2,completed,Cash
S0013110,C00584,P0177,ST011,7/23/2025,6,259,0.05,Completed,Bank Transfer
S0018335,C00187,P0154,ST019,9/16/2025,4,215,0,Cancelled,Mobile Money
S0015881,C00818,P0177,ST011,7/1/2026,4,723,0.1,Completed,Card
S0019193,C00703,P0177,ST008,4/21/2025,1,118,0.1,Cancelled,Mobile Money
S0016262,C00675,P0177,ST001,7/17/2025,5,790,0.05,Cancelled,Mobile Money
S0012491,C00658,P0177,ST001,6/12/2026,5,1463,0.05,Pending,Mobile Money
S0015794,C00220,P0177,ST012,11/20/2025,9,800,0.05,completed,Mobile Money
S0013729,C00808,P0177,ST009,6/23/2025,10,581,0,completed,Mobile Money
S0020035,C00197,P0177,ST018,1/21/2026,5,487,0.2,Cancelled,Card
S0015413,C00729,P0177,ST009,6/12/2026,10,240,0.2,completed,Cash
S0019143,C00676,P0177,ST001,3/3/2025,4,438,0,Pending,Card
S0010825,C00001,P0154,ST015,1/17/2025,2,1193,0.2,Cancelled,Card
S0010275,C00110,P0177,ST018,6/26/2025,2,591,0.05,Pending,Cash
S0013603,C00486,P0177,ST007,5/14/2025,2,231,0.2,completed,Mobile Money
S0013768,C00973,P0177,ST008,10/31/2025,7,163,0.05,Pending,Bank Transfer
S0012038,C00771,P0177,ST005,6/23/2026,3,1170,0.1,Cancelled,Card
S0015751,C00303,P0177,ST005,6/16/2026,3,184,0.15,Pending,Mobile Money
S0016410,C00326,P0177,ST014,1/29/2026,3,1187,0.1,Pending,Bank Transfer
S0011462,C00681,P0177,ST016,5/12/2026,8,869,0.15,Cancelled,Bank Transfer
S0015064,C00279,P0177,ST012,1/29/2026,7,1400,0.2,completed,Bank Transfer
S0016567,C00853,P0177,ST009,8/15/2025,3,997,0,Returned,Mobile Money
S0017414,C00132,P0177,ST009,6/30/2026,4,578,0.1,completed,Mobile Money
S0012653,C00535,P0177,ST019,3/1/2025,9,1187,0,Cancelled,Cash
S0019477,C00389,P0177,ST006,11/20/2025,5,634,0.1,Cancelled,Mobile Money
S0020014,C00695,P0177,ST012,2/21/2026,4,831,0.2,Completed,Bank Transfer
S0018279,C00251,P0177,ST012,3/21/2025,4,1454,0,Completed,Bank Transfer
S0015495,C00019,P0154,ST011,4/28/2026,5,136,0.15,Returned,Bank Transfer
S0011327,C00957,P0154,ST004,10/30/2025,7,672,0,Returned,Mobile Money
S0017583,C00620,P0154,ST005,4/6/2025,6,48,0.05,Returned,Mobile Money
S0017112,C00582,P0177,ST016,7/9/2026,10,296,0.15,completed,Cash
S0019897,C00310,P0177,ST019,5/27/2026,4,630,0.15,Completed,Cash
S0011066,C00958,P0154,ST011,11/6/2025,9,686,0.2,Returned,Cash
S0019096,C00407,P0154,ST006,11/1/2025,8,479,0.1,Cancelled,Card
S0016733,C00778,P0154,ST002,3/10/2026,1,1078,0.15,completed,Cash
S0015042,C00697,P0177,ST016,12/29/2025,10,997,0.15,Returned,Bank Transfer
S0018566,C00433,P0154,ST004,11/25/2025,2,559,0.05,Pending,Bank Transfer
S0019289,C00286,P0154,ST020,6/18/2025,3,358,0.05,completed,Cash
S0019745,C00554,P0154,ST019,8/14/2025,9,994,0,Returned,Cash
S0015656,C00219,P0154,ST008,1/21/2025,6,784,0.05,Cancelled,Bank Transfer
S0018540,C00784,P0177,ST007,1/8/2025,7,1215,0.15,Cancelled,Cash
S0013626,C00623,P0154,ST010,4/19/2025,2,187,0,completed,Card
S0010384,C00801,P0154,ST999,3/15/2025,1,263,0.2,completed,Card
S0018646,C00995,P0154,ST015,9/6/2025,3,355,0.2,Returned,Cash
S0012199,C00673,P0154,ST018,5/22/2026,10,1163,0.15,Returned,Bank Transfer
S0014406,C00271,P0154,ST010,3/10/2026,3,806,0.05,completed,Card
S0018292,C00937,P0154,ST008,12/24/2025,6,121,0.15,Completed,Mobile Money
S0011826,C00989,P0154,ST004,4/15/2025,8,711,0.05,Completed,Cash
S0018275,C00965,P0154,ST006,9/24/2025,8,1303,0.2,Cancelled,Bank Transfer
S0010152,C00313,P0154,ST005,7/31/2025,5,229,0.2,Pending,Cash
S0014179,C00754,P0154,ST019,9/5/2025,4,615,0.05,Returned,Card
S0015336,C00278,P0154,ST014,5/24/2025,4,891,0.05,Completed,Mobile Money
S0016447,C00173,P0154,ST019,10/18/2025,8,1133,0.05,completed,Mobile Money
S0019759,C00558,P0154,ST017,2/13/2026,4,1061,0.1,completed,Card
S0018583,C00159,P0154,ST016,2/1/2025,6,887,0.15,completed,Cash
S0012680,C00262,P0154,ST018,2/26/2026,8,719,0.1,Completed,Mobile Money
S0011601,C00040,P0154,ST015,7/10/2026,4,223,0.1,Cancelled,Mobile Money
S0010732,C00868,P0154,ST018,3/30/2025,5,551,0,completed,Bank Transfer
S0013088,C00230,P0154,ST016,5/16/2025,9,983,0,Cancelled,Card
S0012342,C00132,P0154,ST020,2/25/2026,8,585,0.05,Cancelled,Mobile Money
S0013542,C00037,P0154,ST002,11/23/2025,3,189,0,Returned,Card
S0014919,C00441,P0154,ST013,4/27/2026,10,435,0.2,Returned,Mobile Money
S0011438,C00685,P0154,ST003,4/19/2026,10,1399,0.15,Cancelled,Mobile Money
S0016110,C00381,P0154,ST010,7/14/2026,4,1389,0,Returned,Mobile Money
S0015285,C00328,P0154,ST016,6/25/2025,5,1096,0.05,Returned,Card
S0017367,C00108,P0154,ST002,4/1/2026,1,707,0.05,Completed,Card
S0015690,C00892,P0154,ST004,1/4/2025,8,1037,0.15,Pending,Bank Transfer
S0010281,C00054,P0154,ST011,12/18/2025,8,1402,0.1,Cancelled,Card
S0013573,C00898,P0154,ST013,1/29/2026,8,775,0.05,Cancelled,Card
S0017289,C00914,P0154,ST002,5/11/2026,6,388,0.15,Completed,Bank Transfer
S0010120,C00197,P0154,ST008,5/7/2026,6,762,0.1,completed,Bank Transfer
S0018517,C00688,P0154,ST019,6/1/2025,6,1196,0.1,Pending,Cash
S0013674,C00008,P0116,ST010,5/13/2026,7,692,0.05,Returned,Mobile Money
S0017347,C00580,P0116,ST010,6/23/2026,1,574,0.15,Completed,Card
S0012461,C00450,P0116,ST011,12/10/2025,8,258,0,Cancelled,Mobile Money
S0014686,C00137,P0116,ST020,6/10/2025,9,263,0.05,Completed,Card
S0014517,C00749,P0116,ST006,3/29/2025,8,1444,0.1,Returned,Cash
S0018607,C00535,P0116,ST002,4/21/2026,7,1286,0.05,Returned,Mobile Money
S0012860,C00108,P0116,ST006,7/5/2025,5,46,0.05,Returned,Card
S0017103,C00930,P0116,ST004,5/16/2026,7,972,0,Cancelled,Card
S0010060,C00848,P0116,ST019,3/12/2026,6,97,0.1,Returned,Card
S0019031,C00839,P0116,ST010,10/19/2025,9,862,0.1,Pending,Cash
S0018916,C00441,P0151,ST008,9/5/2025,1,1105,0.05,Returned,Cash
S0010335,C00346,P0116,ST014,7/18/2025,3,163,0.15,Returned,Mobile Money
S0012977,C00195,P0116,ST012,9/26/2025,2,1268,0.2,completed,Bank Transfer
S0013338,C00893,P0116,ST018,7/25/2026,1,457,0,completed,Cash
S0016161,C00740,P0116,ST001,7/26/2026,1,982,0.15,Returned,Cash
S0016665,C00146,P0151,ST005,1/17/2025,10,311,0,Pending,Bank Transfer
S0019747,C00811,P0116,ST009,1/1/2026,10,1248,0.1,Returned,Mobile Money
S0018119,C00544,P0116,ST005,10/30/2025,6,163,0.2,Cancelled,Bank Transfer
S0013184,C00669,P0116,ST019,4/17/2025,1,291,0,Completed,Cash
S0020033,C00846,P0116,ST006,6/29/2025,10,1109,0.1,Pending,Mobile Money
S0019909,C00495,P0151,ST019,9/3/2025,10,745,0,Returned,Card
S0016574,C00671,P0116,ST010,8/4/2025,8,502,0.05,Pending,Bank Transfer
S0016827,C00836,P0151,ST012,7/22/2026,3,233,0.2,Cancelled,Bank Transfer
S0018754,C00179,P0116,ST012,5/6/2026,4,343,0.2,completed,Mobile Money
S0015908,C00428,P0116,ST015,1/20/2025,1,298,0.05,Returned,Card
S0014759,C00209,P0116,ST001,1/21/2026,3,683,0.1,Cancelled,Mobile Money
S0012047,C00776,P0116,ST018,8/10/2025,6,885,0.15,Returned,Cash
S0018175,C00935,P0151,ST018,1/3/2025,5,1232,0.05,Cancelled,Bank Transfer
S0012772,C00680,P0151,ST020,8/18/2025,4,669,0.1,Cancelled,Cash
S0011077,C00846,P0151,ST003,5/28/2025,3,1110,0.2,completed,Cash
S0019210,C00617,P0116,ST020,2/23/2025,1,1395,0.2,Cancelled,Mobile Money
S0016648,C00326,P0116,ST005,7/28/2026,6,1373,0.1,Completed,Bank Transfer
S0015611,C00175,P0151,ST001,11/4/2026,6,808,0.05,Cancelled,Cash
S0014584,C00678,P0151,ST017,6/24/2025,7,430,0,Returned,Mobile Money
S0017360,C00051,P0151,ST003,4/21/2025,4,108,0.1,Cancelled,Bank Transfer
S0018104,C00993,P0116,ST016,5/19/2026,5,480,0.05,Cancelled,Mobile Money
S0016643,C00941,P0151,ST003,9/22/2025,10,152,0.2,Completed,Card
S0011339,C00733,P0151,ST002,9/14/2025,1,1387,0.2,completed,Mobile Money
S0012136,C00659,P0116,ST014,2/7/2025,5,150,0.1,Cancelled,Bank Transfer
S0016388,C00124,P0116,ST010,5/7/2025,8,612,0.2,completed,Bank Transfer
S0019239,C00062,P0151,ST017,6/17/2025,1,1147,0,Completed,Bank Transfer
S0015320,C00043,P0116,ST020,4/4/2025,3,719,0.05,Returned,Card
S0012765,C00680,P0116,ST016,1/22/2025,5,644,0.05,Pending,Bank Transfer
S0019483,C00772,P0116,ST011,9/8/2025,5,1270,0.2,completed,Mobile Money
S0019300,C00935,P0116,ST013,5/3/2026,3,1305,0.05,Cancelled,Bank Transfer
S0014042,C00648,P0116,ST020,10/22/2025,9,529,0.15,Pending,Card
S0015644,C00419,P0116,ST011,1/15/2025,7,118,0.05,Pending,Mobile Money
S0016261,C00554,P0151,ST016,6/15/2026,8,619,0.15,Completed,Mobile Money
S0012301,C00691,P0116,ST005,3/12/2026,8,44,0.05,Pending,Cash
S0017141,C00680,P0116,ST008,6/26/2026,3,685,0.1,Cancelled,Cash
S0015384,C00741,P0116,ST015,9/12/2025,1,1149,0.2,Completed,Mobile Money
S0013253,C00053,P0151,ST020,2/21/2026,5,1432,0.15,Pending,Card
S0013875,C00119,P0116,ST003,1/16/2026,5,1412,0.2,Pending,Mobile Money
S0017159,C00855,P0151,ST012,4/21/2025,10,1317,0.1,Returned,Cash
S0015238,C00192,P0151,ST012,7/17/2026,3,186,0.05,Pending,Bank Transfer
S0019168, C00305 ,P0116,ST005,12/9/2025,8,1023,0.05,Completed,Mobile Money
S0015225,C00558,P0151,ST009,1/16/2026,9,1288,0.2,Completed,Card
S0012380,C00154,P0151,ST012,1/22/2025,3,691,0.15,Returned,Card
S0015840,C00266,P0116,ST009,8/6/2025,10,994,0.1,Returned,Mobile Money
S0016952,C00843,P0151,ST010,7/6/2025,4,287,0,Cancelled,Mobile Money
S0014052,C00626,P0116,ST011,4/1/2025,5,49,0.15,Completed,Bank Transfer
S0017571,C00874,P0151,ST013,5/24/2026,4,221,0,Cancelled,Bank Transfer
S0016662,C00226,P0151,ST020,4/5/2025,9,634,0.05,Pending,Cash
S0018090,C00587,P0151,ST004,11/28/2025,2,76,0.15,Completed,Cash
S0019290,C00479,P0151,ST003,5/3/2025,7,555,0.15,Cancelled,Cash
S0013601,C00881,P0151,ST012,8/14/2025,6,1229,0.1,Cancelled,Bank Transfer
S0018319,C00968,P0116,ST016,3/14/2026,4,1468,0,Pending,Card
S0018559,C00531,P0151,ST019,7/27/2025,10,1495,0.05,Pending,Cash
S0013348,C00168,P0151,ST011,7/6/2025,10,1075,0.2,completed,Bank Transfer
S0017584,C00640,P0151,ST012,1/30/2025,8,49,0.1,Cancelled,Cash
S0016852,C00482,P0151,ST002,6/26/2026,8,1156,0.05,Completed,Card
S0017002,C00788,P0116,ST006,7/22/2025,1,384,0.2,Cancelled,Card
S0017408,C00902,P0116,ST005,2/1/2025,6,816,0.2,Cancelled,Card
S0018109,C00027,P0116,ST001,6/11/2026,1,1248,0.15,Completed,Mobile Money
S0011070,C00551,P0116,ST004,3/1/2026,8,86,0.05,completed,Card
S0018361,C00675,P0151,ST019,3/8/2026,5,1183,0.1,Pending,Mobile Money
S0017491,C00154,P0151,ST002,1/10/2026,5,1100,0.15,Completed,Mobile Money
S0014799,C00849,P0151,ST015,4/17/2025,3,518,0.05,Returned,Card
S0010344,C00911,P0151,ST002,1/28/2025,10,1433,0.15,Pending,Mobile Money
S0016524,C00329,P0151,ST015,5/26/2025,4,1473,0.05,Cancelled,Bank Transfer
S0016093,C00903,P0151,ST005,10/1/2025,9,19,0,Returned,Bank Transfer
S0019590,C00029,P0151,ST009,1/23/2025,6,1378,0,Returned,Cash
S0012758,C00585,P0116,ST009,5/5/2026,5,122,0.05,Cancelled,Card
S0017631,C00646,P0151,ST017,1/15/2025,7,140,0.15,Returned,Card
S0015048,C00526,P0151,ST011,4/25/2025,10,961,0.05,Cancelled,Bank Transfer
S0015297,C00294,P0151,ST011,7/5/2026,5,886,0.05,Pending,Mobile Money
S0016645,C00636,P0151,ST009,11/14/2025,4,1063,0.15,Completed,Mobile Money
S0019053,C00891,P0151,ST019,1/12/2025,10,71,0.1,Completed,Bank Transfer
S0019573,C00729,P0151,ST001,6/9/2026,3,857,0,Cancelled,Mobile Money
S0018548,C00721,P0151,ST015,12/31/2025,6,589,0.2,Completed,Bank Transfer
S0010274,C00363,P0095,ST009,8/16/2025,7,117,0,Returned,Cash
S0015338,C00885,P0095,ST014,11/21/2025,8,3,0.15,Completed,Bank Transfer
S0019099,C00990,P0095,ST019,1/18/2026,4,780,0.1,completed,Mobile Money
S0013689,C00548,P0095,ST006,10/26/2025,3,503,0.15,Completed,Card
S0015617,C00648,P0095,ST004,6/16/2025,7,324,0.2,Completed,Cash
S0011958,C00716,P0095,ST010,5/7/2026,2,1340,0.2,Cancelled,Card
S0011939,C00766,P0095,ST017,4/8/2025,4,193,0.1,Completed,Cash
S0017710,C00121,P0095,ST018,12/19/2025,10,837,0.05,completed,Cash
S0015294,C00551,P0095,ST010,9/12/2025,2,575,0.05,Pending,Mobile Money
S0019323,C00518,P0095,ST019,4/26/2025,5,1166,0.05,Cancelled,Card
S0017307,C00329,P0095,ST013,5/17/2026,8,1176,0.2,Pending,Cash
S0014771,C00741,P0095,ST020,3/4/2026,4,1201,0.05,Completed,Card
S0017356,C00408,P0095,ST005,7/17/2026,1,594,0,completed,Cash
S0012806,C00884,P0095,ST009,2/27/2026,4,132,0.2,Returned,Bank Transfer
S0012418,C00502,P0095,ST011,7/13/2025,1,1193,0.15,completed,Bank Transfer
S0018066,C00877,P0095,ST005,1/21/2026,9,510,0.1,completed,Bank Transfer
S0014804,C00068,P0095,ST010,7/6/2026,7,990,0.1,Returned,Bank Transfer
S0014875,C00455,P0095,ST012,10/3/2025,8,1172,0,completed,Mobile Money
S0012549,C00116,P0095,ST016,9/14/2025,1,1172,0.15,Pending,Cash
S0016956,C00692,P0095,ST001,6/10/2026,10,989,0.1,Cancelled,Bank Transfer
S0010031,C00637,P0095,ST018,9/13/2025,5,928,0.1,Returned,Mobile Money
S0012193,C00166,P0095,ST002,9/17/2025,8,478,0,Completed,Mobile Money
S0012131,C00954,P0095,ST006,7/8/2026,9,728,0.05,Pending,Mobile Money
S0011878,C00411,P0095,ST006,3/17/2026,10,297,0,Completed,Card
S0017854,C00068,P0095,ST004,3/6/2026,6,952,0.1,completed,Card
S0010089,C00667,P0095,ST018,4/2/2025,4,296,0.05,Pending,Mobile Money
S0014556,C00191,P0095,ST009,3/15/2025,9,467,0,Cancelled,Bank Transfer
S0018535,C00676,P0095,ST018,3/5/2025,5,194,0.1,Completed,Cash
S0017990,C00790,P0095,ST010,10/23/2025,2,1401,0.15,Pending,Bank Transfer
S0011969,C00378,P0095,ST012,6/2/2025,6,361,0.15,Returned,Card
S0018409,C00171,P0095,ST007,4/28/2026,10,509,0.2,completed,Cash
S0012161,C00952,P0095,ST006,9/17/2025,8,649,0.1,completed,Mobile Money
S0013043,C00026,P0095,ST015,9/26/2025,8,201,,Cancelled,Cash
S0018806,C00327,P0095,ST016,1/27/2025,9,1372,0,Returned,Card
S0014552,C00495,P0095,ST005,1/31/2025,8,1430,0,Cancelled,Card
S0017268,C00887,P0095,ST009,6/22/2025,5,507,0.05,Returned,Card
S0018980,C00717,P0095,ST019,11/25/2025,3,120,0.05,completed,Bank Transfer
S0014511,C00127,P0095,ST017,12/18/2025,1,851,0.15,Pending,Bank Transfer
S0011176,C00787,P0095,ST011,3/21/2026,3,645,0.1,Cancelled,Cash
S0011819,C00106,P0095,ST013,1/26/2025,2,1163,0.2,Completed,Mobile Money
S0010531,C00566,P0095,ST007,5/25/2025,9,909,0.2,Cancelled,Card
S0017379,C00584,P0095,ST019,12/26/2025,9,82,0.05,Pending,Cash
S0018070,C00842,P0095,ST008,2/24/2025,2,873,0,Completed,Bank Transfer
S0017685,C00006,P0095,ST012,2/23/2026,8,1412,0.05,Cancelled,Bank Transfer
S0012558,C00660,P0095,ST019,4/1/2026,7,1074,0.05,Cancelled,Cash
S0015952,C00876,P0095,ST011,2/15/2026,1,1038,0.1,completed,Bank Transfer
S0016591,C00418,P0095,ST006,1/30/2026,7,570,0.2,completed,Bank Transfer
S0020003,C00914,P0095,ST012,3/19/2026,2,285,0.2,Pending,Mobile Money
S0014679,C00520,P0095,ST004,10/24/2025,3,10,0,Pending,Bank Transfer
S0014126,C00803,P0095,ST005,6/7/2026,3,3,0.15,Cancelled,Mobile Money
S0014940,C00409,P0095,ST010,7/26/2025,3,97,0.05,Cancelled,Card
S0017216,C00247,P0181,ST019,7/12/2026,2,741,0.2,Cancelled,Bank Transfer
S0016276,C00084,P0181,ST020,4/1/2025,8,780,0,completed,Card
S0017701,C00518,P0181,ST007,3/23/2026,4,1027,0.1,Completed,Card
S0015248,C00393,P0181,ST019,10/3/2025,4,287,0.2,Returned,Cash
S0011556,C00239,P0181,ST012,4/18/2026,6,988,0.05,Cancelled,Card
S0014454,C00512,P0181,ST013,11/11/2025,6,878,0.15,Completed,Bank Transfer
S0014398,C00784,P0181,ST003,6/8/2026,6,524,0.2,completed,Card
S0014163,C00637,P0181,ST007,5/23/2026,5,470,0.05,Returned,Bank Transfer
S0010806,C00685,P0181,ST012,9/3/2025,1,1137,0.15,Cancelled,Card
S0014805,C00887,P0181,ST017,4/18/2026,4,124,0.1,Returned,Card
S0012233,C00966,P0181,ST001,4/12/2025,2,472,0.2,Pending,Cash
S0011347,C00162,P0181,ST004,8/28/2025,3,78,0.15,Completed,Cash
S0011437,C00084,P0181,ST009,3/27/2025,4,474,0.1,Completed,Mobile Money
S0017657,C00973,P0181,ST019,5/9/2025,10,970,0.15,Returned,Cash
S0014089,C00508,P0181,ST007,10/4/2025,2,669,0.1,Completed,Bank Transfer
S0010567,C00588,P0181,ST004,3/1/2026,3,763,0.1,Returned,Bank Transfer
S0011117,C00634,P0181,ST004,6/3/2026,2,175,0.05,completed,Bank Transfer
S0019062,C00923,P0181,ST017,10/15/2025,4,1195,0.1,Returned,Cash
S0019778,C00616,P0181,ST011,11/12/2025,6,739,0.2,Returned,Bank Transfer
S0012070,C00502,P0181,ST012,12/24/2025,7,439,0.2,Cancelled,Cash
S0013168,C00377,P0181,ST019,7/10/2026,7,915,0.2,Completed,Card
S0012726,C00993,P0181,ST012,2/11/2025,1,823,0.1,Completed,Cash
S0014458,C00943,P0181,ST010,10/24/2025,4,70,0.2,Pending,Card
S0010614,C00571,P0181,ST007,5/1/2025,6,690,0.1,Completed,Cash
S0017042,C00797,P0181,ST017,6/13/2026,1,695,0.1,Cancelled,Mobile Money
S0020012,C00883,P0181,ST009,4/23/2025,9,662,0.1,completed,Cash
S0013395,C00983,P0181,ST012,2/28/2025,6,1448,0.15,completed,Bank Transfer
S0010654,C00558,P0181,ST018,4/4/2025,5,335,0.15,Returned,Mobile Money
S0011355,C00962,P0181,ST014,3/18/2025,10,445,0.15,Cancelled,Mobile Money
S0014507,C00892,P0181,ST002,3/30/2025,5,1121,0.2,Completed,Card
S0012338,C00140,P0181,ST012,1/15/2025,3,945,0,Completed,Cash
S0019344,C00489,P0181,ST005,4/4/2026,1,1192,0,Completed,Cash
S0011292,C00158,P0181,ST019,5/13/2026,2,593,0.2,Pending,Mobile Money
S0016308,C00049,P0181,ST016,5/4/2025,8,301,0.1,Completed,Card
S0010808,C00537,P0181,ST012,8/30/2025,1,687,0,Pending,Card
S0015043,C00896,P0181,ST006,12/30/2025,3,1248,0.2,Pending,Mobile Money
S0016175,C00880,P0181,ST012,4/18/2026,5,1472,0.2,Returned,Card
S0011046,C00252,P0181,ST014,3/15/2026,5,1243,0.1,Completed,Mobile Money
S0019712,C00085,P0181,ST004,11/19/2025,6,576,0.05,Pending,Bank Transfer
S0016569,C00316,P0181,ST019,2/22/2025,8,504,0.1,completed,Mobile Money
S0013275,C00862,P0181,ST011,4/13/2026,9,272,0.1,Cancelled,Cash
S0011508,C00947,P0181, ST004 ,7/19/2026,8,375,0.05,completed,Bank Transfer
S0011837,C00474,P0181,ST007,8/25/2025,8,515,0.1,Completed,Bank Transfer
S0017432,C00554,P0181,ST002,11/10/2025,6,1196,0.15,Completed,Bank Transfer
S0015995,C00769,P0181,ST007,3/13/2025,2,1013,0.1,Pending,Cash
S0012807,C00696,P0181,ST009,3/12/2025,4,431,0.2,Cancelled,Bank Transfer
S0018887,C00948,P0181,ST006,7/29/2025,10,816,0,Completed,Card
S0014869,C00645,P0181,ST017,5/9/2026,5,1365,0.1,Cancelled,Mobile Money
S0018133,C00960,P0181,ST014,5/9/2025,10,1150,0.2,Pending,Card
S0011272,C00970,P0093,ST017,10/16/2025,3,736,0.2,Returned,Bank Transfer
S0017744,C00932,P0093,ST009,5/11/2026,1,569,0.15,completed,Bank Transfer
S0010506,C00486,P0093,ST009,5/20/2025,7,174,0.2,Completed,Cash
S0019929,C00903,P0093,ST017,11/18/2025,6,871,0.2,completed,Cash
S0012265,C00648,P0093,ST007,12/11/2025,4,1027,0,completed,Card
S0017746,C00698,P0093,ST010,7/22/2026,10,721,0.1,Cancelled,Card
S0011847,C00744,P0093,ST002,1/13/2026,1,1492,0.15,Cancelled,Bank Transfer
S0015215,C00143,P0093,ST001,6/28/2025,1,536,0.2,Pending,Bank Transfer
S0018152,C00176,P0093,ST010,10/26/2025,1,492,0,Returned,Bank Transfer
S0012535,C00838,P0093,ST017,2/27/2026,10,725,0.15,completed,Cash
S0010461,C00549,P0093,ST007,5/23/2025,7,366,0.1,completed,Bank Transfer
S0012019,C00610,P0093,ST005,11/15/2025,1,284,0.2,completed,Cash
S0015421,C00171,P0093,ST010,1/7/2025,5,306,0.15,completed,Cash
S0018880,C00385,P0093,ST005,7/30/2026,9,1245,0,completed,Card
S0018429,C00959,P0093,ST008,7/7/2026,6,707,0.05,Returned,Card
S0017070,C00039,P0136,ST009,2/10/2026,6,1144,0,Pending,Mobile Money
S0012509,C00881,P0093,ST009,6/11/2026,3,478,0.1,completed,Mobile Money
S0018015,C00195,P0093,ST014,3/11/2026,5,1100,0.05,Completed,Bank Transfer
S0011730,C00907,P0093,ST008,6/25/2025,9,4,0.1,Cancelled,Mobile Money
S0016405,C00400,P0093,ST005,10/3/2025,3,410,0,Completed,Mobile Money
S0016573,C00010,P0093,ST006,4/19/2025,3,1000,0,completed,Mobile Money
S0012671,C00918,P0093,ST008,6/6/2025,6,798,0.1,Pending,Bank Transfer
S0014013,C00701,P0093,ST002,3/29/2025,4,234,0.1,Returned,Card
S0019329,C00736,P0093,ST005,7/19/2026,1,106,0.2,Cancelled,Card
S0010666,C00503,P0093,ST001,10/19/2025,5,1346,0.05,Completed,Mobile Money
S0019914,C00086,P0093,ST009,4/6/2025,9,684,0,completed,Cash
S0016049,C00268,P0093,ST018,4/5/2025,2,1482,0,Completed,Cash
S0015466,C00355,P0093,ST002,12/15/2025,2,835,0.2,Completed,Card
S0014638,C00544,P0054,ST018,12/6/2025,3,337,0.15,Cancelled,Card
S0014917,C00995,P0093,ST003,12/27/2025,10,68,0.1,Returned,Bank Transfer
S0013185,C00419,P0093,ST012,7/14/2026,2,15,0.1,Pending,Mobile Money
S0018586,C00600,P0093,ST019,2/5/2025,1,1125,0.15,Cancelled,Mobile Money
S0016740,C00882,P0093,ST001,6/1/2026,1,220,0,Returned,Card
S0015913, C00414 ,P0093,ST015,4/5/2026,4,1469,0,Pending,Bank Transfer
S0019660, C00414 ,P0093,ST015,4/5/2026,2,119,0,Pending,Bank Transfer
S0019943,C00879,P0093,ST019,7/6/2025,9,1132,0.2,Cancelled,Cash
S0015546,C00981,P0093,ST016,6/30/2025,7,950,0.05,Cancelled,Cash
S0011580,C00839,P0093,ST018,6/29/2025,7,1411,0.15,Completed,Mobile Money
S0010653,C00160,P0093,ST012,10/24/2025,7,585,0.1,Pending,Bank Transfer
S0013846,C00413,P0093,ST019,3/2/2025,3,152,0,Cancelled,Mobile Money
S0013881,C00374,P0093,ST010,4/3/2025,10,1290,0.05,completed,Cash
S0019771,C00522,P0093,ST001,5/19/2025,5,169,0.1,completed,Bank Transfer
S0012989,C00880,P0093,ST009,9/24/2025,2,1447,0.2,Completed,Mobile Money
S0011625,C00785,P0013,ST013,2/5/2026,8,774,0,Pending,Cash
S0017339,C00631,P0068,ST009,11/24/2025,4,506,0.2,Pending,Mobile Money
S0012048,C00805,P0093,ST008,1/30/2026,9,346,0.2,Pending,Mobile Money
S0011267,C00714,P0141,ST008,8/19/2025,5,283,0.2,completed,Card
S0016918,C00376,P0093,ST006,8/4/2025,8,694,0.15,Cancelled,Card
S0012421,C00423,P0141,ST016,2/7/2025,8,705,0.1,Returned,Bank Transfer
S0010976,C00211,P0093,ST016,7/12/2025,6,1412,0.15,Returned,Bank Transfer
S0015337,C00547,P0093,ST008,3/2/2026,3,983,0,Returned,Card
S0017839,C00295,P0054,ST009,11/2/2025,7,743,0,Pending,Cash
S0012927,C00938,P0093,ST008,5/22/2025,3,519,0,Returned,Mobile Money
S0017401,C00854,P0010,ST011,12/17/2025,5,1328,0,Returned,Mobile Money
S0013639,C00912,P0093,ST018,4/20/2026,10,1385,0.1,Cancelled,Cash
S0017865,C00951,P0158,ST008,8/20/2025,3,350,0,completed,Bank Transfer
S0015052,C00098,P0161,ST012,9/23/2025,8,1216,0.1,Pending,Card
S0011885,C00652,P0068,ST015,1/3/2025,8,827,0.15,Returned,Mobile Money
S0014353,C00636,P0161,ST017,10/20/2025,9,799,0.2,Pending,Card
S0014935,C00403,P0141,ST016,6/2/2026,1,120,0.05,completed,Bank Transfer
S0019249,C00979,P0068,ST010,3/19/2026,9,139,0.2,Returned,Bank Transfer
S0016875,C00785,P0141,ST004,4/11/2026,8,1402,0.2,completed,Card
S0013494,C00289,P0093,ST013,11/13/2025,5,261,0,Cancelled,Cash
S0012118,C00613,P0141,ST013,12/7/2025,9,231,0.05,completed,Cash
S0013328,C00581,P0010,ST015,11/10/2025,1,1036,0.2,Pending,Cash
S0013369,C00830,P0068,ST010,7/24/2025,3,1082,,Cancelled,Bank Transfer
S0013991,C00965,P0093,ST014,4/22/2026,2,743,0.05,Returned,Card
S0015752,C00954,P0010,ST019,6/10/2025,8,930,0.1,Completed,Mobile Money
S0011496,C00062,P0093,ST007,7/21/2026,10,412,0.05,Pending,Card
S0017527,C00659,P0068,ST009,5/24/2025,7,1102,0.1,Pending,Cash
S0015565,C00990,P0013,ST012,3/25/2026,10,646,0.05,Cancelled,Card
S0013604,C00649,P0010,ST002,9/3/2025,3,1418,0,completed,Card
S0014565,C00749,P0158,ST014,5/4/2025,1,109,0.2,completed,Card
S0014873,C00098,P0068,ST005,1/14/2025,5,682,0,Pending,Card
S0017879,C00823,P0093,ST001,8/3/2025,10,1428,0.2,Completed,Bank Transfer
S0016836,C00608,P0158,ST020,12/6/2025,5,569,0.2,Completed,Mobile Money
S0015241,C01000,P0093,ST001,1/24/2026,1,693,0.2,Pending,Bank Transfer
S0016012,C00506,P0054,ST006,2/12/2025,7,921,0.05,Pending,Cash
S0012793,C00718,P0010,ST010,7/19/2025,2,1406,0.2,Returned,Bank Transfer
S0015798,C00933,P0010,ST016,11/5/2025,3,536,0.2,Pending,Cash
S0010805,C00523,P0093,ST006,2/7/2025,2,392,0.05,Pending,Card
S0017346,C00940,P0136,ST004,2/14/2025,3,631,0.15,Cancelled,Mobile Money
S0018269,C00900,P0141,ST004,5/4/2026,7,87,0.1,Pending,Mobile Money
S0013413,C00837,P0161,ST005,4/20/2026,5,970,0,Cancelled,Bank Transfer
S0015203,C00084,P0054,ST005,11/17/2025,5,346,0.15,Returned,Cash
S0012254,C00202,P0068,ST016,5/23/2025,5,1007,0.15,Cancelled,Bank Transfer
S0010571,C00408,P0161,ST015,2/21/2026,8,900,0.15,Cancelled,Mobile Money
S0019674,C00960,P0141,ST017,7/9/2025,1,916,0.15,Returned,Bank Transfer
S0011672,C00841,P0161,ST008,4/3/2026,5,1446,0.2,completed,Bank Transfer
S0011715,C00792,P0054,ST005,4/10/2026,8,114,0.15,Pending,Cash
S0019253,C00882,P0068,ST006,7/7/2025,10,593,0,Completed,Cash
S0012518,C00237,P0093,ST015,11/28/2025,9,1472,0.2,Returned,Card
S0013326,C00217,P0141,ST005,7/17/2025,3,1376,0.2,Pending,Cash
S0018816,C00386,P0141,ST013,1/2/2025,6,1392,0.1,completed,Card
S0010611,C00256,P0054,ST018,7/6/2025,6,850,0.15,Returned,Mobile Money
S0013497,C00251,P0158,ST005,10/7/2025,3,288,0.2,Cancelled,Bank Transfer
S0013412,C00577,P0161,ST008,6/7/2025,9,35,0.05,completed,Bank Transfer
S0011251,C00077,P0141,ST004,12/26/2025,7,703,0,Cancelled,Cash
S0011509,C00662,P0054,ST002,1/31/2026,5,107,0,Returned,Mobile Money
S0019007,C00852,P0054,ST007,2/14/2026,8,381,0.15,Cancelled,Bank Transfer
S0017089,C00684,P0141,ST012,9/19/2025,5,789,0.15,Pending,Bank Transfer
S0017629,C00625,P0161,ST013,12/1/2025,3,540,0,Returned,Cash
S0018261,C00565,P0161,ST014,8/28/2025,2,41,0.1,completed,Mobile Money
S0019797,C00038,P0136,ST016,5/2/2026,9,740,0.05,Returned,Card
S0018405,C00605,P0010,ST005,4/3/2026,9,500,0.1,Pending,Cash
S0012677,C00118,P0010,ST015,9/18/2025,9,1460,0.15,Completed,Card
S0012924,C00106,P0161,ST014,7/11/2025,3,1231,0.15,Cancelled,Bank Transfer
S0014867,C00412,P0010,ST015,4/20/2026,1,141,,Completed,Card
S0012804,C00080,P0158,ST020,5/8/2025,1,388,0,Completed,Cash
S0015305,C00928,P0136,ST002,3/19/2026,5,653,0.05,Cancelled,Mobile Money
S0018461,C00709,P0136,ST001,7/31/2025,4,535,0.1,completed,Card
S0011738,C00194,P0010,ST014,7/24/2025,9,228,0.2,Cancelled,Cash
S0011513,C00221,P0013,ST018,2/27/2026,3,371,0.15,Completed,Mobile Money
S0010963,C00505,P0141,ST011,1/30/2026,10,563,0.2,Returned,Mobile Money
S0011433,C00153,P0136,ST009,3/9/2025,7,752,0.05,Pending,Cash
S0012133,C00125,P0068,ST018,6/12/2026,1,405,0,Pending,Mobile Money
S0012165,C00978,P0141,ST006,11/17/2025,8,1446,0.15,completed,Mobile Money
S0016724,C00513,P0158,ST001,1/22/2025,10,1464,0,Cancelled,Card
S0016917,C00929,P0013,ST002,1/30/2026,5,770,,Returned,Bank Transfer
S0019392,C00562,P0010,ST007,5/26/2026,8,659,0.05,completed,Cash
S0012597,C00166,P0010,ST015,11/8/2025,6,696,0.2,Cancelled,Card
S0010030,C00342,P0136,ST014,12/1/2025,1,1158,0.05,Returned,Bank Transfer
S0017217,C00438,P0158,ST002,2/5/2026,10,646,0.15,Pending,Card
S0018981,C00486,P0136,ST001,5/15/2025,4,257,0.15,Returned,Bank Transfer
S0016271,C00147,P0068,ST009,1/17/2026,9,1054,0.2,Completed,Cash
S0019046,C00444,P0136,ST013,4/27/2026,9,973,0.1,Completed,Card
S0014865,C00464,P0161,ST017,6/11/2025,6,1206,0.15,completed,Cash
S0018438,C00402,P0068,ST008,2/19/2025,8,518,0,completed,Card
S0010923,C00848,P0013,ST016,7/8/2025,8,1202,0.1,completed,Bank Transfer
S0011340,C00712,P0054,ST004,3/15/2025,5,129,0.1,Returned,Cash
S0012651,C00645,P0141,ST011,1/18/2026,3,429,0.05,Cancelled,Mobile Money
S0012602,C00274,P0054,ST006,10/10/2025,9,1317,0.15,Pending,Card
S0016776,C00400,P0141,ST008,8/27/2025,2,240,0.2,Cancelled,Bank Transfer
S0014782,C00934,P0054,ST020,2/28/2026,6,305,0.05,Returned,Bank Transfer
S0012173,C00493,P0136,ST010,7/15/2026,6,295,0.15,Cancelled,Card
S0017716,C00338,P0136,ST012,8/30/2025,6,600,0.2,completed,Bank Transfer
S0014982,C00480,P0013,ST013,3/11/2026,8,815,0.2,Cancelled,Mobile Money
S0018767,C00720,P0158,ST011,5/1/2026,1,1068,0,Completed,Cash
S0012735,C00728,P0141,ST006,12/9/2025,1,785,0.2,Completed,Card
S0010040,C00512,P0161,ST010,1/24/2026,5,397,0.05,completed,Bank Transfer
S0014424,C00805,P0141,ST019,1/14/2025,1,894,0,Completed,Mobile Money
S0015346,C00476,P0161,ST002,4/27/2026,5,551,0.15,Completed,Cash
S0016038,C00785,P0141,ST009,7/2/2025,6,823,0.1,Cancelled,Bank Transfer
S0010187,C00118,P0010,ST004,11/14/2025,7,929,0,Completed,Bank Transfer
S0012187,C00965,P0158,ST007,1/30/2026,2,651,0.05,Returned,Bank Transfer
S0017896,C00288,P0013,ST005,1/10/2026,10,1479,0,Completed,Card
S0012440,C00508,P0013,ST004,7/30/2026,4,1387,0.05,Completed,Bank Transfer
S0017361,C00045,P0161,ST019,7/3/2026,6,1430,0,Cancelled,Bank Transfer
S0017720,C00448,P0054,ST018,2/13/2026,6,291,0.2,completed,Cash
S0015460,C00634,P0158,ST019,7/23/2026,2,22,0.1,Pending,Mobile Money
S0013864,C00139,P0013,ST013,8/1/2025,2,741,0.15,Returned,Bank Transfer
S0018635,C00364,P0141,ST017,5/15/2026,1,600,0.15,Returned,Bank Transfer
S0012992,C00218,P0161,ST003,7/9/2026,6,1003,0.15,completed,Bank Transfer
S0012696,C00604,P0054,ST006,6/5/2026,7,645,0.1,Returned,Bank Transfer
S0019378,C00210,P0054,ST001,7/4/2025,7,556,0.05,Completed,Cash
S0010023,C00809,P0010,ST013,4/20/2025,9,870,0.05,Pending,Mobile Money
S0018875,C00829,P0161,ST017,4/5/2026,4,783,0,Pending,Card
S0017076,C00356,P0010,ST017,10/1/2025,4,312,0.05,Pending,Cash
S0014064,C00726,P0013,ST003,3/19/2026,7,116,0,Cancelled,Mobile Money
S0015810,C00668,P0010,ST019,3/31/2026,9,281,0.05,Pending,Cash
S0013865,C00642,P0158,ST011,6/29/2026,5,681,0.1,Pending,Mobile Money
S0019993,C00874,P0161,ST007,1/11/2026,2,612,0.15,completed,Cash
S0015615,C00224,P0013,ST011,1/1/2025,9,384,0.15,Completed,Bank Transfer
S0012112,C00786,P0158,ST013,9/1/2025,3,978,0.1,Cancelled,Bank Transfer
S0019318,C00045,P0158,ST019,7/16/2026,2,688,0,Pending,Cash
S0012789,C00763,P0010,ST004,2/12/2025,1,592,0.05,Completed,Bank Transfer
S0016706,C00730,P0141,ST003,3/28/2026,3,556,0.1,completed,Card
S0014613,C00977,P0054,ST019,11/15/2025,3,303,0.15,Cancelled,Mobile Money
S0019104,C00299,P0141,ST009,5/18/2026,3,461,0.15,Pending,Mobile Money
S0016451,C00168,P0161,ST009,5/5/2025,5,1317,0.05,completed,Card
S0011270,C00088,P0010,ST004,9/1/2025,7,1334,0.15,Cancelled,Bank Transfer
S0018998,C00104,P0013,ST019,3/14/2026,4,1286,0.15,Pending,Bank Transfer
S0014234,C00050,P0010,ST003,5/19/2026,10,1179,0.2,Completed,Cash
S0018858,C00126,P0054,ST010,10/29/2025,7,765,0.2,Completed,Card
S0010762,C00518,P0068,ST002,5/15/2025,8,1286,0.05,completed,Mobile Money
S0019955,C00605,P0136,ST010,7/14/2025,5,1411,0.15,completed,Cash
S0010922,C00322,P0161,ST016,4/26/2026,7,283,0.05,Pending,Mobile Money
S0013718,C00035,P0054,ST018,12/7/2025,9,659,0.05,Returned,Card
S0012025,C00466,P0054,ST019,6/8/2026,7,906,0.2,Cancelled,Cash
S0018516,C00143,P0141,ST019,2/16/2025,8,624,0.05,Pending,Mobile Money
S0015209,C00944,P0013,ST003,11/29/2025,1,586,0.2,Pending,Card
S0014358,C00862,P0141,ST013,2/27/2025,6,960,0.15,Completed,Card
S0016537,C00492,P0141,ST006,9/20/2025,3,1371,0,Returned,Cash
S0017143,C00575,P0141,ST004,7/10/2025,7,646,0.15,Completed,Bank Transfer
S0014070,C00027,P0068,ST009,7/24/2026,9,940,0.15,Returned,Cash
S0018963,C00988,P0161,ST009,1/24/2025,8,695,0,Returned,Bank Transfer
S0014768,C00428,P0158,ST012,7/24/2026,5,139,0.2,Completed,Bank Transfer
S0012043,C00166,P0141,ST005,3/23/2025,6,881,0.15,completed,Bank Transfer
S0019161,C00550,P0136,ST012,6/7/2026,9,952,0.05,Cancelled,Cash
S0018220,C00413,P0068,ST002,10/17/2025,4,1422,0.05,Returned,Mobile Money
S0017867,C00084,P0093,ST018,7/30/2026,10,1480,0.1,Completed,Cash
S0011227,C00807,P0054,ST013,11/27/2025,7,541,0,completed,Bank Transfer
S0016646,C00310,P0068,ST010,5/3/2025,2,598,0.1,Completed,Card
S0010859,C00888,P0141,ST008,8/16/2025,6,675,0.15,Completed,Cash
S0011887,C00606,P0158,ST007,4/2/2025,8,1361,0.2,completed,Cash
S0017365,C00615,P0161,ST004,1/3/2026,5,131,0.1,Cancelled,Card
S0010426,C00523,P0010,ST011,12/29/2025,7,1430,0,Pending,Bank Transfer
S0019176,C00720,P0068,ST009,4/18/2026,5,677,0.15,Cancelled,Bank Transfer
S0016570,C00523,P0136,ST014,5/16/2026,7,80,0.15,Pending,Cash
S0019432,C00739,P0141,ST008,4/19/2026,7,562,0.1,completed,Cash
S0013693,C00839,P0136,ST003,6/8/2026,6,259,0,Completed,Bank Transfer
S0016446,C00735,P0013,ST016,4/16/2026,7,1450,0.15,completed,Card
S0017061,C00278,P0136,ST014,10/20/2025,9,73,0.2,Completed,Bank Transfer
S0020042,C00490,P0054,ST006,4/17/2025,10,899,0.1,Returned,Mobile Money
S0018751,C00998,P0010,ST002,11/22/2025,2,1374,0.05,Pending,Cash
S0013248,C00851,P0010,ST005,3/4/2025,8,1230,0.05,Cancelled,Card
S0016922,C00356,P0010,ST019,6/20/2025,10,213,0.2,Completed,Cash
S0010616,C00441,P0141,ST019,10/29/2025,2,1361,0.1,Pending,Cash
S0015737,C00381,P0010,ST006,10/14/2025,5,450,0.15,Pending,Mobile Money
S0010179,C00822,P0158,ST009,4/4/2025,4,199,0.15,Completed,Mobile Money
S0015396,C00794,P0054,ST004,1/5/2025,1,154,0.05,Returned,Cash
S0017693,C00970,P0158,ST006,7/11/2025,7,1015,0.1,Completed,Card
S0014647,C00366,P0068,ST006,5/31/2026,10,1260,0,Returned,Card
S0014620,C00865,P0054,ST014,9/15/2025,5,883,0.1,Returned,Bank Transfer
S0019540,C00405,P0010,ST006,6/23/2026,6,1388,0,completed,Bank Transfer
S0013227,C00564,P0141,ST020,1/31/2026,8,750,0.2,Pending,Card
S0010289,C00121,P0158,ST020,11/22/2025,2,1404,0.05,Completed,Cash
S0016485,C00962,P0054,ST015,2/28/2025,5,1034,0,completed,Card
S0019312,C00633,P0141,ST002,6/14/2026,2,577,0,Pending,Mobile Money
S0014714,C00078,P0054,ST016,4/1/2026,7,1317,0.05,Returned,Cash
S0014515,C00618,P0136,ST011,4/19/2026,8,1302,0.15,completed,Mobile Money
S0019991,C00417,P0136,ST012,2/24/2026,9,995,0.1,Pending,Mobile Money
S0016383,C00066,P0054,ST015,4/28/2025,7,828,0.2,Pending,Mobile Money
S0016656,C00573,P0161,ST017,7/11/2026,10,325,0.15,Pending,Cash
S0010379,C00465,P0068,ST016,12/19/2025,10,28,0,Pending,Bank Transfer
S0014364,C00826,P0013,ST006,1/15/2026,7,1217,0.05,Pending,Cash
S0012155,C00876,P0068,ST002,7/4/2026,10,1425,0.15,Completed,Cash
S0013525,C00772,P0013,ST005,9/18/2025,7,137,0.1,Cancelled,Mobile Money
S0017874,C00728,P0161,ST004,3/8/2026,9,79,0.1,Pending,Cash
S0019918,C00127,P0141,ST009,4/20/2025,4,1480,0.1,Pending,Mobile Money
S0012050,C00142,P0136,ST010,9/4/2025,1,992,0,Completed,Bank Transfer
S0017566,C00007,P0013,ST006,3/1/2026,8,986,0.1,Returned,Bank Transfer
S0016747,C00790,P0161,ST020,2/23/2025,3,1033,0,Cancelled,Bank Transfer
S0010462,C00319,P0068,ST017,7/7/2026,1,1295,0.15,completed,Card
S0013617,C00262,P0158,ST011,7/15/2026,1,1277,0.1,Pending,Bank Transfer
S0018987,C00932,P0054,ST002,7/1/2026,7,401,0,Completed,Card
S0014409,C00442,P0068,ST010,5/4/2025,7,844,0.15,Returned,Bank Transfer
S0011258,C00913,P0141,ST001,1/6/2026,2,1037,0.05,Returned,Bank Transfer
S0014430,C00496,P0054,ST015,3/14/2026,1,1335,0.1,Pending,Bank Transfer
S0018678,C00488,P0010,ST013,6/24/2025,10,915,0,Cancelled,Card
S0013454,C00174,P0068,ST009,9/30/2025,9,1382,0.1,Returned,Cash
S0016427,C00121,P0158,ST011,6/28/2025,3,414,0.2,completed,Mobile Money
S0016785,C00354,P0054,ST003,7/14/2026,2,580,0.05,Cancelled,Mobile Money
S0015107,C00278,P0013,ST018,4/18/2026,9,190,0,completed,Bank Transfer
S0011156,C00149,P0158,ST008,7/17/2025,8,908,0.15,Returned,Mobile Money
S0016627,C00200,P0141,ST013,7/11/2025,10,1021,0.2,completed,Cash
S0012476,C00371,P0141,ST016,3/8/2025,6,1066,0.2,Pending,Cash
S0013495,C00790,P0013,ST015,6/21/2025,8,1043,0,completed,Card
S0010669,C00694,P0054,ST002,12/11/2025,9,1311,0.05,Cancelled,Cash
S0011681,C00782,P0068,ST014,7/31/2025,5,411,0.05,Returned,Bank Transfer
S0013703,C00875,P0068,ST010,11/26/2025,3,1315,0.2,completed,Mobile Money
S0018071,C00652,P0010,ST015,11/4/2025,7,1318,0.05,Completed,Mobile Money
S0019927,C00276,P0158,ST007,4/16/2025,5,434,0.1,Pending,Card
S0012506,C00606,P0068,ST017,1/7/2025,3,125,0.2,Completed,Card
S0011959,C00494,P0013,ST003,5/11/2026,7,488,0.1,Returned,Card
S0013825,C00709,P0013,ST017,5/9/2025,8,903,0.2,Pending,Cash
S0019670,C00470,P0184,ST011,5/27/2025,4,676,0,Completed,Mobile Money
S0011314,C00221,P0141,ST020,10/5/2025,8,111,0.15,Returned,Mobile Money
S0014545,,P0054,ST002,6/3/2025,8,1357,0.15,Completed,Cash
S0011770,C00756,P0054,ST016,6/12/2026,2,1394,0.15,Completed,Cash
S0012984,C00431,P0158,ST018,7/4/2025,2,950,0.1,Cancelled,Mobile Money
S0016433,C00189,P0054,ST014,4/28/2026,8,125,0,Pending,Card
S0016737,C00072,P0136,ST011,7/14/2026,9,905,0.2,Returned,Bank Transfer
S0018251,C00955,P0141,ST008,6/14/2026,1,80,0.05,Returned,Bank Transfer
S0010243,C00115,P0068,ST010,5/19/2026,5,498,0.2,Pending,Cash
S0012459,C00248,P0010,ST004,7/6/2026,3,54,0.2,Pending,Card
S0012267,C00455,P0141,ST006,10/2/2025,5,121,0.15,Pending,Card
S0012472,C00145,P0013,ST016,4/24/2025,2,966,0.2,Completed,Bank Transfer
S0019911,C00383,P0054,ST009,3/20/2026,5,736,0.2,Completed,Cash
S0013452,C00982,P0141,ST014,5/2/2026,1,121,0,completed,Mobile Money
S0012501,C00475,P0136,ST016,2/3/2026,1,351,0.15,Pending,Cash
S0015815,C00403,P0141,ST010,10/18/2025,1,883,0.15,Pending,Card
S0015519,C00058,P0068,ST016,1/22/2026,10,1228,0.05,Completed,Card
S0017220,C00954,P0141,ST011,4/5/2025,3,916,0.1,Returned,Card
S0011505,C00597,P0068,ST017,4/23/2025,8,1160,0.1,Returned,Mobile Money
S0017539,C00010,P0010,ST015,4/12/2025,4,367,0.05,Returned,Bank Transfer
S0017389,C00941,P0013,ST011,1/31/2025,7,151,0.05,Returned,Cash
S0010393,C00492,P0068,ST011,10/19/2025,8,1096,0.15,Cancelled,Mobile Money
S0014378,C00187,P0054,ST014,11/18/2025,10,1132,0.2,Cancelled,Card
S0016409,C00491,P0141,ST004,6/25/2026,7,169,0.2,Cancelled,Bank Transfer
S0011379,C00315,P0141,ST016,11/27/2025,10,752,0.15,Cancelled,Bank Transfer
S0016114,C00781,P0158,ST006,5/23/2026,5,1189,0,Cancelled,Mobile Money
S0015806,C00219,P0010,ST019,6/11/2026,1,88,0,completed,Mobile Money
S0017706,C00899,P0161,ST007,9/20/2025,8,1371,0.15,completed,Card
S0010212,C00982,P0136,ST004,1/22/2025,10,848,0,Pending,Mobile Money
S0010968,C00632,P0158,ST009,6/6/2025,1,571,0.15,Completed,Bank Transfer
S0017338,C00253,P0054,ST011,12/9/2025,10,1475,0.15,completed,Card
S0010979,C00708,P0161,ST017,2/26/2025,3,1126,0.1,Returned,Mobile Money
S0017702,C00226,P0013,ST001,7/14/2025,9,385,0.1,Pending,Card
S0019085,C00690,P0013,ST008,4/26/2025,4,632,0,Pending,Cash
S0017350,C00067,P0068,ST013,7/4/2025,6,498,0,completed,Card
S0015004,C00064,P0068,ST010,3/7/2025,3,411,0.1,completed,Card
S0012963,C00674,P0136,ST006,11/19/2025,5,400,0.2,Completed,Bank Transfer
S0013810,C00420,P0054,ST010,10/23/2025,3,1271,0,completed,Bank Transfer
S0017574,C00965,P0141,ST001,11/23/2025,10,32,0.05,Completed,Bank Transfer
S0011308,C00536,P0068,ST006,7/5/2026,7,802,0.1,Pending,Mobile Money
S0017776,C00813,P0136,ST007,4/12/2025,5,977,0,Completed,Card
S0011771,C00377,P0141,ST004,2/14/2026,5,1159,0.1,completed,Bank Transfer
S0011135,C00111,P0068,ST011,8/4/2025,6,1144,0,Pending,Cash
S0013869,C00007,P0013,ST015,10/21/2025,6,211,0.05,completed,Mobile Money
S0013949,C00916,P0184,ST020,4/11/2025,3,1305,0.1,completed,Mobile Money
S0016755,C00265,P0136,ST014,6/20/2025,10,1311,0.05,Cancelled,Bank Transfer
S0015375,C00731,P0161,ST010,7/17/2025,2,1000,0.2,Cancelled,Card
S0013290,C00060,P0141,ST009,5/23/2025,2,1043,0.15,Pending,Bank Transfer
S0014391,C00669,P0054,ST020,8/6/2025,9,519,0.15,completed,Card
S0010832,C00231,P0141,ST014,8/5/2025,2,1411,0.2,Returned,Cash
S0014035,C00551,P0010,ST008,5/6/2026,4,212,0,Returned,Bank Transfer
S0018688,C00428,P0158,ST018,5/28/2025,1,1204,0.05,Pending,Cash
S0014614,C00827,P0161,ST014,6/18/2025,9,485,0.15,Pending,Mobile Money
S0019779,C00666,P0010,ST001,3/20/2025,4,852,0.1,Cancelled,Cash
S0014235,C00966,P0136,ST015,8/10/2025,5,1252,0.1,Completed,Card
S0011415,C00648,P0054,ST009,7/4/2025,6,941,0.05,Completed,Bank Transfer
S0012372,C00856,P0013,ST004,4/21/2025,7,407,0.2,completed,Card
S0014529,C00497,P0184,ST008,4/10/2026,4,1207,0.2,Completed,Cash
S0018764,C00023,P0010,ST007,9/1/2025,6,23,0.2,Returned,Bank Transfer
S0014173,C00748,P0136,ST002,6/16/2025,7,402,0.05,Pending,Card
S0010767,C00272,P0010,ST007,11/5/2025,6,1059,0.05,completed,Mobile Money
S0019868,C00940,P0141,ST007,7/12/2025,5,816,0.15,completed,Card
S0016241,C00950,P0158,ST005,7/4/2025,2,690,0.05,Pending,Mobile Money
S0015510,C00340,P0010,ST015,6/7/2026,4,430,0,completed,Cash
S0010316,C00210,P0141,ST002,6/1/2025,8,830,0.1,Returned,Cash
S0014876,C00443,P0013,ST014,7/24/2025,9,434,0,Completed,Card
S0014860,C00143,P0158,ST006,2/17/2026,6,203,0.1,Pending,Bank Transfer
S0011623,C00941,P0158,ST010,4/10/2025,5,708,0.15,Pending,Card
S0015017,C00713, P0136 ,ST006,9/27/2025,7,162,0.1,Completed,Mobile Money
S0016449,C00148,P0141,ST015,2/5/2026,3,532,0,Pending,Cash
S0011192,C00716,P0013,ST003,7/27/2025,10,278,0.15,completed,Card
S0012486,C00788,P0068,ST004,5/5/2026,9,58,0.2,Returned,Mobile Money
S0012373,C00020,P0158,ST004,1/16/2026,7,945,0.15,Pending,Bank Transfer
S0019327,C00325,P0158,ST010,3/8/2026,2,1249,0,Completed,Card
S0019303,C00599,P0141,ST016,3/13/2025,10,1099,0,Pending,Card
S0011776,C00305,P0010,ST017,2/14/2025,9,635,0.1,Completed,Mobile Money
S0015397,C00927,P0136,ST015,6/8/2026,6,1232,0.2,Returned,Cash
S0013201,C00145,P0158,ST009,3/7/2025,3,1016,0.1,Cancelled,Mobile Money
S0019850,C00008,P0141,ST018,2/17/2026,3,1220,0.15,Cancelled,Cash
S0015010,C00244,P0010,ST017,8/22/2025,4,970,0.2,Completed,Bank Transfer
S0011796,C00033,P0010,ST014,4/18/2026,9,700,0.05,Returned,Mobile Money
S0016861,C00170,P0054,ST005,9/8/2025,10,1146,0.05,Cancelled,Bank Transfer
S0017724,C00887,P0158,ST005,9/20/2025,3,999,0.1,Returned,Card
S0019784,C00837,P0010,ST004,9/23/2025,4,871,0.05,Completed,Mobile Money
S0013975,C00345,P0136,ST003,3/29/2026,4,1389,0.1,Cancelled,Mobile Money
S0011041,C00819,P0010,ST003,7/6/2026,2,91,0.2,Cancelled,Card
S0011466,C00883,P0136,ST014,11/19/2025,9,20,0.2,Returned,Cash
S0016592,C00099,P0141,ST004,7/28/2025,9,1008,0,Cancelled,Mobile Money
S0019124,C00318,P0161,ST005,7/23/2026,7,275,0.15,Completed,Cash
S0019018,C00667,P0158,ST003,11/19/2025,10,100,0,Cancelled,Cash
S0018914,C00779,P0158,ST008,10/11/2025,10,1414,0.15,Pending,Card
S0011000,C00423,P0158,ST003,7/22/2025,5,505,0.15,Returned,Cash
S0016387,C00339,P0141,ST013,1/21/2026,2,1315,0,Returned,Card
S0017475,C00721,P0013,ST007,1/9/2026,1,915,0.15,Cancelled,Card
S0018756,C00260,P0054,ST014,1/30/2025,10,1209,0.15,completed,Bank Transfer
S0019208,C00195,P0136,ST005,11/27/2025,10,487,0.2,Cancelled,Bank Transfer
S0018705,C00158,P0136,ST008,4/11/2026,3,1401,0.05,Returned,Card
S0015793,C00395,P0054,ST004,7/30/2026,4,234,0.2,Pending,Mobile Money
S0010368,C00919,P0161,ST016,4/28/2025,8,1097,0.15,Returned,Card
S0018649,C00313,P0010,ST012,7/23/2026,9,452,0.15,Pending,Cash
S0019382,C00364,P0010,ST017,5/30/2026,3,244,0,completed,Cash
S0013073,C00375,P0184,ST013,7/26/2025,2,805,0.05,Cancelled,Mobile Money
S0010843,C00740,P0136,ST002,3/8/2026,2,471,0.15,completed,Bank Transfer
S0017835,C00199,P0013,ST016,7/18/2025,1,1457,0,Returned,Card
S0015156,,P0141,ST018,1/14/2026,7,186,0,completed,Bank Transfer
S0018947,C00993,P0010,ST017,1/28/2026,6,440,0.05,Returned,Bank Transfer
S0015059,C00188,P0141,ST016,4/25/2026,2,314,0,Returned,Mobile Money
S0013163,C00735,P0068,ST010,7/9/2026,8,312,0.1,Completed,Bank Transfer
S0015888,C00483,P0010,ST020,3/4/2025,7,1021,0,completed,Mobile Money
S0019689,C00706,P0013,ST016,2/24/2025,2,36,0.2,Completed,Mobile Money
S0014263,C00003,P0158,ST009,4/24/2025,2,1074,0.05,Cancelled,Bank Transfer
S0014813,C00074,P0136,ST016,3/21/2026,6,1132,0.1,completed,Bank Transfer
S0010097,C00739,P0013,ST019,5/24/2026,5,427,0.05,Pending,Mobile Money
S0012314,C00079,P0141,ST011,1/14/2025,7,1442,0.05,Returned,Card
S0011877,C00370,P0141,ST007,2/8/2026,5,738,0.1,Cancelled,Bank Transfer
S0010133,C00912,P0136,ST011,3/21/2025,1,375,0.15,Returned,Card
S0016585,C00981,P0013,ST019,3/6/2025,2,715,0.2,Completed,Cash
S0012776,C00682,P0158,ST019,9/6/2025,7,602,0.05,Pending,Bank Transfer
S0017013,C00630,P0054,ST004,5/20/2026,2,927,0.2,Returned,Cash
S0017248,C00565,P0010,ST012,2/18/2026,10,950,0.15,Returned,Cash
S0014310,C00116,P0161,ST013,6/3/2026,3,1375,0.1,Completed,Bank Transfer
S0011767,C00470,P0054,ST015,2/2/2025,9,1239,0.15,Pending,Cash
S0010346,C00315,P0136,ST016,10/5/2025,4,623,0.2,Pending,Card
S0017615,C00189,P0161,ST004,1/18/2025,6,27,0.15,Cancelled,Card
S0012100,C00199,P0013,ST001,7/17/2025,3,190,0.2,Returned,Cash
S0014222,C00102,P0013,ST001,6/1/2026,6,461,0,Returned,Mobile Money
S0010436,C00462,P0184,ST007,10/21/2025,8,564,0.2,completed,Card
S0014002,C00110,P0161,ST006,8/16/2025,7,839,0.15,Completed,Cash
S0018247,C00900,P0013,ST016,6/22/2026,8,1500,0,Completed,Mobile Money
S0013131,C00167,P0068,ST010,9/10/2025,5,279,0.2,Completed,Cash
S0011721,C00081,P0054,ST019,7/19/2025,6,1455,0.15,Pending,Card
S0015638,C00708,P0068,ST014,4/25/2025,10,275,0.15,Pending,Cash
S0019640,C00746,P0136,ST001,7/10/2026,1,282,0,Pending,Mobile Money
S0011566,C00507,P0158,ST012,1/15/2026,7,30,0.05,Cancelled,Cash
S0014265,C00636,P0010,ST018,9/24/2025,9,1399,0.2,Completed,Card
S0019464,,P0068,ST015,12/17/2025,7,441,0.15,Pending,Mobile Money
S0016244,C00292,P0141,ST010,2/22/2026,3,116,0,completed,Bank Transfer
S0013887,C00453,P0158,ST017,3/25/2026,9,1027,0,completed,Mobile Money
S0016586,C00615, P0136 ,ST002,4/4/2025,10,484,0.2,completed,Card
S0012707,C00949,P0141,ST012,4/15/2025,1,232,0.1,completed,Mobile Money
S0016489,C00709,P0136,ST006,2/2/2025,1,561,0.15,Cancelled,Mobile Money
S0017977,C00225,P0184,ST009,4/16/2025,6,86,0.05,Returned,Cash
S0018765,C00217,P0013,ST011,5/9/2026,1,48,0.1,Returned,Card
S0016172,C00484,P0010,ST018,12/13/2025,4,1452,0,Pending,Cash
S0016649,C00817,P0141,ST015,10/1/2025,6,1004,0.15,Cancelled,Cash
S0014215,C00210,P0010,ST018,1/24/2025,2,833,0.1,Returned,Mobile Money
S0011548,C00358,P0136,ST005,1/7/2025,5,252,0.2,completed,Mobile Money
S0016115,C00401,P0158,ST014,3/19/2025,6,613,0.2,completed,Card
S0019768,C00609,P0136,ST011,7/21/2025,4,793,0.05,Pending,Cash
S0017801,C00626,P0158,ST010,6/16/2025,8,1234,0.05,Completed,Card
S0013971,C00607,P0010,ST012,6/29/2025,8,324,0.2,Returned,Card
S0011157,C00187,P0161,ST011,6/24/2026,3,830,0.1,Cancelled,Card
S0011132,C00590,P0010,ST014,2/27/2025,2,89,0.2,Returned,Mobile Money
S0015142,C00428,P0136,ST020,7/30/2026,5,936,0.05,Completed,Mobile Money
S0019270,C00116,P0010,ST017,9/4/2025,10,1493,0.1,Completed,Card
S0012361,C00561,P0161,ST008,7/25/2025,1,941,0.05,completed,Cash
S0010915,C00966,P0010,ST018,1/13/2026,7,1161,0.05,Returned,Mobile Money
S0015816,C00969,P0184,ST006,9/28/2025,9,235,0.05,Pending,Card
S0016403,C00237,P0161,ST001,9/12/2025,7,217,0.05,Returned,Cash
S0011573,C00180,P0161,ST004,1/5/2025,5,576,0.2,Pending,Card
S0012881,C00338,P0184,ST006,3/18/2025,6,652,0.1,completed,Mobile Money
S0014810,C00798,P0184,ST004,9/22/2025,7,1182,0.05,completed,Cash
S0013707,C00369,P0136,ST020,6/4/2026,2,1474,0.15,Pending,Bank Transfer
S0013676,C00132,P0184,ST016,3/14/2026,4,723,0.1,Returned,Bank Transfer
S0016334,C00072,P0136,ST001,3/15/2026,6,1141,0.15,Cancelled,Mobile Money
S0018492,C00228,P0141,ST003,10/3/2025,7,856,0.05,Pending,Cash
S0017031,C00781,P0158,ST006,7/1/2025,10,979,0.15,Pending,Bank Transfer
S0019120,C00627,P0010,ST001,7/16/2026,9,647,0.1,Cancelled,Cash
S0016743,C00329,P0136,ST007,6/1/2025,6,875,0.05,completed,Card
S0016559,C00440,P0184,ST018,5/21/2025,7,650,0.2,Pending,Cash
S0013162,C00353,P0013,ST007,1/18/2026,6,1294,0.15,Pending,Card
S0011557,C00972,P0158,ST017,3/29/2026,9,774,0.15,Cancelled,Card
S0012443,C00203,P0141,ST004,6/20/2025,2,16,0.05,Pending,Cash
S0017545,C00485,P0141,ST009,1/12/2026,10,792,0.2,Completed,Card
S0014598,C00416,P0161,ST019,4/2/2025,9,7,0.05,completed,Mobile Money
S0014225,C00473,P0184,ST013,3/23/2026,6,907,0.1,Cancelled,Mobile Money
S0011143,C00063,P0158,ST011,1/31/2025,4,368,0.1,Cancelled,Card
S0017905,C00370,P0054,ST010,1/7/2026,8,339,0,Cancelled,Bank Transfer
S0012761,C00081,P0158,ST001,7/25/2025,8,612,0,completed,Bank Transfer
S0010307,C00086,P0054,ST011,11/11/2025,4,1185,0.1,Completed,Card
S0010902,C00327,P0184,ST002,2/28/2025,4,404,0.15,Pending,Card
S0019774,C00270,P0161,ST004,10/31/2025,3,30,0.2,Cancelled,Cash
S0017793,C00134,P0136,ST018,4/14/2026,4,1374,0,Cancelled,Bank Transfer
S0011153,C00185,P0141,ST007,10/6/2025,5,1244,0.2,Returned,Card
S0013434,C00433,P0184,ST015,3/6/2026,1,471,0.15,Completed,Cash
S0016810,C00143,P0184,ST001,1/19/2025,8,1488,0.05,Cancelled,Mobile Money
S0010983,C00205,P0184,ST017,6/10/2026,6,642,0.15,Cancelled,Mobile Money
S0015693,C00235,P0184,ST009,4/10/2026,5,612,0.05,Cancelled,Cash
S0012219,C00978,P0184,ST007,7/11/2026,8,489,0.1,completed,Card
S0015356,C00527,P0141,ST020,1/1/2026,2,525,0.1,completed,Bank Transfer
S0012215,C00955,P0013,ST004,5/8/2025,4,265,0.15,Pending,Bank Transfer
S0012307,C00441,P0141,ST003,11/2/2025,10,746,0.1,Cancelled,Mobile Money
S0011816,C00988,P0184,ST009,2/6/2025,8,1415,0.05,Pending,Mobile Money
S0017591,C00399,P0184,ST009,5/30/2026,9,1398,0.15,Completed,Card
S0017357,C00961,P0184,ST010,3/9/2025,8,304,0.15,completed,Bank Transfer
S0017372,C00276,P0158,ST002,4/2/2025,1,1484,0,Completed,Mobile Money
S0015319,C00340,P0184,ST004,4/12/2025,4,644,0.05,Cancelled,Cash
S0018110,C00705,P0184,ST004,9/11/2025,5,262,0.1,Cancelled,Mobile Money
S0015672,C00957,P0184,ST002,7/6/2026,1,642,0.1,Cancelled,Bank Transfer
S0017478,C00456,P0184,ST003,1/31/2026,4,1309,0,Cancelled,Mobile Money
S0019675,C00325,P0184,ST007,7/9/2025,5,342,0,Returned,Cash
S0016688,C00803,P0184,ST019,7/11/2026,10,1240,0.2,completed,Mobile Money
S0012728,C00010,P0184,ST020,3/26/2025,7,127,0.1,Returned,Mobile Money
S0019934,C00600,P0184,ST015,3/16/2025,2,559,0.2,Returned,Bank Transfer
S0015192,C00312,P0184,ST013,1/29/2026,2,269,0.2,Returned,Card
S0013678,C00875,P0184,ST019,5/4/2025,8,1453,0.15,completed,Cash
S0019839,C00613,P0184,ST017,2/5/2025,2,839,0.15,Cancelled,Bank Transfer
S0016601,C00737,P0184,ST014,5/23/2025,5,448,0,Returned,Card
S0015682,C00179,P0184,ST003,3/24/2025,7,723,0,Cancelled,Bank Transfer
S0018392,C00173,P0184,ST018,2/18/2025,7,1399,0.2,Pending,Mobile Money
S0010116,C00245,P0184,ST006,1/14/2025,7,469,0.2,Returned,Card
S0016834,C00429,P0184,ST013,7/23/2025,3,836,0,Completed,Cash
S0015334,C00708,P0184,ST008,2/26/2025,9,1425,0.1,completed,Card
S0014594,C00159,P0184,ST019,1/10/2025,4,1136,0.2,completed,Cash
S0019331,C00635,P0184,ST017,2/9/2025,5,1162,0.1,Cancelled,Cash
S0019543,C00477,P0184,ST014,11/14/2025,8,307,0.05,Completed,Cash
S0011386,C00189,P0184,ST016,2/23/2025,6,1030,0.05,Returned,Card
S0010750,C00779,P0184,ST012,3/11/2025,9,1276,0.05,Cancelled,Mobile Money
S0012844,C00322,P0184,ST018,4/6/2025,2,1465,0.05,completed,Cash
S0019178,C00310,P0184,ST004,6/22/2025,1,1373,0,Returned,Cash
S0013422,C00981,P0197,ST018,6/23/2025,5,31,0.05,completed,Mobile Money
S0010761,C00810,P0184,ST016,5/9/2026,2,1336,0,completed,Cash
S0014830,C00556,P0197,ST009,1/11/2026,7,604,0.15,completed,Cash
S0012072,C00523,P0007,ST012,10/20/2025,3,433,0.1,Returned,Mobile Money
S0015016,C00463,P0197,ST005,5/8/2026,9,1410,0,Pending,Cash
S0011607,C00602,P0197,ST020,2/28/2026,10,756,0.2,Completed,Mobile Money
S0011907,C00563,P0007,ST019,10/16/2025,3,832,0.2,completed,Mobile Money
S0012105,C00010,P0007,ST015,9/25/2025,5,9,0,completed,Cash
S0012223,C00349,P0197,ST012,11/18/2025,7,125,0.2,completed,Bank Transfer
S0017129,C00385,P0007,ST003,12/18/2025,8,633,0.15,Completed,Card
S0016414,C00443,P0197,ST020,1/13/2025,3,845,0,Pending,Mobile Money
S0018460,C00486,P0197,ST003,4/5/2026,10,1447,0.1,Completed,Cash
S0013151,C00813,P0007,ST016,1/25/2026,10,698,0,completed,Cash
S0012347,C00216,P0007,ST014,6/14/2025,7,428,0.15,Cancelled,Cash
S0014868,C00109,P0007,ST010,12/19/2025,6,561,0.15,Returned,Card
S0019813,C00696,P0007,ST016,9/26/2025,6,223,0.05,Pending,Card
S0012666,C00367,P0007,ST008,7/2/2026,3,1208,0,Pending,Cash
S0012956,C00163,P0197,ST013,7/2/2025,10,1302,0.15,Cancelled,Mobile Money
S0014077,C00883,P0197,ST013,5/8/2025,4,257,0,Pending,Mobile Money
S0010024,C00857,P0197,ST017,2/13/2025,7,8,0.2,Pending,Bank Transfer
S0011906,C00865,P0007,ST013,4/27/2026,10,1343,0.1,Pending,Bank Transfer
S0018974,,P0007, ST007 ,12/28/2025,8,818,0,Cancelled,Card
S0018307,C00586,P0007,ST010,7/13/2026,5,804,0.15,Pending,Card
S0012007,C00333,P0007,ST017,1/4/2026,3,896,0.1,Pending,Cash
S0019066,C00685,P0007,ST020,5/23/2025,10,1070,0.05,Pending,Mobile Money
S0017856,C00741,P0197,ST020,12/6/2025,10,393,0.1,Returned,Card
S0019869,C00275,P0197,ST005,6/25/2026,2,572,0.15,completed,Cash
S0015226,C00611,P0007,ST020,7/11/2025,1,494,0.1,Completed,Cash
S0018580,C00399,P0197,ST005,2/22/2025,4,357,0.1,Pending,Mobile Money
S0014607,C00230,P0007,ST003,9/19/2025,4,1095,0.15,Returned,Mobile Money
S0013842,C00528,P0197,ST016,6/27/2025,5,312,0.2,Completed,Cash
S0016197,C00979,P0007,ST013,5/13/2026,7,9,0.1,Cancelled,Bank Transfer
S0011629,C00696,P0197,ST010,9/24/2025,7,14,0.05,Pending,Bank Transfer
S0018869,C00571,P0197,ST004,10/9/2025,3,1122,0.15,Returned,Cash
S0015357,C00853,P0197,ST011,10/28/2025,1,1500,0.05,Returned,Bank Transfer
S0010966,C00884,P0197,ST007,1/9/2026,1,277,0.1,Cancelled,Mobile Money
S0016270,C00382,P0007,ST002,9/9/2025,10,511,0,completed,Mobile Money
S0019569,C00571,P0007,ST003,6/9/2025,4,99,0.2,Returned,Bank Transfer
S0018606,C00484,P0007,ST001,2/26/2026,1,636,0.15,Completed,Card
S0010225, C00244 ,P0007,ST011,7/20/2025,6,857,0.15,Completed,Card
S0017149,C00012,P0007,ST019,9/21/2025,1,971,0.15,Pending,Mobile Money
S0016417,C00230,P0007,ST013,10/30/2025,3,93,0.15,completed,Mobile Money
S0013138,C00484,P0007,ST008,8/28/2025,2,13,0.1,completed,Card
S0018796,C00352,P9999,ST010,12/10/2025,3,58,0,completed,Cash
S0012258,C00158,P0007,ST020,9/20/2025,7,1462,0,Completed,Card
S0011247,C00966,P0007,ST020,6/26/2025,2,565,0.1,completed,Card
S0014012,C00630,P0007,ST004,11/13/2025,4,887,0.1,completed,Card
S0017430,C00661,P0197,ST008,9/8/2025,4,1193,0,completed,Mobile Money
S0010714, C00375 ,P0007,ST001,7/25/2025,2,1397,0.1,completed,Bank Transfer
S0015186,C00311,P0007,ST001,3/21/2025,4,194,0.05,Completed,Bank Transfer
S0013281,C00970,P0197,ST004,6/20/2026,3,954,0,Returned,Mobile Money
S0012757,C00999,P0197,ST014,2/5/2026,6,819,0.15,Returned,Cash
S0014992,C00545,P0007,ST010,3/13/2025,4,929,0,Pending,Mobile Money
S0019076,C00477,P0007,ST006,11/6/2025,3,69,0.1,Cancelled,Cash
S0011788,C00941,P0197,ST012,12/1/2025,7,418,0.05,Completed,Bank Transfer
S0011484,C00363,P0197,ST005,12/13/2025,10,1165,0.15,Returned,Cash
S0013349,C00379,P0197,ST014,10/28/2025,8,946,0.15,Returned,Cash
S0012386,C00444,P0007,ST002,9/26/2025,8,1437,0.15,Pending,Cash
S0017876,C00965,P0007,ST020,2/14/2025,9,1006,0.1,Completed,Mobile Money
S0015469,C00454,P0007,ST007,9/16/2025,5,48,0.15,Pending,Cash
S0018794,C00537,P0197,ST016,1/22/2026,7,1203,0.15,Cancelled,Mobile Money
S0016987,C00388,P0197,ST019,1/6/2025,3,480,0.2,completed,Mobile Money
S0011794,C00831,P0197,ST002,6/18/2025,1,458,0.15,Cancelled,Mobile Money
S0010790,C00403,P0197,ST001,10/2/2025,3,217,0.05,Cancelled,Card
S0017056,C00633,P0007,ST015,3/21/2026,3,945,0.1,Completed,Cash
S0017869,C00210,P0007,ST011,3/6/2025,9,407,0,completed,Bank Transfer
S0014339,C00369,P0007,ST006,2/1/2025,9,1267,0.05,completed,Card
S0017559,C00013,P0007,ST005,12/2/2025,9,1414,0.05,Completed,Card
S0019930,C00602,P0197,ST002,6/14/2026,2,1378,0.1,Cancelled,Mobile Money
S0017447,C00795,P0007,ST008,6/19/2026,10,1311,0.05,Completed,Card
S0013252,C00003,P0007,ST018,4/21/2026,8,1240,0.1,Returned,Bank Transfer
S0011651,C00427,P0007,ST001,7/26/2025,10,527,0.1,Completed,Cash
S0011130,C00993,P0197,ST017,4/15/2025,8,842,0.15,Pending,Mobile Money
S0015122,C00247,P0197,ST002,11/17/2025,9,312,0.05,Completed,Cash
S0014026,C00878,P0007,ST002,5/16/2025,9,1157,0.15,Returned,Mobile Money
S0013446,C00613,P0007,ST020,2/22/2025,6,302,0,Cancelled,Cash
S0016406,C00464,P0197,ST004,2/16/2026,4,1394,0.15,Returned,Cash
S0014165,C00863,P0197,ST006,6/1/2026,5,1387,0,Cancelled,Bank Transfer
S0014927,C00827,P0197,ST015,6/8/2026,7,553,0.2,completed,Cash
S0013274,C00973,P0007,ST017,3/29/2025,9,1123,0.2,completed,Bank Transfer
S0014548,C00255,P0007,ST018,9/30/2025,5,464,0.2,completed,Cash
S0013357,C00231,P0007,ST019,2/4/2026,8,1468,0.2,Completed,Mobile Money
S0019702,C00335,P0197,ST006,3/13/2025,4,978,0.2,Returned,Bank Transfer
S0016547,C00237,P0197,ST016,12/7/2025,3,443,0.2,Returned,Card
S0011389,C00750,P0197,ST004,7/11/2025,7,561,0,completed,Cash
S0012465,C00159,P0007,ST020,12/30/2025,10,484,0.2,completed,Card
S0016813,C00636,P0197,ST002,4/30/2026,9,1085,0,Cancelled,Cash
S0012248,C00646,P0007,ST017,4/28/2025,5,1429,0.2,completed,Cash
S0010235,C00475,P0197,ST012,3/13/2026,9,274,0.15,completed,Card
S0011486,C00990,P0007,ST018,3/28/2025,6,1403,0.15,completed,Cash
S0012886,C00205,P0007,ST016,5/7/2026,6,429,0.05,Cancelled,Mobile Money
S0011021,C00419,P0197,ST012,10/21/2025,9,1484,0.1,completed,Mobile Money
S0013885,C00988,P0197,ST005,11/16/2025,2,602,0.1,completed,Mobile Money
S0018957,C00046,P0197,ST019,7/13/2025,7,1172,0.15,Pending,Mobile Money
S0019967,C00312,P0007,ST015,11/8/2025,5,612,0.05,Completed,Bank Transfer
S0015802,C00894,P0197,ST013,1/10/2026,4,845,0.15,Returned,Mobile Money
S0017470,C00140,P0007,ST007,8/6/2025,9,95,0.1,Cancelled,Bank Transfer
S0013832,C00311,P0197,ST019,5/14/2025,4,1179,0.05,Completed,Bank Transfer
S0014269,C00178,P0007,ST018,7/7/2026,6,290,0.1,Cancelled,Bank Transfer
S0012874,C00919,P0007,ST005,11/27/2025,1,1072,0,completed,Bank Transfer
S0012417,C00020,P0197,ST006,1/23/2026,6,877,0.05,Cancelled,Cash
S0012013,C00118,P0197,ST003,1/28/2025,3,1014,0.15,Returned,Cash
S0013880,C00469,P0197,ST007,1/12/2026,7,969,0.05,completed,Cash
S0010840,C00885,P0007,ST003,12/21/2025,10,1241,0.1,Returned,Bank Transfer
S0010836,C00444,P0197,ST010,3/28/2026,1,364,0.15,Pending,Mobile Money
S0010072,C00738,P0197,ST017,3/9/2025,1,820,0,Cancelled,Mobile Money
S0015418,C00105,P0197,ST008,4/8/2025,6,1312,0.2,completed,Mobile Money
S0019752,C00775,P0197,ST020,5/25/2026,5,539,0.15,Pending,Mobile Money
S0018763,C00165,P0007,ST009,7/6/2026,10,799,0.1,Pending,Bank Transfer
S0010912,C00986,P0007,ST009,1/11/2025,1,111,0.05,Completed,Card
S0014096,C00582,P0007,ST004,3/10/2025,2,95,0.15,Completed,Bank Transfer
S0016946,C00953,P0007,ST015,1/10/2026,1,1029,0,Returned,Cash
S0018776,C00780,P0007,ST002,7/12/2025,5,385,0,Pending,Cash
S0019997,C00032,P0197,ST016,1/14/2025,3,170,0.2,completed,Card
S0017935,C00601,P0007,ST003,3/22/2026,1,1142,0.1,Cancelled,Mobile Money
S0014582,C00168,P0197,ST011,1/7/2025,4,143,0.05,Completed,Card
S0011547,C00945,P0007,ST010,3/27/2025,3,232,0.05,Completed,Card
S0011186,C00184,P0197,ST019,12/19/2025,10,799,0.1,Returned,Cash
S0012623,C00509,P0197,ST014,11/29/2025,3,1171,0.1,Returned,Cash
S0012385,C00776,P0007,ST011,12/31/2025,1,1367,0.2,Completed,Cash
S0018576,C00213,P0007,ST016,4/9/2025,3,1159,0,completed,Card
S0011590,C00887,P0007,ST009,5/4/2026,3,764,0,Returned,Mobile Money
S0015631,C00522,P0197,ST016,4/6/2026,7,424,0.15,completed,Cash
S0014316,C00397,P0007,ST014,6/14/2026,7,785,0,Completed,Card
S0017526,C00733,P0007,ST001,1/17/2026,4,816,0,Pending,Bank Transfer
S0018892,C00200,P0197,ST002,10/28/2025,7,1355,0.2,Cancelled,Card
S0014591,C00235,P0112,ST007,6/21/2025,7,1301,0.2,Completed,Cash
S0010073,C00689,P0007,ST005,7/26/2025,10,1434,0,Completed,Mobile Money
S0011055,C00103,P0112,ST019,12/26/2025,3,407,0.2,Pending,Mobile Money
S0016803,C00715,P0112,ST013,1/10/2025,7,313,0.15,Cancelled,Card
S0014124,C00510,P0112,ST005,7/15/2025,5,784,0.2,Returned,Card
S0013218,C00577,P0112,ST017,4/21/2025,9,592,0.05,Cancelled,Cash
S0020020,C00843,P0112,ST008,5/28/2025,1,519,0.05,Returned,Card
S0016602,C00541,P0112,ST008,5/22/2025,6,784,0.05,Completed,Bank Transfer
S0012679,C00547,P0112,ST011,2/17/2026,1,106,0.15,Pending,Cash
S0017231,C00143,P0112,ST018,10/22/2025,7,1053,0.15,completed,Bank Transfer
S0016808,C00673,P0112,ST004,4/11/2025,5,927,0.05,completed,Bank Transfer
S0016994,C00323,P0112,ST019,12/16/2025,4,436,0,Returned,Mobile Money
S0019471,C00865,P0112,ST003,7/9/2025,6,948,0.05,Completed,Cash
S0018823,C00983,P0112,ST009,1/13/2025,6,89,0.2,Completed,Mobile Money
S0011282,C00159,P0112,ST006,6/15/2025,9,623,0.05,Pending,Card
S0010804,C00733,P0112,ST009,2/15/2026,1,1476,0,Completed,Cash
S0018997,C00790,P0112,ST020,7/6/2026,4,835,0.15,Returned,Card
S0010386,,P0112,ST015,4/11/2026,1,1342,0.1,Pending,Cash
S0011404,C00658,P0112,ST012,7/31/2025,3,916,0.2,Pending,Cash
S0015367,C00912,P0112,ST019,11/25/2025,4,1039,0.05,Completed,Card
S0010425,C00360,P0112,ST003,3/3/2026,1,448,0,Pending,Bank Transfer
S0012898,C00378,P0112,ST002,8/27/2025,7,230,0,Returned,Cash
S0016210,C00861,P0112,ST004,2/22/2026,9,1200,0.15,Cancelled,Card
S0010168,C00279,P0112,ST017,7/14/2026,7,677,0.15,Completed,Mobile Money
S0016007,C00454,P0112,ST001,4/27/2025,6,1078,0.15,Returned,Card
S0015283,C00063,P0112,ST019,2/13/2025,4,607,0.15,Completed,Card
S0015057,C00246,P0112,ST003,6/4/2025,5,1442,0.15,Completed,Card
S0015971,C00288,P0112,ST018,5/11/2025,10,1449,0,completed,Cash
S0013637,C00033,P0112,ST010,3/11/2025,7,933,0.15,Completed,Bank Transfer
S0012251,C00482,P0112,ST010,2/12/2025,7,606,0.15,Cancelled,Bank Transfer
S0013130,C00845,P0112,ST012,1/8/2026,7,1264,0.1,Completed,Card
S0014246,C00337,P0112,ST019,10/17/2025,10,1296,0.05,completed,Bank Transfer
S0017175,C00573,P0112,ST013,2/7/2025,4,286,0.05,Completed,Cash
S0011883,C00042,P0112,ST014,2/23/2025,7,889,0.05,completed,Card
S0011920,C00858,P0112,ST007,1/7/2025,6,631,0.1,Returned,Mobile Money
S0011500,C00846,P0112,ST011,9/2/2025,7,1411,0,Pending,Cash
S0016727,C00932,P0112,ST001,8/14/2025,9,1060,0.2,Cancelled,Card
S0016376,C00486,P0112,ST007,1/12/2026,7,725,0.1,completed,Mobile Money
S0010542,C00833,P0112,ST007,3/12/2026,10,44,0.15,completed,Mobile Money
S0011063,C00123,P0112,ST014,5/29/2025,4,936,0.15,Pending,Mobile Money
S0013158,C00843,P0112,ST016,7/14/2026,8,988,0.15,completed,Cash
S0010387,C00642,P0112,ST006,11/7/2025,3,1346,0.2,Cancelled,Card
S0018192,C00642,P0112,ST006,11/7/2025,1,1077,0.2,Cancelled,Card
S0013640,C00722,P0112,ST012,7/8/2026,8,690,0.1,completed,Cash
S0013062,C00459,P0112,ST003,7/1/2025,6,1314,0.05,Completed,Bank Transfer
S0018898,C00331,P0112,ST004,5/19/2025,8,780,0.15,Completed,Mobile Money
S0018927,C00970,P0112,ST013,1/15/2025,6,400,0,Pending,Cash
S0018643,C00711,P0112,ST017,8/29/2025,2,1444,0.15,Returned,Card
S0015163,C00369,P0028,ST003,5/31/2026,10,368,0.15,Returned,Cash
S0010727,C00460,P0028,ST016,12/31/2025,8,97,0,Cancelled,Card
S0015011,C00972,P0028,ST001,6/23/2025,6,1063,0.15,completed,Mobile Money
S0010452,C00708,P0028,ST019,3/25/2025,8,761,0.05,Completed,Cash
S0013556,C00085,P0028,ST018,7/19/2025,7,882,0.05,Cancelled,Card
S0012063,C00940,P0028,ST009,5/22/2026,8,621,0.05,Completed,Cash
S0015625,C00338,P0028,ST011,3/15/2025,9,249,0.2,Pending,Card
S0017128,C00588,P0028,ST015,1/5/2026,5,1031,0.15,Cancelled,Bank Transfer
S0016178,C00813,P0028,ST008,6/25/2026,10,733,0.15,Completed,Card
S0016629,C00850,P0028,ST011,7/25/2025,4,431,0.15,Cancelled,Bank Transfer
S0012612,C00638,P0028,ST006,12/29/2025,4,637,0.05,Pending,Bank Transfer
S0010209,C00326,P0028,ST019,12/5/2025,10,1256,0.2,Pending,Mobile Money
S0013467,C00926,P0028,ST017,4/24/2025,8,98,0.05,Returned,Cash
S0019509,C00410,P0028,ST004,4/24/2025,2,764,0,completed,Mobile Money
S0016306,C00655,P0028,ST011,3/6/2026,9,160,0.05,completed,Cash
S0013627,C00246,P0028,ST012,10/2/2025,6,716,0.2,Pending,Card
S0019078,C00203,P0028,ST010,5/6/2026,7,1339,0.2,completed,Cash
S0015026,C00775,P0028,ST005,1/22/2025,8,446,0,completed,Cash
S0019263,C00819,P0017,ST006,9/3/2025,1,937,0.05,Pending,Card
S0016883,C00734,P0028,ST012,4/17/2025,6,1436,0.05,Cancelled,Cash
S0013441,C00325,P0017,ST002,3/17/2025,7,959,0,Returned,Cash
S0011370,C00032,P0017,ST006,7/24/2025,8,975,0.2,completed,Mobile Money
S0015595,C00491,P0009,ST011,9/28/2025,1,630,0.15,Completed,Cash
S0013455,C00800,P0028,ST010,3/25/2026,10,807,0.2,Returned,Card
S0017625,C00702,P0028,ST012,3/26/2025,5,911,0,Pending,Bank Transfer
S0014032,C00709,P0028,ST008,7/18/2025,9,1364,0.1,Pending,Cash
S0012435,C00802,P0028,ST003,4/29/2025,5,1498,0.05,Completed,Card
S0012259,C00060,P0137,ST004,1/7/2025,5,246,0,Returned,Mobile Money
S0016292,C00979,P0017,ST011,7/22/2026,6,1208,0.2,completed,Card
S0018121,C00569,P0028,ST005,8/11/2025,2,138,0.15,Completed,Mobile Money
S0013302,C00230,P0028,ST007,1/21/2025,4,656,0,Cancelled,Mobile Money
S0010304,C00570,P0137,ST006,8/14/2025,4,412,0.1,Cancelled,Cash
S0018600,C00425,P0028,ST004,3/29/2026,5,1173,0.15,Returned,Card
S0012392,C00185,P0028,ST020,4/21/2025,6,951,0.05,Completed,Cash
S0016484,C00279,P0028,ST003,7/7/2026,1,1087,0,completed,Mobile Money
S0015036,C00768,P0028,ST020,1/17/2026,4,296,0.1,Pending,Bank Transfer
S0016294,C00615,P0028,ST019,7/25/2025,6,1233,0.05,Returned,Bank Transfer
S0019617,C00674,P0028,ST020,4/14/2025,7,635,0.1,completed,Card
S0015261,C00423,P0017,ST007,2/2/2026,3,1468,0.2,Completed,Card
S0014171,C00960,P0028,ST018,10/27/2025,6,283,0.1,completed,Bank Transfer
S0019563,C00601,P0017,ST008,6/26/2025,2,809,0,Cancelled,Card
S0019849,C00686,P0028,ST011,6/19/2025,7,1226,0.15,completed,Card
S0019835,C00736,P0009,ST002,2/25/2026,6,592,0.05,Returned,Mobile Money
S0012802,C00172,P0017,ST008,10/14/2025,3,1415,0.05,Returned,Bank Transfer
S0013652,C00664,P0028,ST006,3/6/2026,5,1316,0.2,Returned,Bank Transfer
S0016323,C00783,P0028,ST006,2/18/2026,2,340,0.05,Returned,Card
S0019571,C00968,P0028,ST016,12/10/2025,4,1327,0.05,Cancelled,Mobile Money
S0011007,C00152,P0009,ST011,6/2/2025,8,1230,0.2,Returned,Mobile Money
S0010197,C00057,P0137,ST010,7/6/2025,1,1367,0.05,Returned,Mobile Money
S0015371,C00378,P0017,ST010,3/20/2025,9,1411,0.2,Completed,Cash
S0016730,C00315,P0028,ST002,9/25/2025,8,1479,0.05,Returned,Card
S0017312,C00348,P0183,ST012,6/6/2026,7,194,0.05,completed,Mobile Money
S0018735,C00802,P0028,ST012,2/18/2026,1,97,0,Returned,Mobile Money
S0017949,C00896,P0028,ST013,4/29/2026,7,756,0.2,Completed,Card
S0011443,C00214,P0137,ST007,3/3/2026,10,32,0.05,completed,Card
S0018094,C00537,P0009,ST005,3/28/2025,9,917,0.2,Returned,Bank Transfer
S0014292,C00941,P0009,ST015,1/12/2025,3,1157,0,completed,Cash
S0010105,C01000,P0183,ST014,1/31/2026,5,1258,0.15,completed,Bank Transfer
S0010754,C00998,P0028,ST005,11/20/2025,5,1331,0.05,Cancelled,Card
S0012271,C00493,P0009,ST020,1/25/2026,2,378,0.05,completed,Bank Transfer
S0011087,C00646,P0028,ST005,1/13/2025,10,1096,0.05,completed,Cash
S0012101,C00291,P0009,ST017,2/28/2025,5,1237,0.05,Completed,Mobile Money
S0010813,C00092,P0017,ST017,5/13/2026,4,1077,0.2,Completed,Cash
S0018960,C00807,P0028,ST008,6/20/2025,6,1293,0.15,Completed,Card
S0010202,C00117,P0009,ST007,10/1/2025,6,1285,0.05,Returned,Card
S0014969,C00137,P0137,ST001,3/28/2025,1,802,0.05,Returned,Card
S0010566,C00439,P0137,ST003,4/24/2025,3,700,0.15,Returned,Mobile Money
S0014501,C00481,P0028,ST014,4/13/2026,6,1035,0.15,Pending,Card
S0017315,C00844,P0028,ST005,12/31/2025,10,225,0.05,Completed,Card
S0019116,C00781,P0017,ST014,12/28/2025,3,1052,0.2,Cancelled,Mobile Money
S0017827,C00668,P0183, ST010 ,8/6/2025,8,1074,0.05,Pending,Card
S0019423,C00719,P0011,ST015,10/13/2025,2,159,0.05,Cancelled,Bank Transfer
S0019996,C00416,P0017,ST013,4/25/2025,6,46,0.2,Returned,Bank Transfer
S0012052,C00080,P0009,ST006,1/3/2026,6,1311,0.1,Returned,Cash
S0015712,C00478,P0017,ST007,11/22/2025,4,151,0.2,Completed,Bank Transfer
S0017355,C00655,P0028,ST006,8/18/2025,5,1338,0.2,Cancelled,Card
S0010740,C00665,P0009,ST014,6/14/2026,6,391,0.15,completed,Cash
S0015849,C00499,P0028,ST005,7/8/2026,10,833,0.2,completed,Cash
S0015324,C00768,P0028,ST003,2/8/2026,9,534,0,Returned,Mobile Money
S0013547,C00717,P0183,ST017,1/25/2025,9,649,0.05,Cancelled,Bank Transfer
S0018585,C00610,P0137,ST012,7/12/2025,1,561,0.1,Pending,Bank Transfer
S0017169,C00444,P0017,ST002,9/30/2025,7,9,0,completed,Cash
S0018451,C00530,P0011,ST010,1/13/2025,7,425,0.2,Cancelled,Bank Transfer
S0016188,C00272,P0017,ST005,6/26/2026,5,850,0.15,completed,Cash
S0020040,C00900,P0017,ST014,12/4/2025,10,207,0,Completed,Cash
S0011074,C00119,P0017,ST002,6/7/2025,7,1464,0.05,Cancelled,Bank Transfer
S0010204,C00240,P0009,ST015,5/23/2026,6,824,0,Completed,Cash
S0017127,C00317,P0009,ST012,1/1/2026,2,822,0.15,Returned,Bank Transfer
S0018282,C00688,P0017,ST016,6/23/2026,2,1441,0.2,completed,Bank Transfer
S0013016,C00801,P0137,ST016,12/12/2025,7,448,0.2,Pending,Mobile Money
S0014896,C00607,P0137,ST019,7/13/2025,8,551,0.1,Pending,Card
S0016772,C00535,P0183,ST018,11/24/2025,5,830,0.1,Pending,Mobile Money
S0013419,C00912,P0137,ST007,4/12/2025,5,1065,0.05,completed,Bank Transfer
S0014959,C00397,P0028,ST018,12/7/2025,2,253,0.05,Cancelled,Card
S0016419,C00567,P0028,ST016,1/26/2026,9,705,0.1,Returned,Bank Transfer
S0013410,C00726,P0017,ST008,5/23/2026,10,582,0.2,Completed,Card
S0018644,C00013,P0028,ST014,5/22/2026,8,1102,0.1,Completed,Cash
S0011744,C00223,P0017,ST006,6/26/2025,4,966,0.05,Pending,Card
S0014646,C00480,P0137,ST001,7/31/2025,5,640,0.1,Pending,Mobile Money
S0018337,C00841,P0017,ST020,12/5/2025,4,300,0,Cancelled,Cash
S0015930,C00226,P0028,ST011,6/19/2025,4,371,0,Completed,Cash
S0018666,C00765,P0009,ST009,4/26/2026,1,561,0.05,Cancelled,Cash
S0011893,C00406,P0028,ST019,10/6/2025,4,1049,0.1,Completed,Cash
S0018306,C00248,P0009,ST002,1/25/2025,2,388,0.1,Cancelled,Card
S0018145,C00295,P0011,ST008,7/28/2026,7,848,0.2,Returned,Mobile Money
S0019003,C00121,P0009,ST017,3/20/2026,5,200,0,Returned,Card
S0010589,C00160,P0017,ST002,12/4/2025,5,837,0.1,Completed,Card
S0014987,C00024,P0183,ST006,9/16/2025,6,198,0,Pending,Bank Transfer
S0010277,C00492,P0137,ST005,7/1/2026,5,323,0.2,Cancelled,Mobile Money
S0017618,C00655,P0183,ST016,1/18/2025,6,362,0.15,Returned,Bank Transfer
S0017509,C00396,P0009,ST010,6/27/2025,6,1240,0.1,Pending,Cash
S0014608,C00488,P0137,ST004,10/9/2025,2,50,0.2,Completed,Card
S0019356,C00555,P0137,ST020,1/16/2025,8,1064,0.15,Returned,Cash
S0014731,C00973,P0009, ST020 ,11/11/2025,10,1051,0.05,Returned,Bank Transfer
S0012124,C00386,P0183,ST016,6/24/2025,4,1336,0.2,Returned,Bank Transfer
S0018006,C00951,P0009,ST020,8/31/2025,3,126,0,Completed,Mobile Money
S0011772,C00564,P0137,ST011,12/12/2025,2,1313,0.05,Cancelled,Bank Transfer
S0018298,C00079,P0009,ST020,8/12/2025,7,1281,0.05,Cancelled,Card
S0014347,C00364,P0137,ST002,6/18/2026,2,522,0.15,Pending,Cash
S0014483,C00240,P0009,ST008,12/17/2025,9,554,0,Pending,Bank Transfer
S0019195,C00774,P0183,ST002,5/5/2025,8,1155,0,completed,Card
S0011526,C00866,P0183,ST009,1/21/2026,2,104,0.1,Cancelled,Mobile Money
S0019990,C00597,P0017,ST004,6/23/2026,1,1098,0.15,Pending,Mobile Money
S0012249,C00417,P0017,ST002,8/26/2025,1,474,0.1,Completed,Mobile Money
S0013285,C00145,P0137,ST015,1/19/2025,3,1228,0.2,Cancelled,Card
S0011679,C00274,P0137,ST013,5/19/2025,2,125,0.05,Completed,Cash
S0019279,C00803,P0028,ST020,2/13/2026,7,250,0.15,completed,Card
S0013818,C00532,P0137,ST016,10/9/2025,6,663,0,Returned,Bank Transfer
S0011967,C00628,P0017,ST014,8/7/2025,2,348,0.1,Returned,Card
S0017027,C00628,P0017,ST014,8/7/2025,5,503,0.1,Returned,Card
S0014093,C00397,P0137,ST014,6/2/2025,6,1178,0,Returned,Bank Transfer
S0015191,C00756,P0011,ST008,10/11/2025,2,582,0.15,Cancelled,Cash
S0016053,C00011, P0137 ,ST012,1/15/2026,2,415,0,Completed,Mobile Money
S0012303,C00844,P0017,ST014,5/12/2026,8,1382,0.05,Pending,Cash
S0011790,C00563,P0017,ST017,4/12/2025,9,149,0,Pending,Mobile Money
S0015670,C00255,P0183,ST013,12/31/2025,8,1216,0.2,Cancelled,Mobile Money
S0015850, C00510 ,P0009,ST016,5/9/2025,9,738,0,Returned,Mobile Money
S0016553,C00196,P0183,ST001,4/11/2025,10,1018,0.05,completed,Card
S0016953,C00148,P0017,ST001,3/18/2025,1,213,0.2,completed,Cash
S0012107,C00716,P0028,ST016,12/29/2025,3,487,0.15,Returned,Card
S0018726,C00783,P0137,ST014,10/13/2025,9,167,0.1,Pending,Card
S0017817,C00873,P0137,ST005,4/27/2025,5,915,0.15,Pending,Bank Transfer
S0011332,C00449,P0183,ST004,7/6/2026,10,698,0.05,completed,Mobile Money
S0016566,C00081,P0017,ST020,5/19/2025,7,1285,0,Cancelled,Bank Transfer
S0014390,C00281,P0137,ST009,11/4/2025,8,1188,0.05,completed,Card
S0016920,C00215,P0009,ST016,10/13/2025,6,106,0,Completed,Card
S0015603,C00715,P0017,ST002,9/28/2025,8,1048,0.2,Cancelled,Mobile Money
S0014650,C00504,P0017,ST007,1/8/2025,3,641,0.1,Returned,Bank Transfer
S0015623,C00400,P0017,ST002,4/24/2025,7,521,0.05,Completed,Bank Transfer
S0013726,C00888,P0183,ST015,10/27/2025,3,1336,0.2,Cancelled,Card
S0010789,C00273,P0183,ST011,10/9/2025,1,497,0.2,Returned,Bank Transfer
S0013387,C00329,P0009,ST013,2/5/2026,3,694,0.15,Cancelled,Mobile Money
S0012247,C00438,P0017,ST011,6/28/2025,10,1280,0.15,Cancelled,Card
S0018095,C00811,P0183,ST012,7/23/2026,3,91,0.1,Cancelled,Bank Transfer
S0011044,C00298,P0183,ST007,5/16/2025,8,280,0.1,Pending,Mobile Money
S0015514,C00774,P0017,ST005,12/3/2025,6,454,0,Returned,Mobile Money
S0019503,C00003,P0137,ST017,2/18/2026,6,538,0.05,Completed,Cash
S0012427,C00207,P0009,ST007,1/1/2025,3,485,0.05,Returned,Card
S0010595,C00716,P0137,ST008,1/18/2025,8,234,0.15,Pending,Mobile Money
S0015157,C00656,P0017,ST010,3/28/2025,1,687,0.2,Returned,Cash
S0011085,C00591,P0137,ST020,9/25/2025,10,1371,0.15,Completed,Card
S0012841,C00638,P0137,ST010,7/20/2026,7,57,0,Cancelled,Card
S0015073,C00951,P0017,ST007,7/10/2026,4,484,0.05,completed,Mobile Money
S0011302,C00606,P0028,ST003,5/2/2026,1,478,0.05,completed,Card
S0012296,C00680,P0011,ST008,1/21/2026,10,1426,0.2,completed,Bank Transfer
S0015155,C00334,P0137,ST017,6/1/2026,3,846,0,Pending,Mobile Money
S0016742,C00460,P0137,ST020,12/5/2025,1,760,0.1,Pending,Bank Transfer
S0011075,C00919,P0009,ST017,11/11/2025,5,284,0.1,Completed,Cash
S0019565,C00899,P0137,ST004,9/25/2025,6,707,0.05,Returned,Bank Transfer
S0017984,C00714,P0017,ST001,2/22/2025,9,619,0.1,Cancelled,Cash
S0019726,C00696,P0183,ST004,11/26/2025,2,1251,0.1,Pending,Mobile Money
S0019022,C00734,P0183,ST007,7/22/2025,3,89,0.1,Cancelled,Bank Transfer
S0014801,C00777,P0137,ST005,1/20/2025,1,557,0.1,Cancelled,Bank Transfer
S0017613,C00157,P0009,ST016,1/25/2025,5,1348,0,Completed,Card
S0012775,C00731,P0011,ST020,5/15/2026,7,1223,0.05,completed,Bank Transfer
S0015608,C00475,P0028,ST006,10/2/2025,10,1117,0.1,Pending,Card
S0016195,C00942,P0066,ST015,11/20/2025,7,1375,0,Returned,Mobile Money
S0015012,C00713,P0183,ST002,6/17/2026,8,588,0.05,completed,Card
S0014219,C00034,P0137,ST005,6/1/2025,7,525,0.1,Pending,Bank Transfer
S0017700,C00380,P0009,ST014,7/18/2026,1,204,0.15,Completed,Bank Transfer
S0012018,C00097,P0137,ST003,12/18/2025,9,1014,0.2,Cancelled,Bank Transfer
S0014600,C00474,P0009,ST008,10/10/2025,2,610,0.15,completed,Mobile Money
S0012564,C00347,P0017,ST004,4/2/2026,8,1094,0.1,Completed,Mobile Money
S0015273,C00458,P0183,ST014,10/13/2025,3,489,0.1,Cancelled,Cash
S0017837,C00186,P0017,ST013,5/30/2025,3,367,0,Completed,Card
S0013669,C00710,P0183,ST020,6/4/2025,7,362,0.15,Pending,Mobile Money
S0017295,C00063,P0009,ST016,7/24/2026,9,230,0,Completed,Card
S0012664,C00119,P0011,ST005,12/24/2025,8,1048,0.1,Completed,Bank Transfer
S0018940,C01000,P0183,ST012,7/20/2025,6,1323,0.15,completed,Cash
S0016491,C00133,P0183,ST009,6/14/2025,10,1257,0.05,Cancelled,Mobile Money
S0015476,C00409,P0137,ST015,12/1/2025,5,473,0.1,Pending,Mobile Money
S0015842,C00789,P0009,ST003,6/30/2025,2,752,0.2,Cancelled,Card
S0015768,C00669,P0017,ST006,1/29/2026,1,1463,0,completed,Mobile Money
S0019841,C00544,P0183,ST018,11/24/2025,3,1311,0.15,Pending,Card
S0015508,C00120,P0137,ST014,7/7/2026,7,1152,0.15,Pending,Card
S0010747,C00242,P0183,ST004,6/19/2026,10,4,0.15,Completed,Card
S0017134,C00767,P0009,ST011,3/8/2025,2,813,0.15,Returned,Bank Transfer
S0018581,C00635,P0017,ST013,3/18/2026,7,1126,0.2,completed,Cash
S0016106,C00370,P0009,ST015,1/30/2025,10,639,0.2,Cancelled,Cash
S0018565,C00009,P0183,ST014,4/27/2025,1,939,0,completed,Card
S0013533,C00475,P0009,ST003,4/6/2026,7,25,0.05,Cancelled,Mobile Money
S0014280,C00006,P0183,ST005,11/17/2025,8,491,0,Cancelled,Mobile Money
S0013568,C00994,P0183,ST015,12/3/2025,2,1383,0.2,Cancelled,Card
S0013116,C00471,P0009,ST003,8/28/2025,7,472,0.05,Pending,Card
S0017838,C00625,P0137,ST009,6/12/2026,5,802,0.15,Returned,Bank Transfer
S0018209,C00225,P0017,ST019,5/12/2026,1,665,0.1,Returned,Card
S0011727,C00328,P0183,ST003,7/24/2025,6,1427,0.2,Completed,Bank Transfer
S0018358,C00751,P0009,ST012,2/4/2025,9,108,0.2,Cancelled,Cash
S0013351,C00263,P0011,ST015,6/4/2025,4,597,0.1,Pending,Card
S0018845,C00816,P0183,ST010,6/16/2025,1,1311,0.2,Pending,Bank Transfer
S0017660,C00627,P0183,ST017,12/20/2025,6,1122,0.1,completed,Mobile Money
S0017227,C00962,P0066,ST013,8/5/2025,5,836,0.15,Returned,Bank Transfer
S0017832,C00665,P0137,ST010,2/15/2025,9,509,0.2,completed,Bank Transfer
S0017824,C00270,P0183,ST013,7/7/2026,9,657,0.15,completed,Mobile Money
S0018296,C00780,P0017,ST020,1/9/2025,7,405,0.1,Cancelled,Card
S0019566,C00715,P0011,ST018,1/6/2026,5,1362,0.1,Cancelled,Card
S0014057,C00144,P0009,ST005,9/13/2025,9,550,0,Pending,Mobile Money
S0019910,C00438,P0066,ST009,2/17/2025,2,1214,0.05,completed,Mobile Money
S0011263,C00688,P0137,ST012,2/10/2025,8,389,0.05,Cancelled,Cash
S0016837,C00459,P0183,ST018,10/22/2025,3,1087,0.1,Cancelled,Cash
S0017945,C00205,P0017,ST017,6/22/2026,5,850,0.15,completed,Mobile Money
S0011748,C00304,P0137, ST006 ,3/27/2025,7,471,0.2,Completed,Bank Transfer
S0010670,C00230,P0011,ST007,1/14/2025,8,675,0.15,Returned,Cash
S0016243,C00371,P0011,ST007,3/6/2025,4,945,0.05,Returned,Cash
S0015804,C00297,P0183, ST001 ,3/11/2026,7,704,0,Cancelled,Mobile Money
S0015852,C00472,P0137,ST019,5/13/2026,3,188,0,Pending,Cash
S0017548,C00974,P0137,ST012,7/22/2026,2,1472,0.2,completed,Cash
S0018778,C00892,P0137,ST010,5/17/2026,5,478,0,completed,Card
S0016778,C00724,P0137,ST003,4/24/2026,2,824,0,Completed,Mobile Money
S0019564,C00892,P0009,ST007,3/22/2025,2,430,0.1,completed,Cash
S0010693,C00048,P0137,ST014,8/1/2025,6,579,0.2,Returned,Cash
S0016155,C00663,P0183,ST017,6/21/2025,5,81,0.1,Pending,Bank Transfer
S0010357,C00718,P0017,ST001,6/7/2026,9,833,0.15,completed,Mobile Money
S0013544,C00461,P0137,ST008,1/31/2026,6,855,0.15,Completed,Mobile Money
S0018900,C00520,P0137,ST006,3/12/2026,10,29,0.05,Pending,Card
S0013249,C00818,P0009,ST007,7/2/2026,2,320,0.15,Completed,Bank Transfer
S0014121,C00401,P0009,ST014,2/20/2026,3,697,0.1,Pending,Mobile Money
S0015526,C00189,P0183,ST004,3/23/2025,3,16,0.1,Pending,Card
S0012010,C00941,P0183,ST020,10/2/2025,10,1345,0.2,Pending,Mobile Money
S0013812,C00570,P0066,ST018,8/14/2025,6,642,0.2,Completed,Cash
S0015754,C00264,P0011,ST017,9/9/2025,2,1175,0.1,Returned,Cash
S0011568,C00778,P0011,ST018,3/4/2026,1,198,0.15,Completed,Mobile Money
S0015771,C00183,P0183,ST019,10/15/2025,2,1447,0.2,Completed,Mobile Money
S0014493,C00698,P0137,ST013,7/19/2026,5,397,0,Returned,Bank Transfer
S0019611,C00791,P0183,ST003,9/7/2025,7,1166,0.1,Pending,Cash
S0017096,C00419,P0137,ST009,5/6/2025,4,1428,0,Pending,Cash
S0016280,C00141,P0011,ST006,5/8/2026,5,1227,0.1,Pending,Mobile Money
S0014063,C00916,P0183,ST010,4/9/2026,7,205,0.1,Pending,Card
S0016056,C00321,P0011,ST002,12/20/2025,4,372,0.2,Completed,Mobile Money
S0015374,C00055,P0011,ST001,6/5/2025,7,1261,0.05,completed,Bank Transfer
S0016438,C00546,P0183,ST002,5/5/2026,9,903,0.15,completed,Bank Transfer
S0010091,C00337,P0066,ST004,4/7/2025,4,1231,0.2,completed,Bank Transfer
S0012079,C00298,P0137,ST007,7/15/2026,6,590,0.15,Pending,Card
S0019418,C00059,P0183,ST017,4/25/2025,2,357,0,Returned,Mobile Money
S0017190,C00648,P0017,ST016,6/24/2026,7,441,0.2,Cancelled,Bank Transfer
S0015912,C00740,P0011,ST011,2/6/2025,2,1071,0.1,Cancelled,Bank Transfer
S0012305,C00456,P0011,ST014,8/24/2025,1,1242,0,Completed,Mobile Money
S0014597,C00465,P0183,ST001,3/13/2025,9,836,0.1,Returned,Mobile Money
S0019620,C00566,P0137,ST019,1/29/2025,6,451,0.2,completed,Card
S0018594,C00705,P0066,ST006,11/9/2025,3,685,0.1,Completed,Bank Transfer
S0014665,C00535,P0011,ST016,7/3/2025,2,937,0.15,Returned,Cash
S0017144,C00752,P0066,ST020,8/27/2025,4,1341,0.1,Cancelled,Mobile Money
S0015699,C00941,P0066,ST014,3/17/2026,9,751,0,Cancelled,Card
S0019373,C00681,P0066,ST016,5/19/2025,3,1489,0.15,Cancelled,Cash
S0017005,C00701,P0137,ST003,7/8/2025,8,38,0.1,Returned,Cash
S0012469,C00180,P0066,ST004,2/18/2025,2,1064,0.2,Pending,Card
S0016735,C00740,P0183,ST012,6/4/2025,2,218,0.1,completed,Card
S0016319,C00009,P0183, ST009 ,10/6/2025,1,1463,0.2,Pending,Cash
S0012570,C00495,P0137,ST004,1/31/2025,1,958,0.1,completed,Card
S0010524,C00624,P0183,ST020,8/4/2025,8,751,0.15,Completed,Card
S0018106,C00145,P0066,ST001,1/29/2025,6,546,0.15,Completed,Bank Transfer
S0010066,C00866,P0011,ST018,7/17/2026,8,503,0.2,Completed,Mobile Money
S0013582,C00443,P0066,ST014,7/12/2025,1,1227,0.15,Returned,Card
S0016369,C00308,P0183,ST011,1/28/2025,10,1406,0.15,Pending,Mobile Money
S0018630,C00870,P0066,ST005,1/15/2026,5,1178,0.1,completed,Cash
S0017269,C00978,P0066,ST014,3/5/2025,3,365,0,Pending,Mobile Money
S0014150,C00687,P0011,ST008,5/13/2026,10,529,0.05,Cancelled,Bank Transfer
S0014642,C00717,P0011,ST003,1/4/2025,10,193,0.2,Returned,Card
S0012743,C00683,P0066,ST019,2/17/2026,2,1448,0.05,Returned,Mobile Money
S0015646,C00988,P0011,ST006,4/15/2025,1,967,0.2,Cancelled,Bank Transfer
S0012350,C00314,P0137,ST019,4/24/2025,5,700,0.05,completed,Bank Transfer
S0015430,C00061,P0011,ST011,1/20/2025,9,1251,0.05,completed,Card
S0018951,C00267,P0066,ST007,11/3/2025,4,1431,0.2,Returned,Card
S0010128,C00410,P0137,ST007,2/11/2026,8,83,0.2,completed,Bank Transfer
S0011086,C00703,P0009,ST014,9/4/2025,1,1444,0.1,completed,Cash
S0017294,C00912,P0137,ST002,1/3/2025,8,915,0.1,completed,Mobile Money
S0018636,C00412,P0066,ST006,7/13/2026,10,1356,0.1,completed,Bank Transfer
S0013332,C00148,P0011,ST016,4/30/2025,5,1322,0,completed,Bank Transfer
S0013206,C00244,P0011,ST020,1/6/2026,1,1048,0.2,completed,Card
S0017686,C00748,P0011,ST019,7/25/2025,5,1096,0,Returned,Mobile Money
S0014214,C00932,P0066,ST001,2/15/2025,9,335,0.2,completed,Card
S0015701,C00189,P0011,ST005,11/23/2025,8,552,0,Returned,Card
S0011134,C00174,P0183,ST019,12/4/2025,1,413,0.05,completed,Bank Transfer
S0015070,C00023,P0066,ST018,3/15/2026,7,1027,0.1,Completed,Bank Transfer
S0012878,C00485,P0066,ST017,3/31/2026,4,252,0,Completed,Card
S0017133,C00176,P0066,ST005,7/25/2026,3,1426,0.2,Completed,Card
S0014472,C00500,P0017,ST015,1/30/2026,7,1461,0.2,Completed,Card
S0016422,C00819,P0066,ST003,10/27/2025,3,1155,0.2,Returned,Cash
S0018712,C00810,P0066,ST009,12/16/2025,8,580,0.2,Returned,Card
S0019163,C00300,P0183,ST008,3/8/2025,9,1340,0.1,Returned,Card
S0012309,C00418,P0011,ST005,2/22/2026,5,196,0.05,completed,Card
S0017703,C00584,P0183,ST005,4/6/2026,10,850,0.05,Cancelled,Bank Transfer
S0015861,C00479,P0137,ST014,12/12/2025,8,129,0.05,Pending,Cash
S0018454,C00352,P0011,ST014,1/14/2025,10,1489,0.15,Pending,Bank Transfer
S0019466,C00098,P0183,ST011,1/11/2026,10,304,0.1,Returned,Cash
S0018781,C00046,P0066,ST005,6/22/2026,8,1156,0.05,completed,Bank Transfer
S0010718,C00819,P0183,ST008,3/17/2026,1,1288,0.1,Completed,Card
S0010635,C00713,P0066,ST013,4/26/2025,9,988,0.2,Pending,Bank Transfer
S0017122,C00391,P0183,ST008,2/11/2026,8,872,0,Cancelled,Cash
S0010697,C00039,P0011,ST019,3/3/2025,10,693,0,Cancelled,Mobile Money
S0019451,C00169,P0066,ST019,6/8/2025,2,1391,0.05,Pending,Mobile Money
S0018797,C00442,P0066,ST017,7/20/2025,8,855,0.1,completed,Mobile Money
S0019000,C00038,P0066,ST004,1/1/2026,6,77,0.2,Pending,Mobile Money
S0011252,C00905,P0011, ST010 ,5/16/2025,1,615,0.15,Completed,Bank Transfer
S0011029,C00451,P0066,ST019,4/7/2026,8,80,0.1,Cancelled,Card
S0018631,C00261,P0066,ST014,6/10/2026,7,849,0.1,Cancelled,Mobile Money
S0019889,C00033,P0066,ST004,12/15/2025,7,182,0.2,completed,Mobile Money
S0015233,C00187,P0066,ST006,4/26/2026,5,192,0.05,Pending,Mobile Money
S0016200,C00073,P0066,ST011,12/24/2025,4,9,0,completed,Mobile Money
S0010336,C00326,P0066,ST011,8/3/2026,4,1413,0.2,Completed,Card
S0019196,C00919,P0066,ST009,3/31/2025,6,1352,0,Pending,Bank Transfer
S0011665,C00885,P0066,ST005,7/7/2025,4,1366,0.1,Pending,Cash
S0014773,C00266,P0104,ST002,3/5/2026,5,596,0,Returned,Mobile Money
S0013555,C00822,P0066,ST002,3/7/2026,4,440,0.15,completed,Bank Transfer
S0019501,C00791,P0066,ST016,10/23/2025,10,354,0,completed,Bank Transfer
S0010399,C00473,P0066,ST017,7/12/2025,7,763,0,completed,Card
S0016672,C00887,P0011,ST017,11/24/2025,10,556,0.15,Cancelled,Bank Transfer
S0011323,C00754,P0011,ST006,5/6/2025,4,455,0,Pending,Bank Transfer
S0010052,C00771,P0066,ST007,7/13/2026,7,1247,0.1,Pending,Cash
S0019574,C00671,P0011,ST017,4/25/2025,10,860,0.15,Pending,Bank Transfer
S0016497,C00681,P0066,ST001,10/9/2025,7,1265,0.15,Pending,Cash
S0014494,C00842,P0066,ST012,2/14/2026,1,1090,0.2,Returned,Cash
S0015388,C00408,P0011,ST011,5/7/2025,4,1331,0.15,Returned,Bank Transfer
S0017253,C00697,P0011,ST010,7/3/2026,5,542,0.2,completed,Bank Transfer
S0017390,C00498,P0104,ST015,1/31/2026,8,862,0.15,Completed,Card
S0018818,C00500,P0104,ST010,5/11/2025,9,1158,0.15,Returned,Bank Transfer
S0010429,C00457,P0104,ST008,9/19/2025,2,1345,0,Returned,Mobile Money
S0012697,C00308,P0104,ST014,6/23/2026,4,769,0.1,Completed,Mobile Money
S0016583,C00290,P0104,ST003,7/27/2026,10,521,0.2,Cancelled,Card
S0011889,C00942,P0104,ST015,9/29/2025,6,139,0.05,Completed,Cash
S0011683,C00116,P0066,ST001,2/13/2025,5,659,0.2,Pending,Card
S0012524,C00796,P0104,ST008,4/16/2025,5,1027,0.15,completed,Cash
S0013097,C00600,P0104,ST009,3/28/2026,1,1051,0,Cancelled,Cash
S0018262,C00338,P0104,ST008,2/16/2025,9,1318,0.1,Cancelled,Mobile Money
S0019710,C00489,P0104,ST015,12/31/2025,7,1290,0.15,Completed,Card
S0019848,C00373,P0104,ST013,1/15/2025,8,969,0.2,Cancelled,Cash
S0012823,C00290,P0104,ST011,6/23/2025,3,843,0.2,Pending,Cash
S0016087,C00344,P0104,ST001,4/3/2025,10,814,0.2,Returned,Cash
S0012463,C00634,P0104,ST002,1/3/2026,2,263,0.15,Pending,Cash
S0014029,C00586,P0104,ST020,2/11/2025,10,1474,0.15,Completed,Bank Transfer
S0011464,C00450,P0104,ST020,5/7/2026,4,37,0.15,Returned,Card
S0014075,C00299,P0104,ST010,11/18/2025,3,1244,0.1,completed,Cash
S0019871,C00807,P0104,ST017,8/18/2025,4,278,0.2,Pending,Card
S0017117,C00086,P0104,ST014,6/29/2025,6,97,0,Returned,Bank Transfer
S0018479,C00869,P0104,ST014,8/18/2025,2,41,0,completed,Bank Transfer
S0017572,C00696,P0104,ST007,3/4/2025,7,896,0.1,Cancelled,Card
S0018396,C00548,P0104,ST010,12/25/2025,2,1156,0,Pending,Mobile Money
S0018344,C00017,P0104,ST008,6/3/2026,10,1353,0,Cancelled,Cash
S0019741, C00329 ,P0104,ST013,12/12/2025,6,359,0.2,Returned,Mobile Money
S0010076,C00217,P0104,ST001,8/22/2025,7,443,0.05,Cancelled,Card
S0015014,C00409,P0104,ST001,11/21/2025,8,1247,0.15,completed,Card
S0010944,C00648,P0104,ST014,1/24/2025,4,393,0.1,Completed,Card
S0014320,C00949,P0104,ST008,10/10/2025,3,33,0.2,completed,Card
S0018717,C00373,P0104,ST006,12/9/2025,1,529,0.15,Pending,Bank Transfer
S0012701,C00025,P0104,ST011,12/27/2025,10,777,0.1,completed,Mobile Money
S0018729,C00491,P0104,ST010,7/2/2025,6,1362,0,Returned,Bank Transfer
S0014413,C00578,P0104,ST014,4/3/2025,4,1219,0,Completed,Card
S0014111,C00033,P0104,ST003,7/1/2025,6,1354,0.15,Returned,Mobile Money
S0019683,C00604,P0104,ST005,7/19/2025,1,990,0,Pending,Cash
S0014161,C00387,P0104,ST008,12/17/2025,5,889,0,completed,Card
S0016944,C00160,P0104,ST004,2/1/2025,2,1413,0.05,completed,Card
S0016222,C00327,P0104,ST002,12/31/2025,8,319,0.15,Pending,Card
S0013667,C00266,P0104,ST005,3/25/2026,8,317,0.1,Cancelled,Cash
S0016047,C00312,P0104,ST004,8/8/2025,9,1158,0.15,Pending,Cash
S0014266,C00700,P0104,ST013,6/1/2026,10,1448,0.05,Cancelled,Card
S0017504,C00815,P0104,ST011,2/28/2026,9,604,0.05,Completed,Cash
S0011882,C00115,P0104,ST014,12/2/2025,2,60,0.05,Returned,Bank Transfer
S0013650,C00467,P0104,ST012,2/28/2025,2,1251,0,Cancelled,Cash
S0015131,C00885,P0104,ST008,12/16/2025,5,53,0.2,Pending,Cash
S0019235,C00193,P0104,ST001,6/27/2025,7,1073,0.05,Completed,Cash
S0019380,C00491,P0104,ST014,11/9/2025,1,591,0.05,Pending,Cash
S0019332,C00611,P0104,ST018,4/24/2026,9,513,0.05,Returned,Card
S0019218,C00608,P0104,ST005,5/22/2026,3,923,0.05,Returned,Bank Transfer
S0010377,C00190,P0104,ST002,3/8/2026,8,118,0.2,Cancelled,Card
S0014153,C00758,P0104,ST013,11/6/2025,5,1283,0,Completed,Bank Transfer
S0014268,C00277,P0104,ST010,1/6/2026,7,184,0.2,Cancelled,Bank Transfer
S0019549,C00107,P0104,ST005,6/11/2026,7,1466,0.2,Returned,Card
S0013777,C00537,P0104,ST014,3/4/2026,5,156,0,Cancelled,Card
S0019514,C00420,P0104,ST004,11/28/2025,6,1125,0,completed,Bank Transfer
S0015799,C00326,P0109,ST006,1/3/2025,2,75,0.15,Pending,Mobile Money
S0010861,C00006,P0109,ST017,6/19/2025,8,221,0.2,Returned,Bank Transfer
S0016685,C00165,P0109,ST002,2/27/2025,3,572,0.05,Completed,Bank Transfer
S0012446,C00618,P0174,ST018,1/31/2025,7,159,0.1,Returned,Bank Transfer
S0010941,C00607,P0109,ST003,12/21/2025,5,659,0.15,completed,Mobile Money
S0014514,C00205,P0174,ST019,5/28/2026,3,65,0,completed,Cash
S0018833,C00683,P0174,ST006,7/3/2026,5,781,0.15,completed,Mobile Money
S0018895,C00839,P0174,ST011,6/10/2025,9,663,0.1,Completed,Mobile Money
S0012245,C00993,P0109,ST009,7/25/2026,8,564,0.1,Completed,Cash
S0012137,C00027,P0174,ST020,2/18/2026,9,50,0.2,completed,Card
S0017214,C00178,P0174,ST009,2/6/2026,3,652,0.1,completed,Mobile Money
S0016878,C00358,P0109,ST011,2/3/2026,10,1274,0.15,Cancelled,Card
S0015032,C00540,P0109,ST007,10/13/2025,6,1150,0.15,completed,Card
S0012764,C00083,P0109,ST017,3/6/2025,9,777,0.2,Cancelled,Cash
S0014365,C00229,P0109,ST019,1/9/2025,5,1107,0,Pending,Mobile Money
S0017266,C00301,P0174,ST012,6/25/2025,7,274,0.1,Completed,Bank Transfer
S0016029,C00964,P0109,ST002,4/10/2026,2,880,0.1,Pending,Bank Transfer
S0013955,C00381,P0174,ST004,11/6/2025,5,721,0.15,completed,Mobile Money
S0011321,C00824,P0109,ST008,6/25/2025,10,800,0.05,Pending,Cash
S0019172,C00232,P0174,ST018,6/24/2025,7,1134,0,Pending,Cash
S0012919,C00170,P0109,ST018,2/15/2025,4,373,0.2,Completed,Card
S0012289,C00995,P0174,ST003,1/29/2025,9,1129,0.2,Returned,Cash
S0014729,C00301,P0109, ST010 ,8/9/2025,4,1231,0,Completed,Cash
S0013804,C00704,P0109,ST013,1/16/2025,6,456,0.2,Cancelled,Mobile Money
S0018435,C00930,P0174,ST001,10/25/2025,10,969,0,Pending,Mobile Money
S0014375,C00435,P0109,ST010,12/31/2025,1,1493,0.15,completed,Cash
S0010360,C00130,P0109,ST019,10/31/2025,2,551,0.2,Pending,Cash
S0017041,C00919,P0109,ST013,2/27/2026,7,618,0.2,Returned,Mobile Money
S0012699,C00708,P0174,ST012,1/13/2026,4,557,0,Returned,Bank Transfer
S0014974,C00113,P0109,ST019,7/2/2026,5,949,0,Returned,Card
S0020021,C00630,P0109,ST019,5/4/2026,5,353,0.1,Pending,Cash
S0013023,C00918,P0109,ST011,6/2/2026,4,147,0,Cancelled,Cash
S0019250,C00593,P0174,ST007,7/10/2026,7,535,0.05,completed,Card
S0011414,C00026,P0109,ST003,6/5/2026,1,1456,0.1,Pending,Cash
S0014818,C00757,P0109,ST011,7/15/2025,2,1324,0.1,Pending,Cash
S0018689,C00970,P0109,ST003,9/17/2025,8,854,0.2,Returned,Card
S0014793,C00278,P0174,ST020,6/9/2026,9,640,0.15,Cancelled,Bank Transfer
S0019019,C00444,P0174,ST011,4/2/2026,10,302,0,Returned,Bank Transfer
S0016979,C00550,P0109,ST017,5/25/2025,8,649,0.05,Cancelled,Bank Transfer
S0017194,C00380,P0174,ST016,9/9/2025,10,912,0.1,Pending,Card
S0011724,C00707,P0109,ST013,4/10/2025,7,1043,0.05,Pending,Mobile Money
S0010642,C00716,P0174,ST012,6/3/2026,8,1087,0.2,Completed,Card
S0013189,C00310,P0109,ST010,12/12/2025,2,998,0.15,Returned,Card
S0017590,C00034, P0109 ,ST013,6/6/2025,4,580,0.15,Cancelled,Card
S0012698,C00303,P0174,ST010,12/30/2025,3,1163,0.2,Pending,Card
S0015404,C00674,P0174,ST017,7/21/2025,10,24,0.1,Completed,Cash
S0017636,C00882,P0174,ST010,9/2/2025,2,284,0.05,Returned,Bank Transfer
S0013765,C00037,P0174,ST004,9/23/2025,9,1391,0,Pending,Mobile Money
S0011110,C00777,P0109,ST008,4/23/2026,3,1446,0.1,Completed,Cash
S0014247,C00111,P0174,ST012,1/1/2025,7,1045,0.05,completed,Mobile Money
S0010301,C00254,P0109,ST017,1/11/2026,5,1074,0.1,Cancelled,Mobile Money
S0011993,C00336,P0109,ST008,5/18/2026,3,1206,0.2,Returned,Cash
S0012578,C00894,P0174,ST012,4/4/2026,4,557,0.1,Returned,Bank Transfer
S0016488,C00299,P0174,ST001,12/25/2025,5,428,0.1,Completed,Mobile Money
S0018266,C00232,P0174,ST008,2/17/2025,6,528,0,Completed,Card
S0014141,C00370,P0174,ST018,6/7/2026,10,524,0.2,Completed,Bank Transfer
S0017310,C00370,P0174,ST018,6/7/2026,10,775,0.2,Completed,Bank Transfer
S0014291,C00114,P0174,ST001,6/16/2025,5,175,0.15,Returned,Bank Transfer
S0012438,C00546,P0109,ST019,9/30/2025,9,748,0.2,completed,Mobile Money
S0018386,C00820,P0174,ST003,9/26/2025,3,627,0.1,completed,Mobile Money
S0010766,C00746,P0109,ST008,1/21/2025,7,674,0.05,Cancelled,Mobile Money
S0013677,C00449,P0174,ST004,4/11/2026,10,793,0.2,Cancelled,Bank Transfer
S0014379,C00728,P0174,ST003,6/18/2025,9,256,0.05,Pending,Card
S0011643,C00141,P0174,ST017,6/30/2026,5,1490,0.2,Pending,Bank Transfer
S0019306,C00084,P0109,ST013,10/12/2025,10,210,0,Cancelled,Bank Transfer
S0019458,C00512,P0109,ST011,11/5/2025,7,1364,0.15,Cancelled,Mobile Money
S0016682,C00531,P0109,ST002,2/7/2025,6,1160,0.2,Completed,Bank Transfer
S0013574,C00964,P0109,ST012,6/2/2025,6,1284,0.2,Completed,Card
S0012650,C00901,P0109,ST008,2/13/2026,5,1091,0.05,completed,Card
S0012798,C00780,P0109,ST005,2/1/2026,9,130,0.15,Completed,Bank Transfer
S0010033,C00933,P0109,ST007,7/26/2025,7,584,0.2,Returned,Mobile Money
S0010144,C00629,P0174,ST011,8/9/2025,7,1252,0.05,completed,Cash
S0017406,C00351,P0109,ST009,4/22/2026,5,1274,0.15,Cancelled,Bank Transfer
S0017828,C00262,P0109,ST012,1/2/2026,8,128,0,Cancelled,Card
S0013325,C00458,P0109,ST004,3/16/2025,5,1020,0.1,completed,Cash
S0011374,C00645,P0109,ST013,6/7/2026,9,128,0.2,Returned,Cash
S0010374,C00702,P0174,ST016,5/27/2026,6,1200,0.2,completed,Bank Transfer
S0013613,C00775,P0109,ST012,12/22/2025,9,622,0,Completed,Card
S0017538,C00923,P0174,ST002,10/14/2025,3,865,0,Cancelled,Card
S0016599,C00416,P0174,ST017,5/18/2026,2,1342,0,Completed,Card
S0018431,C00558,P0109,ST002,1/1/2026,7,495,0.2,Cancelled,Cash
S0016044,C00298,P0174,ST017,5/5/2025,10,1267,0,Completed,Cash
S0014817,C00476,P0174,ST015,5/7/2026,8,675,0.05,Pending,Bank Transfer
S0014622,C00208,P0174,ST014,5/17/2025,6,1434,0.1,Completed,Cash
S0014257,C00393,P0174,ST007,11/17/2025,1,127,0.05,Returned,Bank Transfer
S0012306,C00784,P0174,ST011,1/8/2025,2,768,0,Pending,Card
S0017674,C00211,P0109,ST002,6/20/2025,8,324,0.15,Pending,Card
S0011301,C00652,P0174,ST016,12/13/2025,8,142,0.2,Returned,Cash
S0014921,C00337,P0174,ST014,11/24/2025,2,199,0.05,Cancelled,Bank Transfer
S0010633,C00992,P0109,ST017,7/8/2025,9,1262,0.1,Cancelled,Cash
S0013085,C00826,P0174,ST011,1/3/2026,5,212,0,Cancelled,Mobile Money
S0018263,C00418,P0109,ST019,6/18/2026,7,1292,0.1,Returned,Mobile Money
S0017878,C00982,P0174,ST011,12/14/2025,4,1383,0.15,completed,Cash
S0013150,C00576,P0174,ST009,2/17/2026,1,1074,0.15,Cancelled,Mobile Money
S0011934,C00110,P0174,ST013,3/3/2025,1,789,0.1,completed,Cash
S0015808,C00203,P0109,ST006,7/28/2026,8,1438,0.15,Returned,Cash
S0019979,C00467,P0174,ST001,4/3/2025,6,381,0.2,completed,Mobile Money
S0018410,C00849,P0174,ST008,3/19/2026,4,550,0.15,Returned,Bank Transfer
S0015578,C00966,P0174,ST020,5/8/2026,4,862,0,Returned,Bank Transfer
S0011628,C00967,P0109,ST018,9/4/2025,6,1472,0.2,completed,Card
S0012134,C00627,P0174,ST007,2/24/2026,6,286,0.05,Cancelled,Bank Transfer
S0017086,C00504,P0109,ST016,9/10/2025,1,174,0.15,Completed,Card
S0012157,C00794,P0109,ST018,1/1/2026,10,397,0,Returned,Card
S0014140,C00298,P0109,ST011,7/17/2026,3,301,0.2,Cancelled,Card
S0012190,C00692,P0174,ST019,5/10/2026,5,202,0.1,completed,Card
S0016881,C00623,P0109,ST007,10/1/2025,5,253,0.05,Completed,Card
S0017588,C00141,P0174,ST018,12/3/2025,9,52,0.05,Completed,Cash
S0010505,C00390,P0109,ST003,3/29/2026,3,1312,0.15,Returned,Bank Transfer
S0017499,C00206,P0174,ST014,2/14/2025,6,1052,0.05,Cancelled,Mobile Money
S0014836,C00335,P0109,ST002,8/5/2025,2,1310,0.05,Completed,Mobile Money
S0012204,C00659,P0174,ST003,10/3/2025,4,28,0.15,Cancelled,Card
S0016628,C00127,P0174,ST001,2/2/2025,4,1439,0.05,Pending,Cash
S0019492,C00231,P0174,ST004,12/3/2025,3,816,0.2,Completed,Bank Transfer
S0011938,C00426,P0109,ST005,5/17/2025,5,1487,0.1,Returned,Mobile Money
S0012652,C00493,P0174,ST002,1/16/2025,10,1004,0,Pending,Bank Transfer
S0015085,C00247,P0174,ST013,10/22/2025,3,1086,0.05,Completed,Cash
S0015312,C00503,P0109,ST004,7/17/2025,9,764,0.15,Pending,Mobile Money
S0013933,C00772,P0174,ST018,10/30/2025,5,682,0.05,Completed,Card
S0014271,C00046,P0081,ST018,1/1/2025,5,614,0.2,Pending,Bank Transfer
S0015711,C00619,P0128,ST003,12/14/2025,5,530,0.1,Returned,Mobile Money
S0011369,C00491,P0128,ST019,1/22/2026,4,959,0.15,Cancelled,Mobile Money
S0017942, C00219 ,P0128,ST015,6/28/2026,9,1118,0.05,Cancelled,Mobile Money
S0017062,C00160,P0081,ST013,9/19/2025,1,262,0.05,Returned,Mobile Money
S0019362,C00915,P0128,ST006,12/18/2025,8,1086,0.15,Returned,Bank Transfer
S0013251,C00493,P0081,ST004,1/22/2025,5,1314,0.15,completed,Mobile Money
S0012411,C00283,P0057,ST006,6/22/2025,1,867,0.15,completed,Bank Transfer
S0018022,C00114,P0081,ST005,2/7/2025,3,1404,0.2,Pending,Cash
S0015479,C00810,P0081,ST007,4/5/2025,1,1008,0.05,Cancelled,Cash
S0010404,C00050,P0128,ST013,2/10/2026,10,251,0.2,Completed,Mobile Money
S0019020,C00172,P0057,ST013,10/18/2025,10,105,0,Returned,Cash
S0017280,C00129,P0057,ST010,6/29/2025,10,965,0.2,Completed,Card
S0017426,C00989,P0081,ST001,3/26/2025,5,587,0.1,Returned,Cash
S0017585,C00346,P0128,ST019,11/10/2025,5,892,0.1,Returned,Card
S0012016,C00794,P0081,ST019,1/12/2025,7,790,0.05,completed,Cash
S0019092,C00611,P0128,ST008,3/20/2025,6,434,0.1,completed,Bank Transfer
S0012834,C00482,P0128,ST007,12/5/2025,2,834,0.2,Pending,Mobile Money
S0015829,C00241,P0081,ST007,3/28/2026,3,1174,0.15,Returned,Mobile Money
S0010501,C00519,P0128,ST006,7/23/2025,7,882,0,completed,Mobile Money
S0013223,C00524,P0081,ST001,6/25/2025,2,244,0,Returned,Bank Transfer
S0015111,C00697,P0081,ST006,1/17/2025,2,1296,0,completed,Card
S0010834,C00287,P0128,ST006,2/10/2026,8,391,0.05,Pending,Cash
S0014014,C00832,P0081,ST015,3/2/2026,9,1365,0.2,Cancelled,Cash
S0015772,C00441,P0128,ST005,4/9/2025,4,1094,0,completed,Bank Transfer
S0012541,C00801,P0081,ST003,12/26/2025,8,1289,0.2,Completed,Bank Transfer
S0011182,C00153,P0057,ST020,3/24/2025,10,286,0.05,Cancelled,Bank Transfer
S0010093,C00202,P0081,ST020,6/7/2025,4,1053,0.2,Pending,Card
S0018399,C00654,P0128,ST013,4/16/2026,3,439,0,Completed,Card
S0017690,C00715,P0081,ST004,8/10/2025,8,827,0.15,Returned,Card
S0015745,C00083,P0057,ST018,2/14/2025,9,82,0.1,completed,Bank Transfer
S0016182, C00459 ,P0128,ST005,11/27/2025,4,308,0,Returned,Cash
S0014643,C00202,P0057,ST015,8/18/2025,9,830,0.2,Returned,Card
S0016215,C00597,P0128,ST015,7/23/2026,1,1047,0.1,completed,Card
S0018062,C00485,P0081,ST020,5/15/2026,7,1407,0,Returned,Bank Transfer
S0017349,C00190,P0081,ST014,10/26/2025,9,1046,0.2,Pending,Bank Transfer
S0019158,C00973,P0057,ST005,7/8/2025,2,275,0.15,Completed,Mobile Money
S0015782,C00433,P0057,ST011,8/14/2025,6,239,0.05,Returned,Mobile Money
S0012569,C00463,P0128,ST018,1/7/2025,5,148,0.1,completed,Cash
S0017184,C00800,P0057,ST013,6/4/2025,10,309,0,Returned,Bank Transfer
S0010730,C00592,P0128,ST019,1/18/2026,9,299,0,Pending,Cash
S0016428,C00600,P0057,ST016,6/27/2026,6,56,0.2,completed,Bank Transfer
S0011653,C00239,P0081,ST012,1/26/2025,8,1194,0.2,Completed,Mobile Money
S0016680,C00952,P0081,ST012,6/3/2025,1,413,0.2,Cancelled,Card
S0018179,C00649,P0128,ST011,7/7/2025,5,1208,0.2,Completed,Mobile Money
S0016487,C00580,P0128,ST003,7/30/2026,9,1188,0,completed,Mobile Money
S0010334,C00843,P0081,ST016,4/1/2026,8,803,0.15,Cancelled,Cash
S0011603,C00645,P0128,ST011,9/16/2025,6,615,0.15,Pending,Cash
S0016786,C00165,P0128,ST003,12/11/2025,7,1041,0.05,completed,Bank Transfer
S0012088,C00425,P0128,ST007,2/3/2025,1,439,0.05,Cancelled,Card
S0018510,C00283,P0128,ST005,7/6/2026,3,1395,0.15,Returned,Mobile Money
S0017131,C00793,P0128,ST017,8/26/2025,9,873,0.1,Returned,Mobile Money
S0011284,C00673,P0057,ST007,5/31/2025,8,103,0.1,Completed,Bank Transfer
S0012009,C00808,P0128,ST020,2/12/2025,2,211,0.15,Completed,Mobile Money
S0010525,C00801,P0057,ST020,4/13/2026,10,1152,0,Completed,Cash
S0015750,C00826,P0128,ST012,3/4/2025,2,967,0.2,Cancelled,Card
S0010475,C00831,P0057,ST011,2/16/2026,6,542,0.15,Completed,Mobile Money
S0010638,C00467,P0057,ST011,3/16/2025,2,896,0,Completed,Mobile Money
S0017111,C00865,P0057,ST019,2/16/2025,2,216,0.2,completed,Mobile Money
S0015976,C00946,P0057,ST011,11/5/2025,6,668,0.05,Returned,Bank Transfer
S0014933,C00810,P0128,ST004,5/20/2025,2,883,0.2,Pending,Mobile Money
S0012961,C00578,P0128,ST018,3/31/2025,7,913,0,Completed,Bank Transfer
S0010310,C00138,P0057,ST015,5/6/2026,7,895,0.05,Cancelled,Card
S0010717,C00765,P0081,ST008,1/30/2026,7,1072,0.2,completed,Cash
S0013662,C00125,P0128,ST005,7/6/2026,1,835,0.05,completed,Bank Transfer
S0011890,C00805,P0057,ST009,1/22/2025,3,973,0.2,Completed,Bank Transfer
S0010489,C00069,P0057,ST009,6/9/2026,7,147,0.1,Cancelled,Bank Transfer
S0015899,C00133,P0057,ST014,4/16/2025,9,1426,0.15,Cancelled,Card
S0012028,C00782,P0057,ST001,2/8/2025,8,1425,0.2,completed,Cash
S0015713,C00747,P0128,ST006,1/6/2026,1,621,0.15,Completed,Bank Transfer
S0010530,C00037,P0057,ST020,4/28/2025,5,888,0.15,Pending,Bank Transfer
S0010131,C00401,P0081,ST017,6/20/2025,10,978,0.15,completed,Cash
S0015904,C00414,P0128,ST020,5/31/2026,7,1,0.05,Completed,Cash
S0015117,C00804,P0128,ST009,7/30/2025,7,1121,0.1,Returned,Card
S0017518,C00723,P0057,ST017,5/21/2025,5,1330,0.15,Pending,Card
S0012489,C00308,P0128,ST006,4/11/2025,10,160,0,Completed,Cash
S0014006,C00055,P0057,ST009,5/21/2026,1,548,0.15,Cancelled,Bank Transfer
S0011471,C00687,P0057,ST015,11/4/2026,9,102,0.1,Returned,Mobile Money
S0018253,C00608,P0128,ST005,7/31/2025,9,453,0.05,Completed,Cash
S0016132,C00644,P0057,ST011,7/9/2026,9,960,0.15,Pending,Cash
S0015953,C00437,P0128,ST007,12/26/2025,8,1179,0,Pending,Cash
S0013809,C00845,P0128,ST006,1/10/2026,4,544,0.05,Cancelled,Card
S0019400,C00004,P0128,ST018,1/29/2026,1,289,0,completed,Bank Transfer
S0011009,C00809,P0057,ST010,2/20/2026,2,780,0.15,completed,Card
S0014282,C00848,P0057,ST013,3/1/2026,3,1444,0.15,completed,Cash
S0011106,C00536,P0057,ST008,3/26/2026,7,347,0.2,completed,Mobile Money
S0010068,C00875,P0057,ST008,6/25/2025,10,266,0.2,Completed,Mobile Money
S0012815,C00405,P0057,ST002,5/25/2025,10,556,0.05,Returned,Cash
S0019097,C00499,P0081,ST003,4/28/2026,4,306,0.1,Completed,Cash
S0016042,C00868,P0081,ST018,1/11/2025,5,179,0.05,completed,Card
S0017761,C00055,P0128,ST008,7/1/2026,7,1217,0.1,Cancelled,Mobile Money
S0015766,C00249,P0128,ST014,2/21/2026,3,1267,0,Completed,Cash
S0010221,C00685,P0081,ST008,9/24/2025,2,733,0.1,Cancelled,Mobile Money
S0018107,C00829,P0081,ST001,4/16/2025,3,560,0.15,Cancelled,Mobile Money
S0019761,C00893,P0081,ST014,9/7/2025,6,666,0.1,Completed,Card
S0012496,C00744,P0057,ST020,6/22/2026,4,1220,0.15,completed,Card
S0015744,C00271,P0081,ST007,12/13/2025,6,900,0.1,Completed,Bank Transfer
S0014739,C00963,P0057,ST019,3/3/2025,4,768,0.15,Cancelled,Cash
S0019101,C00451,P0128,ST002,7/8/2025,1,510,0.15,Cancelled,Cash
S0017976,C00831,P0128,ST012,5/31/2025,6,551,0,Completed,Cash
S0018430,C00834,P0057,ST006,7/1/2025,2,921,0.15,Pending,Card
S0019369,C00855,P0057,ST011,7/31/2026,7,356,0.15,Returned,Mobile Money
S0016342,C00996,P0128,ST012,9/13/2025,9,444,0.1,completed,Cash
S0018653,C00097,P0081,ST005,4/21/2026,3,376,0.15,Returned,Mobile Money
S0018547,C00757,P0081,ST011,8/8/2025,9,52,0.05,Cancelled,Cash
S0014558,C00845,P0057,ST019,6/23/2026,2,163,0.05,completed,Cash
S0012343,C00574,P0057,ST013,7/3/2025,4,39,0.1,Completed,Cash
S0019557,C00690,P0128,ST012,1/6/2025,8,865,0.05,Pending,Bank Transfer
S0015306,C00296,P0081,ST019,6/25/2026,7,633,0,Completed,Cash
S0016328,C00355,P0128,ST018,2/15/2025,8,1086,0.2,completed,Mobile Money
S0015218,C00980,P0057,ST015,3/27/2026,10,374,0.1,Completed,Card
S0017466,C00540,P0057,ST011,10/17/2025,10,402,0.1,Cancelled,Card
S0014572, C00988 ,P0081,ST006,10/8/2025,7,1169,0.1,Returned,Cash
S0013486,C00955,P0057,ST008,5/24/2025,8,1273,0.15,Completed,Cash
S0016519,C00444,P0128,ST019,3/13/2025,3,953,0.15,Pending,Mobile Money
S0017947,C00754,P0057,ST008,11/16/2025,8,708,0,Cancelled,Cash
S0015470,C00844,P0057,ST014,5/14/2025,3,302,0.1,Pending,Cash
S0017384,C00671,P0057,ST003,6/8/2026,2,1015,0,Returned,Card
S0010418,C00382,P0057,ST001,6/19/2025,8,744,0.2,completed,Bank Transfer
S0012243,C00587,P0057,ST018,6/21/2025,8,1316,0.15,Pending,Bank Transfer
S0012906,C00710,P0057,ST014,3/6/2025,3,703,0.15,Completed,Card
S0017174,C00845,P0057,ST020,4/15/2026,7,201,0.1,completed,Card
S0010111,C00704,P0081,ST004,7/9/2025,5,1398,0.05,Cancelled,Mobile Money
S0019287,C00017,P0081,ST004,7/30/2026,7,73,0,Completed,Mobile Money
S0019664,C00556,P0057,ST002,4/13/2026,10,976,0.15,completed,Cash
S0011537,C00797,P0057,ST003,12/2/2025,2,1141,0.15,Pending,Mobile Money
S0018937,C00751,P0128,ST014,1/3/2025,8,51,0.1,completed,Card
S0017748,C00157,P0081,ST999,9/5/2025,5,529,0.15,Completed,Bank Transfer
S0019153,C00017,P0057,ST002,4/19/2026,10,768,0.1,completed,Bank Transfer
S0011126,C00334,P0057,ST007,8/7/2025,3,536,0.1,Pending,Bank Transfer
S0014888,C00423,P0081,ST003,8/27/2025,9,319,0.15,Cancelled,Mobile Money
S0017756,C00315,P0128,ST004,4/21/2026,6,571,0.1,completed,Card
S0017961,C00730,P0081,ST003,7/6/2026,8,946,0.05,Returned,Bank Transfer
S0011277,C00438,P0057,ST015,4/3/2025,2,653,0.05,Returned,Mobile Money
S0013356,C00721,P0081,ST013,6/4/2025,1,950,0,Cancelled,Card
S0010155,C00286,P0057,ST001,4/16/2026,8,1129,0.1,completed,Mobile Money
S0012714,C00020,P0081,ST006,11/18/2025,7,1290,0,Completed,Mobile Money
S0010875,C00508,P0057,ST001,5/24/2026,8,1071,0,Cancelled,Card
S0013359,C00245,P0084,ST001,7/22/2026,6,156,0.15,Completed,Card
S0017398,C00845,P0084,ST016,9/6/2025,9,985,0.1,Returned,Mobile Money
S0013910,C00554,P0084,ST012,7/28/2025,3,460,0.2,Returned,Bank Transfer
S0015741,C00600,P0084,ST008,11/26/2025,1,494,0.2,Pending,Cash
S0014944,C00122,P0084,ST010,5/15/2025,1,1164,0,Cancelled,Cash
S0013078,C00183,P0084,ST014,7/14/2025,2,639,0.2,Returned,Mobile Money
S0016013,C00968,P0084,ST019,2/12/2025,4,999,0.1,Pending,Cash
S0014727,C00523,P0084,ST017,7/13/2025,8,235,0.2,Pending,Card
S0012537,C00744,P0084,ST008,10/3/2025,1,234,0.1,completed,Cash
S0016695,C00705,P0084,ST018,5/15/2026,1,227,0,Returned,Cash
S0017923,C00657,P0084,ST012,7/11/2026,5,1038,0,completed,Cash
S0014693,C00524,P0084,ST005,6/1/2025,8,1468,0.05,Completed,Card
S0017941,C00598,P0084,ST005,7/2/2026,1,816,0,completed,Cash
S0016045,C00762,P0084,ST009,8/31/2025,7,1377,,Pending,Cash
S0017023,C00545,P0084,ST008,4/19/2026,3,1466,0.15,completed,Bank Transfer
S0010517,C00737,P0084,ST001,4/16/2025,5,4,0,Returned,Cash
S0014432,C00577,P0084,ST018,8/7/2025,2,81,0,Pending,Mobile Money
S0013139,C00216,P0084,ST011,10/16/2025,9,1052,0.05,Cancelled,Bank Transfer
S0011173,C00770,P0084,ST006,4/19/2026,9,424,0.05,Returned,Mobile Money
S0013620,C00770,P0084,ST006,4/19/2026,8,112,0.05,Returned,Mobile Money
S0013331,C00534,P0084,ST007,10/4/2025,6,1458,0.05,completed,Cash
S0019229,C00732,P0084,ST014,7/4/2026,5,90,0,Completed,Bank Transfer
S0010641,C00758,P0084,ST003,8/4/2025,1,856,0.2,completed,Card
S0016257,C00024,P0084,ST005,5/2/2026,2,556,0.15,Pending,Cash
S0011160,C00257,P0084,ST020,8/30/2025,7,110,0.2,completed,Bank Transfer
S0019376,C00792,P0084,ST015,2/6/2026,5,1490,0.1,completed,Bank Transfer
S0013105,C00027,P0084,ST019,5/8/2026,9,826,0.2,Completed,Mobile Money
S0013988,C00621,P0084,ST020,7/20/2026,5,32,0,Pending,Cash
S0017038,C00376, P0084 ,ST018,1/29/2025,1,636,0,Cancelled,Card
S0010417,C00007,P0084,ST020,5/31/2026,9,448,0,Completed,Cash
S0010026,C00495,P0084,ST020,3/26/2025,10,556,0.1,Completed,Bank Transfer
S0011398,C00381,P0084,ST003,4/20/2026,9,1463,0.15,Completed,Bank Transfer
S0012278,C00310,P0084,ST012,7/30/2025,2,286,0,Completed,Card
S0015945,C00247,P0084,ST010,4/25/2026,2,799,0,Returned,Card
S0010908,C00179,P0084,ST012,12/14/2025,8,738,0,Pending,Mobile Money
S0010373,C00035,P0084,ST001,2/21/2025,5,1480,0.1,Completed,Mobile Money
S0018744,C00035,P0084,ST007,5/23/2025,4,520,0.05,Completed,Mobile Money
S0010313,C00097,P0084,ST001,5/30/2025,7,870,0.15,Completed,Cash
S0015937,C00410,P0084,ST003,4/21/2026,7,342,0.1,completed,Card
S0018412,C00367,P0084,ST017,8/12/2025,6,832,0.05,Cancelled,Mobile Money
S0013228,C00241,P0084,ST016,4/30/2026,5,562,0.15,Pending,Bank Transfer
S0010469,C00074,P0084,ST002,1/4/2026,4,12,0.15,completed,Mobile Money
S0015013,C00119,P0084,ST008,10/1/2025,7,226,0.15,Completed,Mobile Money
S0019342,C00680,P0084,ST008,2/4/2025,6,30,0.05,Completed,Mobile Money
S0011242,C00778,P0084,ST013,11/4/2025,2,211,0.05,Cancelled,Card
S0011722,C00840,P0084,ST011,2/11/2026,3,1250,0.05,completed,Cash
S0011577,C00907,P0084,ST001,11/2/2025,9,28,0.15,Completed,Card
S0018669,C00030,P0084,ST008,5/18/2025,2,1230,0.05,Returned,Cash
S0013391,C00895,P0084,ST008,7/17/2025,5,1163,0.2,Cancelled,Cash
S0013055,C00782,P0084,ST006,8/9/2025,1,145,0,completed,Cash
S0019117,C00973,P0084,ST019,8/20/2025,4,1352,0.15,Completed,Mobile Money
S0011215,C00022,P0084,ST011,6/27/2026,8,489,0.15,Returned,Card
S0019390,C00854,P0084,ST003,12/12/2025,2,451,0.2,Returned,Mobile Money
S0014319,C00158,P0084,ST005,10/2/2025,1,448,0.1,Completed,Card
S0018775,C00461,P0084,ST005,5/14/2025,9,364,0.15,completed,Mobile Money
S0018766,C00349,P0084,ST001,5/23/2026,9,566,0.15,Cancelled,Card
S0014696,C00918,P0084,ST016,4/11/2025,10,969,0.2,completed,Bank Transfer
S0019296,C00281,P0084,ST017,5/27/2026,4,1472,0.1,Pending,Mobile Money
S0012980,C00520,P0084,ST020,10/1/2025,9,1297,0.05,completed,Cash
S0017352,C00060,P0084,ST015,4/5/2026,7,447,0.05,Pending,Card
S0013076,C00448,P0084,ST006,11/1/2025,3,90,0.1,Pending,Card
S0016211,C00436,P0084,ST008,2/26/2025,7,54,0.05,Pending,Mobile Money
S0017969,C00504,P0084,ST013,1/18/2025,7,683,0.15,Completed,Cash
S0018959,C00082,P0084,ST002,5/4/2026,3,581,0.15,Returned,Cash
S0017387,C00650,P0084,ST011,3/16/2026,6,1478,0.05,Cancelled,Mobile Money
S0013241,C00653,P0084,ST017,11/2/2025,9,862,0.15,Completed,Cash
S0012582,C00380,P0061,ST012,1/25/2026,4,1418,0.15,Pending,Card
S0011502,C00580,P0061,ST016,2/14/2025,1,27,0.1,Cancelled,Card
S0014975,C00479,P0061,ST014,2/20/2025,4,1297,0.1,Returned,Cash
S0019335,C00749,P0084,ST020,10/27/2025,6,903,0.05,completed,Card
S0017841,C00315,P0061,ST001,3/19/2026,9,965,0.1,completed,Card
S0016064,C00453,P0061,ST006,10/8/2025,6,1013,0.15,Cancelled,Cash
S0018545,C00329,P0061,ST012,12/21/2025,7,274,0.05,completed,Card
S0018001,C00967,P0084,ST009,2/21/2026,5,1139,0.15,Cancelled,Card
S0017204,C00724,P0061,ST015,8/3/2025,8,292,0.1,Cancelled,Mobile Money
S0016859,C00328,P0061,ST016,5/18/2026,2,174,0.05,Completed,Mobile Money
S0016630,C00294,P0061,ST007,3/14/2025,2,824,0.05,Returned,Card
S0011418,C00195,P0061,ST007,1/12/2025,4,40,0.15,Returned,Mobile Money
S0019735,C00644,P0061,ST005,9/20/2025,4,661,0,Completed,Cash
S0012378,C00445,P0061,ST005,6/7/2025,4,1226,0.05,completed,Card
S0019470,C00257,P0061,ST007,4/10/2025,5,813,0.15,Cancelled,Card
S0012648,C00101,P0061,ST008,10/30/2025,9,1423,0.1,Returned,Card
S0014705,C00983,P0061,ST004,1/11/2025,6,320,0.2,Cancelled,Mobile Money
S0014750,C00992,P0061,ST019,2/13/2025,9,327,0.15,Returned,Bank Transfer
S0018815,C00516,P0061,ST015,10/11/2025,9,102,0,Pending,Cash
S0016536,C00507,P0061,ST013,2/15/2026,2,1331,0.2,Cancelled,Cash
S0015405,C00142,P0061,ST006,5/5/2025,5,1488,0.15,Pending,Card
S0012030,C00107,P0061,ST009,1/23/2026,9,1392,0.05,Cancelled,Mobile Money
S0014736,C00139,P0061,ST008,3/6/2026,5,1286,0.1,completed,Cash
S0016051,C00347,P0061,ST007,2/26/2026,5,727,0.2,completed,Card
S0013323,C00280,P0061,ST006,12/13/2025,7,1185,0.1,Cancelled,Cash
S0012736,C00292,P0061,ST015,3/13/2025,5,1123,0.15,Returned,Card
S0015081,C00746,P0061,ST011,9/7/2025,10,1252,0.1,completed,Cash
S0011139,C00663,P0061,ST006,5/25/2026,5,535,0,Completed,Bank Transfer
S0016062,C00642,P0061,ST007,12/8/2025,6,1126,0.15,Pending,Mobile Money
S0018372,C00104,P0061,ST009,3/30/2025,6,956,0.15,Completed,Mobile Money
S0011271,C00827,P0061,ST006,6/2/2025,3,1251,0,completed,Mobile Money
S0018259,C00379,P0061,ST018,6/28/2026,9,265,0.15,Pending,Mobile Money
S0016009,C00237,P0061,ST005,2/8/2026,10,238,0,Cancelled,Bank Transfer
S0015445,C00296,P0061,ST003,9/9/2025,8,1271,0.1,completed,Mobile Money
S0014730,C00087,P0061,ST015,1/27/2025,8,615,0.1,Pending,Bank Transfer
S0018554,C00134,P0061,ST004,2/10/2025,8,514,,completed,Card
S0015732,C00951,P0061,ST009,3/12/2025,7,133,0.2,completed,Cash
S0014783,C00880,P0061,ST006,6/12/2025,5,786,0.2,Pending,Bank Transfer
S0015938,C00519,P0061,ST004,8/16/2025,2,1247,0.15,Returned,Cash
S0013481,C00464,P0061,ST008,6/16/2026,8,121,0.15,Pending,Mobile Money
S0011884,C00721,P0061,ST011,4/5/2025,3,856,0,Returned,Card
S0019166,C00671,P0061,ST001,4/9/2025,7,1177,0,Pending,Cash
S0010283,C00129,P0061,ST015,5/18/2025,5,1492,0.15,Returned,Cash
S0014561,C00602,P0061,ST007,10/31/2025,8,1035,0.1,Cancelled,Mobile Money
S0010042,C00747,P0061,ST012,6/12/2026,1,1343,0.2,Cancelled,Card
S0019607,C00836,P0192,ST017,12/9/2025,2,617,0.1,Pending,Cash
S0010814,C00378,P0192,ST013,8/5/2025,1,568,0.15,Returned,Mobile Money
S0017582,C00840,P0014,ST001,3/28/2026,8,904,0.15,Returned,Cash
S0016176,C00157,P0192,ST008,4/10/2025,2,589,0.2,Completed,Bank Transfer
S0010499,C00504,P0192,ST016,10/27/2025,2,1120,0,completed,Mobile Money
S0019676,C00365,P0014,ST006,3/28/2026,3,791,0.2,completed,Mobile Money
S0012393,C00682,P0192,ST019,1/23/2026,9,1401,0.15,Returned,Cash
S0019052,C00193,P0192,ST006,2/27/2026,4,731,0.05,Cancelled,Bank Transfer
S0011030,C00485, P0014 ,ST015,3/4/2025,3,289,0.2,Pending,Mobile Money
S0016401,C00018,P0192,ST017,8/25/2025,6,288,0.15,Returned,Cash
S0015221,C00530,P0014,ST018,8/30/2025,1,849,0.05,Cancelled,Card
S0010932,C00605,P0192,ST008,8/6/2025,4,604,0.05,Completed,Card
S0017388,C00197,P0192,ST019,9/6/2025,3,1142,0.05,Cancelled,Card
S0017652,C00347,P0014,ST015,6/6/2025,10,500,0.05,Returned,Bank Transfer
S0012930,C00580,P0192,ST016,7/18/2025,4,184,0,completed,Bank Transfer
S0013099,C00366,P0192,ST012,11/25/2025,6,207,0.05,Cancelled,Card
S0017729,C00327,P0192,ST011,3/19/2025,5,1224,0.05,Cancelled,Mobile Money
S0017259,C00598,P0014,ST002,3/19/2026,2,70,0.15,Completed,Bank Transfer
S0019699,C00588,P0014,ST007,2/16/2025,6,1142,0.15,Returned,Bank Transfer
S0017374,C00315,P0014,ST002,6/14/2026,8,1394,0.05,Completed,Card
S0018967,C00791,P0192,ST014,5/13/2025,3,213,0.2,completed,Mobile Money
S0012851,C00542,P0014,ST015,7/29/2026,6,400,0.15,Completed,Mobile Money
S0017709,C00052,P0192,ST015,5/14/2026,3,1119,0.15,Cancelled,Cash
S0010541,C00422,P0192,ST008,11/20/2025,10,610,0.1,Pending,Card
S0014016,C00988,P0192,ST005,4/9/2025,9,1228,0.2,completed,Mobile Money
S0010560,C00024,P0192,ST006,10/6/2025,1,814,0.1,Pending,Card
S0013770,C00572,P0192,ST016,6/7/2026,9,220,0.05,completed,Mobile Money
S0016822,C00786,P0192,ST010,5/5/2026,8,1219,0.15,Pending,Cash
S0017020,C00858,P0192,ST013,12/3/2025,2,885,0.05,Pending,Bank Transfer
S0015024,C00203,P0192,ST014,9/18/2025,8,882,0,Completed,Mobile Money
S0018284,C00615,P0014,ST014,7/5/2025,9,53,0.2,Pending,Mobile Money
S0018185,C00813,P0192,ST013,6/26/2026,1,474,0.1,Returned,Card
S0010271,C00373,P0014,ST006,8/5/2025,10,307,0.05,completed,Bank Transfer
S0015860,C00655,P0192,ST005,10/8/2025,4,369,0,Returned,Cash
S0015724,C00922,P0014,ST019,4/17/2025,4,1101,0.2,Cancelled,Cash
S0017934,C00895,P0192,ST003,11/16/2025,1,1361,0.1,Pending,Bank Transfer
S0016527,C00869,P0192,ST019,11/27/2025,9,595,0.15,Cancelled,Cash
S0018452,C00788,P0192,ST003,12/13/2025,9,391,0.05,Cancelled,Mobile Money
S0018563,C00365,P0192,ST020,3/5/2026,7,400,0,Cancelled,Mobile Money
S0010236,C00011,P0014,ST007,5/21/2026,4,1112,0.2,Pending,Card
S0012786,C00216,P0192,ST003,1/25/2025,1,1383,0.2,Returned,Mobile Money
S0011403,C00082,P0192,ST001,6/8/2026,3,694,0,Pending,Cash
S0012504,C00899,P0014,ST007,9/16/2025,6,1019,0.05,Pending,Card
S0010327,C00981,P0192, ST016 ,11/29/2025,5,72,0.15,Pending,Card
S0014504,C00114,P0192,ST009,6/24/2025,3,1048,0.05,Cancelled,Cash
S0019075,C00792,P0192,ST010,4/20/2025,1,1220,0.15,Pending,Mobile Money
S0013632,C00957,P0192,ST010,3/17/2025,5,990,0,Cancelled,Bank Transfer
S0019942,C00280,P0192,ST014,1/4/2026,5,883,0,Completed,Bank Transfer
S0018496,C00747,P0014,ST003,2/6/2025,4,330,0.05,Returned,Mobile Money
S0011120,C00149,P0192,ST015,10/28/2025,6,306,0.15,Completed,Mobile Money
S0014297,C00586,P0192,ST009,11/2/2025,7,0,0.2,Completed,Bank Transfer
S0013554,C00422,P0014,ST002,5/30/2025,4,54,0,Returned,Mobile Money
S0017978,C00684,P0014,ST006,11/18/2025,5,1458,0.2,Returned,Cash
S0013527,C00348,P0192,ST015,5/20/2026,5,496,0.15,Returned,Bank Transfer
S0015707,C00636,P0014,ST020,7/14/2026,6,1027,0.2,Returned,Mobile Money
S0014575,C00650,P0014,ST001,3/19/2026,10,82,0.2,Completed,Bank Transfer
S0017730,C00944,P0192,ST009,2/10/2025,9,131,0.05,Returned,Bank Transfer
S0015097,C00078,P0014,ST015,12/26/2025,10,1055,0.2,completed,Cash
S0019146,C00202,P0014,ST018,2/10/2025,10,600,0.1,Cancelled,Cash
S0014445,C00102,P0014,ST003,5/29/2026,7,1243,0.15,Returned,Bank Transfer
S0011439,C00158,P0014,ST011,5/26/2026,10,475,0,completed,Cash
S0011440,C00368,P0014,ST001,9/6/2025,2,756,0.15,Returned,Bank Transfer
S0014850,C00672,P0014,ST003,7/8/2025,8,1133,0,Pending,Bank Transfer
S0010879,C00589,P0014,ST009,6/3/2025,2,1021,0.15,Completed,Bank Transfer
S0011921,C00871,P0192,ST012,2/13/2026,8,775,0.15,Returned,Cash
S0012561,C00325,P0014,ST007,3/15/2026,6,181,0.05,Cancelled,Bank Transfer
S0016817,C00862,P0014,ST007,5/23/2025,6,161,0.2,Cancelled,Mobile Money
S0018493,C00597,P0014,ST010,5/14/2025,6,1500,0.1,Completed,Mobile Money
S0018707,C00898,P0192,ST011,3/22/2025,2,287,0,Completed,Card
S0010495,C00282,P0014,ST009,12/3/2025,3,849,0.2,Returned,Card
S0012613,C00305,P0192,ST011,2/15/2026,2,591,0.05,Returned,Cash
S0012811,C00798,P0192,ST009,1/17/2026,8,1011,0.2,Pending,Card
S0012011,C00104,P0014,ST018,4/4/2026,1,642,0.15,Completed,Card
S0016494,C00842,P0192,ST005,5/4/2026,6,801,0.1,Pending,Card
S0019899,C00934,P0192,ST018,2/24/2026,10,993,0,Cancelled,Cash
S0011167,C00289,P0192,ST011,1/3/2025,5,575,0.1,Pending,Bank Transfer
S0018255,C00864,P0192,ST016,3/11/2025,9,829,0,Completed,Card
S0015435,C00113,P0014,ST002,6/17/2026,9,822,0.1,Cancelled,Card
S0016162,C00435,P0014,ST019,3/24/2025,1,459,0.2,Pending,Card
S0015529,C00303,P0014,ST003,1/29/2026,6,148,0.05,Cancelled,Mobile Money
S0017462,C00791,P0192,ST017,1/10/2025,3,140,0.2,Pending,Bank Transfer
S0014383,C00606,P0192,ST001,4/27/2025,1,784,0.05,Returned,Mobile Money
S0017562,C00976,P0014,ST002,1/7/2026,8,1068,0.2,Completed,Card
S0018655,C00808,P0014,ST016,5/21/2026,9,704,0.15,completed,Bank Transfer
S0012398,C00922,P0014,ST015,1/13/2026,6,684,0.15,Pending,Bank Transfer
S0013384,C00597,P0192,ST006,7/14/2026,5,953,0.15,completed,Cash
S0017921,C00498,P0014,ST018,4/9/2025,5,578,0.2,Returned,Cash
S0016999,C00401,P0014,ST019,6/22/2025,9,527,0,Completed,Cash
S0011098,C00297,P0014,ST017,5/26/2026,6,1390,0.1,completed,Cash
S0011205,C00411,P0192,ST004,2/7/2026,10,217,0.2,Pending,Cash
S0014532,C00213,P0192,ST002,8/6/2025,7,1484,0,Cancelled,Mobile Money
S0013214,C00745,P0192,ST009,7/11/2025,7,377,0,Pending,Cash
S0017135,C00935,P0014,ST014,4/28/2026,10,1397,0.15,Pending,Card
S0018222,C00253,P0014,ST017,8/13/2025,6,1388,0.15,Returned,Card
S0017181,C00678,P0014,ST009,1/14/2026,7,1147,0,Returned,Cash
S0018428,C00234,P0014,ST017,10/23/2025,4,1062,0,Completed,Mobile Money
S0012058,C00721,P0192,ST011,8/5/2025,4,219,0.05,Returned,Card
S0017795,C00732,P0014,ST015,10/25/2025,7,1425,0.15,Pending,Cash
S0019516,C00359,P0014,ST010,10/8/2025,10,1368,0.2,Cancelled,Bank Transfer
S0013761,C00246,P0014,ST015,9/28/2025,1,1058,0.1,Completed,Bank Transfer
S0010095,C00147,P0014,ST001,4/11/2025,7,1148,0.05,Pending,Card
S0013374,C00173,P0014,ST009,7/12/2025,3,737,0,Cancelled,Bank Transfer
S0013416,C00808,P0014,ST001,5/15/2026,2,1175,0.05,Returned,Cash
S0014616,C00657,P0014,ST018,3/17/2026,3,1410,0.1,Completed,Mobile Money
S0015400,C00372,P0014,ST010,9/25/2025,10,483,0.05,Completed,Bank Transfer
S0014489,C00342,P0014,ST013,4/26/2025,9,186,0.1,Returned,Cash
S0018227,C00981,P0014,ST020,3/21/2025,2,314,0.1,Returned,Cash
S0018995,C00033,P0014,ST019,12/23/2025,3,1095,0.1,completed,Mobile Money
S0015291,C00287,P0149,ST013,2/2/2025,8,158,0.15,completed,Mobile Money
S0018542,C00701,P0149,ST007,6/24/2026,7,1413,0.2,Pending,Bank Transfer
S0015120,C00947,P0149,ST019,8/24/2025,5,1390,0.1,Pending,Card
S0014630,C00067,P0149,ST005,5/10/2026,4,894,0.1,Returned,Bank Transfer
S0011635,C00160,P0149,ST015,1/14/2026,2,139,0.1,Cancelled,Cash
S0017078,C00278,P0149,ST006,4/5/2026,10,1353,0.1,Cancelled,Bank Transfer
S0015044,C00312,P0149,ST004,8/4/2025,2,726,0,Cancelled,Cash
S0018809,C00498,P0149,ST019,2/27/2025,10,1053,0.2,completed,Cash
S0018128,C00610,P0149,ST019,1/4/2025,10,602,0,Cancelled,Card
S0015955,C00178,P0149,ST016,11/8/2025,3,40,0.05,completed,Mobile Money
S0011427,C00198,P0149,ST019,2/24/2025,1,1341,0,Cancelled,Card
S0012280,C00372,P0149,ST013,11/24/2025,6,10,0,completed,Cash
S0018553,C00217,P0149,ST013,3/1/2026,6,316,0.2,Returned,Mobile Money
S0014166,C00960,P0149,ST002,8/8/2025,9,792,0,Returned,Mobile Money
S0018783,C00074,P0149,ST014,4/18/2026,6,1321,0,Completed,Mobile Money
S0011880,C00110,P0149,ST006,7/25/2026,9,641,0.05,Returned,Cash
S0019072,C00339,P0149,ST009,6/16/2025,6,836,0.1,Returned,Card
S0013077,C00196,P0149,ST016,1/3/2026,2,736,0.1,Pending,Mobile Money
S0014948,C00321,P0149,ST019,2/14/2026,4,921,0.1,Completed,Bank Transfer
S0019428,C00413,P0149,ST005,6/5/2025,5,1311,0.2,Pending,Mobile Money
S0019315,C00351,P0149,ST009,3/23/2026,8,914,0,Completed,Bank Transfer
S0016975,C00513,P0149,ST007,5/30/2026,4,40,0,Pending,Card
S0014323,C00550,P0149,ST007,3/30/2026,3,303,0.2,Pending,Bank Transfer
S0019109,C00973,P0149,ST015,5/27/2026,5,1244,0.05,completed,Bank Transfer
S0012362,C00729,P0149,ST006,10/12/2025,10,1020,0.15,completed,Card
S0012583,C00588,P0149,ST004,3/4/2026,9,792,0,Completed,Card
S0015494,C00482,P0149,ST002,7/12/2026,5,944,0.05,Pending,Bank Transfer
S0014396,C00139,P0149,ST005,7/2/2025,7,1071,0,Pending,Card
S0013166,C00418,P0149,ST006,9/15/2025,1,677,0.05,Completed,Bank Transfer
S0015420,C00929,P0149,ST001,6/4/2026,9,761,0.2,Cancelled,Bank Transfer
S0011142,C00737,P0149,ST006,7/22/2026,1,212,0,Completed,Card
S0014112,C00932,P0149,ST005,5/8/2026,5,982,0.1,Returned,Bank Transfer
S0019184,C00115,P0149,ST003,6/10/2025,10,1441,0,Returned,Bank Transfer
S0013586,C00534,P0149,ST006,1/4/2025,3,1280,0.15,Pending,Card
S0013333,C00367,P0149,ST010,4/25/2026,8,795,0.05,Pending,Cash
S0010725,C00549,P0149,ST013,11/13/2025,2,687,0.2,completed,Mobile Money
S0016001,C00742,P0149,ST009,8/8/2025,7,655,0,Pending,Mobile Money
S0013528,C00276,P0149,ST009,3/21/2026,10,205,0.05,Cancelled,Bank Transfer
S0015862,C00863,P0149,ST005,5/26/2025,10,1249,0.15,Cancelled,Cash
S0014254,C00510,P0149,ST008,7/23/2025,5,1224,0.05,completed,Mobile Money
S0013314,C00412,P0149,ST018,12/31/2025,8,1188,0.1,Pending,Cash
S0019407,C00123,P0149,ST009,6/15/2026,3,202,0,Pending,Mobile Money
S0016811,C00612,P0149,ST007,12/8/2025,3,1160,0.15,completed,Cash
S0017884,C00341,P0149,ST013,4/22/2025,10,981,0.1,Pending,Cash
S0017688,C00450,P0149,ST016,10/13/2025,10,590,0.15,Cancelled,Cash
S0019976,C00865,P0089,ST020,6/1/2025,3,851,0.2,Cancelled,Cash
S0011595, C00938 ,P0149,ST014,1/15/2026,2,117,0.1,completed,Cash
S0015865,C00418,P0149,ST003,5/30/2026,3,307,0,Completed,Bank Transfer
S0019142,C00025,P0089,ST007,5/22/2025,9,1448,0.2,Cancelled,Bank Transfer
S0010181,C00147,P0089,ST006,1/17/2025,8,626,0.05,completed,Bank Transfer
S0013484,C00103,P0089,ST004,7/14/2026,7,241,0,Returned,Card
S0015161,C00954,P0089,ST007,12/14/2025,4,1415,0,Completed,Card
S0013567,C00391,P0089,ST008,1/1/2026,3,722,0.1,Completed,Cash
S0018173,C00427,P0089,ST017,1/14/2025,1,1457,0,Returned,Mobile Money
S0014989,C00208,P0089,ST011,3/5/2026,8,783,0.2,Completed,Card
S0013720,C00320,P0089,ST012,3/5/2025,1,1019,0.2,completed,Cash
S0018305,C00248,P0089,ST015,12/7/2025,6,68,0.1,Cancelled,Cash
S0011832,C00388,P0089,ST008,9/27/2025,10,173,0.15,Returned,Mobile Money
S0011891,C00100,P0089,ST009,4/8/2026,5,82,0.05,completed,Bank Transfer
S0015933,C00142,P0089,ST011,6/25/2025,10,247,0.2,completed,Bank Transfer
S0018271,C00158,P0089,ST015,3/21/2026,5,97,0.1,completed,Mobile Money
S0013317,C00294,P0002,ST004,4/15/2025,4,1201,0.2,Returned,Mobile Money
S0015978,C00166,P0089,ST009,3/30/2026,1,1497,0.15,Cancelled,Mobile Money
S0018509,C00044,P0089,ST014,2/20/2026,7,1111,0.15,Pending,Bank Transfer
S0012370,C00983,P0089,ST005,8/14/2025,3,405,0,Completed,Bank Transfer
S0012740,C00406,P0089,ST011,4/28/2026,7,41,0,Completed,Bank Transfer
S0017658,C00581,P0089,ST007,6/25/2025,7,347,0.15,Pending,Bank Transfer
S0018046,C00329,P0089,ST002,4/6/2026,2,1289,0,Cancelled,Bank Transfer
S0018704,C00155,P0089,ST013,3/20/2026,1,459,0.1,completed,Mobile Money
S0013772,C00585,P0089,ST003,2/2/2026,1,158,0.1,Completed,Bank Transfer
S0012850,C00488,P0089,ST002,9/8/2025,9,982,0.05,Cancelled,Mobile Money
S0018138,C00869,P0089,ST017,9/4/2025,9,1458,0.1,Cancelled,Mobile Money
S0011531,C00861,P0089,ST003,4/26/2025,4,627,0.2,Cancelled,Cash
S0013806,C00207,P0002,ST018,3/15/2026,6,374,0.15,completed,Bank Transfer
S0015844,C00949,P0089,ST001,10/3/2025,9,1215,0.1,Pending,Mobile Money
S0013100,C00989,P0089,ST010,10/5/2025,7,914,0.15,Completed,Mobile Money
S0018481,C00565,P0089,ST015,3/17/2026,4,237,0.05,Completed,Mobile Money
S0012946,C00885,P0089,ST019,10/3/2025,7,1103,0.15,Cancelled,Mobile Money
S0016640,C00421,P0089,ST007,7/23/2026,7,696,0.1,Pending,Bank Transfer
S0017599,C00567,P0002,ST009,6/28/2025,2,673,0.15,Pending,Cash
S0012937,C00175,P0002,ST007,7/9/2025,3,166,0.1,Pending,Bank Transfer
S0017577,C00854,P0089,ST018,1/10/2025,9,191,0.15,Pending,Card
S0017944,C00206,P0089,ST020,10/21/2025,10,437,0.1,Cancelled,Cash
S0011857,C00924,P0089,ST013,2/1/2026,9,1325,0.05,Completed,Bank Transfer
S0017563,C00502,P0002,ST003,2/15/2025,7,1170,0.15,Completed,Card
S0016465,C00454,P0002,ST005,4/8/2026,3,214,0.2,Returned,Mobile Money
S0012098,C00423,P0002,ST006,2/24/2025,9,164,0,completed,Card
S0016752,C00423,P0002,ST006,2/24/2025,1,573,0,completed,Card
S0011213,C00202,P0089,ST019,12/8/2025,9,847,0.1,completed,Card
S0019044,C00026,P0089,ST013,6/4/2026,10,357,0.2,Completed,Card
S0011317,C00262,P0089,ST011,11/28/2025,10,1238,0.05,Returned,Card
S0010938,C00386,P0002,ST003,8/24/2025,6,803,0.2,Returned,Bank Transfer
S0011859,C00564,P0089,ST008,11/2/2025,6,1260,0.15,Cancelled,Bank Transfer
S0013144,C00333,P0089,ST006,4/27/2026,5,1112,0,Completed,Mobile Money
S0010507,C00415,P0089,ST005,6/20/2026,9,771,0,Returned,Bank Transfer
S0014123,C00501,P0089,ST018,10/7/2025,10,658,0.2,completed,Cash
S0013870,C00550,P0089,ST002,5/7/2026,6,684,0.15,Pending,Bank Transfer
S0011154,C00161,P0002,ST015,9/18/2025,4,627,0.15,completed,Mobile Money
S0015202,C00186,P0089,ST007,5/9/2026,5,542,0.1,Completed,Mobile Money
S0010491,C00708,P0089,ST010,2/11/2026,9,1216,0.2,completed,Bank Transfer
S0012061,C00585,P0089,ST016,4/24/2025,7,1247,0.2,Completed,Mobile Money
S0011239,C00761,P0002,ST014,2/21/2026,8,983,0.1,Completed,Mobile Money
S0015177,C00992,P0002,ST017,12/1/2025,3,847,0.1,Cancelled,Card
S0018925,C00671,P0002,ST015,10/3/2025,3,846,0.05,Returned,Mobile Money
S0017971,C00157,P0089,ST007,3/8/2025,5,942,0.05,completed,Bank Transfer
S0012264,C00648,P0089,ST020,12/11/2025,10,863,0,completed,Card
S0015243,C00506,P0002,ST007,10/5/2025,7,881,0.05,completed,Mobile Money
S0018464,C00444,P0002,ST011,6/3/2026,10,149,0.05,Completed,Mobile Money
S0012970,C00445,P0089,ST003,2/3/2025,3,571,0,Cancelled,Mobile Money
S0011333,C00167,P0089,ST007,7/1/2026,2,301,0.15,Completed,Mobile Money
S0010940,C00518,P0002,ST002,7/11/2025,2,1261,0,Cancelled,Bank Transfer
S0014931,C00867,P0002,ST012,2/11/2026,8,848,0.15,Pending,Card
S0015926,C00987,P0002,ST017,5/27/2026,1,1393,0.15,completed,Mobile Money
S0011492,C00720,P0002,ST009,5/12/2025,2,135,0.05,completed,Card
S0018656,C00502,P0002,ST010,10/31/2025,3,1299,0.1,Returned,Card
S0014401,C00684,P0002,ST010,10/9/2025,5,1277,0.2,Completed,Card
S0013739,C00043,P0002,ST007,7/15/2026,5,1433,0.15,completed,Cash
S0010784,C00922,P0002,ST011,6/2/2026,2,74,0,Completed,Card
S0019093,C00601,P0002,ST019,2/21/2026,1,164,0.2,completed,Card
S0012985,C00062,P0002,ST013,9/21/2025,8,203,0.05,completed,Mobile Money
S0010511,C00076,P0089,ST018,8/22/2025,10,245,0.05,Returned,Card
S0016636,C00716,P0089,ST020,7/17/2026,3,660,0,Returned,Cash
S0014842,C00374,P0002,ST015,5/21/2026,3,1386,0.1,Completed,Bank Transfer
S0014627,C00221,P0002,ST010,3/17/2026,2,1111,0.05,Cancelled,Card
S0017314,C00426,P0002,ST010,1/2/2025,2,1194,0.15,Cancelled,Bank Transfer
S0011515,C00525,P0002,ST004,1/31/2026,8,566,0.05,Pending,Bank Transfer
S0014886,C00727,P0002,ST009,10/5/2025,4,1111,0.15,Returned,Cash
S0019271,C00933,P0002,ST007,10/29/2025,4,976,0,Completed,Bank Transfer
S0010129,C00419,P0002,ST002,11/27/2025,1,716,0.2,completed,Mobile Money
S0015949,C00231,P0002,ST013,9/13/2025,5,587,0.05,Completed,Cash
S0011373,C00738,P0089,ST001,10/8/2025,4,1408,0,Returned,Card
S0016223,C00902,P0002,ST009,5/15/2026,2,1428,0.2,completed,Mobile Money
S0013631,C00767,P0089,ST018,11/8/2025,3,517,0.2,Completed,Cash
S0010406,C00105,P0002,ST009,2/24/2025,1,1246,0,Cancelled,Card
S0016379,C00286,P0002,ST005,5/22/2026,4,429,0.2,Completed,Card
S0016658,C00519,P0002,ST015,10/9/2025,10,1080,0.15,Cancelled,Bank Transfer
S0011536,C00175,P0002,ST008,6/23/2025,9,177,0.05,Completed,Bank Transfer
S0011141,C00339,P0002,ST005,6/21/2026,9,86,0.2,Cancelled,Mobile Money
S0014778,C00529,P0002,ST002,4/8/2025,8,1380,0.1,Cancelled,Mobile Money
S0014218,C00631,P0002,ST012,5/7/2025,5,1279,0,completed,Mobile Money
S0018687,C00591,P0117,ST002,2/25/2025,5,1384,0.15,Cancelled,Mobile Money
S0011507,C00527,P0002,ST009,6/19/2025,1,1339,0.05,completed,Cash
S0016514,C00876,P0002,ST001,1/7/2026,9,1328,0,Completed,Card
S0017760,C00594,P0117,ST002,4/30/2025,8,41,0.1,Pending,Bank Transfer
S0014544,C00919,P0002,ST010,6/23/2026,1,1299,0.1,Pending,Mobile Money
S0017173,C00133,P0002,ST009,6/10/2026,5,602,0,Pending,Mobile Money
S0018908,C00517,P0002,ST017,6/23/2025,1,835,0.2,Cancelled,Bank Transfer
S0011053,C00719,P0002,ST003,5/30/2025,7,355,0.05,Cancelled,Bank Transfer
S0018812,C00291,P0117,ST010,8/13/2025,8,236,0,Completed,Mobile Money
S0014008,C00752,P0002,ST006,1/29/2026,1,1176,0,completed,Card
S0013589,C00434,P0002,ST010,4/5/2025,1,1318,0.15,Pending,Card
S0013940,C00312,P0117,ST004,3/17/2025,5,888,0,Cancelled,Cash
S0013798,C00051,P0002,ST007,5/10/2026,3,1083,0,Completed,Card
S0016017,C00700,P0117,ST013,9/28/2025,4,96,0.2,Returned,Mobile Money
S0014523,C00305,P0117,ST009,2/6/2025,4,153,0.15,Pending,Bank Transfer
S0010726,C00545,P0117,ST011,3/3/2025,4,1084,0.15,Cancelled,Mobile Money
S0016450,C00693,P0117,ST005,3/17/2025,1,1319,0.15,Cancelled,Cash
S0010337,C00796,P0002,ST008,11/4/2025,9,1147,0.05,Cancelled,Bank Transfer
S0011341,C00160,P0117,ST014,6/21/2025,6,476,0.15,Cancelled,Bank Transfer
S0012633,C00800,P0117,ST015,3/4/2025,8,83,0.05,Pending,Bank Transfer
S0018557,C00164,P0117,ST018,1/11/2025,6,1193,0.2,Cancelled,Bank Transfer
S0015621,C00965,P0117,ST019,7/25/2026,1,143,0.05,Returned,Card
S0011692,C00311,P0117,ST012,6/23/2025,9,1240,0,Cancelled,Card
S0017931,C00185,P0117,ST008,5/30/2025,9,1204,0.15,Pending,Cash
S0010341,C00966,P0117,ST010,8/21/2025,4,1167,0,Pending,Mobile Money
S0018702,C00963,P0117,ST005,5/4/2026,7,1066,0,Cancelled,Cash
S0017262,C00345,P0117,ST003,5/6/2025,10,1039,0.15,Cancelled,Card
S0014423,C00144,P0117,ST012,2/14/2026,6,162,0.2,Cancelled,Bank Transfer
S0011396,C00675,P0117,ST006,6/2/2025,5,747,0.15,completed,Bank Transfer
S0015503,C00644,P0117,ST007,12/21/2025,7,365,0.2,Returned,Bank Transfer
S0013257,C00486,P0117,ST001,5/16/2026,7,118,0.15,completed,Bank Transfer
S0015175,C00088,P0117,ST010,5/4/2025,4,45,0,Completed,Card
S0012631,C00107,P0117,ST005,9/13/2025,10,1428,0.2,Pending,Bank Transfer
S0015274,C00304,P0117,ST009,2/26/2025,8,235,0.2,Completed,Card
S0010749,C00962,P0117,ST001,1/7/2026,9,1429,0,Completed,Cash
S0019556,C00631,P0117,ST020,5/28/2025,7,727,0.1,Returned,Cash
S0014169,C00680,P0117,ST014,3/16/2026,7,451,0.05,Returned,Mobile Money
S0020007,C00928,P0117,ST012,1/10/2026,10,1314,0.1,Completed,Bank Transfer
S0016058,C00922,P0117,ST012,1/11/2026,7,1112,0.2,completed,Bank Transfer
S0011583,C00974,P0117,ST006,7/16/2026,3,1036,0.15,completed,Mobile Money
S0013135,C00140,P0117,ST014,5/17/2025,8,1327,0.05,Pending,Card
S0016434,C00291,P0117,ST005,9/3/2026,2,314,0.05,Completed,Card
S0012945,C00692,P0117,ST014,2/5/2026,9,328,0,Cancelled,Mobile Money
S0014007,C00885,P0117,ST005,8/6/2025,7,1345,0.1,Cancelled,Bank Transfer
S0018288,C00701,P0117,ST010,9/17/2025,10,150,0.15,Cancelled,Card
S0010421,C00523,P0117,ST018,6/12/2025,9,893,0.05,Completed,Bank Transfer
S0015760,C00267,P0117,ST019,5/2/2025,5,768,0,Returned,Cash
S0016702,C00074,P0117,ST019,4/29/2025,7,483,0.15,Cancelled,Card
S0016070,C00624,P0117,ST015,12/27/2025,6,1279,0.05,Pending,Card
S0014624,C00571,P0117,ST017,5/12/2025,6,1266,0.05,Cancelled,Card
S0014249,C00674,P0117,ST003,7/10/2026,10,984,0.05,Cancelled,Bank Transfer
S0012252,C00033,P0117,ST003,8/9/2025,2,1123,0.05,Cancelled,Mobile Money
S0019341,C00840,P0117,ST015,1/6/2026,5,892,0.15,Completed,Mobile Money
S0011815,C00729,P0117,ST020,5/20/2026,10,140,0,Completed,Mobile Money
S0016732,C00250,P0117,ST011,11/24/2025,8,1193,0.2,Completed,Cash
S0010818,C00998,P0117,ST017,12/21/2025,1,1232,0.05,Returned,Bank Transfer
S0014286,C00307,P0117,ST002,4/14/2026,2,359,0.15,Cancelled,Card
S0016174,C00101,P0117,ST016,5/29/2025,2,162,0.2,Cancelled,Cash
S0011304,C00752,P0117,ST013,4/27/2025,1,602,0,Pending,Cash
S0018514,C00748,P0117,ST014,3/29/2025,9,1457,0.2,Cancelled,Card
S0014706,C00982,P0117,ST004,8/10/2025,1,358,0.15,Cancelled,Card
S0014134,C00764,P0117,ST010,1/18/2025,1,1291,0.05,Cancelled,Card
S0014416,C00758,P0035,ST008,2/1/2025,10,214,0.05,Returned,Mobile Money
S0018316,C00269,P0035,ST004,5/14/2026,8,1083,0.2,Returned,Bank Transfer
S0018214,C00572,P0005,ST009,1/26/2026,10,555,0.1,Pending,Bank Transfer
S0014676,C00051,P0005,ST011,1/20/2026,9,19,0.1,Completed,Card
S0011257,C00048,P0035,ST004,7/29/2026,10,1417,0.05,Returned,Card
S0016351,C00334,P0035,ST011,5/21/2026,9,172,0.2,Completed,Bank Transfer
S0014587,C00111,P0162,ST005,8/18/2025,7,1034,0.15,Completed,Mobile Money
S0012051,C00910,P0005,ST009,8/20/2025,3,1072,0.2,Returned,Cash
S0011248,C00623,P0005,ST016,6/13/2025,8,172,0.1,Returned,Cash
S0010080,C00382,P0035,ST003,12/20/2025,7,126,0.2,Cancelled,Card
S0015863,C00266,P0035,ST019,3/19/2025,7,180,0,completed,Card
S0017186,C00698,P0005,ST009,7/23/2025,4,914,0.15,Cancelled,Bank Transfer
S0010394,C00712,P0035, ST007 ,7/22/2025,2,1472,0,Pending,Mobile Money
S0018329,C00155,P0005,ST014,11/26/2025,10,1466,0.15,Cancelled,Mobile Money
S0019360,C00314,P0035,ST020,5/25/2025,5,88,0.15,Returned,Bank Transfer
S0017752,C00572,P0005,ST004,1/8/2026,4,553,0.05,Completed,Mobile Money
S0019425,C00845,P0005,ST006,6/11/2026,7,841,0.15,Pending,Bank Transfer
S0014657,C00393,P0005,ST018,6/26/2025,10,1172,0.15,Pending,Mobile Money
S0018805,C00582,P0005,ST019,2/24/2025,6,508,0.2,Returned,Bank Transfer
S0012027,C00788,P0035,ST008,6/16/2026,9,153,0.05,Pending,Cash
S0013771,C00547,P0005,ST010,6/19/2025,6,238,0.1,completed,Mobile Money
S0010914,C00444,P0005,ST019,7/25/2025,9,894,0,completed,Bank Transfer
S0018792,C00399,P0162,ST002,5/3/2025,5,1479,0,Pending,Cash
S0011529,C00241,P0035,ST014,12/6/2025,8,1164,0.2,Pending,Cash
S0017425,C00911,P0035,ST001,1/1/2025,1,1438,0.1,Cancelled,Card
S0011417,C00011,P0035,ST001,1/25/2026,1,562,0.05,Cancelled,Cash
S0017284,C00850,P0035,ST011,11/16/2025,2,1224,0.05,Cancelled,Bank Transfer
S0013039,C00012,P0035,ST011,8/16/2025,3,397,0.05,Cancelled,Card
S0016141,C00840,P0005,ST018,3/13/2025,8,929,0.05,Cancelled,Card
S0010822,C00577,P0162,ST003,7/31/2025,7,229,0.2,Pending,Cash
S0019140,C00767,P0162,ST020,8/26/2025,5,1026,0.15,Cancelled,Mobile Money
S0017954,C00186,P0035,ST010,9/21/2025,7,921,0.05,completed,Bank Transfer
S0018404,C00759,P0005,ST006,9/5/2025,10,1216,0.05,Returned,Mobile Money
S0018016,C00080,P0005,ST001,10/2/2025,5,611,0.05,Returned,Cash
S0017530,C00572,P0005,ST014,7/28/2025,9,484,0.2,Pending,Bank Transfer
S0013464,C00607,P0035,ST020,11/15/2025,8,516,0,Returned,Mobile Money
S0016412,C00431,P0005,ST010,10/31/2025,2,512,0.2,completed,Cash
S0017057,C00053,P0005,ST017,3/20/2025,6,204,0.1,completed,Cash
S0017040,C00471,P0005,ST003,10/20/2025,8,453,0.2,Completed,Mobile Money
S0011895,C00881,P0005,ST007,9/5/2025,9,375,0.2,Cancelled,Card
S0012534,C00560,P0035,ST006,3/8/2026,7,487,0.1,Completed,Cash
S0015385,C00666,P0005,ST008,5/14/2025,1,349,0.1,Cancelled,Cash
S0018549,C00818,P0005,ST004,8/23/2025,1,428,0.05,Completed,Bank Transfer
S0016252,C00688,P0005,ST001,8/25/2025,2,1367,0.2,Pending,Card
S0012598,C00605,P0162,ST001,12/15/2025,6,1053,0.15,Cancelled,Cash
S0015340,C00246,P0162,ST002,5/4/2025,2,1234,0.2,Cancelled,Mobile Money
S0014721,C00134,P0035,ST014,4/27/2026,6,1228,0.15,Pending,Card
S0017291,C00690,P0162,ST007,3/11/2026,9,203,0,Completed,Cash
S0014971,C00695,P0162,ST020,6/4/2025,10,714,0.2,Pending,Card
S0018002,C00775,P0005,ST015,2/10/2025,5,1321,0.2,Completed,Cash
S0010779,C00535,P0035,ST006,7/31/2026,7,1009,0,completed,Bank Transfer
S0018691,C00155,P0005,ST014,1/12/2026,2,196,0.2,Returned,Cash
S0014389,C00900,P0005,ST001,12/30/2025,2,663,0,Cancelled,Card
S0013849,C00746,P0162,ST009,3/4/2026,1,916,0.05,completed,Bank Transfer
S0010276,C00381,P0162,ST007,6/6/2025,7,626,0,Cancelled,Mobile Money
S0015709,C00450,P0035,ST006,8/1/2025,4,1227,0.1,Returned,Cash
S0016033,C00208,P0162,ST008,5/12/2026,9,223,0.2,Returned,Mobile Money
S0012401,C00250,P0005,ST013,4/24/2026,5,360,0.05,Pending,Bank Transfer
S0011489,C00982,P0035,ST003,6/11/2026,10,1324,0.15,completed,Cash
S0011649,C00189,P0005,ST006,3/13/2025,3,1227,0.2,Completed,Card
S0012147,C00348,P0035,ST020,3/30/2025,7,1307,0.15,completed,Bank Transfer
S0015227,C00291,P0035,ST004,5/15/2025,2,1199,0,Completed,Mobile Money
S0019497,C00524,P0005,ST003,5/28/2026,9,2,0.15,Returned,Card
S0012207,C00556,P0038,ST009,3/7/2026,9,316,0,Cancelled,Cash
S0017030,C00335,P0162,ST007,7/25/2025,9,538,0.15,Completed,Card
S0018407,C00749,P0035,ST007,3/20/2025,6,418,0.05,completed,Card
S0018233,C00264,P0035,ST019,6/13/2025,2,1475,0,completed,Card
S0013129,C00029,P0035,ST011,7/18/2026,10,586,0.1,Returned,Card
S0018038,C00705,P0005,ST006,3/1/2026,4,883,0.1,Returned,Cash
S0012368,C00485,P0162,ST015,6/29/2025,2,465,0,Cancelled,Cash
S0010672,C00064,P0035,ST017,6/22/2026,1,802,0.05,Cancelled,Mobile Money
S0017264,C00313,P0005,ST002,2/4/2025,6,649,0,Returned,Bank Transfer
S0014841,C00291,P0005,ST020,3/8/2025,5,56,0.2,Pending,Mobile Money
S0016935,C00822,P0035,ST002,11/14/2025,2,941,0.1,Completed,Bank Transfer
S0019713,C00632,P0162,ST011,4/29/2025,3,170,0.05,Completed,Card
S0013762,C00437,P0162,ST018,5/1/2026,4,1040,0.15,completed,Mobile Money
S0014874,C99999,P0038,ST019,5/2/2026,9,1262,0.2,Completed,Cash
S0013371,C00050,P0162,ST012,2/5/2025,4,854,0.15,Cancelled,Card
S0017353,C00628,P0162,ST013,10/2/2025,1,475,0.05,Returned,Cash
S0012024,C00534,P0005,ST012,1/16/2026,1,1,0.05,Returned,Card
S0018084,C00265,P0035,ST006,8/25/2025,1,566,0.05,Returned,Card
S0017205,C00074,P0005,ST014,10/18/2025,9,602,0.05,Returned,Cash
S0011953,C00041,P0162,ST004,3/12/2025,2,48,0,Cancelled,Mobile Money
S0014453,C00519,P0005,ST015,2/24/2025,6,477,0.1,completed,Bank Transfer
S0018359,C00828,P0035,ST015,5/2/2026,10,922,0.15,Cancelled,Bank Transfer
S0014477,C00174,P0035,ST003,1/17/2026,8,1431,0.2,completed,Bank Transfer
S0018865,C00509,P0035,ST018,10/10/2025,3,937,0.15,completed,Card
S0018161,C00465,P0005,ST001,2/14/2025,7,755,0.05,Returned,Cash
S0010493,C00488,P0038,ST017,11/15/2025,1,1179,0.05,completed,Cash
S0013503,C00749,P0162,ST004,1/5/2025,8,531,0.05,Returned,Bank Transfer
S0019519,C00406,P0005,ST006,6/7/2025,7,735,0,Cancelled,Card
S0019272,C00768,P0035,ST002,1/6/2025,9,193,0.2,Pending,Bank Transfer
S0014611,C99999,P0038,ST006,9/24/2025,6,433,0.15,Returned,Cash
S0016618,C00695,P0038,ST001,10/31/2025,10,930,0.2,completed,Bank Transfer
S0017845,C00657,P0162,ST008,2/4/2025,9,1084,0,Completed,Card
S0015714,C00241,P0035,ST004,2/12/2025,1,103,0,Cancelled,Cash
S0012670,C00178,P0038,ST012,4/7/2026,7,65,0.1,completed,Card
S0019310,C00107,P0035,ST019,11/15/2025,2,331,0.15,Returned,Bank Transfer
S0017472,C00570,P0035,ST017,2/13/2025,4,618,0.2,Pending,Card
S0011587,C00030,P0162,ST020,10/11/2025,6,890,0.05,Completed,Mobile Money
S0010751,C00203,P0162,ST002,8/30/2025,5,295,0.1,Pending,Mobile Money
S0019472,C00426,P0035,ST007,3/10/2026,5,1233,0.2,Returned,Mobile Money
S0016153,C00313,P0038,ST004,8/13/2025,8,1482,0.2,Cancelled,Bank Transfer
S0017088,C00272,P0035,ST014,6/27/2026,5,895,0,Returned,Bank Transfer
S0016761,C00039,P0162,ST019,1/26/2026,6,359,0,completed,Bank Transfer
S0018632,C00679,P0162,ST004,5/4/2026,9,1262,0,Completed,Card
S0019633,C00892,P0005,ST008,2/2/2025,9,107,0.05,Pending,Cash
S0016118,C00896,P0162,ST015,6/20/2026,2,1009,0.05,Pending,Mobile Money
S0017428,C00064,P0162,ST020,5/15/2026,8,547,0.15,Completed,Card
S0018714,C00521,P0162,ST010,3/19/2025,7,1049,0.2,Pending,Card
S0010702,C00311,P0162,ST012,6/22/2026,2,181,0.05,completed,Cash
S0011243,C00989,P0038,ST002,7/21/2026,9,1322,0.1,Completed,Cash
S0018520,C00128,P0038,ST005,6/6/2026,5,1279,0.2,completed,Cash
S0010103,C00500,P0038,ST015,8/9/2025,5,488,0.15,completed,Mobile Money
S0012092,C00320,P0038,ST002,1/15/2025,8,298,0.2,Cancelled,Mobile Money
S0019707,C00872,P0038,ST014,4/29/2026,3,1388,0.05,Returned,Card
S0018872,C00700,P0162,ST013,4/11/2026,7,600,0.15,Pending,Card
S0015992,C00081,P0038,ST020,1/8/2026,9,396,0,Cancelled,Bank Transfer
S0017436,C00877,P0035,ST012,3/10/2026,2,491,0.2,Returned,Cash
S0017630,C00301,P0038,ST005,4/24/2026,10,273,0.05,Pending,Card
S0015093,C00402,P0162,ST003,7/27/2026,4,1315,0.05,Returned,Mobile Money
S0019459,C00746,P0035,ST016,3/14/2025,1,61,0.1,Cancelled,Mobile Money
S0011254,C00832,P0162,ST001,5/7/2025,7,671,0.15,completed,Mobile Money
S0014274,C00013,P0005,ST015,1/5/2025,5,1215,0,completed,Cash
S0017276,C00342,P0038,ST005,6/5/2025,6,549,0.2,Returned,Mobile Money
S0016720,C00303,P0005,ST012,2/21/2025,4,865,0.15,Cancelled,Card
S0015360,C00927,P0005,ST003,1/12/2026,1,1469,0.2,Returned,Bank Transfer
S0017829,C00286,P0035,ST018,4/27/2026,7,772,0.15,completed,Bank Transfer
S0018187,C00315,P0162,ST020,1/19/2025,2,1051,0.05,completed,Cash
S0012082,C00582,P0162,ST016,4/8/2025,7,476,0,Completed,Bank Transfer
S0011753,C00035,P0038,ST005,4/14/2026,9,1234,0.15,Cancelled,Bank Transfer
S0011328,C00767,P0038,ST003,8/3/2025,2,1178,0.2,completed,Bank Transfer
S0018762,C00450,P0035,ST016,4/14/2025,10,997,0.15,Pending,Cash
S0010082,C00085,P0162,ST006,6/5/2026,1,965,0.2,Pending,Cash
S0011420,C00309,P0038,ST009,2/17/2026,4,352,0.05,completed,Cash
S0010259,C00350,P0035,ST009,6/24/2026,8,5,0.15,completed,Mobile Money
S0014043,C00561,P0162,ST011,7/24/2025,9,1388,0.15,Pending,Card
S0012838,C00048,P0162,ST002,3/9/2026,8,859,0.2,completed,Mobile Money
S0011514,C00343,P0162,ST004,5/8/2026,9,854,0,completed,Cash
S0012064,C00977,P0038,ST018,4/15/2026,4,589,0.05,completed,Bank Transfer
S0019855,C00604,P0162,ST016,4/15/2026,1,1180,0.2,Returned,Bank Transfer
S0018615,C00785,P0162,ST013,5/14/2025,9,1285,0.05,Cancelled,Card
S0012554,C00415,P0162,ST016,8/4/2025,5,562,0,completed,Cash
S0010508,C00699,P0038,ST010,6/21/2026,5,31,0.1,Pending,Card
S0013262,C00177,P0005,ST016,5/2/2025,9,1059,0,Pending,Cash
S0011273,C00083,P0038,ST007,11/18/2025,4,218,0.1,Returned,Mobile Money
S0014041,C00203,P0162,ST003,1/6/2026,4,1070,0.15,Returned,Bank Transfer
S0017900,C00504,P0162,ST002,2/23/2026,6,1333,0.15,Cancelled,Cash
S0010990,C00238,P0162,ST018,5/26/2025,9,35,0.1,Returned,Bank Transfer
S0015577,C00010,P0038,ST007,1/7/2026,8,1264,0,Cancelled,Mobile Money
S0012577,C00039,P0035,ST003,3/29/2026,6,845,0,Returned,Cash
S0018983,C00035,P0038,ST008,2/3/2025,9,302,0.2,Pending,Mobile Money
S0018982,C00648,P0005,ST004,12/11/2025,1,379,0.05,Returned,Card
S0018501,C00166,P0038,ST005,8/31/2025,3,399,0,Completed,Cash
S0017637,C00026,P0162,ST001,2/27/2026,6,543,0.2,Pending,Mobile Money
S0016854,C00513,P0162,ST002,1/6/2026,8,139,0.2,Cancelled,Mobile Money
S0012375,C00649,P0162,ST005,6/14/2025,6,243,0,Cancelled,Card
S0019139,C00105,P0162,ST011,7/8/2026,3,48,0,Completed,Mobile Money
S0018579, C00337 ,P0038,ST015,3/6/2026,3,546,0.15,Cancelled,Cash
S0016967,C00290,P0038,ST001,4/6/2026,6,1439,0.15,Returned,Card
S0012901,C00499,P0162,ST010,6/11/2026,4,22,0.05,Completed,Mobile Money
S0013068,C00802,P0162,ST004,7/3/2026,1,986,0.15,Pending,Cash
S0018718,C00313,P0005,ST006,7/29/2026,6,350,0.15,Cancelled,Bank Transfer
S0013330,C00495,P0038,ST016,3/19/2026,7,627,0,Cancelled,Cash
S0015959,C00775,P0038,ST020,6/1/2026,2,109,0.2,Completed,Mobile Money
S0011843,C00539,P0038,ST015,6/6/2026,1,629,0.15,completed,Mobile Money
S0017670,C00797,P0038,ST006,8/29/2025,3,1443,0.15,Pending,Mobile Money
S0019908,C00477,P0038,ST007,12/6/2025,9,389,0,completed,Bank Transfer
S0011541,C00827,P0035,ST004,2/28/2026,2,55,0.2,Pending,Card
S0011121,C00274,P0038,ST014,9/10/2025,7,901,0.2,Pending,Bank Transfer
S0013571,C00801,P0038,ST020,8/10/2025,4,59,0,Returned,Bank Transfer
S0017476,C00341,P0038,ST001,7/14/2026,9,178,0.15,Cancelled,Cash
S0018936,C00794,P0038,ST001,3/24/2026,10,1282,0.1,Returned,Cash
S0015729,C00147,P0038,ST008,5/15/2025,4,74,0,Pending,Bank Transfer
S0015817,C00148,P0038,ST003,9/20/2025,3,633,,Pending,Card
S0016135,C00412,P0038,ST004,5/15/2025,1,604,0.2,Cancelled,Bank Transfer
S0016322,C00229,P0038,ST014,1/30/2026,4,856,0,Cancelled,Card
S0013845,C00604,P0038,ST008,4/16/2026,6,762,0.05,Returned,Bank Transfer
S0019259,C00107,P0038,ST015,3/28/2025,10,560,0.2,Completed,Cash
S0012344,C00457,P0038,ST999,2/23/2025,8,842,0,Completed,Mobile Money
S0013127,C00916,P0038,ST015,3/30/2026,10,720,0.15,completed,Cash
S0010786,C00242,P0038,ST001,5/18/2025,6,804,0.1,Pending,Bank Transfer
S0014133,C00604,P0038,ST007,12/3/2025,10,370,0.05,Cancelled,Mobile Money
S0010594,C00300,P0038,ST011,9/30/2025,6,728,0.2,Pending,Mobile Money
S0010828,C00309,P0038,ST012,4/4/2026,4,12,0.1,Pending,Card
S0013385,C00146,P0038,ST014,11/17/2025,8,1085,0.1,Completed,Bank Transfer
S0010199,C00817,P0162,ST003,8/13/2025,2,397,0,Returned,Bank Transfer
S0018242,C00249,P0038,ST010,1/17/2025,9,933,0.1,Pending,Cash
S0012910,C00147,P0038,ST020,3/7/2025,3,983,0.15,Cancelled,Mobile Money
S0012128,C00559,P0038,ST016,7/30/2025,1,112,0,Completed,Bank Transfer
S0013177,C00787,P0038,ST020,7/8/2026,3,734,0.15,Completed,Bank Transfer
S0016865,C00374,P0038,ST018,1/5/2025,4,945,0.05,Completed,Cash
S0018012,C00159,P0038,ST011,3/24/2025,3,1409,0.1,Completed,Card
S0019397,C00017,P0038,ST005,1/19/2026,3,973,0.05,Pending,Mobile Money
S0013070,C00415,P0038,ST011,11/18/2025,5,1340,0.1,completed,Mobile Money
S0015612,C00420,P0038,ST017,1/20/2026,1,1058,0,completed,Card
S0019148,C00623,P0038,ST002,3/3/2025,10,421,0.2,Pending,Bank Transfer
S0011392,C00025,P0038,ST017,10/27/2025,7,1076,0,completed,Card
S0012951,C00040,P0055,ST014,12/1/2025,8,547,0.15,Completed,Card
S0010340,C00623,P0055,ST015,8/8/2025,8,1098,0.1,Completed,Card
S0016873,C00458,P0055,ST011,6/13/2025,3,693,0.05,Completed,Mobile Money
S0011338,C00727,P0055,ST005,2/21/2025,7,1337,0.2,Returned,Card
S0018078,C00554,P0055,ST005,1/5/2025,5,148,0.2,Returned,Card
S0020039,C00529,P0055,ST012,1/30/2026,5,455,0.05,Pending,Bank Transfer
S0014776,C00149,P0055,ST005,1/15/2026,2,532,0.2,Cancelled,Card
S0019517,C00302,P0055,ST013,10/19/2025,5,513,0.05,Completed,Cash
S0014188,C00954,P0055,ST005,2/11/2026,9,818,0.15,completed,Mobile Money
S0014028,C00751,P0055,ST009,4/21/2026,3,435,0.15,Pending,Bank Transfer
S0011356,C00961,P0055,ST011,1/30/2025,6,1195,0.05,Returned,Card
S0015807,C00019,P0055,ST018,10/1/2025,1,1152,0.15,completed,Cash
S0010748,C00976,P0055,ST003,4/12/2026,8,508,0.15,completed,Cash
S0018363,C00283,P0055,ST012,7/5/2025,1,1499,0,Pending,Mobile Money
S0012862,C00685,P0055,ST008,7/26/2026,10,109,0.1,Cancelled,Card
S0017672,C00866, P0055 ,ST002,3/31/2025,2,975,0.2,Pending,Bank Transfer
S0019283,C00291,P0055,ST001,3/10/2026,3,1209,0.05,Completed,Mobile Money
S0012001,C00471,P0055,ST020,5/30/2026,7,14,0.15,completed,Card
S0018694,C00687,P0055,ST017,2/10/2026,7,1203,0.1,Returned,Bank Transfer
S0018658,C00970,P0055,ST014,1/15/2025,7,1376,0.2,completed,Cash
S0016143,C00370,P0055,ST015,1/13/2025,4,1159,0.2,Cancelled,Mobile Money
S0017704,C00404,P0055,ST008,3/5/2026,4,1023,0.15,completed,Bank Transfer
S0013284,C00962,P0055,ST011,10/19/2025,2,387,0,completed,Card
S0018427,C00246,P0055,ST020,2/5/2026,4,197,0.1,Pending,Mobile Money
S0013064,C00639,P0055,ST004,10/24/2025,8,1023,0.15,Returned,Card
S0010305,C00089,P0055,ST018,12/3/2025,2,91,0.2,Completed,Card
S0018789,C00037,P0055,ST009,1/29/2026,4,583,0,Pending,Bank Transfer
S0013605,C00554,P0055,ST009,8/12/2025,8,991,0.05,Returned,Bank Transfer
S0011910,C00800,P0055,ST006,5/21/2025,3,1028,0.2,Pending,Mobile Money
S0010957,C00951,P0055,ST010,8/6/2025,7,1081,0.15,Completed,Bank Transfer
S0016119,C00845,P0055,ST019,12/23/2025,6,895,0,Cancelled,Card
S0012724,C00156,P0055,ST018,1/7/2026,9,817,0.1,Cancelled,Cash
S0016930,C00156,P0055,ST018,1/7/2026,9,1438,0.1,Cancelled,Cash
S0010605,C00461,P0055,ST006,9/4/2025,3,815,0.1,Completed,Bank Transfer
S0012329,C00233,P0055,ST003,1/29/2026,3,754,0,Returned,Bank Transfer
S0017651,C00323,P0055,ST012,6/24/2025,9,126,0.15,Cancelled,Bank Transfer
S0019937,C00451,P0055,ST009,11/13/2025,10,70,0.15,Returned,Cash
S0010953,C00247,P0055,ST016,6/5/2026,6,936,0.15,Returned,Cash
S0017993,C00345,P0055,ST013,2/7/2026,5,1449,0,Returned,Card
S0015434,C00920,P0055,ST019,7/26/2026,4,614,0.2,Cancelled,Card
S0010587,C00643,P0055,ST018,12/6/2025,5,1118,0.1,completed,Cash
S0019825,C00557,P0055,ST002,5/8/2025,3,338,0.05,completed,Card
S0016558,C00642,P0025,ST001,8/7/2025,1,641,0.2,Completed,Mobile Money
S0017601,C00936,P0055,ST020,1/13/2025,2,324,0.1,Pending,Bank Transfer
S0013856,C00761,P0025,ST017,7/13/2025,9,1191,0.2,Completed,Cash
S0010576,,P0025,ST012,4/21/2025,10,776,0.05,Cancelled,Bank Transfer
S0014350,C00567,P0025,ST008,1/13/2026,7,1272,0.15,Cancelled,Card
S0016690,C00162,P0025,ST019,1/30/2026,2,157,0.05,Pending,Mobile Money
S0015067,C00350,P0025,ST004,5/21/2025,8,504,0.2,Completed,Cash
S0019446,C00580,P0025,ST007,7/14/2025,6,1290,0.15,Returned,Bank Transfer
S0019596,C00370,P0025,ST008,1/14/2026,5,1334,0.15,Returned,Card
S0017633,C00036,P0025,ST012,1/15/2026,2,404,0.2,Pending,Bank Transfer
S0013089,C00256,P0025,ST014,7/14/2025,1,43,0.2,completed,Card
S0018267,C00107,P0025,ST017,1/10/2025,5,1326,0.1,Pending,Mobile Money
S0018449,C00299,P0025,ST010,1/30/2026,9,767,0.1,Pending,Card
S0011221,C00694,P0033,ST007,2/26/2026,4,230,0,completed,Mobile Money
S0013896,C00884,P0025,ST003,2/11/2026,10,1417,0.1,Completed,Bank Transfer
S0012021,C00962,P0025,ST017,1/20/2026,1,948,0.15,Cancelled,Bank Transfer
S0014651,C00963,P0025,ST013,7/19/2025,10,891,0.15,Cancelled,Cash
S0011416,C00343,P0025,ST009,7/31/2025,3,1178,0,Pending,Cash
S0016790,C00602,P0025,ST001,1/15/2026,5,261,0.1,Cancelled,Card
S0015295,C00413,P0025,ST002,3/6/2025,5,784,0.15,completed,Bank Transfer
S0017715,C00225,P0025,ST012,7/12/2026,2,503,0.1,Cancelled,Bank Transfer
S0010935,C00444,P0025,ST001,3/7/2026,10,792,0.05,Cancelled,Card
S0017512,C00466,P0033,ST020,6/10/2025,1,447,0.05,Cancelled,Bank Transfer
S0010881,C00411,P0033,ST011,4/18/2026,8,875,0.2,Completed,Bank Transfer
S0012175,C00889,P0025,ST006,2/5/2025,8,306,0.2,Pending,Card
S0012687,C00738,P0033,ST004,7/4/2025,1,1330,0.15,completed,Mobile Money
S0014756,C00945,P0025,ST018,7/19/2025,2,714,0.1,Pending,Card
S0011602,C00522,P0033,ST013,2/20/2025,8,1382,0.2,Returned,Mobile Money
S0019455,C00096,P0025,ST008,3/29/2025,8,290,0,Pending,Mobile Money
S0017525,C00356,P0025,ST002,6/9/2026,10,904,0,Completed,Mobile Money
S0018353,C00273,P0033,ST002,1/15/2026,10,1245,0.15,Completed,Bank Transfer
S0011621,C00755,P0025,ST019,6/2/2025,4,1286,0.2,Returned,Bank Transfer
S0011924,C00505,P0025,ST009,7/8/2026,5,1216,0.05,Returned,Bank Transfer
S0011380,C00366,P0033,ST001,1/1/2025,10,895,0.05,Completed,Mobile Money
S0018450,C00363,P0025,ST002,12/3/2025,2,805,0.1,completed,Card
S0014784,C00534,P0025,ST010,7/16/2025,5,1220,0.05,Pending,Cash
S0011280,C00306,P0025,ST008,3/19/2025,7,966,0.15,Completed,Cash
S0013915,C00926,P0025,ST019,7/21/2025,4,611,0,completed,Bank Transfer
S0012559,C00223,P0033,ST008,8/23/2025,6,552,0.15,Completed,Bank Transfer
S0015124,C00863,P0033,ST010,5/3/2026,3,1243,0.1,Completed,Bank Transfer
S0010053,C00766,P0033,ST017,7/3/2025,3,354,0.05,Returned,Bank Transfer
S0015557,C00033,P0025,ST002,2/22/2025,10,1141,0.2,Pending,Mobile Money
S0014954,C00371,P0025,ST010,1/15/2025,1,750,0.2,Completed,Card
S0015101,C00119,P0033,ST001,6/4/2026,6,396,0.1,Cancelled,Mobile Money
S0016958,C00489,P0025,ST010,1/14/2025,7,423,0,completed,Cash
S0017072,C00674,P0025,ST014,8/24/2025,7,1054,0,Completed,Card
S0020009,C00310,P0033,ST012,12/15/2025,2,1339,0.2,Returned,Card
S0014617,C00725,P0025,ST014,6/15/2025,8,273,0,Completed,Cash
S0010122,C00535,P0025,ST009,8/3/2025,4,1471,0.05,completed,Bank Transfer
S0012353,C00682,P0025,ST018,2/4/2025,6,488,0.15,Cancelled,Card
S0015326,C00130,P0025,ST007,7/25/2026,9,198,0,Cancelled,Cash
S0015190,C00522,P0025,ST002,5/19/2025,8,766,0,completed,Mobile Money
S0016193,C00829,P0025,ST017,7/16/2025,2,725,0.2,Pending,Cash
S0017054,C99999,P0033,ST013,4/18/2026,5,1245,0.2,Cancelled,Bank Transfer
S0012420,C00300,P0033,ST008,2/27/2026,9,479,0,Completed,Bank Transfer
S0017075,C00203,P0025,ST014,3/22/2025,5,956,0.2,Cancelled,Cash
S0010208,C00331,P0025,ST012,12/19/2025,2,1413,0,Returned,Mobile Money
S0012479,C00141,P0025,ST012,4/11/2026,8,678,0,Completed,Cash
S0010630,C00547,P0025,ST017,1/21/2026,6,1374,0.15,Completed,Bank Transfer
S0014360,C00611,P0025,ST020,1/26/2026,4,1006,0.1,completed,Card
S0016324,C00046,P0033,ST013,3/17/2026,1,608,0.15,Cancelled,Bank Transfer
S0015527,C00711,P0025,ST003,6/29/2025,3,276,0.15,Pending,Card
S0012355,C00580,P0025,ST010,1/22/2026,8,993,0.1,Returned,Bank Transfer
S0013517,C00063,P0025,ST013,2/11/2026,3,1386,0.05,Pending,Bank Transfer
S0011061,C00033,P0025,ST020,1/19/2025,4,1169,0,Returned,Mobile Money
S0012890,C00737,P0033,ST010,12/22/2025,6,977,0.1,completed,Bank Transfer
S0016799,C00778,P0033,ST014,3/31/2026,10,21,0.15,Completed,Card
S0018634,C00935,P0033,ST020,12/2/2025,3,934,0.2,Returned,Card
S0015167,C00270,P0025,ST009,9/7/2025,7,1067,0.1,Returned,Mobile Money
S0018009,C00509,P0025,ST016,4/7/2026,9,1330,0.15,completed,Mobile Money
S0016972,C00463,P0033,ST019,4/18/2026,1,47,0.15,Completed,Bank Transfer
S0013347,C00576,P0033,ST001,5/28/2026,6,879,0,Completed,Bank Transfer
S0011442,C00093,P0033,ST009,2/11/2026,5,95,0,Pending,Cash
S0012049,C00107,P0025,ST020,1/8/2025,5,714,0,Cancelled,Mobile Money
S0010639,C00239,P0033,ST018,1/25/2026,2,1108,0.1,Returned,Card
S0014688,C00249,P0033,ST014,12/21/2025,2,1192,0.2,Completed,Bank Transfer
S0019576,C00755,P0033,ST003,4/12/2025,7,358,0.2,Completed,Cash
S0013526,C00751,P0025,ST002,3/4/2025,7,287,0.1,Cancelled,Mobile Money
S0019440,C00862,P0033,ST003,4/1/2025,7,277,0.1,Cancelled,Card
S0013661,C00752,P0033,ST004,4/18/2025,3,780,0.15,Returned,Bank Transfer
S0010551,C00216,P0160,ST004,11/4/2025,3,66,0.15,Pending,Cash
S0017557,C00775,P0025,ST013,3/8/2026,1,771,0.15,Cancelled,Mobile Money
S0016818,C00404,P0033,ST017,7/21/2026,7,321,0.05,completed,Cash
S0013569,C00035,P0025,ST009,4/19/2026,2,205,0.05,completed,Cash
S0012428,C00509,P0033,ST003,1/10/2026,6,445,0.2,Completed,Mobile Money
S0016321,C00274,P0033,ST017,10/18/2025,2,1464,0.2,Returned,Bank Transfer
S0012239,C00615,P0025,ST011,11/18/2025,1,1050,0.05,Pending,Cash
S0010297,C00554,P0033,ST005,5/16/2026,10,1015,0.2,completed,Cash
S0014107,C00451,P0025,ST018,6/11/2025,8,906,0.2,Returned,Card
S0018172,C00035,P0033,ST017,5/5/2025,5,1433,0,Completed,Mobile Money
S0018941,C00755,P0033,ST016,5/15/2025,10,957,0.1,Completed,Card
S0017569,C00051,P0033,ST003,12/25/2025,1,670,0.2,Pending,Mobile Money
S0019703,C00660,P0025,ST016,9/16/2025,1,1178,0.05,Completed,Mobile Money
S0018550,C00922,P0160,ST009,1/30/2026,5,1315,0.1,Returned,Cash
S0019307,C00963,P0160,ST003,3/25/2026,9,537,0.1,Cancelled,Card
S0015872,C00796,P0033,ST006,1/29/2025,9,1417,0.15,Completed,Card
S0013575,C00533,P0160,ST005,6/15/2025,10,1069,0,completed,Card
S0019294,C00752,P0033,ST009,4/26/2025,9,270,0.1,Completed,Card
S0012903,C00357,P0160,ST014,8/2/2025,2,592,0.2,Pending,Bank Transfer
S0011179,C00039,P0033,ST001,1/5/2026,3,73,0,Pending,Cash
S0015116,C00616,P0160,ST011,10/14/2025,7,955,0.05,Completed,Bank Transfer
S0016903,C00691,P0033,ST014,4/18/2025,6,748,0.05,Cancelled,Bank Transfer
S0015199,C00959,P0160,ST015,12/21/2025,8,1403,0,completed,Card
S0014777,C00208,P0033,ST013,2/8/2025,3,1452,0.1,completed,Card
S0019167,C00131,P0160,ST001,3/6/2026,1,551,0.05,Completed,Cash
S0010774,C00323,P0025,ST002,2/18/2025,2,932,0.05,Returned,Bank Transfer
S0013329,C00847,P0033,ST019,9/14/2025,5,361,0.05,Returned,Card
S0010234,C00816,P0033,ST013,6/13/2026,6,317,0,Cancelled,Bank Transfer
S0015858,C00142,P0033,ST005,5/14/2025,1,340,0.15,Cancelled,Bank Transfer
S0016368,C00418,P0033,ST002,9/29/2025,10,1323,0.15,completed,Cash
S0011163,C00507,P0033,ST013,8/15/2025,1,117,0.1,Cancelled,Bank Transfer
S0011594,C00713,P0033,ST014,5/27/2025,4,131,0.1,completed,Cash
S0014187,C00256,P0033,ST015,3/1/2026,9,823,0.1,Cancelled,Bank Transfer
S0016669,C00167,P0033,ST013,11/29/2025,3,761,0.05,Pending,Cash
S0011941,C00100,P0033,ST008,12/16/2025,1,430,0.15,completed,Bank Transfer
S0013322,C00041,P0160,ST008,3/13/2026,6,1177,0.05,Cancelled,Card
S0018345,C00447,P0160,ST002,6/12/2025,10,756,0.15,Completed,Mobile Money
S0018893,C00828,P0033,ST013,1/30/2026,1,1045,0.15,completed,Mobile Money
S0015947,C00310,P0160,ST008,2/9/2026,4,1001,0.05,Returned,Card
S0010291,C00517,P0160,ST010,2/17/2025,6,988,0.2,Returned,Mobile Money
S0017164,C00794,P0033,ST004,3/17/2025,6,416,0,completed,Mobile Money
S0019798,C00695,P0033,ST007,6/7/2026,6,1171,0,Completed,Mobile Money
S0017982,C00381,P0160,ST013,5/19/2026,1,1035,0.1,Cancelled,Cash
S0018486,C00322,P0160,ST005,7/30/2025,3,1467,0.05,completed,Card
S0011115,C00354,P0160,ST012,12/28/2025,10,26,0.1,Cancelled,Bank Transfer
S0019773,C00991,P0160,ST005,6/21/2025,7,1136,0.1,Completed,Cash
S0010331,C00476,P0033,ST011,4/28/2025,1,208,0.05,Returned,Bank Transfer
S0012668,C00967,P0160,ST007,2/8/2026,4,211,0.15,completed,Mobile Money
S0013862,C00207,P0160,ST002,7/20/2025,4,140,0,Cancelled,Card
S0014502,C00449,P0160,ST019,3/14/2025,4,1197,0.15,Returned,Card
S0014450,C00937,P0160,ST009,7/16/2025,10,1023,0.15,Cancelled,Bank Transfer
S0012820,C00861,P0160,ST017,4/2/2025,5,1361,0.2,Completed,Cash
S0019843,C00767,P0160,ST003,4/11/2026,6,1208,0.05,completed,Card
S0010474,C00889,P0033,ST004,10/19/2025,7,82,0.05,Cancelled,Bank Transfer
S0012387,C00036,P0160,ST006,9/14/2025,4,1352,0.15,Returned,Bank Transfer
S0019056,C00612,P0033,ST003,5/26/2025,8,1408,0.15,Returned,Bank Transfer
S0017546,C00154,P0160,ST001,7/30/2026,2,1353,0.15,Completed,Card
S0014838,C00057,P0160,ST006,6/19/2026,5,1084,0.15,Returned,Cash
S0017364,C00608,P0160,ST001,6/7/2026,4,712,0,Pending,Mobile Money
S0019152,C00631,P0050,ST017,5/18/2026,3,209,0.05,completed,Bank Transfer
S0017099,C00444,P0160,ST008,9/11/2025,10,369,0.2,Completed,Bank Transfer
S0018299,C00776,P0176,ST010,5/12/2025,1,394,0.1,Cancelled,Card
S0018624,C00450,P0160,ST011,5/22/2026,3,777,0,Returned,Cash
S0017800,C00167,P0176,ST018,5/9/2025,5,1071,0.05,Pending,Card
S0014903,C00708,P0160,ST012,1/30/2025,3,830,0.1,completed,Cash
S0015505,C00788,P0160,ST003,6/15/2026,2,440,0.15,Returned,Mobile Money
S0016281,C00812,P0160,ST012,5/23/2026,9,1003,0,completed,Card
S0015559,C00495,P0160,ST001,2/18/2025,6,216,0.2,Cancelled,Mobile Money
S0012184,C00210,P0160,ST011,12/10/2025,4,1093,0,Completed,Cash
S0019162,C00620,P0176,ST011,1/20/2025,9,261,0.2,Completed,Card
S0015065,C00711,P0160,ST001,2/20/2025,10,1179,0.05,completed,Cash
S0012543,C00561,P0176,ST011,1/8/2026,3,45,0,Cancelled,Cash
S0017287,C00517,P0176,ST005,5/8/2026,9,308,0.05,Completed,Mobile Money
S0010350,C00757,P0160,ST001,4/13/2026,5,1131,0,Cancelled,Mobile Money
S0011498,C00063,P0050,ST009,8/11/2025,10,1011,0.05,Returned,Mobile Money
S0019606,C00743,P0176,ST014,6/20/2026,6,564,0.05,Cancelled,Mobile Money
S0016739,C00289,P0160,ST007,6/25/2025,3,241,0.05,completed,Mobile Money
S0011795,C00403,P0176,ST006,10/8/2025,6,475,0.1,Cancelled,Cash
S0013919,C00467,P0160,ST009,6/24/2025,1,299,0,Completed,Card
S0014047,C00267,P0160,ST007,2/9/2025,7,320,0.15,Cancelled,Cash
S0013986,C00454,P0160,ST020,5/23/2025,5,1008,0.1,Completed,Bank Transfer
S0014984,C00136,P0160,ST004,2/28/2025,2,281,0.15,Completed,Cash
S0019992,C00492,P0160,ST016,5/8/2026,10,326,0.05,completed,Cash
S0018311,C00291,P0050,ST019,7/8/2025,8,1118,0,Cancelled,Bank Transfer
S0013773,C00587,P0176,ST006,1/3/2025,7,23,0.05,Pending,Bank Transfer
S0017335,C00084,P0160,ST015,12/14/2025,1,987,0.15,Returned,Cash
S0016008,C00744, P0176 ,ST016,1/20/2025,1,866,0.15,Returned,Mobile Money
S0010662,C00588,P0160,ST012,6/24/2025,2,285,0,Cancelled,Card
S0013983,C00815,P0176,ST019,3/7/2026,1,1348,0.2,completed,Cash
S0015958,C00559,P0176,ST013,3/28/2026,6,1099,0.2,Returned,Mobile Money
S0019160,C00137,P0160,ST016,4/11/2026,10,48,0.15,completed,Card
S0017873,C00341,P0176,ST019,10/25/2025,3,1024,0.1,Cancelled,Mobile Money
S0011038,C00467,P0160,ST004,1/28/2026,7,532,0,Pending,Bank Transfer
S0013178,C00060,P0160,ST018,4/18/2026,7,77,0.1,Cancelled,Cash
S0019894,C00721,P0176,ST011,6/30/2026,3,614,0.15,Pending,Cash
S0018045,C00865,P0176,ST005,2/24/2025,1,1147,0.05,Completed,Mobile Money
S0016572,C00205,P0160,ST019,11/30/2025,10,423,0,Returned,Card
S0017267,C00476,P0176,ST011,2/21/2025,8,741,0.15,Returned,Cash
S0014906,C00990,P0176,ST008,5/1/2026,8,1379,0.1,Returned,Mobile Money
S0019070,C00368,P0176,ST016,3/4/2026,1,740,0,Cancelled,Mobile Money
S0017170,C00017,P0160,ST004,1/19/2026,1,351,0.2,Cancelled,Card
S0013392,C00582,P0176,ST019,7/25/2026,2,1336,0.2,completed,Bank Transfer
S0012141,C00336,P0176,ST001,3/23/2026,3,129,0.2,Pending,Cash
S0014397,C00684,P0176,ST013,6/3/2026,1,442,0.2,Cancelled,Bank Transfer
S0014276,C00472,P0176,ST008,6/8/2025,8,1205,0,Completed,Cash
S0011678,C00418,P0176,ST012,3/22/2025,7,1073,0.05,completed,Bank Transfer
S0018374,C00563,P0176,ST018,3/29/2025,4,750,0,Completed,Mobile Money
S0017570,C00155,P0176,ST006,11/11/2025,8,841,0.1,Pending,Card
S0012657,C00230,P0176,ST003,1/2/2026,1,880,0.1,Returned,Card
S0019603,C00565,P0176,ST017,10/17/2025,3,175,0.15,Cancelled,Card
S0011834,C00016,P0176,ST017,2/9/2025,7,581,0.1,completed,Card
S0012647,C00502,P0176,ST012,7/5/2025,10,363,0,Completed,Card
S0015528,C00131,P0176,ST017,10/11/2025,8,1466,0.15,completed,Mobile Money
S0011344,C00744,P0176,ST013,7/28/2025,2,357,0,Returned,Cash
S0014951,C00768,P0050,ST020,4/9/2026,2,655,0.1,Cancelled,Cash
S0012065,C00293,P0176,ST015,11/24/2025,9,1402,0.1,Cancelled,Cash
S0018975,C00294,P0050,ST004,9/22/2025,8,1471,0.15,Completed,Cash
S0014488,C00239,P0176,ST009,1/21/2025,3,1416,0.05,completed,Mobile Money
S0012544,C00159,P0176,ST019,4/16/2026,1,844,0.1,completed,Mobile Money
S0019916,C00328,P0176,ST007,6/14/2025,1,876,0.1,Returned,Bank Transfer
S0010548,C00941,P0050,ST019,4/3/2025,1,1110,0,Completed,Cash
S0018867,C00778,P0050,ST019,3/4/2026,5,662,0.15,completed,Cash
S0012756,C00888,P0176,ST005,6/13/2025,6,1372,0.05,Pending,Cash
S0014745,C00471,P0176,ST019,4/3/2025,9,254,0.2,Returned,Card
S0016392,C00436,P0050,ST019,11/3/2025,6,677,0,Returned,Bank Transfer
S0012096,C00093,P0050,ST002,5/19/2026,9,9,0.05,Returned,Mobile Money
S0015139,C00258,P0176,ST011,2/27/2026,3,1040,0.2,completed,Mobile Money
S0013128,C00636,P0050,ST013,6/26/2026,1,597,0.15,Pending,Bank Transfer
S0016826,C00723,P0176,ST015,9/20/2025,6,681,0.1,Completed,Cash
S0019892,C00579,P0176,ST018,12/24/2025,2,498,0,Returned,Bank Transfer
S0015401,C00880,P0176,ST016,2/1/2026,8,1402,0,Pending,Card
S0011067,C00471,P0160,ST008,3/15/2025,5,1324,0,completed,Card
S0015234,C00905,P0050,ST008,4/23/2025,7,1402,0.15,Pending,Bank Transfer
S0010883,C00695,P0050,ST005,10/6/2025,6,1479,0.1,Pending,Card
S0019186,C00696,P0176,ST009,1/23/2026,6,676,0.05,Cancelled,Card
S0013087,C00498,P0176,ST017,8/24/2025,3,980,0.1,completed,Card
S0017263,C00163,P0176,ST010,3/30/2025,5,639,0,Completed,Card
S0014961,C00916,P0050,ST009,6/21/2026,6,67,0.05,Pending,Card
S0019719,C00101,P0176,ST019,1/7/2025,2,990,0,Completed,Cash
S0014964,C00117,P0176,ST009,11/21/2025,5,896,0.05,Pending,Card
S0014182,C00729,P0050,ST015,6/2/2026,9,1265,0.2,completed,Card
S0017908,C00265,P0176,ST008,3/25/2025,7,778,0.05,Completed,Bank Transfer
S0016035,C00926,P0050,ST013,8/30/2025,6,463,0.1,Pending,Card
S0016753,C00508,P0176,ST016,4/29/2026,6,1037,0,Completed,Mobile Money
S0017464,C00647,P0176,ST016,11/7/2025,7,802,0.05,Pending,Card
S0012856,C00994,P0050,ST003,6/15/2026,8,996,0.05,Returned,Mobile Money
S0015921,C00911,P0176,ST007,12/4/2025,9,751,0,Returned,Bank Transfer
S0010939,C00851,P0050,ST010,7/15/2025,3,127,0.2,Cancelled,Bank Transfer
S0010264,C00564,P0050,ST002,2/1/2025,10,187,0.2,Completed,Bank Transfer
S0016326,C00692,P0050,ST019,5/27/2026,7,397,0.1,Completed,Cash
S0015824,C00271,P0176,ST013,1/31/2025,3,1437,0.1,Completed,Cash
S0019724,C00303,P0050,ST012,2/8/2025,1,719,0.15,Completed,Card
S0013418,C00061,P0050,ST009,7/29/2026,1,682,0.05,Cancelled,Card
S0015996,C00608,P0050,ST012,7/17/2026,5,807,0,Pending,Card
S0019764,C00631,P0050,ST014,7/23/2025,7,1084,0.1,Cancelled,Bank Transfer
S0013987,C00248,P0050,ST001,7/16/2026,5,61,0.15,Cancelled,Cash
S0019704,C00113,P0176,ST015,8/3/2025,2,69,0.2,Completed,Bank Transfer
S0018212,C00244,P0176,ST014,5/30/2025,2,1260,0.15,Completed,Card
S0012694,C00081,P0050,ST019,11/25/2025,6,1390,0.05,Pending,Bank Transfer
S0018265,C00410,P0050,ST018,4/1/2025,10,52,0.15,Completed,Card
S0015900,C00265,P0050,ST006,11/17/2025,1,768,0,Cancelled,Bank Transfer
S0018091,C00286,P0050,ST007,1/23/2026,1,1486,0.05,Completed,Card
S0012095,C00828,P0176,ST018,3/3/2025,6,54,0.05,Pending,Cash
S0017501,C00348,P0176,ST016,7/21/2026,3,1347,0.15,Cancelled,Card
S0015907,C00962,P0050,ST017,8/1/2025,2,34,0.2,completed,Cash
S0010537,C00709,P0176,ST008,6/29/2026,4,1062,0.1,Returned,Cash
S0018465,C00534,P0050,ST008,6/1/2025,2,264,0.1,Cancelled,Cash
S0015423,C00068,P0050,ST001,3/18/2025,5,388,0.15,Completed,Mobile Money
S0014833,C00821,P0176,ST012,1/19/2025,8,454,0.15,Returned,Card
S0017160,C00782,P0050,ST013,3/3/2025,3,482,0,completed,Mobile Money
S0014645,C00648,P0050,ST019,5/11/2025,6,1485,0.1,Completed,Mobile Money
S0017004,C00702,P0050,ST016,5/31/2025,10,258,0.2,Returned,Bank Transfer
S0010777,C00054,P0050,ST014,7/8/2025,8,638,0.15,Cancelled,Bank Transfer
S0018051,C00466,P0050,ST019,3/9/2025,7,1285,0.2,Returned,Cash
S0012039,C00171,P0050,ST001,1/4/2025,3,490,0.05,completed,Card
S0010134,C00280,P0050,ST014,4/21/2026,10,245,0.1,Pending,Mobile Money
S0019787,C00899,P0050,ST016,11/7/2025,6,1257,0.05,Pending,Cash
S0015301,C00435,P0050,ST015,3/9/2026,6,98,0.15,Returned,Cash
S0010192,C00464,P0050,ST002,7/3/2025,6,1185,0.15,Pending,Card
S0010651,C00272,P0050,ST014,9/14/2025,6,1493,0.1,Completed,Mobile Money
S0010871,C00902,P0050,ST004,2/2/2025,4,966,0.2,completed,Cash
S0019846,C00558,P0050,ST005,9/12/2025,8,1446,0,Returned,Card
S0010258,C00049,P0050,ST011,6/17/2025,5,1079,0.1,completed,Cash
S0014357,C00203,P0050,ST012,10/30/2025,4,1057,0.1,Returned,Mobile Money
S0016147,C00344,P0050,ST019,3/13/2025,1,260,0.15,Returned,Bank Transfer
S0018118,C00275,P0050,ST019,2/16/2025,2,1496,0.2,Pending,Bank Transfer
S0013583,C00928,P0050,ST014,7/4/2025,1,1258,0.1,Cancelled,Bank Transfer
S0014131,C00336,P0050,ST017,3/13/2025,1,687,0.2,Pending,Bank Transfer
S0018226,C00259,P0042,ST003,7/12/2025,1,442,0.15,Cancelled,Bank Transfer
S0015264,C00012,P0042,ST009,12/30/2025,6,673,0.2,Cancelled,Bank Transfer
S0013469,C00537,P0042,ST011,10/17/2025,3,530,0.1,Cancelled,Bank Transfer
S0015652,C00352,P0086,ST015,2/9/2025,7,257,0.2,Pending,Bank Transfer
S0010355,C00254,P0086,ST019,3/18/2026,1,948,0.15,Pending,Card
S0018132,C00254,P0086,ST009,1/19/2025,8,360,0.05,completed,Mobile Money
S0019234,C00151,P0042,ST006,3/27/2026,4,1190,0.2,completed,Card
S0018446,C00209,P0042,ST020,1/5/2026,2,371,0,Completed,Mobile Money
S0017326,C00876,P0086,ST009,9/15/2025,2,1244,0,completed,Cash
S0018475,C00883,P0086,ST019,3/16/2025,9,121,0.15,completed,Cash
S0013520,C00490,P0086,ST019,2/22/2026,2,1416,0.05,Cancelled,Cash
S0017568,C00756,P0042,ST012,4/15/2025,6,1173,0.05,Returned,Card
S0015001,C00301,P0042,ST007,2/13/2025,1,164,0,Completed,Cash
S0017132,C00097,P0042,ST001,9/23/2025,2,220,0.15,Completed,Card
S0019347,C00640,P0086,ST999,9/13/2025,4,257,0.05,Pending,Cash
S0018534,C00545,P0042,ST001,10/13/2025,6,765,0.15,Pending,Bank Transfer
S0010788,C00866,P0042,ST018,2/10/2026,5,854,0.15,Cancelled,Card
S0014775,C00061,P0042,ST005,7/1/2025,5,621,0.1,completed,Cash
S0019364,C00537,P0042,ST008,3/30/2025,10,1251,0.05,Pending,Card
S0019537,C00407,P0042,ST008,4/5/2025,4,513,0.2,Returned,Mobile Money
S0013736,C00339,P0042,ST014,11/7/2025,3,950,0.15,completed,Card
S0012109,C00465,P0086,ST012,6/9/2026,9,214,0.1,Completed,Bank Transfer
S0013040,C00960,P0042,ST018,3/19/2025,10,437,0.15,Returned,Bank Transfer
S0015513,C00897,P0086,ST016,12/3/2025,4,1123,0.1,Returned,Cash
S0010846,C00153,P0086,ST005,11/1/2025,1,423,0.2,Completed,Card
S0011916,C00605,P0042,ST009,3/14/2025,5,1045,0.05,Cancelled,Mobile Money
S0015072,C00770,P0086,ST001,11/12/2025,7,802,0.05,completed,Cash
S0010389,C00967,P0042,ST002,10/22/2025,8,779,0.15,completed,Mobile Money
S0013982,C00204,P0086,ST015,5/8/2025,1,1318,0.1,Returned,Bank Transfer
S0018420,C00087,P0042,ST002,2/15/2025,9,900,0.15,Pending,Bank Transfer
S0016490,C00531,P0086,ST013,6/2/2026,7,697,0.15,Pending,Card
S0018724,C00083,P0086,ST015,2/24/2025,7,1303,0.1,Completed,Mobile Money
S0016964,C00626,P0086,ST002,10/11/2025,7,361,0,Pending,Card
S0018710,C00122,P0086,ST011,2/24/2025,7,271,0.05,Completed,Card
S0013373,C00204,P0042,ST018,1/18/2026,1,255,0.2,completed,Card
S0010975,C00483,P0086,ST018,3/25/2025,9,13,0.1,Completed,Card
S0018955,C00269,P0086,ST001,5/11/2025,6,543,0.1,Completed,Card
S0016090,C00906,P0086,ST012,2/27/2025,5,29,0.2,Returned,Bank Transfer
S0014471,C00650,P0086,ST015,4/10/2025,5,824,0.05,Pending,Mobile Money
S0011918,C00676,P0086,ST005,2/6/2026,7,361,0.15,Pending,Bank Transfer
S0015406,C00454,P0086,ST008,1/31/2026,1,266,0.2,Pending,Cash
S0010631,C00955,P0042,ST017,6/7/2026,3,19,0.05,Pending,Bank Transfer
S0018633,C00787,P0086,ST015,12/7/2025,5,1466,0.2,completed,Cash
S0017490,C00089,P0086,ST011,3/13/2025,2,157,0.1,Completed,Cash
S0016014,C00540,P0042,ST007,3/10/2026,10,961,0.2,Cancelled,Mobile Money
S0015140,C00762,P0086,ST018,9/4/2025,8,487,0.1,Completed,Cash
S0017404,C00209,P0086,ST011,2/3/2026,3,683,0.15,completed,Card
S0017028,C00844,P0086,ST010,10/2/2025,8,20,0.2,Pending,Mobile Money
S0012234,C00761,P0167,ST007,12/25/2025,7,154,0,Returned,Cash
S0012784,C00359,P0042,ST016,1/15/2026,2,426,0.1,Cancelled,Bank Transfer
S0010876,C00227,P0042,ST004,8/29/2025,2,1383,0.15,Pending,Cash
S0015328,C00138,P0042,ST001,5/23/2025,5,337,0.2,Completed,Cash
S0017975,C00918,P0086,ST016,5/10/2026,9,246,0.15,Pending,Bank Transfer
S0014021,C00308,P0042,ST006,6/21/2025,1,1041,0.2,Returned,Mobile Money
S0012149,C00170,P0086,ST001,7/14/2026,9,1126,0,Cancelled,Bank Transfer
S0019859,C00770,P0042,ST013,9/17/2025,6,882,0.1,completed,Bank Transfer
S0013779,C00854,P0042,ST001,2/12/2025,9,486,0.15,Completed,Mobile Money
S0011203,C00526,P0086,ST004,1/5/2025,7,1397,0.2,Pending,Card
S0019577,C00913,P0086,ST005,4/26/2026,4,578,0.15,completed,Card
S0014228,C00594,P0086,ST018,2/19/2026,3,462,0.2,Cancelled,Card
S0013646,C00822,P0086,ST018,12/7/2025,4,1257,0,Pending,Card
S0017519,C00587,P0086,ST007,4/7/2026,6,1301,0.05,Pending,Mobile Money
S0015531,C00792,P0042,ST004,8/28/2025,2,1033,0.1,completed,Card
S0016282,C00057,P0167,ST014,3/14/2025,8,1118,0.05,Completed,Card
S0016610,C01000,P0086,ST020,12/22/2025,9,143,0,Returned,Mobile Money
S0014753,C00748,P0042,ST004,11/2/2025,1,416,0.05,completed,Mobile Money
S0017024,C00190,P0042,ST007,1/16/2025,10,220,0.15,Cancelled,Bank Transfer
S0015581,C00985,P0086,ST011,10/8/2025,4,1479,0.05,completed,Mobile Money
S0013690,C00626,P0042,ST015,6/5/2025,3,852,0.05,Cancelled,Cash
S0016780,C00673,P0042,ST010,1/1/2025,6,90,0,Cancelled,Bank Transfer
S0018532,C00276,P0042,ST018,5/18/2026,7,949,0.05,Pending,Cash
S0019340,C00915,P0167,ST013,8/13/2025,2,1036,0.05,Cancelled,Cash
S0012960,C00917,P0086,ST018,3/2/2025,4,279,0,Completed,Mobile Money
S0014732,C00334,P0086,ST012,1/8/2026,8,937,0.2,completed,Cash
S0011933,C00664,P0086,ST017,5/22/2025,3,634,0.2,Completed,Cash
S0012348,C00358,P0086,ST015,3/22/2025,9,1267,0.05,Pending,Mobile Money
S0014983,C00862,P0086,ST006,1/23/2026,3,241,0,Completed,Bank Transfer
S0014819,C00280,P0113,ST004,7/23/2026,1,1157,0,Cancelled,Card
S0011504,C00947,P0086,ST006,2/9/2026,8,387,0.1,Cancelled,Cash
S0018168,C00562,P0042,ST007,7/18/2025,5,669,0.05,Pending,Mobile Money
S0014264,C00847,P0086,ST004,3/3/2026,9,568,0.2,Returned,Cash
S0018850,C00529,P0042,ST009,8/23/2025,10,1440,0.15,Pending,Card
S0017797,C00367,P0167,ST020,3/31/2026,8,819,0.2,completed,Cash
S0017065,C00515,P0086,ST004,2/27/2026,9,1340,0.15,completed,Card
S0013161,C00727,P0167,ST002,9/26/2025,3,1203,0.2,Returned,Cash
S0016131,C00464,P0167,ST015,7/4/2026,3,1358,0,Completed,Cash
S0013712,C00802,P0042,ST002,4/17/2025,10,841,0.05,Cancelled,Mobile Money
S0019591,C00623,P0167,ST019,4/25/2026,8,55,0.05,Returned,Cash
S0013596,C00949,P0167,ST005,3/23/2025,4,874,0.2,Returned,Mobile Money
S0019941,C00099,P0167,ST001,6/17/2025,5,256,0.1,completed,Mobile Money
S0018080,C00052,P0167,ST018,12/3/2025,5,789,0.05,completed,Cash
S0012454,C00447,P0042,ST015,2/15/2025,8,960,0.2,Completed,Bank Transfer
S0013244,C00744,P0086,ST014,6/23/2025,2,429,0.15,Returned,Cash
S0018102,C00890,P0167,ST011,5/6/2026,8,718,0,Completed,Bank Transfer
S0011666,C00922,P0167,ST003,7/28/2026,3,320,0.2,Pending,Mobile Money
S0019550,C00627,P0167,ST002,12/2/2025,10,309,0.05,completed,Bank Transfer
S0018343,C00379,P0086,ST014,7/19/2026,4,75,0.15,Completed,Bank Transfer
S0017010,C00808,P0167,ST009,7/22/2026,7,1096,0.1,completed,Card
S0015240,C00308,P0042,ST008,1/25/2025,9,1028,0.2,Completed,Mobile Money
S0014568,C00402,P0167,ST006,1/5/2025,7,1201,0.15,Completed,Cash
S0013000,C00221,P0167,ST018,7/20/2025,5,972,0.2,completed,Cash
S0013309,C00144,P0167,ST008,9/26/2025,7,105,0.2,Completed,Bank Transfer
S0014661,C00239,P0042,ST019,7/6/2025,7,953,0.15,Completed,Card
S0018508,C00648,P0086,ST014,10/9/2025,10,189,0,Pending,Bank Transfer
S0014184,C00685,P0086,ST012,6/23/2025,2,1304,0.1,Pending,Card
S0018920,C00067,P0167,ST007,2/7/2026,5,1377,0,Cancelled,Cash
S0012882,C00555,P0113,ST017,3/3/2026,3,345,0.15,Pending,Mobile Money
S0012235,C00740,P0167,ST002,7/17/2026,6,351,0,Returned,Cash
S0011912,C00700,P0167,ST006,3/10/2025,7,1299,0.15,Completed,Card
S0011283,C00693,P0167,ST007,10/30/2025,2,1348,0.2,completed,Mobile Money
S0017911,C00357,P0167,ST011,3/2/2025,6,908,0.05,completed,Card
S0019119,C00005,P0167,ST014,11/5/2025,2,1205,0.1,Pending,Cash
S0018017,C00389,P0167,ST010,11/16/2025,8,82,0.05,Cancelled,Bank Transfer
S0012688,C00716,P0086,ST012,1/25/2025,9,170,0.1,Returned,Mobile Money
S0012940,C00392,P0167,ST001,11/23/2025,4,936,0.15,Cancelled,Mobile Money
S0015217,C00409,P0086,ST015,10/29/2025,5,435,0,Returned,Cash
S0011915,C00291,P0167,ST019,3/5/2025,9,928,0.2,Returned,Card
S0019408,C00446,P0086,ST002,10/9/2025,5,1108,0.05,Returned,Cash
S0013316,C00719,P0113,ST008,6/30/2025,8,192,0,Returned,Card
S0014305,C00497,P0167,ST011,8/17/2025,1,1080,0,Returned,Mobile Money
S0018915,C00742,P0086,ST005,2/18/2026,8,1145,0.15,completed,Card
S0010400,C00334,P0113,ST008,11/23/2025,9,983,0.15,Returned,Cash
S0019639,C00729,P0113,ST012,7/25/2026,10,176,0,Returned,Card
S0015389,C00048,P0167,ST010,5/12/2025,4,244,0.1,Cancelled,Mobile Money
S0014815,C00752,P0086,ST012,2/17/2025,7,627,0.1,Returned,Cash
S0016158,C00686,P0167,ST004,1/4/2025,5,903,0,Returned,Cash
S0010029,C00624,P0167,ST015,11/8/2025,4,1472,0,Cancelled,Bank Transfer
S0016771,C00023,P0167,ST009,4/1/2026,10,1187,0.15,Pending,Bank Transfer
S0018289,C00341,P0113,ST001,1/5/2025,6,326,0.15,Completed,Mobile Money
S0014258,C00303,P0167,ST015,9/2/2025,4,1256,0.05,Cancelled,Cash
S0011237,C00074,P0167,ST008,2/9/2026,8,890,0.1,Completed,Mobile Money
S0016728,C00614,P0167,ST013,1/30/2026,7,90,0.05,completed,Cash
S0011165,C00344,P0086,ST005,7/29/2025,1,1137,0.15,Cancelled,Card
S0017317,C00211,P0167,ST008,8/2/2025,10,1150,0.05,Pending,Bank Transfer
S0019088,C00468,P0167,ST010,5/23/2026,10,111,0,Cancelled,Bank Transfer
S0017919,C00163,P0086,ST008,2/7/2025,8,362,0.1,Completed,Card
S0018659,C00381,P0167,ST006,3/18/2026,1,1075,0.1,Pending,Mobile Money
S0018089,C00635,P0167,ST015,11/12/2025,4,316,0.1,completed,Mobile Money
S0014956,C00694,P0167,ST009,6/4/2025,3,1279,0.15,Completed,Card
S0011289,C00683,P0113,ST003,2/21/2026,9,1036,0,Returned,Cash
S0013766,C00510,P0167,ST006,2/15/2025,2,1258,0,Cancelled,Cash
S0013744,C00564,P0167,ST020,7/3/2026,3,908,0.15,Completed,Cash
S0015395,C00172,P0167,ST012,1/20/2026,10,191,0.05,completed,Mobile Money
S0018725,C00111,P0113,ST020,4/8/2026,2,1364,0.15,completed,Mobile Money
S0012986,C00880,P0167,ST001,3/31/2025,9,1176,0.2,Completed,Bank Transfer
S0013169,C00936,P0113,ST009,3/23/2025,9,577,0,Cancelled,Bank Transfer
S0018208,C00306,P0086,ST009,3/13/2026,5,475,0.05,Cancelled,Bank Transfer
S0014255,C00504,P0167,ST008,1/15/2026,1,1046,0,Returned,Bank Transfer
S0015659,C00675,P0113,ST019,1/3/2026,7,667,0.05,Cancelled,Card
S0019004,C00694,P0167,ST007,10/6/2025,9,267,0,Pending,Bank Transfer
S0014853,C00653,P0086,ST015,6/22/2026,2,79,0.1,Returned,Cash
S0018543,,P0113,ST013,5/19/2026,8,138,0,Cancelled,Cash
S0014664,C00257,P0113,ST019,4/18/2025,9,1114,0.2,completed,Mobile Money
S0016305,C00578,P0113,ST008,9/21/2025,3,1352,0.2,completed,Cash
S0017092,C00817,P0167,ST012,1/20/2025,7,1046,0.1,Cancelled,Mobile Money
S0018401,C00982,P0167,ST015,3/20/2026,6,290,0.05,completed,Bank Transfer
S0012457,C00359,P0113,ST001,3/24/2026,3,10,0,Pending,Bank Transfer
S0010606,C00082,P0167,ST016,1/14/2025,5,57,0.05,Cancelled,Card
S0017439,C00821,P0113,ST013,5/31/2026,1,1162,0.15,Returned,Mobile Money
S0010460,C00097,P0113,ST020,2/15/2026,5,118,0.15,Returned,Bank Transfer
S0011994,C00907,P0167,ST014,1/19/2026,5,173,0.1,Cancelled,Card
S0015019,C00639,P0113,ST001,12/24/2025,4,1065,0.2,Pending,Card
S0019232,C00299,P0167,ST013,2/13/2026,5,1033,0.1,Returned,Card
S0011095,C00017,P0113,ST003,7/11/2025,8,190,0.1,Returned,Bank Transfer
S0018436,C00348,P0113,ST004,9/21/2025,5,1417,0.05,Cancelled,Cash
S0014289,C00478,P0113,ST011,4/7/2025,5,959,0,Cancelled,Bank Transfer
S0011717,C00790,P0113,ST018,11/9/2025,8,1466,0.1,completed,Bank Transfer
S0016745,C00488,P0113,ST001,7/11/2026,1,428,0.1,completed,Card
S0013852,C00972,P0113,ST007,6/13/2026,4,1080,0,Completed,Mobile Money
S0017351,C00145,P0113,ST017,6/3/2026,7,1240,0.05,Pending,Bank Transfer
S0012649,C00039,P0113,ST014,4/28/2026,1,509,0.05,Pending,Cash
S0016455,C00408,P0113,ST010,1/15/2025,3,1464,0.05,completed,Card
S0018354,C00725,P0167,ST008,2/28/2025,7,202,0.1,Completed,Mobile Money
S0011775,C00651,P0113,ST013,11/11/2025,7,1348,0.1,Pending,Bank Transfer
S0010694,C00651,P0113,ST020,2/28/2026,9,131,0.2,Returned,Card
S0019743,C00015,P0113,ST002,6/27/2025,7,1040,0.1,completed,Mobile Money
S0016411,C00226,P0113,ST011,1/6/2025,4,443,0.05,Returned,Mobile Money
S0013913,C00010,P0113,ST015,5/14/2025,4,148,0.2,Completed,Mobile Money
S0010996,C00198,P0113,ST010,6/30/2025,8,1295,0.1,completed,Card
S0010712,C00324,P0113,ST004,9/14/2025,9,1282,0.05,Cancelled,Bank Transfer
S0011123,C00799,P0113,ST003,10/18/2025,9,331,0.15,Pending,Bank Transfer
S0013848,C00841,P0113,ST012,7/2/2026,7,122,0,Returned,Cash
S0018640,C00152,P0113,ST020,4/3/2026,3,971,0.2,Pending,Mobile Money
S0018495,C00779,P0113,ST005,5/22/2025,3,888,0.05,Pending,Mobile Money
S0019837,C00105,P0113,ST002,4/20/2025,7,1198,0.1,Completed,Bank Transfer
S0016474,C00426,P0187,ST013,1/11/2026,3,1010,0.05,Completed,Cash
S0013616,C00758,P0187,ST018,6/4/2026,1,1326,0.2,Completed,Cash
S0011820,C00432,P0187,ST012,12/10/2025,2,1403,0.15,Returned,Card
S0012115,C00106,P0187,ST009,7/6/2025,7,916,0,completed,Cash
S0010884,C00040,P0187,ST014,7/21/2026,3,312,0,Cancelled,Bank Transfer
S0015618,C00811,P0187,ST015,7/31/2026,6,1476,0.15,completed,Mobile Money
S0012292,C00966,P0187,ST003,6/4/2025,6,346,0,Completed,Bank Transfer
S0013784,C00138,P0187,ST005,4/8/2025,1,120,0.2,completed,Mobile Money
S0016942,C00027,P0187,ST012,12/21/2025,8,960,0,Returned,Mobile Money
S0018418,C00046,P0187,ST014,6/19/2026,2,1016,0.05,Cancelled,Card
S0014814,C00181,P0187,ST011,10/10/2025,8,1220,0.05,Completed,Bank Transfer
S0014248,C00378,P0187,ST001,6/30/2026,6,556,0.1,Completed,Mobile Money
S0015482,C00159,P0187,ST007,2/2/2025,1,178,0.15,completed,Bank Transfer
S0011006,C00632,P0187,ST013,4/24/2025,5,209,0.15,Cancelled,Card
S0011099,C00146,P0187,ST005,1/27/2026,5,858,0.2,completed,Card
S0016744,C00045,P0187,ST001,4/7/2025,4,1087,0.2,Completed,Card
S0017304,C00556,P0187,ST020,3/22/2025,8,126,0.2,completed,Mobile Money
S0014230,C00186,P0187,ST013,2/16/2026,8,273,0.1,Completed,Mobile Money
S0018286,C00775,P0187,ST004,6/2/2025,4,118,0.05,completed,Mobile Money
S0014050,C00885,P0187,ST001,10/18/2025,8,1207,0.1,Pending,Bank Transfer
S0011224,C00817,P0187,ST016,6/17/2025,10,1230,0.1,Pending,Cash
S0012071,C00513,P0187,ST007,8/25/2025,6,602,0.2,Cancelled,Card
S0016440,C00792,P0187,ST020,11/5/2025,1,1270,0.2,Cancelled,Card
S0011897,C00740,P0187,ST018,6/28/2025,6,1166,0.1,completed,Cash
S0013124,C00877,P0187,ST007,10/3/2025,8,467,0.1,Completed,Mobile Money
S0014520,C00287,P0187,ST009,6/13/2026,9,565,0.2,Pending,Mobile Money
S0015580,C00284,P0187,ST015,12/14/2025,2,488,0.1,Cancelled,Bank Transfer
S0010557,C00161,P0187,ST005,2/12/2025,2,160,0,Returned,Bank Transfer
S0016511,C00808,P0187,ST010,10/7/2025,9,59,0.15,completed,Card
S0015224,C00407,P0187,ST012,3/12/2026,9,25,0.1,Cancelled,Bank Transfer
S0013363,C00357,P0187,ST004,1/21/2025,1,1255,0.05,Cancelled,Cash
S0017542,C00627,P0187,ST017,12/12/2025,2,296,0.15,completed,Mobile Money
S0011346,C00944,P0187,ST019,5/6/2026,10,821,0.05,Returned,Card
S0014725,C00287,P0187,ST002,1/2/2026,2,1091,0.1,Completed,Bank Transfer
S0016866,C00379,P0187,ST010,3/28/2026,8,43,0,Completed,Bank Transfer
S0013148,C00646,P0187,ST020,6/25/2026,1,1255,0.1,Returned,Bank Transfer
S0011357,C00526,P0187,ST006,5/23/2025,2,1421,0.05,Pending,Bank Transfer
S0015207,C00819,P0187,ST006,2/4/2025,7,444,0.15,completed,Cash
S0014192,C00913,P0187,ST020,11/12/2025,5,530,0.15,Cancelled,Card
S0016320,C00212,P0187,ST012,3/31/2025,4,805,0,completed,Bank Transfer
S0012288,C00998,P0187,ST011,9/16/2025,7,814,0.15,completed,Card
S0017340,C00972,P0187,ST011,12/31/2025,2,160,0,completed,Mobile Money
S0019281,C00023,P0187,ST013,6/1/2025,3,690,0,Completed,Bank Transfer
S0018727,C00135,P0187,ST018,2/12/2025,7,441,0.1,Completed,Bank Transfer
S0010847,C00961,P0187,ST008,11/10/2025,2,845,0.15,Completed,Cash
S0014314,C00773,P0187,ST011,8/8/2025,8,775,0.05,Pending,Mobile Money
S0017014,C00058,P0187,ST003,7/9/2026,6,1476,0.2,Completed,Bank Transfer
S0014554,C00687,P0187,ST020,2/7/2025,10,1256,0.15,Pending,Mobile Money
S0016295,C00592,P0187,ST007,6/21/2026,5,311,0,Cancelled,Card
S0014226,C00883,P0187,ST010,4/8/2026,2,1154,0.05,Cancelled,Card
S0012176,C00985,P0187,ST003,9/5/2025,5,706,0.2,Completed,Card
S0014242,C00151,P0187,ST015,1/24/2025,8,661,0.1,Completed,Mobile Money
S0018472,C00943,P0187,ST002,6/27/2025,9,1063,0.1,completed,Card
S0011506,C00373,P0187,ST009,2/3/2025,1,1170,0,completed,Cash
S0010982,C00047,P0187,ST005,3/2/2026,5,787,0.1,Pending,Cash
S0014194,C00635,P0187,ST019,6/26/2025,2,468,0,completed,Mobile Money
S0013699,C00435,P0187,ST018,8/21/2025,2,197,0.15,Completed,Bank Transfer
S0014482,C00843,P0187,ST010,12/11/2025,3,978,0.1,completed,Card
S0010398,C00572,P0187,ST003,1/29/2025,6,572,0.15,Pending,Mobile Money
S0019371,C00808,P0187,ST017,4/28/2026,9,758,0.2,Completed,Card
S0010440,C00852,P0187,ST008,6/16/2026,10,1043,0.1,Completed,Mobile Money
S0017381,,P0187,ST009,2/20/2026,2,1351,0.2,completed,Bank Transfer
S0011316,C00806,P0107,ST010,11/18/2025,7,698,0,Completed,Mobile Money
S0015366,C00824,P0107,ST011,4/20/2026,7,173,0.1,Returned,Card
S0019793,C00094,P0107,ST018,3/21/2026,6,222,0,Pending,Bank Transfer
S0013737,C00381,P0107,ST005,5/11/2025,5,910,0.15,Completed,Mobile Money
S0016774,C00436,P0107,ST020,2/7/2025,6,1372,0.2,Returned,Bank Transfer
S0013580,C00042,P0107,ST010,11/13/2025,5,58,0.15,Cancelled,Bank Transfer
S0011187,C00719,P0107,ST011,10/7/2025,9,1243,0.05,Pending,Cash
S0012522,C00953,P0107,ST005,8/10/2025,6,1043,0.05,Cancelled,Card
S0018711,C00006,P0107,ST014,8/6/2025,7,27,0.1,Pending,Bank Transfer
S0012928,C00379,P0107,ST004,11/7/2025,3,347,0.1,Pending,Mobile Money
S0019624,C00199,P0107,ST018,12/1/2025,2,206,0.1,Pending,Bank Transfer
S0015685,C00822,P0107,ST010,2/9/2026,7,604,0,Returned,Mobile Money
S0017495,C00101,P0107,ST011,4/7/2025,5,1422,0.1,Pending,Mobile Money
S0014606,C00490,P0107,ST010,11/3/2025,7,127,0.1,Completed,Card
S0015655,C00367,P0107,ST019,12/27/2025,9,1500,0.2,Cancelled,Cash
S0019222,C00266,P0107,ST014,10/19/2025,9,777,0.05,completed,Mobile Money
S0011158,C00573,P0107,ST011,5/24/2025,2,28,0.2,Pending,Cash
S0011998,C00128,P0107,ST003,11/8/2025,7,756,0,Returned,Card
S0017123,C00060,P0107,ST008,9/3/2025,1,1218,0.2,Completed,Bank Transfer
S0014632,C00765,P0107,ST001,5/14/2025,5,1007,0.15,Cancelled,Mobile Money
S0018948,C00982,P0107,ST013,3/19/2025,4,1070,0,Cancelled,Bank Transfer
S0018389,C00432,P0107,ST013,1/14/2025,10,291,0.15,Pending,Mobile Money
S0016144,C00685,P0107,ST018,7/1/2026,7,662,0.2,Cancelled,Bank Transfer
S0010819,C00821,P0107,ST018,3/17/2025,5,715,0.15,Returned,Cash
S0011823,C00806,P0107,ST014,3/13/2026,8,385,0,Returned,Bank Transfer
S0018826,C00566,P0107,ST009,4/8/2025,3,851,0.05,Cancelled,Mobile Money
S0013695,C00308,P0107,ST009,10/15/2025,6,349,0.05,completed,Card
S0010156,C00439,P0107,ST009,11/15/2025,10,196,0.1,completed,Bank Transfer
S0014404,C00824,P0107,ST012,10/2/2025,4,27,0.05,Returned,Bank Transfer
S0011027,C00185,P0107,ST016,1/30/2026,9,24,0.05,Pending,Bank Transfer
S0012912,C00143,P0107,ST013,6/27/2026,1,252,0.1,Pending,Card
S0017052,C00111,P0107,ST017,2/24/2025,10,355,0.05,Returned,Mobile Money
S0011216,C00806,P0170,ST003,2/8/2026,10,752,0.1,Cancelled,Bank Transfer
S0011571,C00915,P0107,ST008,4/11/2025,8,1135,0.15,completed,Card
S0019860,C00645,P0170,ST016,4/10/2025,8,1415,0.2,completed,Mobile Money
S0016758,C00048,P0107,ST001,4/9/2026,7,963,0.1,Pending,Card
S0018879,C00444,P0107,ST019,7/24/2025,6,12,0,completed,Cash
S0011103,C00762,P9999,ST007,2/9/2025,6,874,0.2,completed,Mobile Money
S0013030,C00937,P0107,ST010,12/6/2025,5,999,0.1,Returned,Card
S0011512,C00021,P0107,ST002,2/22/2026,4,197,0.2,Cancelled,Cash
S0015972,C00991,P0107,ST019,3/2/2025,10,898,0.1,completed,Mobile Money
S0015661,C00682,P0107,ST019,1/26/2025,9,1244,0.1,Pending,Cash
S0016832,C00371,P0170,ST019,3/13/2026,8,327,0.15,completed,Bank Transfer
S0014330,C00452,P0107,ST008,7/28/2026,9,901,0,Completed,Card
S0013859,C00697,P0107,ST013,7/2/2025,1,882,0.1,completed,Mobile Money
S0016096,C00126,P0107,ST001,4/3/2025,7,245,0,Returned,Bank Transfer
S0011575,C00353,P0107,ST001,5/10/2026,7,1045,0.15,Returned,Card
S0012536,C00113,P0170,ST002,2/2/2026,3,1005,0.2,completed,Card
S0014912,C00652,P0107,ST019,5/1/2026,8,1398,0.1,Completed,Cash
S0012241,C00541,P0107,ST019,6/10/2025,4,93,0.15,Cancelled,Bank Transfer
S0017708,C00741,P0170,ST011,1/14/2025,7,16,0.2,Completed,Mobile Money
S0011105,C00783,P0107,ST018,7/19/2026,7,491,0,completed,Bank Transfer
S0011499,C00879,P0170,ST002,3/10/2025,6,1121,0.15,Pending,Mobile Money
S0013264,C00982,P0170,ST008,7/2/2026,5,53,0,completed,Cash
S0010411,C00789,P0170,ST015,1/30/2026,7,849,0.2,Pending,Bank Transfer
S0015697,C00613,P0170,ST020,3/30/2025,10,593,0.05,Cancelled,Mobile Money
S0011200,C00529,P0170,ST011,12/16/2025,1,972,0.1,Returned,Cash
S0013731,C00489,P0170,ST013,4/15/2026,10,930,0.15,Returned,Mobile Money
S0018249,C00261,P0170,ST003,9/10/2025,5,489,0.05,Completed,Mobile Money
S0016227,C00472,P0170,ST004,6/4/2026,6,443,0.05,Returned,Mobile Money
S0018706,C00925,P0170,ST020,2/8/2025,8,1044,0.1,Cancelled,Bank Transfer
S0018786,C00939,P0170,ST006,4/26/2026,2,1019,0.15,Cancelled,Mobile Money
S0015189,C00584,P0170,ST007,9/4/2025,6,155,0.2,Completed,Cash
S0017655,C00162,P0170,ST012,7/1/2026,8,329,0.05,Returned,Card
S0012781,C00498,P0170,ST006,2/4/2026,8,904,0.1,Pending,Cash
S0014252,C00492,P0170,ST010,1/19/2025,9,344,0.2,completed,Mobile Money
S0018601,C00314,P0170,ST009,5/5/2026,9,457,0.1,Completed,Mobile Money
S0010558,C00469,P0170,ST020,7/31/2026,9,1118,0.1,completed,Bank Transfer
S0015376,C00398,P0170,ST010,11/16/2025,9,69,0.1,Completed,Cash
S0012103, C00022 ,P0170,ST014,6/6/2025,1,345,0.05,Returned,Card
S0013063,C00074,P0170,ST004,11/11/2025,10,1225,0.15,completed,Card
S0014583,C00331,P0170,ST010,12/25/2025,10,261,0.2,Completed,Cash
S0016083,C00456,P0170,ST007,10/27/2025,7,612,0.1,Returned,Mobile Money
S0015056,C00555,P0170,ST017,3/28/2025,4,674,0,Returned,Card
S0018748,C00956,P0170,ST010,3/25/2026,5,714,0.05,Returned,Card
S0011065,C00266,P0170,ST006,3/30/2026,9,136,0.2,Pending,Bank Transfer
S0019179,C00012,P0170,ST005,3/20/2026,2,1002,0.05,completed,Cash
S0015957,C00022,P0170,ST020,5/8/2026,7,446,0.2,Pending,Cash
S0015263,C00033,P0170,ST011,10/20/2025,4,311,0,Cancelled,Mobile Money
S0013763,C00853,P0170,ST019,1/1/2025,4,647,0.1,Cancelled,Card
S0019828,C00355,P0170,ST013,7/14/2026,6,698,0.05,Cancelled,Mobile Money
S0010367,C00724,P0170,ST018,3/18/2025,3,775,0.05,Completed,Mobile Money
S0018141,C00511,P0170,ST019,7/27/2025,3,682,0,Returned,Cash
S0016495,C00215,P0170,ST019,1/4/2025,2,307,0.15,Completed,Mobile Money
S0018973,C00943,P0170, ST012 ,10/23/2025,2,25,0.2,Returned,Cash
S0016237,C00269,P0170,ST004,12/3/2025,4,687,0.1,Pending,Card
S0013981,C00758,P0170,ST020,1/4/2026,5,769,0,Pending,Card
S0018541,C00162,P0170,ST013,7/17/2026,7,878,0.15,Pending,Cash
S0019619,C00447,P0170,ST008,3/11/2026,8,613,0.05,Pending,Mobile Money
S0014541,C00257,P0170,ST006,5/19/2025,6,475,0,Pending,Cash
S0019790,C00564,P0170,ST020,10/23/2025,4,46,0.05,completed,Cash
S0018853,C00304,P0170,ST012,4/7/2025,2,1273,0.15,Completed,Cash
S0017806,C00117,P0170,ST018,7/8/2025,6,542,0.15,Completed,Card
S0018986,C00271,P0170,ST016,6/27/2025,3,238,0,Cancelled,Cash
S0011622,C00970,P0119,ST016,7/8/2026,10,1495,0.15,completed,Cash
S0013364,C00136,P0059,ST015,8/1/2025,4,760,0.15,Completed,Cash
S0014018,C00988,P0119,ST001,8/31/2025,6,1022,0,completed,Mobile Money
S0011550,C00839,P0170,ST001,9/14/2025,1,860,0,Pending,Mobile Money
S0019602,C00019,P0119,ST009,5/21/2026,3,994,0,completed,Mobile Money
S0019068,C00036,P0119,ST008,10/4/2025,10,1186,0.1,Returned,Bank Transfer
S0014655,C00313,P0059,ST020,6/26/2026,7,1050,0.2,Returned,Mobile Money
S0018848,C00725,P0170,ST020,5/27/2026,1,522,0,Pending,Cash
S0015150,C00390,P0059,ST008,2/6/2026,2,509,0,Pending,Card
S0016689,C00208,P0059,ST016,3/27/2026,8,1472,0.05,Returned,Cash
S0011100,C00775,P0170,ST015,4/30/2025,3,1416,0.1,Cancelled,Bank Transfer
S0013283,C00441,P0170,ST018,3/7/2026,2,1494,0.1,Returned,Bank Transfer
S0013686,C00857,P0119,ST018,12/17/2025,4,1037,0,Pending,Card
S0014958,C00002,P0059,ST002,7/21/2025,6,670,0.1,completed,Cash
S0010850,C00649,P0059,ST015,1/1/2026,3,141,0,Pending,Mobile Money
S0011336,C00206,P0119,ST007,4/24/2026,6,266,0.2,Pending,Bank Transfer
S0018364,C00967,P0119,ST011,5/19/2026,1,751,0,Completed,Mobile Money
S0015490,C00216,P0119,ST002,1/8/2025,6,1383,0,Pending,Bank Transfer
S0011596,C00878,P0119,ST001,10/17/2025,5,332,0.05,Returned,Card
S0019627,C00118, P0059 ,ST005,7/13/2026,10,890,0.15,completed,Bank Transfer
S0017862,C00122,P0059,ST011,6/19/2026,1,1284,0.05,Returned,Bank Transfer
S0014148,C00236,P0119,ST007,4/9/2026,5,865,0.05,Returned,Cash
S0016436,C00553,P0059,ST003,10/28/2025,1,1399,0.15,Pending,Card
S0019025,C00469,P0059,ST004,1/23/2025,4,405,0.2,completed,Card
S0016597,C00118,P0119,ST014,11/13/2025,5,361,0.1,Cancelled,Bank Transfer
S0016149,C00817,P0059,ST009,10/14/2025,10,1257,0.2,completed,Bank Transfer
S0019321,C00606,P0059,ST013,2/1/2026,7,320,0,Completed,Card
S0010816,C00552,P0119,ST008,6/5/2025,3,1051,0.1,Completed,Bank Transfer
S0011805,C00128,P0119,ST003,8/25/2025,10,482,0,Returned,Card
S0017564,C00827,P0059,ST012,1/13/2026,3,43,0.05,Completed,Card
S0018696,C00919,P0059,ST013,3/8/2026,5,262,0.2,Pending,Bank Transfer
S0014692,C00556,P0119,ST019,8/20/2025,5,1226,0.15,Returned,Card
S0016394,C00183,P0059,ST012,7/15/2025,8,322,0.05,Cancelled,Cash
S0019880,C00475,P0119,ST005,8/13/2025,7,973,0.1,Cancelled,Mobile Money
S0015906,C00168,P0119,ST020,4/15/2025,2,1456,0.2,completed,Card
S0017321,C00028,P0059,ST017,12/14/2025,3,1428,0.15,Completed,Mobile Money
S0010416,C00177,P0119,ST003,11/27/2025,9,318,0.15,Completed,Mobile Money
S0015882,C00908,P0059,ST008,5/22/2025,6,1074,0.2,Returned,Bank Transfer
S0011429,C00327,P0119,ST002,5/19/2026,5,1375,0.1,Completed,Mobile Money
S0012964,C00433,P0059,ST008,7/21/2025,2,546,0.15,Returned,Card
S0013191,C00644,P0119,ST017,5/16/2026,6,423,0.2,Cancelled,Bank Transfer
S0013688,C00200,P0059,ST017,4/29/2026,7,574,0.1,Completed,Cash
S0010488,C00357,P0059,ST002,5/21/2025,4,819,0,Completed,Mobile Money
S0012273,C00429,P0119,ST001,10/5/2025,1,1336,0.1,Completed,Bank Transfer
S0011562,C00122,P0119,ST020,2/5/2025,6,1127,0.05,Cancelled,Card
S0017676,C00099,P0059,ST004,3/22/2025,6,276,0.2,Cancelled,Mobile Money
S0012366,C00678,P0059,ST005,7/24/2025,4,457,0.1,Completed,Card
S0016756,C00814,P0119,ST006,3/17/2025,8,1488,0.05,completed,Bank Transfer
S0013510,C00701,P0059,ST016,7/12/2026,7,1259,0.05,Returned,Mobile Money
S0013673,C00648,P0059,ST001,9/19/2025,8,886,0,Pending,Cash
S0012268,C00932,P0059,ST001,2/3/2026,8,1494,0.05,Returned,Cash
S0016904,C00086,P0059,ST007,2/12/2026,6,1500,0.15,Pending,Cash
S0015018,C00768,P0059,ST010,7/3/2026,8,390,0,completed,Cash
S0016228,C00278,P0119,ST008,4/26/2025,7,1451,0.2,Completed,Cash
S0011527,C00936,P0059,ST016,2/27/2025,10,304,0.1,Completed,Bank Transfer
S0018023,C00951,P0119,ST002,1/5/2025,9,148,0.2,completed,Bank Transfer
S0016354,C00328,P0119,ST007,1/9/2025,7,248,0.2,Returned,Bank Transfer
S0011298, C00923 ,P0059,ST015,8/27/2025,7,944,0,completed,Mobile Money
S0017626,C00195,P0119,ST009,7/1/2025,7,344,0.05,Cancelled,Bank Transfer
S0011521,C00938,P0059,ST007,6/12/2025,1,412,0,Returned,Card
S0016054,C00469,P0059,ST016,4/29/2026,3,131,0,completed,Bank Transfer
S0018030,C00110,P0119,ST003,6/16/2026,8,1121,0,Returned,Mobile Money
S0019595,C00790,P0119,ST006,12/21/2025,10,858,0.05,completed,Mobile Money
S0018784,C00856,P0059,ST014,11/21/2025,5,583,0.1,Pending,Bank Transfer
S0019646,C00826,P0119,ST003,10/5/2025,10,599,0.2,Completed,Card
S0015078,C00081,P0059,ST011,2/22/2025,10,691,0,Returned,Cash
S0011274,C00457,P0059,ST006,12/26/2025,6,120,0.15,Pending,Card
S0016950,C00048,P0119,ST015,1/6/2026,5,763,0.2,Completed,Card
S0011565,C00099,P0059,ST010,2/14/2025,1,50,0,Cancelled,Card
S0017619,C00266,P0059,ST008,3/7/2026,5,281,0.15,completed,Cash
S0016535,C00331,P0119,ST003,6/23/2026,5,778,0.1,completed,Mobile Money
S0011309,C00382,P0059,ST004,7/10/2025,6,1152,0.1,Completed,Cash
S0018076,C00957,P0059,ST003,3/1/2025,10,998,0.1,Returned,Card
S0018695,C00492,P0119,ST020,5/4/2025,9,535,0.05,Completed,Cash
S0015633,C00730,P0059,ST012,3/29/2026,1,1229,0.2,Cancelled,Mobile Money
S0010099,C00195,P0119,ST013,4/1/2026,4,288,0.2,completed,Cash
S0011799,C00860,P0059,ST005,4/10/2025,1,661,0.15,Cancelled,Mobile Money
S0014691,C00304,P0059,ST003,5/17/2025,7,1226,0.1,Returned,Cash
S0015165,C00358,P0059,ST019,5/11/2025,3,1165,0.15,Cancelled,Mobile Money
S0014806,C00187,P0119,ST015,4/14/2025,1,935,0.15,Cancelled,Mobile Money
S0018151,C00482,P0059,ST005,7/31/2025,4,496,0.2,Cancelled,Cash
S0016708,C00147,P0059,ST002,5/10/2026,10,618,0,Pending,Mobile Money
S0018610,C00777,P0119,ST007,6/17/2025,1,1317,0.1,Returned,Card
S0019171,C00528,P0059,ST009,1/2/2026,5,285,0,Cancelled,Bank Transfer
S0010610,C00575,P0059,ST012,9/10/2025,6,1017,0.15,Pending,Card
S0018774,C00506,P0119,ST002,8/31/2025,4,470,0.2,Cancelled,Bank Transfer
S0010736,C00231,P0059,ST015,3/1/2026,9,785,0,Returned,Bank Transfer
S0011923,C00231,P0059,ST015,3/1/2026,1,954,0,Returned,Bank Transfer
S0018761,C00018,P0119,ST011,6/5/2026,9,763,0.05,completed,Mobile Money
S0012828,C00817,P0059,ST014,2/26/2026,8,295,0.1,Returned,Mobile Money
S0016478,C00967,P0059,ST009,4/5/2026,2,101,0.05,completed,Mobile Money
S0014748,C00510,P0119,ST016,7/23/2026,1,1001,0.05,completed,Cash
S0010351,C00719,P0119,ST016,8/12/2025,1,953,0,Returned,Card
S0013577,C00929,P0119,ST006,7/5/2025,9,953,0.1,Cancelled,Card
S0017125,C00799,P0059,ST015,1/15/2026,6,43,0.05,completed,Bank Transfer
S0019132,C00782,P0059,ST013,8/13/2025,5,997,0,Completed,Card
S0014224,C00222,P0119,ST008,5/15/2025,10,497,0.1,Returned,Bank Transfer
S0011726,C00162,P0075,ST014,7/24/2025,8,62,0.05,Pending,Card
S0019939,C00341,P0075,ST018,4/30/2025,5,785,0.2,completed,Mobile Money
S0012341,C00028,P0075,ST009,10/4/2025,1,279,0.2,Pending,Mobile Money
S0010619,C00592,P0075,ST004,6/2/2025,2,1092,0.2,Completed,Mobile Money
S0016068,C00267,P0075,ST011,3/31/2026,1,551,0.15,Pending,Cash
S0018440,C00818,P0075,ST005,6/20/2026,4,866,0.2,Returned,Card
S0014119,C00004,P0075,ST019,1/26/2025,10,842,0,Returned,Bank Transfer
S0016782,C00674,P0075,ST008,12/5/2025,6,84,0.15,Cancelled,Bank Transfer
S0015897,C00729,P0075,ST016,6/7/2025,5,1351,0.05,completed,Card
S0012662,C00928,P0075,ST020,10/4/2025,10,918,0.15,Cancelled,Bank Transfer
S0017922,C00581,P0075,ST014,1/30/2026,3,62,0.15,Cancelled,Mobile Money
S0019352,C00634,P0075,ST013,10/5/2025,10,922,0,Pending,Cash
S0015890,C00572,P0075,ST010,12/24/2025,6,509,0.1,completed,Mobile Money
S0018755,C00347,P0075,ST006,5/22/2026,2,465,0.2,Pending,Card
S0014168,C00466,P0075,ST008,4/17/2025,3,1276,0.1,completed,Card
S0012904,C00379,P0075,ST008,8/23/2025,4,222,0,Pending,Card
S0010328,C00389,P0075,ST007,2/27/2025,1,203,0.2,Cancelled,Card
S0016248,C00809,P0075,ST007,1/14/2025,2,166,0.05,completed,Mobile Money
S0010916,C00551,P0075,ST020,8/22/2025,4,1384,0,Pending,Card
S0015822,C00403,P0075,ST015,1/5/2026,10,27,0.2,Cancelled,Bank Transfer
S0019199,C00200,P0075,ST006,5/23/2025,4,1311,0,Returned,Cash
S0010251,C00798,P0075,ST013,8/16/2025,7,727,0,Cancelled,Cash
S0011354,C00260,P0075,ST014,1/14/2025,5,481,0,Cancelled,Bank Transfer
S0012792,C00495,P0075,ST004,11/14/2025,10,964,0.1,Cancelled,Cash
S0018855,C00012,P0075,ST020,4/20/2025,7,985,0.05,Returned,Card
S0015054,C00071,P0075,ST011,7/5/2025,3,1354,0.15,Cancelled,Mobile Money
S0014602,C00748,P0075,ST019,7/18/2025,3,931,0.05,completed,Bank Transfer
S0019155,C00122,P0075,ST015,8/15/2025,6,758,0.1,completed,Card
S0017507,C00873,P0075,ST015,2/4/2025,2,834,0.1,completed,Cash
S0019326,C00473,P0075,ST018,7/21/2025,5,438,0,Cancelled,Card
S0011831,C00702,P0075,ST011,3/28/2025,7,838,0,completed,Cash
S0018453,C00783,P0075,ST010,7/3/2026,2,1433,0.2,Completed,Bank Transfer
S0013155,C00908,P0075,ST019,5/13/2025,5,1301,0.2,Returned,Cash
S0018488,C00586,P0075,ST004,7/12/2025,4,788,0.05,Returned,Mobile Money
S0012475,C00865,P0075,ST012,7/30/2025,9,1013,0,Returned,Mobile Money
S0016980,C00291,P0075,ST011,2/21/2025,2,403,0.1,Pending,Card
S0017016,C00186,P0075,ST012,2/2/2026,1,128,0.1,Cancelled,Card
S0016318,C00282,P0075,ST016,11/2/2025,3,909,0.05,Completed,Cash
S0010349,C00439,P0106,ST009,5/3/2026,10,604,0,Completed,Bank Transfer
S0011701,C00502,P0106,ST009,1/31/2025,10,814,0.1,Cancelled,Cash
S0011140,C00335,P0106,ST010,3/27/2025,7,549,0,Cancelled,Cash
S0018622,C00722,P0106,ST014,4/20/2026,7,1327,0.1,Cancelled,Cash
S0012777,C00303,P0106,ST001,7/29/2026,10,1392,0.05,Pending,Mobile Money
S0019385,C00892,P0106,ST008,5/17/2026,3,753,0.2,completed,Cash
S0019365,C00912,P0106,ST008,1/1/2026,8,80,0.1,Cancelled,Cash
S0017048,C00118,P0106,ST018,7/1/2025,6,754,0,Completed,Bank Transfer
S0012733,C00989,P0106,ST017,7/5/2026,7,1008,0.15,Pending,Cash
S0010484,C00721,P0106,ST002,2/20/2025,6,204,0.2,Pending,Cash
S0010993,C00946,P0106,ST005,11/3/2025,1,1332,0,Cancelled,Card
S0018912,C00105,P0106,ST003,3/23/2026,3,1222,0.1,Completed,Mobile Money
S0012625,C00803,P0106,ST019,5/14/2026,9,902,0.2,Completed,Card
S0015871,C00483,P0106,ST002,7/16/2026,10,77,0.05,Cancelled,Bank Transfer
S0018604,C00051,P0106,ST019,10/1/2025,7,1464,0.1,Pending,Card
S0018312,C00475,P0106,ST003,7/14/2025,4,1301,0.05,Returned,Bank Transfer
S0018909,C00223,P0106,ST017,10/7/2025,7,1343,0.05,completed,Cash
S0015723,C00676,P0106,ST013,10/19/2025,2,1236,0.05,Pending,Card
S0017178,C00838,P0106,ST005,7/15/2026,3,922,0,Returned,Cash
S0019529,C00970,P0106,ST014,10/1/2025,6,181,0.15,Returned,Cash
S0014001,C00074,P0106,ST020,1/6/2026,9,1388,0.05,Pending,Cash
S0015348,C00759,P0106,ST003,7/14/2026,6,592,0.15,Cancelled,Card
S0018321,C00037,P0106,ST017,1/11/2026,6,33,0.2,Returned,Mobile Money
S0017939,C00160,P0106,ST004,2/19/2026,4,819,0.05,completed,Bank Transfer
S0013696,C00734,P0106,ST006,12/8/2025,10,1012,0.1,Completed,Mobile Money
S0010721,C00599,P0106,ST015,7/30/2026,8,1033,0.2,Pending,Mobile Money
S0011875,C00838,P0106,ST019,12/25/2025,9,933,0.05,completed,Cash
S0016991,C00656,P0106,ST014,7/15/2026,2,107,0.2,Cancelled,Card
S0010211,C00654,P0106,ST006,10/12/2025,1,1191,0.2,Completed,Cash
S0016617,C00771,P0106,ST010,4/23/2026,4,728,0.1,Returned,Cash
S0010139,C00836,P0106,ST002,1/24/2025,3,472,0.2,Returned,Bank Transfer
S0013716,C00648,P0106,ST015,3/27/2025,3,1007,0.15,completed,Cash
S0018668,C00736,P0106,ST004,12/30/2025,9,68,0.05,Returned,Mobile Money
S0012140,C00267,P0106,ST009,1/29/2025,6,376,0.15,Completed,Mobile Money
S0012316,C00837,P0106,ST001,6/11/2025,8,356,0,Pending,Bank Transfer
S0012285,C00742,P0106,ST002,3/16/2026,2,1051,0.05,Returned,Bank Transfer
S0018671,C00120,P0106,ST018,8/4/2025,4,138,0.05,Cancelled,Bank Transfer
S0018753,C00737,P0106,ST004,6/10/2026,8,1282,0.05,Cancelled,Bank Transfer
S0014880,C00928,P0106,ST002,2/14/2025,3,884,0.15,Cancelled,Bank Transfer
S0014872,C00901,P0106,ST013,5/27/2026,7,287,0,Completed,Bank Transfer
S0019614,C00036,P0106,ST016,3/6/2025,4,101,0.15,completed,Bank Transfer
S0017792,C00577,P0106,ST016,8/26/2025,8,1169,0.15,Completed,Mobile Money
S0010585,C00971,P0106,ST007,11/8/2025,5,743,0.2,completed,Bank Transfer
S0013883,C00558,P0106,ST007,6/8/2025,3,708,0.05,Returned,Bank Transfer
S0017791,C00219,P0106,ST019,2/10/2026,2,1011,0.15,Cancelled,Mobile Money
S0013056,C00866,P0106,ST013,1/19/2025,9,166,0,Completed,Mobile Money
S0014990,C00400,P0106,ST020,1/17/2025,4,1174,,Completed,Bank Transfer
S0014253,C00194,P0106,ST006,4/1/2025,3,296,0.2,completed,Mobile Money
S0017463,C00393,P0106,ST004,2/4/2026,10,1323,0.15,completed,Bank Transfer
S0011197,C00589,P0106,ST020,12/21/2025,6,253,0,Cancelled,Bank Transfer
S0014120,C00471,P0106,ST009,12/17/2025,6,932,0,completed,Mobile Money
S0011574,C00664,P0106,ST014,5/20/2025,1,1028,0,Returned,Card
S0014976,C00388,P0106,ST011,11/26/2025,7,909,0.15,Completed,Card
S0014181,C00723,P0106,ST018,2/1/2025,3,896,0,Returned,Bank Transfer
S0012730,C00090,P0106,ST009,1/24/2025,9,141,0.2,Completed,Bank Transfer
S0017126,C00798,P0106,ST008,1/6/2026,7,51,0,completed,Cash
S0016505,C00794,P0106,ST009,7/19/2026,10,1121,0.1,Pending,Card
S0016968,C00395,P0106,ST014,2/11/2025,3,539,0.1,Pending,Bank Transfer
S0014208,C00157,P0106,ST006,12/23/2025,4,335,0.2,Pending,Bank Transfer
S0010919,C00885,P0106,ST003,6/3/2025,7,976,0.15,Cancelled,Card
S0018239,C00632,P0106,ST011,7/31/2025,9,921,0.05,Returned,Cash
S0017455,C00235,P0106,ST008,1/17/2026,2,330,0.15,Returned,Card
S0015764,C00263,P0126,ST003,11/14/2025,8,830,0.05,Returned,Card
S0010821,C00146,P0126,ST002,11/13/2025,8,299,0.15,Returned,Card
S0017680,C00726,P0126,ST004,7/9/2026,10,220,0,Cancelled,Cash
S0013793,C00901,P0126,ST007,8/3/2025,9,371,0.05,Cancelled,Bank Transfer
S0015800,C00061,P0126,ST002,8/1/2025,10,258,0.15,Cancelled,Card
S0017467,C00965,P0126,ST017,7/22/2025,9,1372,0,Pending,Bank Transfer
S0017948,C00340,P0126,ST020,4/1/2026,3,701,0.05,Returned,Bank Transfer
S0015237,C00234,P0126,ST003,6/1/2026,1,479,0.2,Pending,Mobile Money
S0016452,C00218,P0126,ST003,6/2/2025,2,1201,0.15,Cancelled,Cash
S0019587,C00273, P0126 ,ST018,10/25/2025,5,829,0.15,completed,Bank Transfer
S0012495,C00450,P0126,ST011,5/2/2025,3,1425,0,completed,Mobile Money
S0015260,C00632,P0126,ST012,1/7/2026,3,727,0,completed,Card
S0014811,C00554,P0126,ST006,7/22/2025,3,1048,0,Completed,Card
S0016209,C00222,P0126,ST018,3/31/2025,9,874,0.05,completed,Card
S0016004,C00933,P0126,ST010,6/8/2026,9,928,0,Pending,Card
S0019637,C00027,P0126,ST007,5/21/2026,10,1171,0.1,Completed,Mobile Money
S0013901,C00486,P0126,ST001,12/20/2025,10,337,0.1,Completed,Bank Transfer
S0013217,C00529,P0091,ST012,3/2/2025,7,1023,0,Cancelled,Bank Transfer
S0015728,C00334,P0126,ST008,5/23/2025,7,710,0.15,Pending,Cash
S0013831,C00045,P0130,ST001,1/5/2026,9,370,0.1,completed,Mobile Money
S0018750,C00913,P0126,ST017,2/20/2025,3,1333,0.15,completed,Mobile Money
S0017610,C00447,P0126,ST003,9/6/2025,6,176,0.2,Pending,Mobile Money
S0019935,C00079,P0126,ST013,10/15/2025,5,1087,0,Completed,Card
S0013700,C00539,P0126,ST014,6/15/2026,7,1385,0.2,Cancelled,Cash
S0014669,C00274,P0126,ST006,2/28/2025,7,425,0.15,completed,Mobile Money
S0011198,C00150,P0126,ST003,7/28/2026,5,956,0.05,Pending,Mobile Money
S0010586,C00511,P0091,ST010,12/20/2025,7,572,0,Returned,Cash
S0018356,C00686,P0126,ST017,7/21/2026,9,584,0.1,Cancelled,Card
S0017909,C00824,P0126,ST012,10/12/2025,2,1466,0.15,Completed,Card
S0016240,C00592,P0126,ST009,4/24/2025,9,208,0.1,Returned,Cash
S0014091,C00597,P0126,ST004,8/25/2025,2,1420,0,Cancelled,Card
S0019084,C00821,P0126,ST005,2/28/2026,3,1113,0,Returned,Bank Transfer
S0017915,C00591,P0130,ST005,1/29/2026,7,654,0,completed,Mobile Money
S0018503,C00566,P0126,ST012,7/10/2025,7,829,0.15,Completed,Cash
S0010185,C00064,P0126,ST015,1/10/2025,4,413,0,Completed,Card
S0017156,C00743,P0091,ST012,5/16/2026,6,260,0.05,Pending,Card
S0019105,C00915,P0126,ST007,3/11/2026,1,341,0.15,Pending,Card
S0017736,C00614,P0130,ST014,8/5/2025,8,1162,0,Returned,Card
S0012525,C00199,P0126,ST001,3/23/2025,7,732,0.05,Pending,Mobile Money
S0014418,C00970,P0126,ST019,7/20/2025,8,374,0.05,completed,Card
S0016086,C00697,P0130,ST018,11/14/2025,4,259,0.15,completed,Mobile Money
S0012470,C00117,P0126,ST008,5/5/2025,4,1493,0,Completed,Mobile Money
S0018163,C00948,P0130,ST017,9/16/2025,9,134,0,Completed,Card
S0010680,C00469,P0126,ST013,6/23/2026,8,788,0.15,Cancelled,Card
S0016621,C00597,P0091,ST017,6/24/2025,4,637,0.2,Pending,Cash
S0017176,C00811,P0126,ST018,10/5/2025,5,417,0,completed,Cash
S0013931,C00701,P0126,ST004,9/20/2025,1,1422,0,Pending,Bank Transfer
S0011764,C00191,P0126,ST019,6/28/2025,7,688,0.1,completed,Bank Transfer
S0017442,C00392,P0126,ST006,7/9/2025,2,134,0.2,Cancelled,Cash
S0010088,C00508,P0091,ST005,8/16/2025,6,676,0.15,Cancelled,Card
S0017044,C00803,P0126,ST016,6/5/2025,3,99,0,completed,Cash
S0017239,C00001,P0126,ST006,5/8/2026,6,1479,0.05,Pending,Cash
S0014703,C00873,P0091,ST015,7/27/2025,6,1052,0.15,Cancelled,Card
S0014667,C00346,P0130,ST006,6/3/2026,9,425,0,Returned,Mobile Money
S0019948,C00369,P0126,ST006,4/3/2026,1,1085,0.1,Completed,Bank Transfer
S0014654,C00065,P0130,ST008,9/12/2025,2,421,0,Completed,Mobile Money
S0014807,C00261,P0091,ST006,5/10/2025,6,1314,0,Pending,Card
S0011873,C00140,P0130,ST020,3/11/2026,3,578,0,completed,Cash
S0016431,C00017,P0130,ST019,4/21/2025,2,130,0.2,Returned,Card
S0016481,C00798,P0091,ST001,2/3/2025,3,1149,0.2,Cancelled,Card
S0010242,C00558,P0091,ST019,5/30/2026,7,158,0.15,Cancelled,Mobile Money
S0017039,C00312,P0126,ST008,10/27/2025,6,539,0,Completed,Cash
S0019122,C00860,P0130,ST001,1/16/2025,8,869,0,Cancelled,Cash
S0018970,C00177,P0126,ST007,1/30/2025,3,1287,0.1,completed,Card
S0012388,C00717,P0091,ST004,3/23/2026,4,261,0.15,Pending,Bank Transfer
S0013515,C00790,P0130,ST013,1/22/2026,3,705,0.05,Cancelled,Bank Transfer
S0013499,C00357,P0091,ST001,6/17/2026,6,449,0.05,Pending,Bank Transfer
S0014827,C00065,P0126,ST002,3/19/2026,8,39,0.1,Cancelled,Card
S0016653,C00756,P0130,ST016,4/6/2026,1,736,0,Cancelled,Cash
S0016884,C00915,P0126,ST002,1/21/2025,7,102,0.2,Completed,Mobile Money
S0014005,C00007,P0091,ST016,5/22/2026,6,1280,0.1,Cancelled,Bank Transfer
S0018164,C00047,P0126,ST007,4/15/2026,5,981,0.05,Completed,Card
S0017189,C00714,P0130,ST016,4/27/2025,4,1450,0.05,Cancelled,Mobile Money
S0012320,C00982,P0091,ST013,9/29/2025,7,963,0.05,Returned,Bank Transfer
S0016557,C00666,P0130,ST016,6/24/2026,9,157,0.05,Completed,Bank Transfer
S0019221,C00584,P0130,ST019,8/21/2025,9,497,0.05,Cancelled,Mobile Money
S0010664,C00360,P0091,ST002,4/6/2026,10,405,0,Completed,Bank Transfer
S0019854,C00561,P0130,ST018,7/28/2025,8,112,0.2,Returned,Cash
S0018862,C01000,P0130,ST016,1/5/2026,9,1423,0.2,Returned,Mobile Money
S0014893,C00019,P0130,ST010,5/27/2025,4,216,0.15,Cancelled,Bank Transfer
S0017153,C00160,P0130,ST010,4/23/2025,6,1393,0,Returned,Cash
S0017500,C00687,P0130,ST017,4/20/2025,4,522,0.1,Returned,Card
S0010872,C00381,P0130,ST009,5/23/2026,2,319,0.1,Returned,Mobile Money
S0015885,C00980,P0091,ST017,2/24/2025,1,1108,0.2,Completed,Card
S0010353,C00305,P0130,ST019,7/1/2026,8,718,0,Returned,Bank Transfer
S0014593,C00657,P0126,ST011,12/18/2025,10,35,0.2,Completed,Mobile Money
S0019131,C00454,P0130,ST002,12/1/2025,3,494,0.1,Completed,Bank Transfer
S0012783,C00345,P0130,ST006,11/11/2025,1,1469,0.15,Returned,Bank Transfer
S0010618,C00382,P0130,ST017,3/16/2026,3,1288,0.1,Pending,Card
S0011572,C00174,P0091,ST020,3/21/2026,10,930,0.1,Pending,Mobile Money
S0012409,C00003,P0130,ST012,7/21/2025,3,1013,0,Returned,Mobile Money
S0017345,C00112,P0091,ST007,5/11/2025,10,226,0,Cancelled,Card
S0019567,C00565,P0091,ST005,2/1/2026,4,1056,0.1,Returned,Bank Transfer
S0011811,C00199,P0130,ST007,9/5/2026,7,531,0,Completed,Card
S0015141,C00769,P0130,ST007,3/26/2026,6,81,0.1,Completed,Cash
S0011133,C00669,P0126,ST011,4/4/2026,7,175,0.2,Returned,Mobile Money
S0013906,C00534,P0091,ST011,6/6/2026,5,473,0.2,Pending,Cash
S0020010,C00102,P0130,ST015,6/4/2026,5,627,0.2,Completed,Card
S0018952,C00118,P0130,ST002,2/4/2026,7,977,0.15,Cancelled,Mobile Money
S0011034,C00397,P0091,ST006,9/7/2025,1,114,0.15,Pending,Cash
S0014142,C00347,P0130,ST009,12/22/2025,7,605,0,Returned,Card
S0011838,C00440,P0126,ST005,8/18/2025,2,1099,0,Completed,Card
S0011705,C00757,P0130,ST012,8/1/2025,4,617,0,completed,Bank Transfer
S0010539,C00749,P0091,ST015,3/26/2026,5,1059,0,Pending,Card
S0016327,C00770,P0091,ST003,1/19/2025,10,891,0.2,Completed,Mobile Money
S0016970,C00187,P0091,ST001,8/31/2025,3,727,0.1,Returned,Mobile Money
S0019879,C00478,P0091,ST014,3/21/2026,3,1427,0.15,Returned,Mobile Money
S0017255,C00935,P0091,ST007,2/13/2025,8,58,0.15,completed,Card
S0019531,C00403,P0091,ST010,7/1/2026,5,1082,0,Pending,Mobile Money
S0017032,C00445,P0130,ST015,2/4/2026,4,457,0.1,Completed,Bank Transfer
S0018020,C00104,P0091,ST010,1/14/2025,10,265,0.1,Completed,Cash
S0012192,C00955,P0091,ST008,3/30/2026,6,628,0.1,Cancelled,Bank Transfer
S0011732,C00520,P0091,ST009,3/21/2025,2,1256,0.2,Pending,Cash
S0012083,C00195,P0091,ST006,11/28/2025,4,1267,0.2,Returned,Mobile Money
S0015765,C00228,P0130,ST020,8/24/2025,5,100,0.2,Pending,Bank Transfer
S0010951,C00242,P0091,ST009,1/26/2025,8,695,0,Returned,Cash
S0013005,C00634,P0130,ST018,5/1/2026,9,1085,0.1,Pending,Cash
S0018380,C00643,P0130,ST003,2/25/2026,2,67,0.15,Pending,Mobile Money
S0017369,C00569,P0130,ST011,5/27/2026,10,664,0.1,Completed,Mobile Money
S0018026,C00381,P0126,ST004,2/12/2025,7,819,0.1,Completed,Cash
S0015637,C00468,P0130,ST011,10/30/2025,4,1026,0,Completed,Cash
S0016530,C00442,P0091,ST017,2/2/2026,4,1162,0.05,Completed,Bank Transfer
S0014174,C00268,P0130,ST005,10/29/2025,5,208,0.05,Pending,Cash
S0013324,C00750,P0130,ST010,4/10/2026,7,95,0.1,Completed,Cash
S0010561,C00740,P0091,ST020,6/25/2026,1,846,0.1,completed,Cash
S0018788,C00285,P0091,ST017,5/16/2026,10,1357,0.2,completed,Bank Transfer
S0010755,C00993,P0091,ST002,9/19/2025,6,1182,0.1,completed,Bank Transfer
S0016598,C00683,P0130,ST010,7/5/2026,10,1425,0.1,completed,Bank Transfer
S0019709,C00931,P0130,ST017,7/19/2025,9,867,0,completed,Bank Transfer
S0015688,C00753,P0091,ST003,2/6/2026,7,616,0.2,Completed,Bank Transfer
S0015727,C00717,P0130,ST016,2/21/2025,10,453,0.15,Pending,Bank Transfer
S0017938,C00976,P0091,ST017,9/23/2025,4,1086,0,Pending,Cash
S0013254,C00493,P0091,ST016,4/2/2026,2,361,0.2,Pending,Mobile Money
S0019202,C00047,P0091,ST013,9/25/2025,3,141,0.1,Pending,Card
S0012229,C00406,P0130,ST011,1/25/2026,8,1227,0.15,Completed,Cash
S0018730,C00222,P0130,ST005,2/27/2026,8,261,0,Returned,Card
S0018169,C00573,P0091,ST020,2/21/2026,8,197,0,Returned,Bank Transfer
S0011351,C00027,P0091,ST007,6/23/2026,10,960,0.1,Pending,Cash
S0018421,C00993,P0130,ST002,7/13/2025,6,1311,0.1,Pending,Card
S0014941,C00353,P0130,ST006,2/27/2026,1,597,0.1,completed,Card
S0013047,C00661,P0091,ST017,12/6/2025,8,895,0,Pending,Cash
S0018397,C00507,P0130, ST004 ,8/24/2025,6,1378,0,completed,Card
S0013836,C00031,P0091,ST019,7/14/2025,9,1205,0,Completed,Bank Transfer
S0014666,C00623,P0130,ST007,11/26/2025,3,396,0,Cancelled,Mobile Money
S0016538,C00063,P0130,ST008,3/27/2026,2,1206,0.05,Pending,Mobile Money
S0019395,C00355,P0130,ST011,8/6/2025,6,1265,0,completed,Mobile Money
S0012060,C00427,P0130,ST001,6/3/2026,4,1311,0.05,Returned,Cash
S0020045,C00348,P0091,ST012,4/29/2025,2,1409,0,Completed,Bank Transfer
S0013909,C00684,P0091,ST008,12/24/2025,9,1429,0.2,Returned,Mobile Money
S0017152,C00643,P0130,ST010,2/5/2025,5,1358,0.05,Completed,Card
S0014221,C00726,P0130,ST011,12/28/2025,7,443,0,Returned,Card
S0012814,C00195,P0091,ST016,7/27/2026,9,172,0.2,completed,Card
S0019114,C00287,P0130,ST011,11/30/2025,10,492,0,Returned,Bank Transfer
S0014362,C00918,P0130,ST012,10/17/2025,1,1348,0.2,Cancelled,Card
S0012997,C00641,P0049,ST013,1/24/2025,10,8,0.2,Completed,Bank Transfer
S0016230,C00696,P0049,ST003,8/24/2025,2,856,0,Returned,Cash
S0011229,C00623,P0049,ST014,2/2/2026,7,1354,0.2,Pending,Cash
S0014844,C00707,P0091,ST005,1/7/2026,2,1221,0.2,Cancelled,Mobile Money
S0011381,C00035,P0049,ST004,3/25/2025,7,109,0.15,Cancelled,Cash
S0012508,C00435,P0049,ST015,5/1/2025,3,1348,0.1,Pending,Cash
S0015195,C00736,P0049,ST007,1/17/2026,9,1430,0.2,Returned,Card
S0017457,C00385,P0049,ST007,1/15/2026,4,110,0.05,Returned,Mobile Money
S0011201,C00438,P0049,ST009,12/2/2025,6,1283,0.05,Returned,Bank Transfer
S0010829,C00746,P0049,ST019,8/29/2025,4,839,0.1,Pending,Cash
S0013530,C00747,P0049,ST007,4/18/2025,2,388,0.05,Pending,Bank Transfer
S0010500,C00921,P0049,ST006,3/1/2025,2,170,0,completed,Card
S0019012,C00801,P0049,ST003,2/28/2026,9,1465,0.2,Returned,Card
S0011784,C00680,P0049,ST006,7/13/2025,8,284,0,Completed,Mobile Money
S0010911,C00099,P0049,ST006,10/11/2025,5,1445,0.2,Returned,Mobile Money
S0014106,C00325,P0049,ST015,3/4/2026,1,1267,0.05,Returned,Cash
S0011703,C00753,P0049,ST018,12/25/2025,4,648,0.2,Pending,Mobile Money
S0011450,C00451,P0049,ST010,11/21/2025,5,629,0,Cancelled,Cash
S0011750,C00412,P0049,ST013,1/4/2025,4,745,0.1,Cancelled,Mobile Money
S0014629,C00646,P0049,ST020,6/7/2026,1,1487,0.05,Returned,Card
S0016660,C00154,P0049,ST015,7/26/2026,6,7,0.2,Cancelled,Cash
S0015563,C00778,P0049,ST017,12/19/2025,1,931,0.05,Returned,Bank Transfer
S0015278,C00823,P0049,ST011,12/21/2025,2,99,0.05,Completed,Mobile Money
S0010347,C00121,P0049,ST016,6/13/2025,1,634,0,Returned,Bank Transfer
S0015372,C00938,P0049,ST019,8/12/2025,1,1092,0.05,Pending,Cash
S0017532,C00793,P0049,ST003,2/4/2025,1,349,0.2,Cancelled,Cash
S0015702,,P0049,ST011,3/31/2026,7,159,0,Cancelled,Bank Transfer
S0014407,C00333,P0049,ST003,6/24/2026,6,288,0.15,completed,Cash
S0012214,C00304,P0049,ST016,3/17/2025,9,302,0.15,completed,Cash
S0010581,C00199,P0049,ST019,11/12/2025,8,1463,0,Completed,Mobile Money
S0011434,C00145,P0049,ST015,2/23/2026,9,204,0.05,Returned,Mobile Money
S0013202,C00449,P0049,ST006,6/7/2026,2,724,0.2,completed,Cash
S0019499,C00719,P0049,ST014,10/28/2025,5,833,0.2,Cancelled,Cash
S0017450,C00302,P0049,ST003,1/5/2025,4,106,0.05,Cancelled,Card
S0015753,C00205,P0049,ST001,1/31/2025,3,1029,0.15,Cancelled,Cash
S0017213,C00527,P0049, ST014 ,1/18/2026,9,933,0,completed,Bank Transfer
S0014083,C00111,P0049,ST010,6/10/2026,1,462,0.05,Completed,Cash
S0019810,C00107,P0049,ST019,6/6/2026,7,737,0,Returned,Cash
S0012405,C00060,P0049,ST019,10/6/2025,5,1368,0,completed,Card
S0012899, C00611 ,P0049,ST009,1/20/2025,5,60,0.1,Returned,Mobile Money
S0018808,C00883,P0049,ST011,5/25/2025,4,1096,0,Returned,Card
S0013815,C00253,P0049,ST018,4/22/2025,8,313,0.15,Completed,Bank Transfer
S0014082,C00160,P0049,ST020,12/10/2025,10,1051,0.15,Pending,Cash
S0011190,C00395,P0049,ST020,6/14/2026,7,614,0.15,Returned,Cash
S0010613,C00149,P0049,ST019,4/5/2026,2,757,0,completed,Mobile Money
S0010226,C00712,P0049,ST016,1/14/2026,4,1470,0.1,Returned,Cash
S0014965,C00979,P0049,ST019,6/8/2025,8,1398,0.05,Pending,Cash
S0017698,C00555,P0049,ST014,2/13/2026,2,86,0.1,Pending,Mobile Money
S0019457,C00272,P0049,ST003,6/12/2026,10,1083,0,completed,Bank Transfer
S0016429,C00690,P0049,ST005,3/8/2025,4,353,0.2,Cancelled,Mobile Money
S0019445,C00362,P0049,ST008,3/10/2025,8,1258,0.1,Returned,Cash
S0012547,C00270,P0049,ST005,8/9/2025,6,657,0.15,Pending,Mobile Money
S0014866,C00642,P0049,ST012,6/21/2026,9,1256,0.05,Completed,Mobile Money
S0016915,C00099,P0049,ST001,1/3/2026,7,183,0,Returned,Bank Transfer
S0016906,C00505,P0049,ST006,7/24/2025,3,951,0.15,Pending,Mobile Money
S0010886,C00180,P0049,ST002,11/20/2025,2,1191,0.05,Cancelled,Bank Transfer
S0013235,C00366,P0049,ST016,4/30/2026,1,514,0.15,Completed,Mobile Money
S0017885,C00462,P0049,ST005,9/6/2025,3,928,0.2,Returned,Cash
S0016856,C00161,P0049,ST012,6/24/2025,6,872,0.15,Returned,Cash
S0019212,C00753,P0049,ST016,3/30/2026,5,67,0.1,Returned,Mobile Money
S0010101,C00118,P0049,ST011,5/25/2025,7,978,0,Returned,Cash
S0018484,C00532,P0049,ST006,10/11/2025,6,1453,0,Completed,Mobile Money
S0011674,C00413,P0032,ST007,8/21/2025,4,406,0.15,Pending,Cash
S0014905,C00008,P0032,ST017,12/13/2025,5,968,0,completed,Bank Transfer
S0013684,C00319,P0094,ST018,6/12/2026,7,628,0.1,Pending,Card
S0017726,C00571,P0032,ST010,8/1/2025,9,177,0.15,Pending,Mobile Money
S0013741,C00438,P0032,ST008,6/11/2025,1,396,0,Completed,Bank Transfer
S0012673,C00988,P0032,ST011,7/22/2025,10,281,0,Cancelled,Card
S0013609,C00450,P0032,ST005,6/12/2026,1,669,0.15,Returned,Bank Transfer
S0018626,C00504,P0094,ST017,12/21/2025,9,394,0,Pending,Mobile Money
S0010380,C00280,P0094,ST008,5/2/2025,10,294,0.05,Completed,Bank Transfer
S0019091,C00603,P0032,ST019,2/19/2025,1,820,0.05,Returned,Mobile Money
S0011159,C00507,P0032,ST012,4/6/2026,5,196,0.05,Returned,Mobile Money
S0017473,C00947,P0094,ST010,1/12/2025,7,752,0,Cancelled,Cash
S0013618,C00504,P0094,ST002,8/25/2025,1,1306,0.1,completed,Bank Transfer
S0012780,C00731,P0032,ST005,2/21/2026,1,1168,0.15,Cancelled,Card
S0012999,C00458,P0094,ST007,8/19/2025,8,251,0,Cancelled,Mobile Money
S0012825,C00344,P0094,ST020,7/5/2026,1,397,0,Cancelled,Mobile Money
S0017336,C00603,P0032,ST002,7/31/2025,10,1288,0.15,Pending,Bank Transfer
S0011892,C00600,P0032,ST001,7/24/2026,3,665,0.05,completed,Mobile Money
S0014061,C00031,P0094,ST018,3/4/2026,7,1058,0.15,completed,Bank Transfer
S0011742,C00554,P0032,ST017,8/17/2025,3,699,0.15,Pending,Cash
S0015873,C00755,P0032,ST010,4/28/2025,4,288,0.1,Pending,Card
S0016581,C00554,P0094,ST006,12/16/2025,9,257,0.1,Cancelled,Mobile Money
S0015948,C00413,P0094,ST007,1/10/2026,5,572,0,Pending,Card
S0018737,C00327,P0094,ST007,4/17/2026,10,425,0.1,Returned,Cash
S0014662,C00383,P0032,ST010,6/23/2025,7,327,0.1,Returned,Card
S0016611,C00529,P0094,ST011,7/31/2026,7,422,0.15,Completed,Cash
S0012445,C00086,P0094,ST016,12/2/2025,7,543,0.15,Completed,Mobile Money
S0014199,C00729,P0032,ST017,3/31/2025,5,605,0.2,completed,Mobile Money
S0018126,C00811,P0032,ST006,5/8/2026,2,201,0.15,Completed,Cash
S0013850,C00822,P0032,ST015,1/31/2025,7,620,0.1,Cancelled,Bank Transfer
S0018459,C00464,P0032,ST015,7/8/2025,2,589,0.1,Pending,Mobile Money
S0018616,C00263,P0032,ST003,12/31/2025,8,309,0,Pending,Bank Transfer
S0010410,C00558,P0032,ST008,1/12/2025,9,974,0.15,Pending,Cash
S0014017,C00212,P0032,ST011,8/28/2025,5,101,0.15,completed,Cash
S0017161,C00383,P0094,ST020,7/22/2025,7,1123,0,Completed,Card
S0017208,C00133,P0032,ST004,8/11/2025,2,1304,0.1,completed,Bank Transfer
S0015110,C00902,P0032,ST005,12/19/2025,8,860,0.2,Pending,Cash
S0010262,C00784,P0094,ST017,2/11/2026,1,636,0.1,Completed,Cash
S0016798,C00179,P0032,ST001,7/6/2025,2,1108,0.1,Completed,Bank Transfer
S0014796,C00789,P0032, ST006 ,4/6/2026,10,147,0.15,completed,Bank Transfer
S0015726,C00447,P0032,ST001,12/13/2025,7,899,0,Returned,Cash
S0019245,C00893,P0032,ST011,6/26/2025,8,235,0.1,Returned,Mobile Money
S0015230,C00392,P0094,ST013,7/31/2026,6,1410,0.05,Cancelled,Card
S0012621,C00018,P0032,ST014,1/24/2026,3,542,0.15,Completed,Card
S0010055,C00158,P0094,ST011,2/2/2025,5,180,0.15,Pending,Cash
S0014170,C00600,P0094,ST001,4/24/2025,3,1334,0,Returned,Cash
S0013888,C00743,P0032,ST005,3/29/2025,10,1165,0,Completed,Bank Transfer
S0016877,C00950,P0094,ST017,3/12/2026,6,658,0.05,Cancelled,Card
S0018885,C00950,P0094,ST017,3/12/2026,5,260,0.05,Cancelled,Card
S0016563,C00225,P0094,ST008,3/4/2026,2,1136,0.1,Completed,Card
S0011901,C00860,P0032,ST004,3/1/2025,1,991,0.05,Pending,Bank Transfer
S0019827,C00530,P0032,ST001,5/15/2026,2,1371,0.1,completed,Cash
S0012198,C00193,P0094,ST005,11/17/2025,2,485,0,Pending,Cash
S0015773,C00401,P0032,ST017,6/24/2026,5,276,0.1,Cancelled,Bank Transfer
S0010600,C00545,P0094,ST019,9/23/2025,5,1126,0.2,Pending,Bank Transfer
S0016647,C00077,P0094,ST018,6/28/2026,5,910,0.15,Pending,Card
S0012510,C00769,P0032,ST020,7/31/2026,8,781,0.05,Pending,Card
S0017846,C00290,P0032,ST001,3/12/2026,7,133,0.1,Completed,Bank Transfer
S0010250,C00015,P0094,ST012,7/1/2025,6,151,0.05,completed,Cash
S0012281,C00138,P0094,ST019,6/20/2025,6,461,0.05,Completed,Mobile Money
S0010599,C00604,P0032,ST008,3/22/2025,4,501,0.15,completed,Mobile Money
S0016843,C00628,P0094, ST020 ,7/5/2025,1,561,0.05,Pending,Card
S0011193,C00038,P0094,ST012,3/10/2026,2,8,0.1,Completed,Cash
S0010158,C00579,P0094,ST014,7/4/2026,4,293,0.15,Pending,Card
S0013925,C00407,P0094,ST011,12/28/2025,3,1353,0.15,Completed,Mobile Money
S0019904,C00672,P0094,ST002,9/26/2025,3,876,0.15,Cancelled,Bank Transfer
S0019488,C00744,P0094,ST017,4/29/2026,2,395,0.05,Returned,Bank Transfer
S0011984,C00450,P0094,ST010,5/14/2026,5,50,0,completed,Cash
S0014434,C00879, P0094 ,ST011,4/13/2026,3,704,0.15,Returned,Cash
S0010261,C00910,P0032,ST008,6/1/2026,7,1207,0.2,Returned,Cash
S0015025,C00200,P0094,ST014,8/12/2025,9,1255,0.2,Returned,Cash
S0018120,,P0032,ST001,2/3/2026,6,846,0,completed,Bank Transfer
S0018136,C00583,P0094,ST016,10/26/2025,3,493,0.1,Completed,Card
S0010925,C00156,P0032,ST020,2/11/2026,4,858,0.05,Cancelled,Mobile Money
S0011363,C00083,P0094,ST006,9/18/2025,4,1155,0.2,Returned,Mobile Money
S0013061,C00663, P0094 ,ST012,6/25/2025,5,641,0.1,Completed,Bank Transfer
S0011971,C00953,P0094,ST015,4/26/2026,2,68,0,Completed,Bank Transfer
S0017119,C00641,P0032,ST011,9/20/2025,8,369,0.2,Pending,Mobile Money
S0012994,C00517,P0032,ST015,4/22/2025,3,950,0.2,Returned,Mobile Money
S0015786,C00510,P0094,ST011,1/23/2026,9,940,0.2,Pending,Bank Transfer
S0019994,C00931,P0032,ST018,4/27/2026,9,442,0.1,Cancelled,Card
S0013382,C00522,P0094,ST015,12/2/2025,3,852,0.2,Cancelled,Cash
S0019999,C00241,P0094,ST009,3/12/2026,5,1021,0.2,Cancelled,Card
S0012452,C00870,P0094,ST009,7/24/2025,2,767,0,Completed,Card
S0011294,C00443,P0094,ST018,12/30/2025,3,661,0.05,Completed,Mobile Money
S0016876,C00684,P0094,ST011,1/3/2025,10,935,0.15,Completed,Cash
S0018890,C00742,P0032,ST015,8/22/2025,3,964,0.05,Pending,Card
S0013462,C00111,P0094,ST016,5/20/2026,8,914,0.1,Pending,Bank Transfer
S0014879,C00435,P0032,ST004,4/14/2026,5,43,0.05,Cancelled,Bank Transfer
S0014403,C00514,P0032,ST016,11/28/2025,8,1237,0.05,Cancelled,Bank Transfer
S0013563,C00163,P0094,ST010,5/8/2026,10,454,0.1,Cancelled,Card
S0012460,C00351,P0094,ST013,5/15/2026,1,819,0.2,Returned,Card
S0018804,C00236,P0094,ST011,4/3/2025,9,1307,0.2,Cancelled,Bank Transfer
S0016330,C00405,P0094,ST011,10/29/2025,9,1045,0.05,Cancelled,Cash
S0013403,C00913,P0094,ST012,9/28/2025,2,48,0,completed,Bank Transfer
S0014911,C00861,P0094,ST018,4/1/2025,10,1461,0.1,completed,Cash
S0018463,C00280,P0094,ST009,7/26/2025,1,713,0,completed,Bank Transfer
S0010545,C00839,P0032,ST014,1/20/2025,3,1127,0.1,Pending,Mobile Money
S0017210,C00511,P0032,ST002,1/26/2025,9,468,0,Returned,Mobile Money
S0018406,C00579,P0111,ST008,12/31/2025,1,13,0.1,completed,Mobile Money
S0014946,C00413,P0111,ST003,4/18/2026,8,1247,0.1,Completed,Cash
S0016632,C00640,P0111,ST007,3/25/2025,3,1112,0,Completed,Cash
S0012313,C00301,P0111,ST018,7/11/2026,1,1441,0.15,Returned,Cash
S0019011,C00958,P0111,ST005,2/3/2026,1,1313,0,Pending,Cash
S0018293,C00074,P0111,ST005,4/9/2026,7,567,0.1,Pending,Card
S0017576,C00683,P0111,ST011,2/22/2026,1,830,0.05,Completed,Mobile Money
S0013423,C00760,P0111,ST017,7/31/2026,6,389,0.2,Returned,Bank Transfer
S0016913,C00270,P0111,ST019,7/9/2025,6,171,0.2,Completed,Cash
S0014980,C00907,P0111,ST007,1/29/2025,10,660,0.15,Pending,Bank Transfer
S0017986,C00224,P0111,ST007,11/1/2025,9,1168,0.1,Pending,Cash
S0014204,C00325,P0111,ST006,10/26/2025,8,5,0.05,Pending,Card
S0014929,C00879,P0111,ST012,3/5/2026,7,77,0.2,completed,Mobile Money
S0016360,C00076,P0111,ST008,7/22/2026,10,1496,0.1,Pending,Card
S0017063,C00893,P0111,ST012,12/8/2025,2,701,0.15,Returned,Card
S0012477,C00347,P0111,ST016,7/21/2026,4,289,0.1,Completed,Cash
S0015239,C00328,P0111,ST002,4/19/2025,5,1057,0,Cancelled,Card
S0012720,C00691,P0111,ST001,9/29/2025,4,760,0,Cancelled,Mobile Money
S0014901,C00574,P0111,ST004,9/23/2025,8,517,0,completed,Mobile Money
S0018060,C00963,P0111,ST011,11/16/2025,6,372,0.05,Pending,Mobile Money
S0017778,C00244,P0111,ST003,1/16/2025,2,1086,0,Cancelled,Mobile Money
S0015500,C00332,P0111,ST008,8/9/2025,6,637,0.1,Completed,Card
S0017147,C00700,P0111,ST002,6/22/2026,6,252,0.1,completed,Bank Transfer
S0011114,C00987,P0111,ST013,6/6/2026,1,694,0.2,completed,Card
S0011881,C00692,P0111,ST001,2/24/2026,8,1126,0,Completed,Cash
S0016028,C00478,P0111,ST001,10/27/2025,2,769,0.15,Cancelled,Card
S0010556,C00669,P0111,ST006,4/14/2026,6,995,0,Pending,Cash
S0018031,C00904,P0111,ST008,1/20/2026,6,1309,0.1,Completed,Bank Transfer
S0016021,C00159,P0111,ST013,11/15/2025,7,217,0.05,Completed,Cash
S0019651,C00040,P0111,ST010,5/12/2025,10,1452,0.1,Pending,Cash
S0014468,C00223,P0111,ST013,8/16/2025,6,1486,0.2,Pending,Card
S0012978,C00640,P0111,ST005,6/14/2025,1,430,0.1,Completed,Card
S0012705,C00933,P0111,ST018,7/23/2025,7,356,0.1,Pending,Bank Transfer
S0013022,C00765,P0111,ST013,2/15/2025,2,1004,0.2,Cancelled,Card
S0014563,C00545,P0111,ST016,3/10/2025,7,754,0.15,Returned,Bank Transfer
S0019539,C00435,P0111,ST011,3/12/2025,2,387,0.15,Returned,Bank Transfer
S0015083,C00824,P0111,ST015,4/3/2025,9,607,0.2,Completed,Cash
S0018346,C00569,P0196,ST019,10/12/2025,10,1078,0,Pending,Mobile Money
S0012272,C00245,P0111,ST011,1/2/2026,9,711,0.1,Cancelled,Bank Transfer
S0010272,C00809,P0111,ST019,1/18/2026,3,1404,0,completed,Card
S0018683,C00085,P0111,ST013,5/20/2026,9,1195,0.15,Cancelled,Bank Transfer
S0014717,C00697,P0196,ST006,10/29/2025,5,486,0.05,Pending,Cash
S0012422,C00016,P0111,ST018,10/14/2025,5,245,0.2,Cancelled,Mobile Money
S0018362,C00613,P0196,ST011,4/25/2025,3,1234,0.2,Returned,Bank Transfer
S0011845,C00785,P0196,ST006,1/24/2025,2,323,0.2,Returned,Cash
S0016031,C00670,P0196,ST013,4/8/2026,2,806,0.15,Completed,Mobile Money
S0015778,C00507,P0196,ST007,1/14/2026,9,489,0.15,Cancelled,Mobile Money
S0019530,C00010,P0196,ST015,1/19/2025,1,960,0.1,Cancelled,Bank Transfer
S0012663,C00898,P0111,ST013,1/5/2025,10,1480,0,Returned,Cash
S0017955,C00124,P0111,ST010,11/24/2025,5,850,0.2,completed,Card
S0011734,C00636,P0196,ST007,8/3/2025,5,229,0.1,completed,Bank Transfer
S0019403,C00351,P0196,ST017,1/29/2025,9,116,0.1,completed,Mobile Money
S0014022,C00374,P0111,ST010,8/25/2025,1,444,0.15,Completed,Card
S0010227,C00125,P0196,ST012,2/11/2025,6,684,0,Completed,Mobile Money
S0018333,C00383,P0111,ST007,4/13/2026,7,304,0.15,completed,Bank Transfer
S0016113,C00660,P0196,ST014,3/11/2025,8,695,0.15,Cancelled,Card
S0011922,C00457,P0196,ST012,10/23/2025,8,1195,0.1,Completed,Card
S0010577,C00164,P0196,ST001,2/9/2026,1,881,0,Returned,Cash
S0014237,C00090,P0196,ST011,3/8/2025,6,209,0.2,Returned,Card
S0011407,C00970,P0153,ST020,5/4/2025,1,2,0,Cancelled,Mobile Money
S0019358,C00062,P0196,ST015,5/16/2026,8,1240,0.15,Pending,Cash
S0015584,C00757,P0196,ST019,2/3/2026,6,1402,0.15,completed,Mobile Money
S0019115,C00533,P0196,ST020,4/24/2026,7,1282,0.15,Completed,Mobile Money
S0018303,C00070,P0111,ST020,2/20/2025,10,243,0.15,completed,Bank Transfer
S0013519,C00500,P0196,ST005,3/9/2026,8,82,0.05,Completed,Bank Transfer
S0015916,C00480,P0153,ST015,1/31/2026,8,1165,0.1,Cancelled,Cash
S0013908,C00528,P0196,ST014,1/6/2025,9,1397,0,Pending,Card
S0011278,C00503,P0153,ST008,6/16/2025,3,757,0,Returned,Cash
S0011467,C00603,P0111,ST008,2/18/2025,1,1046,0.1,Cancelled,Mobile Money
S0013502,C00199,P0196,ST018,11/16/2025,4,1390,0.1,Pending,Card
S0015461,C00919,P0196,ST003,11/4/2025,3,24,0.2,Cancelled,Bank Transfer
S0010422,C00009,P0196,ST019,5/8/2026,6,292,0.2,Cancelled,Card
S0014078,C00957,P0196,ST016,4/8/2025,7,226,0.2,completed,Card
S0020018,C00053,P0196,ST009,8/30/2025,4,283,0.05,Returned,Cash
S0014914,C00770,P0196,ST015,1/31/2025,10,39,0.1,Pending,Bank Transfer
S0015502,C00444,P0153,ST004,9/6/2025,1,466,0.1,Returned,Card
S0012996,C00183,P0153,ST012,3/9/2025,4,916,0.2,Cancelled,Cash
S0011039,C00183,P0196,ST003,7/10/2025,1,1225,0.05,Cancelled,Mobile Money
S0017913,C00296,P0196,ST013,5/26/2025,1,1297,0.15,Cancelled,Card
S0015756,C00540,P0196,ST020,6/13/2026,2,690,0,Pending,Cash
S0019623,C00191,P0153,ST016,9/8/2025,8,721,0.15,Cancelled,Cash
S0012700,C00084,P0111,ST005,1/21/2025,9,855,0.2,Pending,Cash
S0010632,C00987,P0153,ST014,4/11/2025,6,873,0,Cancelled,Mobile Money
S0011447,C00511,P0196,ST015,5/22/2025,5,1061,0.05,completed,Bank Transfer
S0016479,C00343,P0196,ST005,2/7/2025,6,1475,0.1,Pending,Mobile Money
S0016668,C00954,P0153,ST016,1/27/2026,6,346,0,Cancelled,Cash
S0011661,C00525,P0196,ST010,6/11/2026,6,141,0.05,Completed,Card
S0015109,C00643,P0196,ST020,6/22/2026,4,1382,0.05,Cancelled,Bank Transfer
S0015657,C00613,P0196,ST020,6/2/2025,2,397,0,Returned,Card
S0017413,C00653,P0196,ST011,3/14/2026,7,730,0.05,completed,Card
S0014437,C00065,P0196,ST007,9/3/2025,4,529,0.1,Completed,Cash
S0013197,C00638,P0153,ST001,7/5/2026,5,1261,0,Pending,Bank Transfer
S0014509,C00207,P0196,ST012,7/27/2025,1,850,0.15,Pending,Card
S0016366,C00049,P0196,ST012,7/25/2025,6,770,0,Pending,Cash
S0011348,C00980,P0196,ST014,9/5/2025,8,1336,0.2,Pending,Bank Transfer
S0018204,C00419,P0196,ST011,5/29/2026,3,965,0.1,Completed,Cash
S0012929,C00570,P0153,ST007,2/21/2026,2,889,0,completed,Mobile Money
S0012604,C00373,P0153,ST010,5/29/2025,10,11,0.2,Pending,Bank Transfer
S0013175,C00016,P0153,ST006,12/5/2025,1,395,0.15,Cancelled,Cash
S0015796,C00295,P0153,ST013,5/18/2026,6,840,0.1,Pending,Bank Transfer
S0014767,C00315,P0153,ST006,4/20/2026,9,1343,0,Pending,Mobile Money
S0012605,C00067,P0196,ST004,1/12/2025,8,209,0.05,Returned,Cash
S0013924,C00240,P0153,ST018,12/20/2025,9,357,0.2,Pending,Bank Transfer
S0016595,C00316,P0196,ST001,3/1/2025,2,292,0.2,Cancelled,Bank Transfer
S0015987,C00174,P0153,ST007,3/8/2025,1,597,0.2,Cancelled,Card
S0012436,C00347,P0153,ST007,3/11/2025,6,1383,0,completed,Bank Transfer
S0018642,C00347,P0153,ST007,3/11/2025,4,912,0,completed,Bank Transfer
S0017224,C00133,P0196,ST003,3/23/2025,2,809,0.15,Returned,Bank Transfer
S0015733,C00899,P0153,ST003,11/3/2025,6,377,0.2,Cancelled,Cash
S0010110,C00431,P0196,ST001,6/10/2026,1,1216,0.05,Pending,Card
S0013108,C00871,P0196,ST001,10/19/2025,5,992,0.15,Pending,Mobile Money
S0012170,C00045,P0153,ST014,7/6/2025,3,958,0.1,Pending,Mobile Money
S0017162,C00133,P0196,ST009,2/12/2026,3,322,0.2,Pending,Card
S0014897,C00912,P0153,ST006,4/28/2026,7,1328,0.2,Pending,Mobile Money
S0015200,C00050,P0196,ST013,10/16/2025,8,141,0,Pending,Cash
S0014332,C00838,P0153,ST007,5/11/2026,2,1,0.15,Returned,Cash
S0018005,C00875, P0153 ,ST018,7/21/2026,10,1069,0.2,Cancelled,Cash
S0019036,C00517,P0196,ST006,2/27/2025,1,1007,0.1,Completed,Bank Transfer
S0013748,C00151,P0196,ST015,12/11/2025,1,1173,0.2,Completed,Bank Transfer
S0012197,C00494,P0153,ST005,7/6/2026,5,440,0.1,Completed,Card
S0019314,C00470,P0153,ST001,1/30/2025,6,762,0.15,Returned,Cash
S0010737,C00221,P0153,ST003,4/2/2025,6,517,0.2,completed,Card
S0018560,C00014,P0153,ST005,2/23/2026,10,1468,0.2,completed,Bank Transfer
S0014367,C00217,P0196,ST019,7/7/2026,5,1180,0.15,completed,Cash
S0011297,C00065,P0153,ST015,8/8/2025,4,871,0.05,Cancelled,Card
S0015015,C00994,P0196,ST014,11/24/2025,4,1320,0.2,Pending,Card
S0019685,C00031,P0196,ST012,5/16/2026,1,208,0.1,completed,Card
S0016275,C00421,P0153,ST007,2/8/2025,10,532,0.15,Cancelled,Mobile Money
S0017586,C00493,P0153,ST010,5/5/2025,9,1090,0.2,Pending,Mobile Money
S0018780,C00083,P0153,ST020,5/10/2025,8,202,0.15,Returned,Mobile Money
S0011736,C00048,P0196,ST013,8/13/2025,8,329,0.1,Cancelled,Bank Transfer
S0010757,C00304,P0153,ST008,11/19/2025,1,742,0.15,completed,Cash
S0012194,C00142,P0153,ST010,4/29/2025,6,611,0.2,Returned,Mobile Money
S0017822,C00466,P0153,ST008,11/28/2025,5,828,0.05,completed,Bank Transfer
S0012637,C00596,P0196,ST017,4/21/2025,1,1408,0.15,Cancelled,Mobile Money
S0015450,C00089,P0153,ST011,10/24/2025,10,1063,0.15,Returned,Card
S0016298,C00299,P0153,ST019,5/29/2025,10,1222,0.2,Cancelled,Card
S0017855,C00747,P0153,ST001,3/14/2026,2,655,0,Pending,Cash
S0011787,C00365,P0153,ST016,5/15/2025,8,145,0.05,Cancelled,Mobile Money
S0016868,C00286,P0153,ST011,9/16/2025,3,1210,0.15,Cancelled,Card
S0013220,C00408,P0153,ST015,5/28/2025,4,1113,0,Pending,Bank Transfer
S0019308,C00272,P0153,ST015,4/2/2025,9,1046,0.2,completed,Mobile Money
S0011409,C00744,P0153,ST003,12/2/2026,9,1497,0.2,Cancelled,Mobile Money
S0015489,C00350,P0196,ST020,4/12/2026,7,195,0.05,completed,Bank Transfer
S0017313,C00268,P0153,ST017,6/4/2025,8,970,0,Cancelled,Card
S0011188,C00576,P0196,ST015,7/19/2026,1,7,0.05,Cancelled,Card
S0010918,C00135,P0153,ST011,7/7/2026,3,358,0,Cancelled,Cash
S0013156,C00357,P0153,ST014,1/28/2026,3,1090,0.1,Cancelled,Cash
S0019481,C00710,P0153,ST004,12/29/2025,10,1471,0.1,Returned,Mobile Money
S0014673,C00999,P0037,ST002,7/2/2025,2,393,0.1,completed,Card
S0013215,C00552,P0037,ST016,11/17/2025,1,645,0.15,completed,Bank Transfer
S0018050,C00304,P0037,ST007,8/22/2025,8,848,0.05,Cancelled,Card
S0011868,C00691,P0037,ST014,6/17/2026,9,545,0.2,completed,Cash
S0010890,C00190,P0037,ST002,7/9/2026,1,1306,0.05,Returned,Cash
S0011113,C00457,P0037,ST016,5/18/2026,5,504,0.15,Cancelled,Cash
S0017105,C00761,P0037,ST010,2/28/2026,10,440,0.2,Cancelled,Card
S0015464,C00820,P0037,ST009,5/18/2026,10,63,0.15,completed,Card
S0010420,C00156,P0037,ST006,5/2/2026,5,1490,0.1,Returned,Mobile Money
S0019098,C00023,P0037,ST010,4/27/2025,8,1023,0.15,Cancelled,Card
S0019532,C00001,P0037,ST010,11/8/2025,6,931,0.2,Pending,Bank Transfer
S0013025,C00923,P0037,ST009,7/8/2025,8,717,0.1,Cancelled,Card
S0012923,C00938,P0037,ST015,11/18/2025,3,335,0.1,Pending,Cash
S0017675,C00345,P0037,ST012,7/4/2026,10,1348,0.15,Cancelled,Cash
S0012918,C00131,P0037,ST001,7/9/2025,1,1250,0,Pending,Bank Transfer
S0014569,C00683,P0037,ST010,12/7/2025,4,282,0.1,Returned,Card
S0014907,C00889,P0037,ST008,8/31/2025,5,353,0.2,completed,Card
S0017881,C00094,P0037,ST006,6/23/2026,7,685,0.15,completed,Cash
S0019074,C00616,P0037,ST014,5/4/2026,1,90,0,Completed,Cash
S0014352,C00567,P0037,ST010,8/28/2025,2,1145,0.2,completed,Bank Transfer
S0019553,C00887,P0037,ST008,4/25/2025,5,1136,0,Pending,Cash
S0018589,C00241,P0037,ST016,4/13/2026,10,1338,0.05,Returned,Cash
S0012221,C00354,P0037,ST008,4/5/2026,5,705,0,Pending,Cash
S0015425,C00724,P0037,ST011,6/9/2026,2,74,0.2,Pending,Cash
S0019175,C00985,P0037,ST005,12/11/2025,8,1044,0.05,Cancelled,Card
S0016206,C00608,P0037,ST006,6/7/2025,8,235,0.05,Returned,Mobile Money
S0019257,C00909,P0037,ST008,6/24/2025,6,1190,0.15,Completed,Bank Transfer
S0012458,C00013,P0037,ST003,6/10/2026,7,1401,0.2,Returned,Bank Transfer
S0016477,C00094,P0037,ST009,3/20/2026,1,908,0.15,Completed,Card
S0019461,C00312, P0037 ,ST015,3/15/2026,5,1187,0,Pending,Cash
S0010719,C00761,P0037,ST015,7/7/2026,4,367,0.1,Pending,Mobile Money
S0019226,C00910,P0037,ST015,7/27/2025,1,240,0,completed,Bank Transfer
S0015257,C00753,P0037,ST017,2/13/2026,1,1410,0,Cancelled,Cash
S0019067,C00389,P0037,ST020,1/3/2026,5,237,0,Returned,Bank Transfer
S0019487,C00193,P0037,ST001,1/21/2026,5,66,0.2,completed,Bank Transfer
S0013119,C00716,P0037,ST009,2/14/2026,6,844,0.1,completed,Card
S0010866,C00749,P0037,ST002,4/7/2026,2,996,0.15,Completed,Card
S0010851,C00472,P0037,ST003,12/29/2025,8,1000,0.1,Completed,Bank Transfer
S0010027,C00125,P0037,ST001,2/21/2025,2,488,0.2,Completed,Card
S0017344,C00797,P0175,ST013,4/13/2026,3,198,0.05,Cancelled,Mobile Money
S0015758,C00680,P0037,ST010,5/3/2026,7,349,0.05,Returned,Mobile Money
S0017437,C00014,P0037,ST003,5/27/2025,5,224,0.15,Pending,Cash
S0010521,C00245,P0037,ST012,9/28/2025,10,469,0.15,Returned,Cash
S0016285,C00955,P0175,ST008,4/6/2026,8,24,0.1,Returned,Mobile Money
S0018245,C00246,P0037,ST019,5/14/2026,4,301,0.2,Completed,Bank Transfer
S0011929,C00901,P0175,ST016,4/24/2026,7,573,0.2,Returned,Cash
S0013903,C00098,P0037,ST017,4/14/2026,9,1058,0.05,Completed,Card
S0015730,C00137,P0037,ST003,2/27/2026,10,1330,0.15,completed,Card
S0017074,C00809,P0037,ST008,7/7/2025,8,713,0.05,Completed,Mobile Money
S0016034,C00704,P0175,ST009,2/7/2026,2,455,0.15,Pending,Cash
S0013977,C00975,P0037,ST008,1/19/2026,8,1163,0.1,Pending,Card
S0016266,C00925,P0175,ST010,9/22/2025,3,1267,0.05,Cancelled,Bank Transfer
S0019213,C00790,P0175,ST010,1/18/2026,7,344,0.15,Completed,Mobile Money
S0014321,C00612,P0175,ST015,3/21/2025,6,1340,0.1,Pending,Card
S0013576,C00982,P0175,ST012,9/2/2026,7,1089,0.1,Completed,Card
S0015399,C00425,P0037,ST005,7/1/2025,6,1219,0.05,Completed,Card
S0012721,C00940,P0175,ST003,3/10/2025,6,1264,0.1,Completed,Cash
S0015279,C00562,P0175,ST020,12/5/2025,8,407,0.15,Pending,Cash
S0012557,C00300,P0175,ST014,11/22/2025,2,761,0.15,Returned,Mobile Money
S0013366,C00092,P0175,ST009,5/11/2025,3,29,0.2,Pending,Mobile Money
S0010742,C00206,P0175,ST005,4/30/2026,2,422,0.15,Pending,Card
S0012113,C00392,P0037,ST002,5/22/2026,10,264,0.05,Returned,Bank Transfer
S0010867,C00895,P0175,ST003,2/22/2026,3,1290,0.05,Returned,Bank Transfer
S0018745,C00915,P0175,ST016,1/20/2025,6,413,0.05,Cancelled,Cash
S0017073,C00344,P0175,ST013,1/17/2025,4,1464,0.1,completed,Card
S0019842,C00559,P0175,ST008,2/11/2025,7,1401,0,Completed,Cash
S0018979,C00466,P0175,ST016,7/21/2025,5,1281,0.1,completed,Card
S0016908,C00135,P0037,ST013,7/25/2025,3,432,0.1,Pending,Mobile Money
S0012717,C00658,P0175,ST002,6/24/2026,7,1290,0.1,Completed,Mobile Money
S0019788,C00720,P0175,ST016,2/12/2025,7,1087,0.1,Cancelled,Mobile Money
S0016696,C00300,P0175,ST001,2/19/2025,3,881,0.2,completed,Bank Transfer
S0010288,C00929,P0175,ST010,8/12/2025,10,1254,0.1,completed,Bank Transfer
S0013974,C00818,P0175,ST009,1/24/2025,9,349,0.15,completed,Cash
S0016548,C00579,P0175,ST012,1/3/2025,5,750,0.15,completed,Mobile Money
S0014724,C00993,P0175,ST013,7/7/2026,4,1308,0.1,Completed,Mobile Money
S0011741,C00642,P0175,ST020,6/24/2026,7,828,0,Cancelled,Mobile Money
S0012858,C00587,P0175,ST015,5/27/2026,2,900,0.1,completed,Cash
S0015113,C00554,P0037,ST020,11/8/2025,1,1347,0.1,Pending,Mobile Money
S0011325,C00451,P0175,ST018,3/4/2026,7,372,0.2,Completed,Card
S0012778,C00053,P0175,ST011,5/12/2026,1,1150,0.1,Pending,Cash
S0018014,C00322,P0175,ST003,1/2/2026,3,280,0.1,Returned,Bank Transfer
S0010691,C00102,P0175,ST004,5/15/2025,7,320,0.2,completed,Mobile Money
S0011269,C00459,P0175,ST010,1/15/2026,8,902,0.2,Completed,Bank Transfer
S0019663,C00597,P0175,ST019,9/10/2025,2,1284,0.2,completed,Bank Transfer
S0016655,C00878,P0175,ST007,6/21/2025,4,748,0.2,Completed,Cash
S0013475,C00007,P0175,ST008,2/17/2025,2,812,0.2,Completed,Card
S0012031,C00062,P0175,ST006,8/25/2025,7,691,0,Returned,Card
S0011791,C00282,P0175,ST006,1/26/2025,5,307,0.05,Completed,Mobile Money
S0019058,C00095,P0175,ST005,5/31/2026,9,1500,0.2,Pending,Card
S0019182,C00859,P0175,ST019,3/4/2025,5,178,0.1,Pending,Bank Transfer
S0010415,C00414,P0175,ST016,6/3/2025,4,759,0.15,Returned,Mobile Money
S0013342,C00896,P0175,ST014,5/9/2026,8,607,0.1,Returned,Card
S0017799,C00837,P0175,ST007,9/4/2025,2,687,0.1,Completed,Cash
S0016963,C00064,P0175,ST006,1/29/2025,7,267,0,Cancelled,Bank Transfer
S0016657,C00836,P0175,ST018,1/20/2026,7,889,0.2,Cancelled,Cash
S0019959,C00695,P0175,ST010,4/28/2025,5,1454,0.05,Completed,Mobile Money
S0012567,C00869,P0175,ST011,6/21/2025,9,1075,0.1,Cancelled,Cash
S0014349,C00938,P0175,ST019,10/10/2025,9,1350,0.1,Completed,Mobile Money
S0011128,C00339,P0175,ST017,6/17/2025,2,865,0.2,Completed,Cash
S0016472,C00793,P0175,ST003,8/14/2025,2,26,0.1,Pending,Mobile Money
S0012228,C00299,P0175,ST007,2/27/2026,1,1008,0.1,Completed,Card
S0011236,C00510,P0051,ST014,10/2/2025,2,449,0.2,Returned,Bank Transfer
S0013630,C00078,P0051,ST012,6/4/2025,3,1102,0.2,Completed,Cash
S0013051,C00745,P0051,ST012,8/31/2025,6,1400,0,Returned,Mobile Money
S0018852,C00001,P0051,ST007,9/24/2025,4,816,0.1,completed,Cash
S0018039,C00929,P0051,ST006,7/10/2025,7,1467,0.15,Cancelled,Card
S0016163,C00745,P0051,ST012,2/2/2025,9,647,0.15,Pending,Card
S0013174,C00820,P0051,ST020,11/13/2025,4,1026,0.2,completed,Card
S0017673,C00011,P0051,ST020,10/21/2025,10,251,0,Returned,Mobile Money
S0010926,C00254,P0051,ST007,3/24/2025,10,157,0.05,Pending,Card
S0010901,C00691,P0051,ST001,1/23/2026,3,1492,0.2,Returned,Card
S0019757,C00775,P0051,ST001,2/21/2026,4,588,,Cancelled,Cash
S0015597,C00201,P0051,ST018,7/29/2026,9,1338,0.05,Cancelled,Cash
S0018832,C00897,P0051,ST002,4/2/2025,10,217,0.05,Completed,Bank Transfer
S0012284,C00362,P0051,ST013,1/12/2025,1,457,0.05,Pending,Card
S0012615, C00781 ,P0051,ST014,4/2/2026,2,661,0.05,Completed,Mobile Money
S0017229,C00221,P0051,ST016,5/2/2025,3,754,0.2,Completed,Cash
S0011624,C00481,P0051,ST003,3/27/2026,3,279,0,Pending,Mobile Money
S0012456,C99999,P0051,ST008,4/21/2025,10,1,0.2,Cancelled,Cash
S0018186,C00863,P0051,ST007,5/20/2025,3,821,0.05,Pending,Bank Transfer
S0017238,C00484,P0051,ST009,8/5/2025,10,313,0,Cancelled,Cash
S0019280,C00881,P0051,ST006,6/16/2025,9,108,0.1,Completed,Card
S0013431,C00614,P0051,ST017,7/19/2026,10,1071,0.1,completed,Mobile Money
S0013996,C00796,P0051,ST010,4/26/2026,2,1369,0.2,Completed,Card
S0013222,C00185,P0051,ST016,12/18/2025,9,498,0,Cancelled,Card
S0017930,C00578,P0051,ST002,10/27/2025,1,848,0.1,Pending,Cash
S0015721,C00324,P0051,ST012,1/28/2025,10,941,0.15,Completed,Mobile Money
S0010473,C00660,P0041,ST008,3/17/2025,10,788,0.15,Completed,Card
S0013657,C99999,P0051,ST005,6/13/2025,3,643,0.2,completed,Mobile Money
S0016259,C00573,P0051,ST013,7/31/2026,4,1350,0.15,Pending,Bank Transfer
S0012364,C00483,P0051,ST001,10/15/2025,7,309,0,Completed,Card
S0019494,C00720,P0051,ST005,6/13/2025,4,933,0.2,Returned,Mobile Money
S0016614,C00692,P0051,ST014,5/15/2025,7,302,0.15,Completed,Card
S0012026,C00309,P0051,ST012,3/29/2026,5,785,0.2,Cancelled,Bank Transfer
S0012523,C00047,P0041,ST010,4/22/2025,10,1305,0.2,Completed,Mobile Money
S0010692,C00543,P0051,ST007,11/11/2025,7,312,0.1,Pending,Mobile Money
S0014605,C00685,P0041,ST003,1/25/2026,6,276,0.1,Pending,Bank Transfer
S0019876,C00403,P0051,ST019,6/10/2026,9,1037,0.2,completed,Cash
S0017202,C00619,P0041, ST015 ,3/31/2026,4,1411,0,Pending,Cash
S0017614,C00359,P0051,ST006,3/7/2026,8,1057,0.05,completed,Bank Transfer
S0011235,C00727,P0041,ST017,4/3/2026,3,869,0.15,Completed,Card
S0015091,C00862,P0041,ST005,8/19/2025,9,1354,0.05,Cancelled,Cash
S0012959,C00160,P0041,ST006,4/3/2026,1,1138,0.05,completed,Bank Transfer
S0012682,C00181,P0041,ST014,3/2/2026,8,1331,0.2,Returned,Cash
S0012932,C00901,P0051,ST010,7/23/2026,3,901,0.15,Completed,Cash
S0017669,C00991,P0041,ST005,1/24/2025,7,780,0.1,Completed,Cash
S0014991,C00315,P0041,ST007,2/23/2026,3,265,0,completed,Card
S0019829,C00655,P0051,ST013,10/1/2025,10,219,0.1,Completed,Bank Transfer
S0013860,C00638,P0041,ST010,2/2/2026,6,1375,0.05,Completed,Bank Transfer
S0010130,C00715,P0041,ST012,5/3/2025,2,1412,0.2,Cancelled,Card
S0014589,C00712,P0041,ST009,6/24/2026,8,43,0,Cancelled,Cash
S0018958,C00933,P0041,ST018,1/25/2026,5,1401,0.05,Returned,Mobile Money
S0013813,C00514,P0041,ST017,7/5/2026,6,908,0.2,Pending,Cash
S0017722,C00708,P0041,ST019,4/8/2026,1,1052,0.2,Cancelled,Cash
S0014683,C00633,P0041,ST018,10/24/2025,1,50,0.1,Returned,Card
S0010927,C00528,P0041,ST007,5/29/2025,6,1471,0,Cancelled,Mobile Money
S0010257,C00295,P0041,ST016,7/3/2026,5,901,0.1,Returned,Cash
S0011470,C00955,P0041,ST019,5/13/2026,10,171,0.1,Completed,Card
S0012770,C00601,P0041,ST015,3/22/2025,6,1428,0.2,Pending,Card
S0019288,C00721,P0041,ST012,10/8/2025,5,302,0,Completed,Bank Transfer
S0016099,C00414,P0041,ST018,6/17/2026,8,841,0.2,Pending,Cash
S0016676,C00032,P0041,ST012,2/12/2025,6,353,0.1,Returned,Bank Transfer
S0010167,C00306,P0041,ST015,1/22/2025,2,142,0,completed,Card
S0013800,C00384,P0041,ST002,5/7/2025,8,1434,0.15,Returned,Bank Transfer
S0017036,C00331,P0041,ST012,4/10/2025,10,174,0.15,Cancelled,Mobile Money
S0017171,C00792,P0041,ST013,3/8/2025,3,623,0,completed,Mobile Money
S0018746,C00352,P0041,ST020,6/7/2026,10,380,0.15,Returned,Card
S0010059,,P0041,ST017,7/30/2025,7,1022,0.2,completed,Cash
S0016397,C00715,P0041,ST009,6/14/2026,6,1451,0.2,Returned,Mobile Money
S0015853,C00905,P0041,ST003,3/14/2026,1,907,0.2,Cancelled,Cash
S0012675,C00371,P0041,ST002,5/7/2026,10,1287,0,completed,Cash
S0011584,C00550,P0041,ST008,6/6/2026,1,1425,0.2,Returned,Mobile Money
S0010142,C00597,P0041,ST013,4/14/2026,9,385,0.1,completed,Card
S0012710,C00410,P0041,ST017,4/14/2025,4,1430,0.1,Completed,Bank Transfer
S0011011,C00936,P0041,ST005,7/9/2026,7,1474,0.15,completed,Mobile Money
S0010176,C00306,P0041,ST008,5/29/2026,8,387,0.1,completed,Card
S0012987,C00696,P0041,ST016,3/26/2025,8,1427,0.05,Completed,Card
S0014707,C00017,P0041,ST001,5/18/2026,6,88,0,Cancelled,Mobile Money
S0013456,C00627,P0041,ST009,12/16/2025,1,1169,0.2,Cancelled,Cash
S0011552,C00447,P0041,ST011,3/20/2026,4,599,0.05,completed,Bank Transfer
S0017458,C00949,P0041,ST006,2/12/2026,7,62,0.15,Cancelled,Bank Transfer
S0018142,C00683,P0041,ST018,2/1/2026,2,1066,0.05,completed,Cash
S0018268,C00072,P0120,ST017,5/24/2025,9,1320,0.2,Completed,Card
S0010656,C00141,P0120,ST016,5/19/2025,4,344,0,Pending,Cash
S0014513,C00259,P0041,ST003,5/14/2025,4,440,0.05,Completed,Mobile Money
S0010412,C00898,P0041,ST011,6/19/2026,2,1142,0,Returned,Mobile Money
S0017286,C00089,P0120,ST012,2/19/2025,8,1417,0.05,Returned,Cash
S0012611,C00124,P0041,ST009,11/28/2025,9,1445,0.2,Returned,Bank Transfer
S0017888,C00930,P0041,ST001,1/22/2026,4,471,0.1,Completed,Bank Transfer
S0012352,C00935,P0041,ST009,3/25/2025,7,817,0.2,Cancelled,Card
S0017781,C00533,P0041,ST011,10/27/2025,8,1216,0.1,Cancelled,Mobile Money
S0012939,C00583,P0041,ST018,12/28/2025,8,607,0.2,Cancelled,Cash
S0013003,C00016,P0120,ST007,5/4/2026,3,1458,0.15,Returned,Card
S0013313,C00596,P0120,ST003,11/6/2025,1,99,0.15,completed,Mobile Money
S0019035,C00689,P0120,ST011,8/18/2025,8,763,0.1,Pending,Mobile Money
S0010857,C00750,P0120,ST013,1/27/2026,2,650,0,Completed,Card
S0019151,C00122,P0120,ST013,8/8/2025,2,1147,0.15,Completed,Card
S0012551,C00022,P0120,ST013,1/18/2026,10,1139,0.1,Pending,Bank Transfer
S0013659,C00364,P0120,ST015,9/7/2025,5,799,0.2,Cancelled,Card
S0012863,C00267,P0120,ST007,6/28/2026,10,95,0.05,Cancelled,Cash
S0015879,C00991,P0120,ST018,4/2/2026,2,493,0.05,Returned,Cash
S0010797,C00847,P0120,ST014,3/19/2026,1,260,0.2,Returned,Cash
S0019144,C00208,P0120,ST020,12/13/2025,5,336,0.2,Pending,Cash
S0015517,C00301,P0120,ST010,7/31/2026,10,756,0.1,completed,Card
S0018467,C00531,P0120,ST003,5/20/2026,9,913,0.15,Cancelled,Bank Transfer
S0018065,C00569,P0120,ST012,5/30/2026,1,24,0.15,completed,Bank Transfer
S0012876,C00840,P0120,ST001,4/14/2026,7,128,0.2,Completed,Card
S0019968,C00410,P0120,ST001,2/25/2026,5,1080,0.05,completed,Mobile Money
S0019958,C00485,P0120,ST005,5/30/2025,8,267,0.15,Completed,Cash
S0019919,C00532,P0120,ST004,1/17/2025,7,1075,0,completed,Cash
S0018165,C00169,P0120,ST002,7/13/2025,3,123,0.05,Completed,Cash
S0014495,C00306,P0120,ST019,2/16/2025,3,1029,0.15,Cancelled,Card
S0013621,C00579,P0120,ST002,8/9/2025,5,1335,0.15,completed,Cash
S0011756,C00965,P0120,ST003,7/10/2026,8,342,0.15,Returned,Mobile Money
S0017620,C00641,P0120,ST002,4/23/2026,1,1205,0.1,Pending,Bank Transfer
S0010738,C00990,P0120,ST003,1/20/2025,2,1323,0.1,completed,Card
S0018300,C00826,P0120,ST010,5/5/2025,6,1259,0.2,Returned,Cash
S0018394,C00715,P0120,ST019,8/13/2025,3,1177,0.05,Pending,Card
S0014660,C00829,P0120,ST013,6/18/2025,1,748,0.15,Pending,Mobile Money
S0014711,C00430,P0120,ST015,2/3/2025,9,695,0,completed,Cash
S0013685,C00724,P0120,ST002,4/16/2025,6,608,0.1,Completed,Card
S0011785,C00908,P0120,ST017,1/5/2026,6,532,0.15,Returned,Card
S0019404,C00153,P0120,ST017,2/21/2025,9,565,0.15,Cancelled,Card
S0010044,C00949,P0120,ST010,4/30/2025,6,234,0,completed,Cash
S0013405,C00493,P0120,ST002,9/8/2025,5,14,0.1,Completed,Bank Transfer
S0018572,C00812,P0120,ST019,5/19/2026,9,1376,0.15,Returned,Mobile Money
S0013598,C00537,P0120,ST019,2/8/2025,1,401,0,Cancelled,Bank Transfer
S0017047,C00884,P0120,ST019,11/8/2025,10,1245,0.2,Returned,Mobile Money
S0018228,C00194,P0120,ST015,4/26/2025,4,64,0,Pending,Mobile Money
S0015757,C00996,P0120,ST020,10/19/2025,4,1065,0,completed,Mobile Money
S0014231,C00482,P0120,ST015,5/20/2026,1,172,0.15,Completed,Bank Transfer
S0017593,C00603,P0120,ST015,7/13/2026,6,1104,0.2,Cancelled,Mobile Money
S0019772,C00833,P0114,ST015,6/28/2026,10,993,0.15,completed,Cash
S0012922,C00438,P0120,ST004,6/3/2026,6,770,0.05,Returned,Card
S0019265,C00396,P0120,ST010,4/23/2026,6,161,0.1,Pending,Mobile Money
S0019223,C00760,P0120,ST004,5/22/2025,1,1307,0.05,completed,Mobile Money
S0018752,C00265,P0120,ST002,4/18/2026,8,1192,0,Completed,Card
S0013590,C00691,P0120,ST012,6/7/2025,10,1326,0,Returned,Mobile Money
S0010401,C00729,P0182,ST015,6/15/2026,2,1183,0.2,Completed,Card
S0012644,C00713,P0182,ST007,5/16/2026,3,425,0.05,Cancelled,Bank Transfer
S0017950,C00917,P0182,ST018,5/23/2026,10,401,0,Completed,Mobile Money
S0012839,C00756,P0148,ST006,11/23/2025,8,244,0.1,Pending,Mobile Money
S0012920,C00796,P0120,ST008,7/15/2025,8,360,0.2,Cancelled,Mobile Money
S0010660,C00843,P0182,ST011,11/19/2025,6,825,0.1,completed,Card
S0013200,C00653,P0114,ST016,5/3/2026,9,1301,0,Completed,Bank Transfer
S0010827,,P0182,ST014,2/8/2026,1,1180,0.2,Pending,Cash
S0017305,C00529,P0182,ST008,4/22/2025,2,37,0.2,Completed,Mobile Money
S0016381,C00670,P0182,ST006,9/27/2025,6,129,0.2,Returned,Card
S0013625,C00576,P0114,ST008,1/22/2025,10,1061,0.1,Pending,Cash
S0017927,C00708,P0114,ST019,9/29/2025,4,905,0.1,Cancelled,Mobile Money
S0012125,C00174,P0182,ST002,4/19/2025,1,940,0,completed,Mobile Money
S0015620,C00220,P0182,ST007,6/19/2026,5,383,0.05,completed,Cash
S0013300,C00129,P0114,ST002,2/6/2026,10,1315,0.1,Pending,Card
S0010844,C00487,P0182,ST017,1/2/2026,5,358,0.05,Pending,Bank Transfer
S0014312,C00811,P0114,ST011,3/15/2025,2,1072,0.05,completed,Bank Transfer
S0011695,C00193,P0114,ST009,5/6/2026,2,323,0.1,Returned,Bank Transfer
S0016469,C00086,P0114,ST004,5/28/2026,6,1262,0.15,Completed,Bank Transfer
S0011810,C00652,P0182,ST018,10/16/2025,8,96,0,Pending,Cash
S0019980,C00482,P0182,ST012,3/26/2025,6,724,0,Returned,Cash
S0013939,C00501,P0182,ST008,12/10/2025,8,1192,0,Completed,Card
S0019718,C00894,P0182,ST015,6/14/2025,4,218,0.15,Completed,Cash
S0013027,C00206,P0114,ST014,7/30/2025,4,306,0.15,Pending,Card
S0014371,C00793,P0114,ST014,4/10/2026,2,1044,0.1,Pending,Card
S0013753,C00154,P0182,ST007,8/25/2025,4,86,0.2,Cancelled,Card
S0011424,C00938,P0182,ST008,4/20/2026,10,47,0.05,Pending,Card
S0015574,C00811,P0114,ST009,7/5/2026,4,1445,0.15,Pending,Card
S0019739,C00361,P0182,ST016,3/30/2025,2,990,0.1,Cancelled,Card
S0013990,C00018,P0182,ST012,6/3/2026,7,554,0.15,Returned,Cash
S0012315,C00630,P0182,ST011,12/18/2025,4,1205,0,Cancelled,Mobile Money
S0019363,C00075,P0114,ST016,11/12/2025,4,249,0,Returned,Mobile Money
S0014749,C00620,P0182,ST018,3/12/2026,4,971,0.1,Returned,Mobile Money
S0011168,C00904,P0114,ST007,4/13/2025,1,610,0.15,Completed,Mobile Money
S0015696,C00152,P0182,ST020,6/19/2025,2,1182,0,Completed,Mobile Money
S0015100,C00358,P0114,ST006,6/1/2026,8,222,0.2,Completed,Cash
S0011932,C00529,P0182,ST008,12/7/2025,8,1095,0.2,Pending,Bank Transfer
S0014393,C00800,P0182,ST007,7/10/2026,10,231,0.2,Pending,Mobile Money
S0011965,C00975,P0114,ST001,7/9/2025,7,1000,0,Pending,Card
S0013584,C00522,P0182,ST009,1/9/2025,9,1314,0.15,Cancelled,Bank Transfer
S0018562,C00355,P0182,ST012,2/6/2026,7,1260,0.15,Returned,Bank Transfer
S0011419,C00274,P0148,ST015,9/12/2025,7,150,0.15,Cancelled,Bank Transfer
S0012148,C00406,P0182,ST020,4/14/2026,10,301,0.2,completed,Cash
S0010220,C00720,P0182,ST013,7/19/2026,8,337,0,Returned,Mobile Money
S0010809,C00125,P0148,ST007,3/10/2025,3,86,0,Pending,Bank Transfer
S0011804,C00047,P0114,ST019,3/23/2026,2,1070,0,Completed,Cash
S0016146,C00470,P0114,ST001,5/8/2026,2,793,0,Pending,Bank Transfer
S0012117,C00165,P0182,ST007,7/28/2025,6,200,0.2,completed,Card
S0013311,C00288,P0114,ST013,1/15/2025,1,1236,0.15,Returned,Mobile Money
S0013390,C00039,P0114,ST006,2/9/2026,10,1283,0,Completed,Mobile Money
S0013084,C00844,P0182,ST019,3/25/2025,4,1397,0.15,Returned,Card
S0014451,C00765,P0114,ST010,7/23/2025,9,354,0.1,completed,Card
S0016561,C00930,P0148,ST017,11/28/2025,8,1054,0.1,Cancelled,Bank Transfer
S0010863,C00016,P0114,ST017,1/27/2025,10,1441,0.2,Returned,Bank Transfer
S0019009,C00155,P0114,ST011,1/9/2026,2,1008,0,Returned,Card
S0012203,C00658,P0114,ST004,3/10/2026,9,1022,0,Cancelled,Card
S0018597,C00130,P0114,ST013,6/1/2026,1,312,0.05,Pending,Card
S0012626,C00875,P0148,ST015,3/29/2026,6,344,0.1,completed,Cash
S0017920,C00254,P0114,ST017,3/27/2026,1,496,0,Returned,Cash
S0013164,C00348,P0182,ST020,5/12/2026,7,114,0.2,Cancelled,Mobile Money
S0012340,C00870,P0114,ST002,4/17/2025,10,364,0.1,Cancelled,Cash
S0010372,C00524,P0114,ST012,5/21/2026,2,1104,0.15,Completed,Cash
S0014533,C00712,P0114,ST008,8/2/2025,6,640,0.2,Completed,Card
S0015651,C00269,P0114,ST014,8/29/2025,1,1197,0.1,Pending,Mobile Money
S0016976,C00726,P0148,ST004,11/27/2025,3,1014,0.1,Cancelled,Bank Transfer
S0012150,C00590,P0114,ST005,11/17/2025,2,764,0.15,Returned,Card
S0015246,C00928,P0182,ST004,11/10/2025,2,382,0.1,Cancelled,Bank Transfer
S0015678,C00105,P0182,ST018,2/16/2026,4,54,0.15,Returned,Cash
S0012974,C00988,P0148,ST006,3/4/2026,9,18,0.2,Completed,Mobile Money
S0011003,C00543,P0114,ST002,2/19/2026,3,772,0,Returned,Mobile Money
S0010292,C00602,P0114,ST003,4/1/2026,6,293,0.05,Completed,Mobile Money
S0018377,C00942,P0114,ST020,11/11/2025,8,671,0.2,Pending,Mobile Money
S0012017,C00152,P0114,ST006,4/25/2025,7,1124,0.1,Completed,Bank Transfer
S0013838,C00195,P0114,ST012,10/29/2025,5,879,0.2,Completed,Card
S0014924,C00723,P0114,ST018,1/15/2026,5,367,0.05,Cancelled,Bank Transfer
S0015035,C00189,P0148,ST013,12/21/2025,6,415,0.2,Cancelled,Cash
S0015499,C00610,P0182,ST014,3/13/2026,6,816,0,Returned,Cash
S0013840,C00474,P0114,ST019,7/29/2026,3,917,0.1,Pending,Cash
S0013730,C00430,P0148,ST009,5/17/2025,5,1486,0,Completed,Bank Transfer
S0013312,C00986,P0182,ST009,6/29/2025,3,162,0.15,Pending,Mobile Money
S0019419,C00371,P0114,ST018,10/6/2025,10,303,0.2,Pending,Mobile Money
S0018177,C00916,P0148,ST006,9/1/2025,7,1334,0.15,Returned,Cash
S0014443,C00457,P0148,ST016,7/28/2025,4,530,0.05,Cancelled,Card
S0017580,C00802,P0182,ST010,2/7/2026,9,656,0.2,Returned,Cash
S0020038,C00539,P0148,ST018,4/27/2025,4,249,0.1,Cancelled,Cash
S0012186,C00107,P0148,ST009,2/17/2026,4,62,0.2,Returned,Bank Transfer
S0010580,C00081,P0148,ST007,4/13/2026,4,1196,0.1,Cancelled,Mobile Money
S0015438,C00765,P0148,ST014,5/26/2026,7,530,0.1,Returned,Card
S0019694,C00720,P0148,ST016,2/10/2025,3,1404,0.1,Pending,Bank Transfer
S0011276,C00150,P0114,ST002,5/24/2026,1,888,0.15,Completed,Mobile Money
S0017275,C00832,P0182,ST019,2/27/2026,3,948,,Cancelled,Bank Transfer
S0019609,C00940,P0148,ST006,8/29/2025,1,1130,0.2,Cancelled,Card
S0013134,C00515,P0148,ST005,6/4/2026,5,1345,0,completed,Card
S0016279,C00469,P0114,ST014,6/17/2026,9,1137,0.2,Cancelled,Mobile Money
S0012801,C00380,P0114,ST019,1/30/2025,4,826,0.2,Pending,Card
S0014737,C00264,P0114,ST018,8/3/2025,1,951,0.05,Returned,Cash
S0017019,C00192,P0182,ST015,6/7/2026,3,653,0.2,Returned,Mobile Money
S0017668,C00033,P0114,ST009,7/20/2026,5,1453,0.15,Pending,Card
S0011388,C00648,P0114,ST012,7/24/2026,6,1118,0.15,Returned,Cash
S0015545,C00355,P0114,ST016,7/29/2025,6,376,0.1,Cancelled,Card
S0010194,C00259,P0148,ST007,4/13/2026,10,455,0,completed,Bank Transfer
S0014596,C00144,P0114,ST004,7/7/2025,9,727,0.15,Pending,Mobile Money
S0015973,C00349,P0148,ST016,5/3/2026,9,1409,0.2,Returned,Card
S0018868,C00912,P0114,ST008,2/21/2025,4,111,0.1,Pending,Cash
S0013288,C00185,P0148,ST016,12/15/2025,10,604,0.15,completed,Cash
S0012171,C00570,P0114,ST010,8/22/2025,5,800,0,Cancelled,Card
S0018703,C00704,P0148,ST004,7/20/2026,4,1455,0.15,Returned,Mobile Money
S0010704,C00434,P0182,ST013,3/27/2026,6,830,0.05,Completed,Cash
S0019857,C00292,P0148,ST009,5/5/2026,5,1396,0.1,Pending,Bank Transfer
S0016762,C00492, P0114 ,ST010,3/31/2025,8,1095,0.1,Pending,Mobile Money
S0016105,C00229,P0148,ST017,9/15/2025,4,354,0.15,Pending,Card
S0011320,C00508,P0114,ST001,2/20/2026,10,815,0.05,Pending,Mobile Money
S0016052,C00905,P0148,ST002,10/16/2025,1,1417,0.05,Completed,Mobile Money
S0015063,C00694,P0114,ST013,2/21/2025,8,1362,0.1,Returned,Card
S0016400,C00336,P0182,ST014,5/1/2026,5,79,0.15,Returned,Card
S0015664,C00381,P0114,ST012,12/24/2025,3,1480,0.1,Completed,Mobile Money
S0015335,C00161,P0148,ST001,1/26/2025,7,339,0.05,Pending,Card
S0019412,C00583,P0148,ST011,2/18/2025,8,133,0.05,Pending,Bank Transfer
S0012209,C00657,P0114,ST015,12/19/2025,2,79,0.15,Pending,Card
S0015939,C00059,P0114,ST001,7/10/2026,1,1310,0.15,Cancelled,Mobile Money
S0013830,C00261,P0148,ST007,7/18/2025,1,42,0.2,Completed,Cash
S0015474,C00188,P0114,ST009,5/15/2026,1,1273,0.05,Returned,Cash
S0010785,C00954,P0148,ST002,8/7/2025,1,1413,0.2,Pending,Mobile Money
S0016234,C00409,P0114,ST010,11/20/2025,3,120,0.2,Cancelled,Card
S0010058,C00538,P0148,ST017,9/30/2025,5,1095,0,Pending,Bank Transfer
S0019149,C00003,P0148,ST013,7/19/2025,3,540,0.2,Returned,Cash
S0019354,C00427,P0148,ST011,4/30/2026,6,438,0.15,completed,Cash
S0012054,C00352,P0148,ST015,5/2/2025,8,303,0.1,Cancelled,Cash
S0019048,C00016,P0148,ST009,6/16/2025,8,161,0.05,Returned,Card
S0013279,C00833,P0114,ST016,6/27/2026,3,116,0.15,Pending,Bank Transfer
S0012311,C00918,P0148,ST001,3/26/2025,4,558,0.05,Completed,Bank Transfer
S0012439,C00377,P0148,ST010,1/28/2026,5,1282,0.15,Returned,Card
S0010892,C00356,P0148,ST016,3/4/2026,6,440,0.2,Cancelled,Bank Transfer
S0019622,C00631,P0148,ST005,6/21/2026,4,1049,0.1,Cancelled,Card
S0016504,C00184,P0148,ST012,7/30/2026,3,1374,0,Cancelled,Card
S0017187,C00443,P0148,ST005,3/6/2026,1,190,0.1,completed,Bank Transfer
S0018533,C00448,P0148,ST013,5/2/2025,4,158,0,completed,Mobile Money
S0011207,C00421,P0148,ST018,4/7/2026,4,1261,0.1,Cancelled,Card
S0015568,C00215,P0148,ST003,1/28/2025,2,16,0.1,Cancelled,Cash
S0010180,C00236,P0148,ST016,1/25/2026,6,132,0.2,Returned,Cash
S0019836,C00763,P0148,ST011,6/4/2026,2,898,0.2,Completed,Card
S0016238,C00162,P0114,ST010,11/6/2025,2,686,0,Cancelled,Card
S0011593,C00039,P0148,ST008,5/13/2026,4,809,0.15,Pending,Card
S0017863,C00958,P0148,ST011,4/7/2025,8,337,0.05,Pending,Card
S0015144,C00314,P0148,ST014,10/4/2025,3,380,0.2,Returned,Cash
S0020001,C00125,P0148,ST020,10/11/2025,2,960,0,Pending,Cash
S0012782,C00867,P0148,ST016,5/14/2026,2,133,0.1,completed,Mobile Money
S0019600,C00764,P0182,ST005,7/26/2026,6,784,0,Cancelled,Bank Transfer
S0012635,C00191,P0114,ST019,4/13/2026,1,1165,0,Completed,Bank Transfer
S0012723,C00526,P0148,ST016,10/25/2025,2,451,0.05,Cancelled,Card
S0014311,C00021,P0148,ST017,3/17/2025,9,734,0,Cancelled,Bank Transfer
S0019714,C00230,P0148,ST002,6/10/2025,10,347,0,Pending,Cash
S0014995,C00986,P0148,ST018,6/21/2026,4,1388,0.2,Completed,Bank Transfer
S0014710,C00868,P0073,ST019,1/5/2026,6,660,0.15,Pending,Card
S0019690,C00072,P0073,ST013,10/5/2025,5,230,0.1,Pending,Bank Transfer
S0017322,C00646,P0073,ST002,11/19/2025,4,705,0.15,Completed,Bank Transfer
S0013072,C00964,P0073,ST004,6/30/2025,5,1407,0.05,Returned,Mobile Money
S0016386,C00930,P0073,ST003,6/29/2025,8,1141,0.1,Cancelled,Bank Transfer
S0016204,C00315,P0073,ST015,1/26/2026,8,1496,0.1,completed,Mobile Money
S0012627,C00887,P0073,ST004,4/28/2026,10,597,0.1,Returned,Bank Transfer
S0014380,C00517,P0073,ST019,1/22/2025,4,790,0,Cancelled,Mobile Money
S0018044,C00084,P0073,ST008,2/7/2025,1,370,0.2,Returned,Bank Transfer
S0011874,C00903,P0073,ST015,2/27/2025,6,86,0.05,Cancelled,Bank Transfer
S0014457,C00948,P0073,ST001,3/28/2025,5,1154,0.15,Cancelled,Card
S0015880,C00070,P0073,ST003,4/19/2026,2,907,0.05,completed,Mobile Money
S0011473,C00734,P0073,ST016,3/4/2026,7,418,0.15,Pending,Bank Transfer
S0014779,C00286,P0073,ST006,3/18/2026,4,530,0.05,completed,Mobile Money
S0018056,C00115,P0073,ST020,9/19/2025,8,1307,0.2,completed,Mobile Money
S0010643,C00385,P0073,ST003,4/22/2026,9,56,0.2,completed,Cash
S0019422,C00693, P0073 ,ST005,11/19/2025,4,595,0.1,Completed,Card
S0013355,C00877,P0073,ST008,4/5/2025,6,521,0.1,Cancelled,Bank Transfer
S0013101,C00032,P0073,ST007,7/24/2026,6,962,0.15,Returned,Mobile Money
S0010157,C00197,P0073,ST008,1/7/2026,3,1377,0.15,completed,Card
S0017985,C00111,P0073,ST017,7/16/2026,6,495,0.05,Completed,Bank Transfer
S0012377,C00124,P0073,ST005,7/7/2025,7,727,0.2,Cancelled,Cash
S0013303,C00399,P0073,ST015,9/4/2025,9,689,0.15,Completed,Cash
S0014718,C00959,P0073,ST015,4/29/2026,6,852,0.2,Returned,Mobile Money
S0019042,C00068,P0073,ST014,11/26/2025,2,555,0.05,completed,Mobile Money
S0019961,C00349,P0073,ST013,6/12/2025,4,853,0.15,Completed,Bank Transfer
S0011461,C00198,P0073,ST019,10/13/2025,7,275,0.1,Completed,Bank Transfer
S0017251,C00172,P0073,ST011,3/18/2025,10,2,0.15,Returned,Mobile Money
S0014772,C00918,P0073,ST018,3/13/2026,2,1207,0.1,Pending,Bank Transfer
S0015619,C00311,P0073,ST017,10/25/2025,1,376,0,Returned,Cash
S0014325,C00959,P0073,ST019,3/25/2026,3,1054,0.2,Completed,Bank Transfer
S0019361,C00963,P0073,ST020,7/23/2025,9,893,0.2,Returned,Cash
S0018024,C00786,P0073,ST010,6/16/2026,8,759,0.05,Cancelled,Mobile Money
S0013490,C00423,P0073,ST019,5/6/2026,10,1267,0,Completed,Mobile Money
S0010864,C00506,P0073,ST009,3/7/2025,5,1213,0.1,Pending,Cash
S0016907,C00620,P0073,ST006,8/11/2025,3,855,0.1,Completed,Bank Transfer
S0017589,C00685,P0073,ST007,4/5/2026,6,744,0.2,Cancelled,Mobile Money
S0014840,C00353,P0073,ST014,5/7/2026,1,1151,0.2,Completed,Cash
S0013641,C00918,P0073,ST016,5/18/2025,9,1378,0.2,Returned,Cash
S0014791,C00905,P0073,ST010,6/14/2025,2,267,0.2,Completed,Bank Transfer
S0010987,C00709,P0073,ST005,6/22/2025,10,418,0.05,Pending,Mobile Money
S0013733,C00781,P0073,ST002,3/28/2026,10,579,0.2,Returned,Card
S0019154,C00878,P0073,ST010,5/5/2026,2,304,0.2,Completed,Mobile Money
S0015855,C00253,P0073,ST007,1/1/2026,2,1,0.05,completed,Mobile Money
S0013531,C00784,P0073,ST011,7/21/2025,6,367,0.05,Cancelled,Mobile Money
S0019866,C00168,P0159,ST006,12/18/2025,8,410,0.1,Returned,Mobile Money
S0013272,C00389,P0159,ST002,12/10/2025,2,514,0.05,Pending,Mobile Money
S0013018,C00957,P0159,ST016,12/15/2025,1,1335,0,Completed,Card
S0018469,C00849,P0159,ST002,2/4/2026,4,790,0.1,Pending,Cash
S0010856,C00359,P0159,ST010,4/23/2026,2,1459,0.15,Returned,Mobile Money
S0017215,C00689,P0159,ST017,9/1/2025,8,896,0.1,Completed,Mobile Money
S0011080,C00175,P0159,ST015,8/24/2025,8,1267,0.05,Completed,Card
S0012291,C00468,P0159,ST016,11/12/2025,7,1281,0.15,Cancelled,Card
S0019429,C00085,P0159,ST009,1/29/2026,3,355,0.15,completed,Bank Transfer
S0019887,C00619,P0159,ST005,10/23/2025,10,194,0,completed,Cash
S0012925,C00736,P0159,ST009,4/23/2026,6,1076,0.2,Returned,Mobile Money
S0010701,C00672,P0159,ST010,1/11/2025,4,607,0,Cancelled,Bank Transfer
S0013927,C00991,P0159,ST001,10/22/2025,3,1268,0,completed,Bank Transfer
S0017830,C00727,P0159,ST003,4/12/2026,7,1254,0,Completed,Cash
S0011990,C00207,P0159,ST006,1/29/2026,3,1315,0.05,Returned,Cash
S0016820,C00816,P0159,ST001,3/25/2025,4,157,0.1,completed,Card
S0017903,C00557,P0159,ST004,2/5/2026,9,776,0.2,Cancelled,Card
S0016874,C00499,P0159,ST006,2/20/2026,5,601,0,Cancelled,Mobile Money
S0019629,C00761,P0159,ST017,7/26/2026,8,929,0,Pending,Mobile Money
S0010956,C00003,P0159,ST002,1/19/2025,9,401,0.1,Pending,Mobile Money
S0015725,C00026,P0159,ST020,7/7/2025,2,275,0.2,Cancelled,Bank Transfer
S0013894,C00788,P0159,ST011,4/26/2026,5,189,0.2,Pending,Cash
S0016654,C00660,P0159,ST019,3/9/2025,9,839,0.05,Cancelled,Bank Transfer
S0011579,C00248,P0159,ST012,4/25/2026,2,1005,0,completed,Bank Transfer
S0015198,C00328,P0159,ST014,4/4/2026,10,15,0.05,Returned,Bank Transfer
S0016815,C00913,P0159,ST011,1/8/2026,9,875,0.15,Completed,Card
S0011223,C00090,P0159,ST002,9/4/2025,10,337,0.05,Completed,Bank Transfer
S0011516,C00016,P0159,ST014,7/17/2025,10,1011,0.05,Returned,Bank Transfer
S0019130,C00713,P0159,ST013,6/23/2026,6,943,0.05,Pending,Mobile Money
S0015988,C00505,P0159,ST017,5/10/2025,5,1068,0.15,Cancelled,Cash
S0013270,C00281,P0159,ST008,6/12/2025,5,132,0.2,Pending,Cash
S0016539,C00673,P0159,ST020,2/2/2025,8,462,0.2,Completed,Cash
S0018999,C00747,P0159,ST012,4/5/2025,3,691,0.1,Pending,Mobile Money
S0017812,C00743,P0159,ST017,6/20/2025,8,316,0.1,Cancelled,Mobile Money
S0018474,C00743,P0159,ST017,6/20/2025,7,452,0.1,Cancelled,Mobile Money
S0015889,C00559,P0159,ST006,8/7/2025,5,1192,0.2,Cancelled,Bank Transfer
S0012116,C00472,P0159,ST017,8/15/2025,2,1449,0,Returned,Bank Transfer
S0018445,C00356,P0159,ST017,8/11/2025,9,531,0.1,completed,Cash
S0013298,C00576,P0159,ST019,12/18/2025,1,433,0,Completed,Card
S0010298,C00371,P0159,ST008,5/21/2025,10,555,0.2,Cancelled,Card
S0019520,C00548,P0159,ST013,5/3/2026,3,1465,0.1,Pending,Card
S0017967,C00760,P0159,ST020,3/15/2025,3,98,0.15,Pending,Bank Transfer
S0019028,C00289,P0159,ST015,5/16/2026,8,954,0.1,Pending,Mobile Money
S0016255,C00883,P0159,ST010,5/28/2025,7,972,0.1,Completed,Card
S0019804,C00570,P0159,ST002,3/24/2025,4,358,0.2,completed,Card
S0012188,C00156,P0159,ST003,4/7/2025,8,561,0.2,Completed,Mobile Money
S0010889,C00271,P0159,ST009,6/11/2025,3,920,0.2,Pending,Bank Transfer
S0010636,C00957,P0159,ST010,1/24/2026,8,1398,0,completed,Mobile Money
S0014699,C00797,P0159,ST016,2/13/2026,2,1075,0.15,Cancelled,Cash
S0016264,C00477,P0159,ST013,6/6/2025,7,710,0.15,Completed,Mobile Money
S0011760,C00222,P0159,ST018,6/25/2025,9,478,0,Pending,Mobile Money
S0018096,C00277,P0159,ST018,5/20/2025,8,344,0.15,Pending,Cash
S0015096,C00346,P0159,ST014,4/6/2025,6,176,0.2,Returned,Cash
S0010145,C00531,P0159,ST009,3/29/2026,8,341,0.05,Completed,Cash
S0013472,C00564,P0159,ST014,3/7/2026,7,878,0,Cancelled,Card
S0017009,C00350,P0159,ST011,1/25/2025,9,1203,0.05,Returned,Card
S0013552,C00509,P0159,ST017,6/15/2025,7,1235,0.05,Completed,Card
S0010503,C00642,P0159,ST012,3/3/2026,4,385,0.15,completed,Card
S0014172,C00266,P0159,ST009,9/16/2025,7,361,0.15,Completed,Bank Transfer
S0017395,C00731,P0159,ST018,7/25/2026,2,1485,0.05,Completed,Card
S0014590,C00127,P0159,ST007,2/26/2026,9,1134,0,Returned,Cash
S0013861,C00777,P0159,ST010,5/14/2025,1,489,0.15,completed,Cash
S0016002,C00320,P0065,ST014,6/6/2025,8,1115,0.15,completed,Mobile Money
S0010079,C00331,P0065,ST002,12/15/2025,5,1151,0.05,completed,Cash
S0017825,C00274,P0065,ST008,9/7/2025,6,1005,0,Completed,Mobile Money
S0011293,C00565,P0065,ST005,2/1/2026,10,627,0,Cancelled,Mobile Money
S0019135,C00828,P0065,ST011,3/30/2025,7,699,0.1,Completed,Bank Transfer
S0010791,C00329,P0065,ST005,6/4/2025,2,1362,0.1,Cancelled,Bank Transfer
S0018434,C00417,P0065,ST015,12/20/2025,6,1366,0.2,Cancelled,Mobile Money
S0018822,C00097,P0065,ST001,1/6/2026,5,595,0,completed,Card
S0017608,C00149,P0065,ST005,2/9/2025,1,1398,0.05,Completed,Card
S0018170,C00149,P0065,ST005,2/9/2025,4,37,0.05,Completed,Card
S0014272,C00835,P0065,ST002,3/17/2025,4,1482,0.15,Returned,Card
S0011902,C00859,P0065,ST004,3/1/2025,3,687,0,completed,Cash
S0013937,C00284,P0065,ST015,8/7/2025,10,69,0.2,Cancelled,Cash
S0015524,C00284,P0065,ST015,8/7/2025,1,256,0.2,Cancelled,Cash
S0019875,C00919,P0065,ST008,4/5/2026,6,237,0.2,completed,Card
S0017311,C00326,P0065,ST007,1/1/2025,6,588,0,Pending,Card
S0011118,C00498,P0065,ST013,10/5/2025,8,885,0.2,Returned,Cash
S0019086,C00998,P0065,ST008,3/29/2025,3,1374,0.15,Pending,Card
S0013713,C00545,P0065,ST019,2/13/2026,4,257,0.15,Pending,Card
S0016154,C00615,P0065,ST020,2/20/2025,1,1399,0.2,Returned,Cash
S0019246,C00811,P0065,ST004,3/26/2026,2,744,0.2,completed,Card
S0017964,C00571,P0065,ST010,6/18/2026,10,689,0.2,Returned,Card
S0018381,C00846,P0065,ST015,6/22/2025,8,723,0.2,completed,Bank Transfer
S0016719,C00282,P0065,ST007,9/6/2025,4,1427,0.15,Returned,Mobile Money
S0011394,C00349,P0065,ST015,6/5/2026,7,1051,0,Completed,Mobile Money
S0012897,C00417,P0065,ST019,12/21/2025,3,921,0.1,Returned,Card
S0014986,C00895,P0065,ST004,10/20/2025,1,1147,0.05,completed,Cash
S0012295,C00446,P0065, ST010 ,6/10/2026,6,420,0.15,completed,Bank Transfer
S0019794,C00160,P0065,ST003,7/5/2025,6,880,0.05,Returned,Card
S0019748,C00985,P0065,ST015,6/16/2025,8,820,0,Returned,Mobile Money
S0015602,C00911,P0065,ST009,4/11/2026,7,502,0.15,Returned,Mobile Money
S0014497,C00361,P0065,ST006,4/8/2026,9,165,0.15,Completed,Bank Transfer
S0014789,C00805,P0065,ST007,3/30/2025,2,1496,0.2,Pending,Cash
S0014073,C00048,P0065,ST004,2/23/2026,7,1341,0.1,Pending,Mobile Money
S0012891,C00827,P0065,ST011,12/30/2025,7,750,0.2,Returned,Cash
S0018564,C00443,P0065,ST017,7/12/2026,3,866,0.1,completed,Mobile Money
S0010745,C00485,P0200,ST007,2/21/2026,8,642,0.05,Completed,Card
S0010590,C00252,P0065,ST003,7/4/2025,1,682,0.05,Completed,Bank Transfer
S0019630,C00453,P0200,ST013,3/18/2026,10,128,0.1,Completed,Mobile Money
S0017886,C00339,P0200,ST003,8/4/2025,4,1063,0.1,Completed,Cash
S0014369,C00062,P0200,ST018,10/18/2025,2,24,0.1,Cancelled,Cash
S0019585,C00232,P0200,ST018,6/10/2026,10,738,0.1,Pending,Bank Transfer
S0016528,C00187,P0200,ST015,12/2/2025,3,1082,0.2,completed,Mobile Money
S0011234,C00111,P0200,ST003,6/18/2025,9,739,0.15,Completed,Card
S0018148,C00224,P0200,ST012,10/25/2025,7,316,0.2,Completed,Card
S0010218,C00759,P0200,ST018,3/31/2025,7,741,0.05,completed,Cash
S0014994,C00410,P0200,ST019,12/20/2025,5,286,0.15,Pending,Mobile Money
S0014476,C00576,P0200,ST005,12/4/2025,8,904,0,Returned,Bank Transfer
S0010684,C00181,P0200,ST007,3/6/2026,6,632,0.1,Cancelled,Card
S0016363,C00941,P0200,ST004,12/11/2025,8,975,0.2,Pending,Cash
S0016579,C00820,P0200,ST009,10/1/2025,4,1244,0,Pending,Card
S0012690,C00910,P0200,ST010,1/14/2026,6,440,0.1,Completed,Cash
S0015098,C00629,P0200,ST001,1/10/2025,8,1339,0.15,Pending,Cash
S0010021,C00878,P0200,ST005,11/27/2025,5,1170,0,Returned,Card
S0018069,C00207,P0171,ST013,3/22/2025,3,1460,0.05,Completed,Card
S0016329,C00782,P0171,ST012,5/24/2026,3,523,0.15,Completed,Card
S0016509,C00402,P0200,ST017,10/4/2025,5,1184,0.1,Cancelled,Mobile Money
S0014137,C00065,P9999,ST019,5/20/2025,6,1470,0.15,Pending,Bank Transfer
S0019269,C00880,P0200,ST001,1/29/2026,6,1374,0,Returned,Mobile Money
S0017994,C00447,P0200,ST012,7/10/2026,6,899,0.05,Pending,Bank Transfer
S0011551,C00301,P0200,ST012,1/25/2026,8,594,0.1,Cancelled,Card
S0011663,C00022,P0200,ST014,4/4/2025,10,244,0.2,Completed,Card
S0011955,C00218,P0200,ST015,4/6/2025,6,150,0.15,Completed,Mobile Money
S0016775,C00231,P0200,ST013,12/16/2025,6,493,0.05,Returned,Bank Transfer
S0018304,C00309,P0200,ST002,6/16/2025,9,430,0,Cancelled,Cash
S0010676,C00026,P0200,ST013,8/4/2025,3,277,0,Returned,Card
S0011675,C00259,P0200,ST001,10/23/2025,1,991,0.05,Completed,Mobile Money
S0018398,C00618,P0200,ST015,3/9/2026,10,840,0,completed,Mobile Money
S0012127,C00803,P0200,ST015,5/13/2026,8,1210,0.15,Returned,Mobile Money
S0016560,C00959,P0200,ST017,8/16/2025,10,686,0.15,Completed,Cash
S0016517,C00023,P0200,ST010,3/4/2025,6,648,0.1,Completed,Mobile Money
S0012142,C00510,P0171,ST006,6/20/2026,7,415,0.05,Pending,Mobile Money
S0013599,C00118,P0200,ST007,12/5/2025,8,85,0,Pending,Cash
S0016082,C00285,P0200,ST007,3/10/2025,6,872,0.15,Pending,Mobile Money
S0011615,C00499,P0171,ST012,3/3/2026,7,188,0.15,Cancelled,Bank Transfer
S0019187,C00912,P0200,ST010,5/16/2025,8,1028,0,Completed,Card
S0018100,C00381,P0200,ST010,5/24/2025,7,1440,0,Pending,Mobile Money
S0015573,C00195,P0200,ST009,2/28/2026,4,778,0.1,Returned,Bank Transfer
S0018040,C00659,P0200,ST001,7/23/2025,9,900,0.05,Completed,Mobile Money
S0019462,C00123,P0200,ST009,6/11/2026,5,707,0.1,Completed,Card
S0011708,C00480,P0200,ST014,11/21/2025,4,336,0.05,Completed,Bank Transfer
S0010947,C00018,P0171,ST019,9/3/2025,8,180,0.2,Returned,Card
S0015828,C00573,P0171,ST020,5/29/2025,5,1030,0.2,Returned,Bank Transfer
S0016697,C00299,P0171,ST014,12/3/2025,2,473,0.1,Pending,Mobile Money
S0014543,C00540,P0171,ST019,3/8/2026,10,903,0.15,Pending,Mobile Money
S0010252,C00500,P0200,ST014,7/3/2026,1,705,0.05,completed,Mobile Money
S0012004,C00836,P0200,ST019,5/27/2026,6,792,0.05,completed,Mobile Money
S0016603,C00249,P0200,ST001,2/12/2026,2,386,0.05,Cancelled,Mobile Money
S0019490,C00345,P0200,ST006,8/30/2025,7,1000,0.2,Pending,Mobile Money
S0015779,C00251,P0171,ST001,2/7/2025,4,995,0.1,Pending,Mobile Money
S0013954,C00217,P0200,ST005,6/4/2026,4,1116,0,Cancelled,Bank Transfer
S0013054,C00060,P0171,ST020,6/8/2025,4,1201,0.05,Pending,Card
S0011043,C00381,P0171,ST017,11/7/2025,1,448,0.05,Completed,Card
S0011561,C00301,P0200,ST009,8/23/2025,1,764,0.05,completed,Bank Transfer
S0011613,C00827,P0200,ST018,3/13/2025,8,90,0.15,Pending,Mobile Money
S0013622,C00272,P0171,ST008,6/22/2026,3,251,0.1,Completed,Cash
S0018584,C00624,P0171,ST012,4/30/2025,6,961,0.1,Pending,Bank Transfer
S0013120,C00308,P0171,ST019,4/6/2026,1,37,0.2,Cancelled,Mobile Money
S0011991,C00809,P0171,ST019,1/12/2026,9,96,0.15,Pending,Cash
S0017868,C00842,P0200,ST007,7/26/2026,7,108,0.2,completed,Card
S0010826,C00121,P0200,ST004,12/22/2025,1,147,0.1,Pending,Card
S0016203,C00503,P0200,ST015,9/13/2025,4,560,0.2,completed,Card
S0010981,C00774,P0200,ST011,3/8/2026,3,572,0.2,Completed,Cash
S0014122,C00982,P0171,ST016,5/21/2026,2,432,0.2,Cancelled,Card
S0019584,C00986,P0171,ST001,3/13/2025,2,409,0.15,completed,Mobile Money
S0013683,C00893,P0171,ST012,5/4/2025,1,208,0.15,Cancelled,Card
S0016331,C00129,P0200,ST020,2/9/2025,6,338,0.1,Cancelled,Card
S0010487,C00344,P0200,ST009,12/15/2025,8,1480,0.05,Pending,Card
S0018741,C00079,P0171,ST020,6/12/2026,4,740,0.15,Returned,Cash
S0014185,C00550,P0171,ST005,11/24/2025,7,975,0.1,Completed,Card
S0013334,C00441,P0171,ST020,10/26/2025,5,397,0.2,completed,Bank Transfer
S0015593,C00502,P0171,ST006,4/27/2025,9,25,0.2,completed,Cash
S0015719,C00100,P0171,ST008,4/13/2026,3,1348,0.1,Pending,Bank Transfer
S0013876,C00424,P0171,ST012,5/5/2025,10,1493,0.1,Completed,Cash
S0018544,C00125,P0171,ST007,1/20/2026,2,436,0.2,Pending,Bank Transfer
S0012708,C00702,P0171,ST001,2/22/2025,7,1143,0,Completed,Cash
S0013289,C00207,P0171,ST017,11/18/2025,7,1403,0.15,Returned,Card
S0017482,C00952,P0171,ST007,7/31/2025,4,247,0.2,completed,Bank Transfer
S0017889,C00961,P0171,ST007,4/11/2026,5,174,0.2,Pending,Cash
S0015411,C00074,P0171,ST014,7/3/2026,7,562,0.05,Cancelled,Card
S0019355,C00253,P0171,ST018,3/13/2026,9,1145,0.1,Cancelled,Card
S0017080,C00287,P0171,ST009,12/15/2025,8,1163,0.05,Completed,Card
S0017786,C00701,P0171,ST014,6/14/2025,6,1340,0.05,Returned,Card
S0012581,C00994,P0171,ST018,1/28/2025,2,987,0.15,Cancelled,Bank Transfer
S0015507,C00336,P0171,ST020,7/12/2025,2,1238,0.1,Returned,Bank Transfer
S0015700,C00097,P0171,ST007,4/27/2026,6,1314,0.15,Pending,Mobile Money
S0013606,C00289,P0171,ST014,12/10/2025,10,727,0.05,completed,Bank Transfer
S0020022,C00797,P0171,ST001,3/18/2025,6,1418,0.05,Pending,Mobile Money
S0015780,C00872,P0171,ST006,9/4/2025,2,1196,0,Completed,Cash
S0017758,C00672,P0171,ST012,12/22/2025,5,1346,0.1,Cancelled,Card
S0018558,C00287,P0171,ST011,2/18/2026,6,1104,0,Cancelled,Cash
S0017282,C00463, P0171 ,ST001,9/23/2025,10,472,0.15,Completed,Mobile Money
S0010852,C00640,P0024,ST013,4/24/2025,1,479,0.1,Returned,Card
S0013165,C00169,P0171,ST018,12/2/2025,9,202,0.1,Pending,Mobile Money
S0012846,C00340,P0171,ST016,10/20/2025,6,351,0,completed,Mobile Money
S0016253,C00987,P0024,ST002,2/19/2025,7,1095,0.15,completed,Card
S0018034,C00441,P0024,ST003,9/11/2025,8,886,0.2,Completed,Bank Transfer
S0017182,C00364,P0024,ST014,12/21/2025,6,603,0.2,completed,Cash
S0014916,C00064,P0024,ST019,2/11/2025,8,279,0.2,completed,Bank Transfer
S0015166,C00251,P0024,ST008,8/28/2025,4,42,0.05,Cancelled,Card
S0010946,C00397,P0024,ST020,4/14/2026,3,155,0,Pending,Bank Transfer
S0015542,C00791,P0024,ST002,3/8/2025,2,319,0.1,Pending,Card
S0018162,C00475,P0024,ST016,9/4/2026,4,704,0.05,Cancelled,Bank Transfer
S0011335,C00026,P0024,ST018,6/27/2025,4,1456,0.05,completed,Cash
S0011765,C00789,P0024,ST008,4/22/2025,7,1366,0,Completed,Bank Transfer
S0013844,C00418,P0024,ST009,3/19/2025,3,369,0.15,Cancelled,Cash
S0014709,C00755,P0024,ST009,7/26/2026,7,546,0.1,completed,Cash
S0019050,C00958,P0024,ST016,3/25/2025,4,953,0.05,Cancelled,Cash
S0019087,C00740,P0024,ST020,8/1/2025,7,1460,0,Pending,Mobile Money
S0012572,C00108,P0024,ST001,7/1/2026,4,574,0.05,Completed,Bank Transfer
S0013633,C00727,P0024,ST011,4/20/2025,5,153,0.15,Cancelled,Mobile Money
S0017273,C00751,P0024,ST017,9/9/2025,9,1474,0,Returned,Cash
S0015448,C00227,P0024,ST004,8/22/2025,10,413,0,Cancelled,Card
S0010150,C00735,P0024,ST020,10/12/2025,6,649,0,Completed,Bank Transfer
S0016934,C00516,P0024,ST013,4/17/2025,1,912,0,completed,Bank Transfer
S0019700,C00349,P0024,ST004,1/14/2025,10,370,0.2,Completed,Card
S0017142,C00869,P0024,ST006,9/19/2025,3,804,0.2,Completed,Card
S0018238,C00117,P0024,ST006,3/18/2025,3,905,0.1,Completed,Card
S0018097,C00277,P0024,ST018,11/23/2025,2,262,0,Pending,Mobile Money
S0011018,C00593,P0024,ST013,5/4/2025,5,206,0.2,Returned,Bank Transfer
S0017234,C00365,P0024,ST002,10/1/2025,8,1320,0,Cancelled,Mobile Money
S0018647,C00084,P0024,ST015,6/26/2026,4,1048,0.05,completed,Bank Transfer
S0010536,C00862,P0024,ST007,1/4/2025,1,1361,0.05,Pending,Bank Transfer
S0018651,C00673,P0024,ST006,1/11/2026,2,1450,0.1,Pending,Bank Transfer
S0016862,C00670,P0115,ST008,8/8/2025,3,395,0.2,Pending,Mobile Money
S0016186,C00490,P0115,ST012,7/2/2025,9,1449,0.1,Cancelled,Card
S0014426,C00375,P0024,ST002,5/3/2025,3,1246,0.15,Returned,Card
S0016333,C00924,P0024,ST016,7/18/2026,6,1274,0.05,Pending,Card
S0016961,C00769,P0024,ST005,4/26/2026,1,1346,0.15,Cancelled,Mobile Money
S0011974,C00514,P0024,ST011,7/2/2026,2,642,0.1,Completed,Mobile Money
S0011064,C00643,P0115,ST010,2/26/2026,10,676,0.05,Cancelled,Cash
S0013383,C00232,P0024,ST009,3/27/2026,8,21,0.05,Pending,Mobile Money
S0015302,C00349,P0024,ST005,7/15/2026,1,191,0.05,Cancelled,Cash
S0012502,C00306,P0024,ST005,6/6/2025,6,69,0.1,Returned,Bank Transfer
S0018057,C00306,P0024,ST005,6/6/2025,5,1087,0.1,Returned,Bank Transfer
S0018847,C00360,P0024,ST015,1/9/2025,8,1393,0.1,Cancelled,Card
S0013725,C00931,P0024,ST019,1/11/2026,5,488,0.15,Completed,Card
S0019688,C00924,P0115,ST013,7/7/2025,8,16,0.15,Returned,Bank Transfer
S0017301,C00001,P0115,ST010,5/26/2025,5,1469,0.2,Cancelled,Card
S0012294,C00490,P0024,ST005,2/1/2026,2,1285,0.2,Pending,Card
S0010057,C00404,P0024,ST011,1/23/2026,3,650,0.05,completed,Card
S0016337,C00235,P0024,ST009,9/1/2025,7,1059,0.1,Pending,Bank Transfer
S0019189,C00316,P0024,ST019,7/23/2025,8,136,0.15,Pending,Bank Transfer
S0012716,C00653,P0115,ST006,6/7/2025,5,1257,0,Completed,Card
S0011637,C00469,P0024,ST005,12/16/2025,9,1303,0.1,Completed,Card
S0016613,C00796,P0115,ST014,6/22/2026,3,1079,0.05,Returned,Bank Transfer
S0019297,C00356,P0115,ST006,7/21/2026,1,824,0,Completed,Mobile Money
S0012575,C00485,P0024,ST013,1/11/2026,2,1499,0,completed,Bank Transfer
S0010799,C00430,P0115,ST009,4/17/2025,4,1354,0.05,Cancelled,Bank Transfer
S0010896,C00699,P0115,ST005,4/2/2026,3,1140,0.2,Returned,Mobile Money
S0014510,C00513,P0115,ST017,2/3/2025,5,172,0,completed,Card
S0011864,C00119,P0115,ST016,7/31/2026,1,102,0.1,Returned,Mobile Money
S0016515,C00210,P0115,ST001,12/10/2025,3,1356,0.15,Cancelled,Bank Transfer
S0010771,C00459,P0090,ST002,6/10/2025,9,759,0.15,Pending,Mobile Money
S0015994,C00932,P0115,ST005,3/2/2026,7,1097,0.15,Pending,Bank Transfer
S0018497,C00505,P0024,ST003,6/25/2025,2,1323,0.05,Pending,Card
S0016800,C00682,P0115,ST014,1/18/2026,3,1423,0,completed,Card
S0014480,C00693,P0047,ST006,7/21/2026,3,1116,0.05,completed,Mobile Money
S0017979,C00089,P0115,ST017,2/27/2025,7,1022,0.1,Pending,Card
S0014997,C00811,P0115,ST020,1/26/2026,9,921,0.1,Cancelled,Cash
S0019932,C00255,P0090,ST019,7/30/2026,1,1108,0.05,Completed,Card
S0017230,C00118,P0115,ST017,12/14/2025,7,967,0.05,Completed,Cash
S0015362,C00494,P0115,ST006,3/24/2026,7,1063,0.2,Returned,Mobile Money
S0010189,C00712,P0115,ST004,12/6/2025,5,848,0.1,Pending,Card
S0017968,C00345,P0115,ST009,2/7/2026,3,556,0.05,Returned,Bank Transfer
S0012966,C00764,P0115,ST014,2/23/2026,10,131,0,Completed,Card
S0013045,C00783,P0115,ST015,2/6/2026,2,344,0.05,completed,Bank Transfer
S0017816,C00205,P0115,ST011,7/13/2026,8,1033,0.15,Pending,Card
S0013704,C00988,P0115,ST006,9/30/2025,5,29,0,Completed,Mobile Money
S0011854,C00289,P0115,ST016,3/22/2025,8,46,0.2,Returned,Cash
S0017689,C00014,P0115,ST017,3/20/2026,7,1308,0.2,Pending,Mobile Money
S0013833,C00200,P0115,ST017,2/3/2026,5,328,0.1,completed,Bank Transfer
S0014900,C00553,P0115,ST020,2/2/2026,4,1436,0.15,completed,Cash
S0012441,C00867,P0115,ST013,6/15/2025,6,267,0.1,Returned,Mobile Money
S0010321,C00887,P0115,ST003,11/8/2025,3,723,0.05,Returned,Mobile Money
S0011743,C00352,P0115,ST011,6/15/2026,7,423,0.1,Completed,Cash
S0011894,C00777,P0115,ST020,8/7/2025,10,921,0.15,Returned,Mobile Money
S0014512,C00257,P0115,ST017,7/21/2025,1,835,0.05,Cancelled,Cash
S0012619,C00994,P0115,ST002,5/1/2026,4,1428,0.15,completed,Bank Transfer
S0010931,C00258,P0047,ST004,4/26/2025,4,51,0.15,Cancelled,Mobile Money
S0014374,C00585,P0090,ST006,6/18/2025,1,1443,0.15,completed,Cash
S0014623,C00812,P0115,ST011,3/29/2026,6,374,0.05,Returned,Mobile Money
S0010569,C00507,P0090,ST013,4/9/2025,5,523,0.1,completed,Bank Transfer
S0014740,C00293,P0115,ST004,3/12/2026,5,1486,,Pending,Bank Transfer
S0017843,C00759,P0115,ST020,9/3/2025,4,355,0.1,Cancelled,Card
S0015269,C00134,P0090,ST019,9/19/2025,10,1015,0.1,Cancelled,Mobile Money
S0018807,C00946,P0115,ST009,3/18/2025,10,761,0.2,Returned,Bank Transfer
S0015289,C00339,P0115,ST001,4/30/2026,10,420,0.2,Completed,Cash
S0013066,C00206,P0090,ST014,10/18/2025,6,12,0,Completed,Card
S0010054,C00812,P0115,ST008,7/1/2026,4,484,0.1,Returned,Bank Transfer
S0011539,C00066,P0115,ST011,9/10/2025,8,1060,0.05,Completed,Mobile Money
S0017912,C00349,P0090,ST005,6/17/2025,10,1340,0.1,Pending,Bank Transfer
S0018768,C00494,P0115,ST003,3/27/2026,10,1224,0,Cancelled,Bank Transfer
S0018274,C00577,P0115,ST008,6/23/2025,4,1248,0.15,Completed,Bank Transfer
S0010679,C00500,P0115,ST006,12/9/2025,3,1441,0.15,Completed,Mobile Money
S0017363,C00031,P0115,ST015,7/31/2026,7,1065,0.15,Cancelled,Cash
S0016723,C00289,P0115,ST001,3/10/2025,5,1433,0.05,Returned,Mobile Money
S0016030,C00010,P0115,ST006,5/28/2025,5,1443,0.2,Returned,Cash
S0018198,C00521,P0115,ST001,3/1/2026,8,1433,0.05,Cancelled,Mobile Money
S0014798,C00811,P0090,ST012,2/18/2025,2,1374,0,Completed,Bank Transfer
S0011146,C00889,P0090,ST017,6/6/2026,7,477,0.05,completed,Mobile Money
S0012739,C00904,P0090,ST016,12/29/2025,8,203,0.15,Pending,Cash
S0011035,C00135,P0090,ST020,1/28/2026,9,23,0.2,completed,Mobile Money
S0018411,C00971,P0115,ST013,4/16/2026,1,1268,0.1,Pending,Cash
S0016848,C00292,P0090,ST006,11/19/2025,10,887,0.2,Returned,Mobile Money
S0014333,C00165,P0115,ST004,6/30/2026,2,1472,0.1,Cancelled,Bank Transfer
S0018200,C00593,P0090,ST003,1/23/2025,4,804,0.15,completed,Cash
S0017648,C00303,P0090,ST003,6/11/2025,6,1215,0.2,Completed,Cash
S0018315,C00959,P0047,ST006,3/20/2026,4,124,0,Cancelled,Card
S0015378,C00405,P0090,ST008,6/11/2026,2,580,0,Cancelled,Cash
S0018988,C00175,P0090,ST020,2/10/2025,6,330,0.2,Completed,Cash
S0018114,C00509,P0090,ST007,6/27/2025,4,826,0.15,Pending,Mobile Money
S0013701,C00428,P0115,ST019,8/9/2025,4,611,0.2,Pending,Mobile Money
S0014294,C00686,P0047,ST017,5/11/2025,6,1313,0.15,Returned,Bank Transfer
S0015805,C00904,P0115,ST017,6/1/2025,1,1216,0.1,completed,Card
S0013468,C00382,P0047,ST003,7/16/2026,4,1191,0.2,Pending,Bank Transfer
S0018769,C00163,P0090,ST003,6/20/2026,2,158,0.05,Completed,Mobile Money
S0014788,C00590,P0115,ST019,3/15/2025,8,695,0.2,Completed,Mobile Money
S0018828,C00879,P0047,ST020,7/4/2026,8,958,0.1,Cancelled,Mobile Money
S0019783,C00018,P0090,ST004,2/3/2026,1,746,0.05,completed,Bank Transfer
S0012085,C00588,P0047,ST013,1/5/2025,6,0,0.05,Cancelled,Bank Transfer
S0010330,C00291,P0115,ST020,5/18/2025,5,355,0.2,Completed,Mobile Money
S0018018,C00717,P0047,ST016,3/22/2025,10,346,0,completed,Card
S0019655,C00376,P0115,ST006,12/18/2025,1,332,0.1,Completed,Bank Transfer
S0019038,C00296,P0090,ST008,4/10/2025,9,531,0.15,Returned,Card
S0012453,C00325,P0090,ST001,8/3/2025,6,1326,0,Returned,Card
S0019112,C00544,P0047,ST007,6/15/2026,2,184,0.15,Completed,Card
S0010682, C00235 ,P0090,ST008,12/23/2025,8,600,0.1,Returned,Bank Transfer
S0010758,C00011,P0090,ST013,1/14/2026,5,802,0.2,completed,Card
S0019047,C00469,P0115,ST006,6/4/2026,1,539,0.15,Returned,Bank Transfer
S0015222,C00108,P0115,ST008,8/8/2025,7,1140,0,Returned,Card
S0012642,C00923,P0047,ST003,3/7/2026,4,83,0.15,Completed,Mobile Money
S0011693,C00523,P0090,ST002,2/25/2026,6,818,0,Cancelled,Mobile Money
S0018470,C00657,P0047,ST007,4/6/2026,8,846,0.15,Completed,Cash
S0019978,C00030,P0090,ST010,11/7/2025,8,1079,0.05,Pending,Card
S0016218,C00914,P0047,ST017,4/20/2025,9,31,0,Completed,Mobile Money
S0018627,C00015,P0047,ST009,3/29/2025,2,95,0.15,Pending,Cash
S0014281,C00474,P0090,ST018,3/9/2026,10,65,0.05,Completed,Mobile Money
S0013956,C00468,P0090,ST010,7/24/2025,4,86,0.15,Returned,Card
S0012429,C00404,P0047,ST007,5/9/2025,9,348,0.15,Completed,Mobile Money
S0019125,C00578,P0090,ST005,1/13/2025,3,1104,0,Cancelled,Bank Transfer
S0016196,C00561,P0047,ST020,6/14/2026,10,1033,0.15,completed,Mobile Money
S0017773,C00398,P0090,ST002,1/19/2026,5,1354,0.2,completed,Card
S0013558,C00156,P0047,ST019,4/14/2026,1,1491,0.15,Returned,Mobile Money
S0017469,C00703,P0047,ST005,2/6/2025,4,1023,0.1,Cancelled,Cash
S0011329,C00305,P0090,ST002,11/1/2025,5,1210,0.1,Pending,Cash
S0012865,C00643,P0047,ST008,8/11/2025,3,1045,0.15,Completed,Bank Transfer
S0019542,C00444,P0047,ST015,10/1/2025,4,1274,0,Pending,Card
S0010186,C00964,P0047,ST014,1/16/2025,4,204,0,Completed,Mobile Money
S0011226,C00797,P0047,ST014,11/12/2025,1,849,0.1,Cancelled,Mobile Money
S0013714,C00149,P0047,ST009,9/29/2025,2,793,0.05,completed,Bank Transfer
S0012319,C00575,P0047,ST002,10/10/2025,7,1366,0,completed,Card
S0011082,C00035,P0047,ST019,5/16/2026,10,714,0.05,completed,Mobile Money
S0018328,C00616,P0047,ST011,1/30/2026,9,110,0,Cancelled,Card
S0016229,C00235,P0090,ST001,10/6/2025,6,747,0.1,Returned,Cash
S0015247,C00114,P0047,ST011,6/3/2025,4,1054,0.1,Completed,Bank Transfer
S0014344,C00114,P0047,ST004,12/28/2025,5,210,0,Pending,Cash
S0017788,C00154,P0090,ST020,12/6/2025,8,92,0.05,Completed,Mobile Money
S0016190,C00905,P0090,ST014,2/24/2026,9,219,0,Completed,Cash
S0013973,C00712,P0090,ST016,5/16/2025,9,341,0.05,Cancelled,Card
S0014473,C00722,P0090,ST013,3/3/2025,9,200,0.2,Completed,Mobile Money
S0013943,C00026,P0090,ST015,4/14/2025,9,171,0,completed,Card
S0015954,C00431,P0090,ST009,2/15/2026,3,1260,0.1,Pending,Cash
S0017606,C00176,P0047,ST005,2/11/2026,6,811,0.15,Completed,Cash
S0012585,C00018,P0090,ST013,9/30/2025,6,1188,0.1,Completed,Bank Transfer
S0010831,C00195,P0047,ST020,8/2/2025,4,1429,0.05,Pending,Mobile Money
S0016198,C00623,P0090,ST010,5/14/2025,4,58,0.05,Cancelled,Mobile Money
S0016510,C00286,P0090,ST013,4/21/2025,1,790,0.05,Pending,Mobile Money
S0013318,C00180,P0047,ST007,7/16/2025,7,1203,0,Returned,Mobile Money
S0018206,C00837,P0047,ST018,1/27/2025,10,1282,0.2,Returned,Cash
S0012257,C00326,P0047,ST002,5/9/2025,7,1096,0,Cancelled,Cash
S0011812,C00184,P0047,ST010,6/14/2026,6,953,0.1,Returned,Bank Transfer
S0016757,C00443,P0047,ST010,9/7/2025,6,1204,0.2,completed,Card
S0015377,C00387,P0047,ST014,3/23/2026,9,947,0.15,Pending,Card
S0017465,C00677,P0047,ST003,12/2/2026,7,509,0.1,Returned,Cash
S0010526,C00967,P0090,ST012,3/22/2025,10,537,0.1,Cancelled,Mobile Money
S0014781,C00572,P0047,ST017,2/22/2025,9,817,0,Cancelled,Card
S0018749,C00885,P0047,ST008,11/23/2025,9,504,0,Returned,Card
S0013179,C00772,P0047,ST008,2/15/2025,9,1233,0.15,Pending,Mobile Money
S0016816,C00926,P0047,ST014,6/16/2026,10,830,0,Cancelled,Bank Transfer
S0012154,C00093,P0090,ST015,5/7/2025,6,80,0.2,Cancelled,Mobile Money
S0014239,C00075,P0047,ST008,5/12/2026,8,454,0,Pending,Mobile Money
S0011129,C00088,P0047,ST006,3/8/2026,3,42,0.2,Cancelled,Card
S0019372,C00940,P0090,ST015,5/28/2025,4,64,0.05,Completed,Mobile Money
S0011089,C00608,P0047,ST013,10/9/2025,1,46,0.05,Returned,Bank Transfer
S0015497,C00711,P0047,ST012,8/9/2025,9,640,0.15,Pending,Bank Transfer
S0017011,C00914,P0047,ST012,10/8/2025,8,124,0.15,Returned,Mobile Money
S0010588,C00863,P0047,ST014,3/15/2026,9,1408,0.2,completed,Mobile Money
S0016712,C00367,P0031,ST017,7/1/2026,3,432,0.05,Cancelled,Bank Transfer
S0013438,C00562,P0047,ST016,11/5/2025,10,1154,0.2,Completed,Cash
S0010329,C00217,P0047,ST019,11/26/2025,6,1256,0.1,Returned,Card
S0013651,C00656,P0047,ST014,4/14/2025,7,540,0.1,completed,Mobile Money
S0018011,C00173,P0047,ST020,10/15/2025,1,317,0.05,Completed,Card
S0015547,C00466,P0031,ST017,10/18/2025,2,731,0.15,Completed,Mobile Money
S0012921,C00045,P0031,ST018,9/25/2025,7,319,0.15,completed,Mobile Money
S0011520,C00461,P0047,ST013,5/25/2025,9,51,0.15,Cancelled,Card
S0017743,C00224,P0047,ST015,4/14/2025,1,44,0.05,completed,Bank Transfer
S0018697,C00928,P0047,ST010,8/27/2025,7,1107,0.2,Pending,Bank Transfer
S0018257,C00751,P0047,ST015,8/6/2025,1,220,0,completed,Card
S0013457,C00529,P0047,ST010,3/19/2025,4,166,0.2,Returned,Bank Transfer
S0012529,C00321,P0047,ST014,4/7/2025,3,464,0,Pending,Mobile Money
S0018962,C00270,P0031,ST018,7/14/2025,5,817,0.05,Completed,Bank Transfer
S0016912,C00243,P0047,ST004,5/26/2025,2,510,0.05,Returned,Cash
S0014861,C00242,P0047,ST003,10/8/2025,3,322,0.15,Returned,Bank Transfer
S0010170,C00293,P0179,ST012,6/18/2026,6,943,0,Pending,Bank Transfer
S0014129,C00093,P0047,ST017,1/1/2025,2,1413,0.1,Pending,Cash
S0013501,C00648,P0031,ST019,7/22/2026,7,1189,0.2,Cancelled,Card
S0011928,C00424,P0003,ST020,5/23/2025,8,266,0.05,Cancelled,Card
S0018250,C00171,P0179,ST015,3/11/2026,3,379,0.1,Cancelled,Cash
S0013524,C00052,P0047,ST001,1/5/2025,1,722,0.1,Completed,Mobile Money
S0019467,C00066,P0031,ST007,5/14/2026,2,975,0.2,Pending,Card
S0017554,C00452,P0047,ST002,7/22/2026,10,106,0,Completed,Bank Transfer
S0013509,C00051,P0031,ST004,4/20/2025,3,16,0,Pending,Cash
S0014400,C00126,P0031,ST017,12/26/2025,5,973,0.15,Pending,Cash
S0018758,C00472,P0047,ST001,4/9/2026,2,1187,0.1,Pending,Mobile Money
S0018074,C00951,P0003,ST017,4/26/2025,6,563,0.2,Returned,Card
S0011962,C00954,P0031,ST004,12/11/2025,8,1307,0.1,completed,Mobile Money
S0010260,C00270,P0179,ST010,5/20/2025,3,37,0.1,Returned,Mobile Money
S0012845,C00019,P0031,ST015,10/29/2025,8,742,0,completed,Bank Transfer
S0019027,C00775,P0003,ST003,4/24/2026,3,543,0.15,Returned,Bank Transfer
S0012505,C00854,P0179,ST011,11/3/2025,4,343,0.15,Cancelled,Bank Transfer
S0012037, C00180 ,P0179,ST013,2/2/2026,7,313,0.1,completed,Mobile Money
S0017022,C00417,P0031,ST004,1/4/2026,9,17,0.05,Completed,Cash
S0012480,C00844,P0031,ST009,1/8/2025,2,1268,0.15,completed,Mobile Money
S0011428,C00848,P0031,ST008,7/25/2025,5,432,0.2,completed,Card
S0015047,C99999,P0031,ST001,11/28/2025,7,1067,0.05,Returned,Card
S0014414,C00800,P0003,ST002,12/22/2025,1,1163,0.15,Pending,Mobile Money
S0018883,C00563,P0003,ST005,7/30/2026,7,848,0.05,Returned,Card
S0014977,C00336,P0179,ST003,4/9/2025,5,108,0.15,completed,Mobile Money
S0011554,C00181,P0031,ST005,5/14/2025,9,372,0.2,Pending,Cash
S0010538,C00187,P0179,ST001,3/27/2026,7,1219,0.05,Completed,Card
S0016384,C01000,P0179,ST015,6/14/2025,2,1196,0.05,Cancelled,Cash
S0011905,C00354,P0003,ST001,11/9/2025,9,886,0.1,completed,Bank Transfer
S0010378,C00162,P0031,ST002,12/27/2025,1,1378,0.15,completed,Card
S0013448,C00219,P0179,ST002,10/3/2025,2,1022,0,completed,Mobile Money
S0017826,C00753,P0179,ST007,2/10/2026,6,1431,0.1,completed,Mobile Money
S0010855,C00911,P0179,ST019,7/6/2025,3,1302,0.2,Completed,Bank Transfer
S0012208,C00296,P0031,ST003,4/21/2026,5,1189,0,Cancelled,Mobile Money
S0010906,C00965,P0031,ST001,2/25/2026,6,1000,0,Cancelled,Mobile Money
S0019107,C00892,P0031,ST014,5/11/2025,5,86,0.1,completed,Cash
S0013965,C00368,P0031,ST008,7/15/2026,3,549,0.05,Returned,Card
S0016072,C00142,P0179,ST015,3/22/2026,6,246,0.05,Pending,Card
S0015924,C00912,P0031,ST014,3/2/2026,4,651,0.1,completed,Card
S0015410,C00666,P0179,ST014,2/13/2026,10,522,0.15,Completed,Mobile Money
S0019954,C00669,P0031,ST018,12/18/2025,1,508,0.15,completed,Cash
S0019001,C00484,P0031,ST015,4/3/2025,6,1,0.05,Cancelled,Card
S0018824,C00752,P0003,ST013,5/4/2026,3,1368,0,Completed,Bank Transfer
S0013350,C00132,P0003,ST017,9/18/2025,9,1027,0,Completed,Mobile Money
S0018876,C00241,P0003,ST011,3/22/2025,6,1248,0,Cancelled,Bank Transfer
S0011935,C00158,P0031,ST002,7/6/2025,10,725,0,Completed,Mobile Money
S0015128,C00957,P0031,ST016,3/7/2026,2,1133,0.2,Completed,Bank Transfer
S0010781,C00506,P0003,ST011,4/15/2026,7,813,0.15,Completed,Mobile Money
S0018811,C00001,P0003,ST014,5/24/2025,2,1389,0.05,completed,Cash
S0017831,C00065,P0003,ST015,11/11/2025,8,715,0,completed,Cash
S0011687,,P0003,ST010,5/7/2026,7,947,0.1,Pending,Mobile Money
S0012321,C00296,P0003,ST010,2/13/2026,6,808,0.15,Pending,Cash
S0012975,C00186,P0031,ST019,12/15/2025,3,930,0.2,Returned,Card
S0017394,C00847,P0003,ST005,4/10/2025,2,1331,0.05,Cancelled,Cash
S0014957,C00966,P0031,ST016,4/8/2026,4,1233,0,Completed,Bank Transfer
S0011081,C00027,P0003,ST003,3/7/2025,8,803,0.15,completed,Cash
S0015835,C00332,P0031,ST011,7/7/2025,7,1004,0.2,completed,Cash
S0011563,C00450,P0003,ST004,1/31/2025,7,1454,0,completed,Mobile Money
S0019463,C00302,P0179,ST004,6/18/2025,7,538,0.1,Cancelled,Mobile Money
S0010494,C00052,P0031,ST013,12/18/2025,5,1232,0.1,completed,Card
S0013267,C00230,P0031,ST008,10/2/2025,5,29,0.2,completed,Mobile Money
S0012896,C00816,P0179,ST012,1/8/2026,5,115,0.2,Completed,Card
S0017957,C00469,P0179,ST014,5/27/2025,5,816,0.1,completed,Cash
S0014384,C00938,P0003,ST005,10/1/2025,5,609,0.1,completed,Card
S0016924,C00245,P0031,ST008,7/14/2025,5,173,0.1,Cancelled,Mobile Money
S0016091,C00191,P0003,ST012,2/28/2026,3,1042,0.2,completed,Mobile Money
S0012870,C00322,P0003,ST017,9/3/2025,3,276,0.05,Cancelled,Mobile Money
S0016860,C00099,P0031,ST011,4/27/2026,2,1215,0.1,completed,Cash
S0018834,C00409,P0031,ST012,11/8/2025,2,206,0.15,completed,Bank Transfer
S0012230,C00430,P0003,ST016,3/29/2026,6,371,0.15,Completed,Bank Transfer
S0020024,C00172,P0031,ST015,2/7/2025,8,1152,0.1,Pending,Mobile Money
S0017769,C00016,P0003,ST002,8/30/2025,9,1463,0.1,Completed,Bank Transfer
S0010583,C00570,P0003,ST009,3/23/2026,5,1464,0.2,Returned,Cash
S0010514,C00274,P0179,ST008,3/14/2025,9,918,0.05,Pending,Card
S0018019,C00570,P0003,ST002,11/23/2025,7,1403,0.1,Returned,Bank Transfer
S0013668,C00597,P0179,ST019,4/2/2026,2,359,0.1,Pending,Bank Transfer
S0015943,C00746,P0031,ST010,1/17/2025,1,481,0.15,Completed,Cash
S0016814,C00255,P0179,ST006,3/16/2026,4,834,0,Cancelled,Bank Transfer
S0017145,C00505,P0003,ST020,3/22/2026,3,388,0,Cancelled,Mobile Money
S0011262,C00802,P0003,ST019,9/19/2025,6,1092,0,Cancelled,Mobile Money
S0013209,C00795,P0179,ST006,5/15/2026,3,1318,0.15,Completed,Cash
S0013868,C00316,P0003,ST020,4/18/2025,2,1013,0.1,Returned,Mobile Money
S0014470,C00894,P0003,ST015,6/6/2026,5,572,0,completed,Cash
S0012571,C00114,P0031,ST011,1/24/2026,8,1400,0.05,completed,Bank Transfer
S0014147,C00179,P0003,ST010,4/25/2026,4,366,0.2,Completed,Cash
S0018155,C00069,P0003,ST015,1/28/2026,10,115,0,Pending,Card
S0011600,C00568,P0031,ST003,1/17/2025,3,581,0.15,Cancelled,Cash
S0010348,C00408,P0003,ST014,6/15/2025,2,1069,0.05,Pending,Card
S0016371,C00234,P0179,ST010,5/29/2026,2,1204,0,Completed,Card
S0019823,C00240,P0179,ST001,4/8/2026,8,546,0.2,Pending,Mobile Money
S0016374,C00427,P0003,ST004,11/15/2025,6,130,0.1,completed,Mobile Money
S0015887,C00660,P0179,ST002,7/31/2025,10,91,0.1,completed,Card
S0017104,C00064,P0179,ST003,10/8/2025,3,330,0.2,completed,Mobile Money
S0013811,C00322,P0003,ST019,7/16/2025,6,218,0.2,Cancelled,Mobile Money
S0016552,C00131,P0003,ST006,7/20/2026,3,1268,0.1,Cancelled,Mobile Money
S0017479,C00776,P0179,ST008,5/15/2025,4,240,0.05,completed,Card
S0017558,C00420,P0031,ST020,6/25/2025,4,435,0.05,completed,Mobile Money
S0018996,C00148,P0031,ST019,8/8/2025,5,1144,0.1,Pending,Card
S0016773,C00592,P0179,ST009,4/1/2026,2,1266,0.1,completed,Mobile Money
S0010077,C00717,P0031,ST014,6/4/2025,2,563,0.15,Completed,Mobile Money
S0013394,C00037,P0031,ST014,7/13/2026,2,156,0,Pending,Mobile Money
S0019818,C00742,P0003,ST008,6/12/2025,1,172,0.2,Completed,Card
S0011479,C00427,P0031,ST018,5/17/2025,1,1021,0.1,Pending,Cash
S0010869,C00199,P0003,ST013,11/14/2025,5,795,0,Returned,Bank Transfer
S0016783,C00860,P0003,ST006,7/30/2026,7,1053,0.1,Cancelled,Cash
S0010647,C00763,P0003,ST006,1/11/2026,4,1491,0,Returned,Cash
S0019824,C00426,P0003,ST003,6/14/2026,8,1310,0.05,Completed,Card
S0012640,C00732,P0031,ST003,5/13/2026,7,1374,0.05,Pending,Card
S0017882,C00425,P0003,ST020,3/21/2025,2,868,0.15,Completed,Mobile Money
S0016914,C00996,P0003,ST007,11/5/2025,7,278,0.05,completed,Card
S0017120,C00981,P0003,ST011,1/19/2025,2,1369,0.05,Completed,Bank Transfer
S0011758,C00329,P0031,ST015,6/13/2025,7,1067,0.05,completed,Card
S0019722,C00678,P0003,ST019,1/23/2025,10,24,0.1,completed,Bank Transfer
S0014086,C00742,P0179,ST001,5/11/2026,4,1099,0.15,Returned,Bank Transfer
S0016100, C00646 ,P0003,ST019,3/31/2025,5,245,0.15,Pending,Cash
S0013093,C00760,P0179,ST004,6/14/2025,8,1393,0.15,Completed,Card
S0018384,C00755,P0179,ST012,7/16/2026,9,240,0,completed,Mobile Money
S0016000,C00824,P0179,ST005,5/9/2026,2,226,0.2,Completed,Cash
S0011211,C00295,P0179,ST006,6/9/2025,9,1339,0.1,Pending,Bank Transfer
S0019228,C00487,P0003,ST012,3/16/2025,1,642,0.15,Cancelled,Card
S0012334,C00576,P0003,ST009,6/30/2026,9,735,0,Cancelled,Card
S0019258,C00396,P0179,ST008,3/15/2025,8,1466,0.15,Cancelled,Mobile Money
S0010219,C00833,P0179,ST014,12/17/2025,10,422,0.05,Completed,Mobile Money
S0019984,C00927,P0179,ST003,8/8/2025,3,302,0,Pending,Bank Transfer
S0010868,C00907,P0003,ST018,5/16/2025,5,793,0.2,Completed,Card
S0018860,C00965,P0179,ST018,5/11/2026,5,663,0.15,Cancelled,Mobile Money
S0013083,C00569,P0003,ST017,1/29/2026,9,1000,0.15,Pending,Bank Transfer
S0016819,C00387,P0003,ST018,5/20/2026,6,689,0.05,Completed,Bank Transfer
S0012618,C00326,P0031,ST003,4/26/2025,4,508,0.1,Completed,Bank Transfer
S0011803,C00174,P0031,ST003,4/21/2026,5,483,0,Pending,Cash
S0019181,C00392,P0003,ST012,5/21/2026,9,239,0.15,Cancelled,Cash
S0012032,C00823,P0003,ST003,3/6/2026,7,808,0,completed,Mobile Money
S0013992,C00486,P0003,ST006,11/29/2025,3,334,0.2,Pending,Bank Transfer
S0019746,C00125,P0003,ST010,1/10/2025,9,1203,0.15,Pending,Bank Transfer
S0013570,C00094,P0179,ST004,2/1/2025,4,1173,0.2,Returned,Card
S0014595,C00749,P0179,ST019,1/18/2026,8,3,0.1,completed,Bank Transfer
S0012594,C00459,P0003,ST016,6/28/2026,1,1210,0,Cancelled,Cash
S0011151,C00822,P0179,ST016,4/23/2026,6,726,0.1,Returned,Card
S0011310,C00978,P0003,ST014,7/17/2026,3,267,0.15,Cancelled,Mobile Money
S0015950,C00141,P0179,ST018,4/1/2025,5,603,0,Completed,Cash
S0017671,C00605,P0003,ST008,3/28/2025,8,363,0.2,Completed,Mobile Money
S0015649,C00872,P0124,ST010,7/30/2026,10,1209,0.05,Returned,Cash
S0017628,C00326,P0124,ST020,1/6/2025,8,1045,0.2,Cancelled,Bank Transfer
S0017694,C00105,P0124,ST017,3/18/2026,5,1259,0.1,Completed,Cash
S0016768,C00550,P0156,ST009,6/21/2026,6,904,0.05,Completed,Bank Transfer
S0019628,C00439,P0124,ST003,1/10/2026,3,473,0.1,Cancelled,Card
S0015206,C00298,P0156,ST014,11/18/2025,9,1267,0.15,Cancelled,Cash
S0016704,C00809,P0124,ST004,5/5/2025,10,974,0.1,Cancelled,Bank Transfer
S0015009,C00919,P0124,ST003,5/3/2026,10,1037,0.1,Cancelled,Card
S0014902,C00335,P0124,ST019,4/5/2026,9,1395,0.1,completed,Cash
S0016863,C00675,P0124,ST020,1/6/2025,7,52,0,completed,Card
S0012499,C00098,P0124,ST004,7/21/2025,6,1390,0.2,completed,Cash
S0017292,C00151,P0124,ST015,6/28/2025,8,492,0.2,completed,Mobile Money
S0010899,C00327,P0124,ST018,3/27/2026,5,903,0.1,Pending,Mobile Money
S0012738,C00828,P0156,ST010,8/17/2025,4,631,0.05,Returned,Mobile Money
S0019561,C00400,P0124,ST011,4/18/2026,7,1482,0.1,completed,Mobile Money
S0018064,C00372,P0156,ST015,5/19/2026,1,704,0.2,Pending,Card
S0016022,C00945,P0124,ST005,9/30/2025,5,354,0.05,Completed,Card
S0015776,C00014,P0124,ST018,3/10/2026,9,408,0.05,Cancelled,Bank Transfer
S0018944,C00843,P0124,ST001,8/22/2025,10,1483,0,Cancelled,Card
S0015419,C00100,P0124,ST006,5/10/2026,9,483,0.1,Completed,Cash
S0013588,C00152,P0124,ST020,6/23/2025,9,414,0.05,Completed,Cash
S0015170,C00446,P0124,ST001,2/2/2025,5,1101,0.05,completed,Card
S0012244,C00907,P0124,ST019,2/7/2025,5,171,0.2,Returned,Cash
S0010795,C00305,P0124,ST002,7/21/2025,3,1389,0.1,Cancelled,Mobile Money
S0013192,C00512,P0124,ST009,7/14/2026,7,12,0.2,completed,Mobile Money
S0010627,C00040,P0124,ST018,5/18/2026,10,284,0.2,Completed,Card
S0016674,C00965,P0156,ST006,1/14/2025,4,573,0.1,Cancelled,Cash
S0013959,C00575,P0124,ST001,4/7/2026,2,223,0.1,Pending,Mobile Money
S0012552,C00384,P0124,ST008,10/8/2025,7,1163,0.15,Cancelled,Bank Transfer
S0015342,C00382,P0124,ST014,2/22/2026,3,534,0.2,completed,Mobile Money
S0013111,C00625,P0124,ST006,3/23/2026,9,408,0.15,Completed,Card
S0015162,C00302,P0124,ST017,10/2/2025,10,143,0.05,Completed,Card
S0012754,C00436,P0156,ST006,3/12/2025,5,1047,0.1,completed,Card
S0014525,C00535,P0124,ST013,7/8/2025,7,1490,0.15,Returned,Mobile Money
S0012312,C00946,P0156,ST016,7/11/2026,5,1311,0.05,completed,Bank Transfer
S0019439,C00571, P0156 ,ST014,4/22/2026,2,850,0.1,Completed,Card
S0015549,C00812,P0124,ST017,3/27/2025,8,26,0.15,Completed,Bank Transfer
S0019938,C00909,P0124,ST006,1/22/2025,3,623,0.05,completed,Card
S0016631,C00827,P0124,ST008,11/8/2025,10,798,0.15,Pending,Bank Transfer
S0016709,C00023,P0124,ST016,7/5/2025,1,356,0.1,completed,Bank Transfer
S0016466,C00539,P0124,ST018,4/29/2025,8,652,0.1,completed,Bank Transfer
S0015327,C00522,P0124,ST018,12/12/2025,6,1272,0.05,Pending,Mobile Money
S0015103,C00471,P0124,ST002,6/10/2026,2,982,0.2,Cancelled,Cash
S0014663,C00910,P0124,ST006,2/9/2026,6,333,0.15,Pending,Mobile Money
S0011813,C00222,P0124,ST011,7/2/2026,10,967,0.05,Pending,Mobile Money
S0016983,C00582,P0156,ST010,2/18/2026,7,811,0.2,Pending,Bank Transfer
S0012938,C00716,P0124,ST010,12/24/2025,6,818,0.05,completed,Cash
S0010817,C00249,P0124,ST003,2/3/2025,4,826,0.05,completed,Mobile Money
S0014763,C00735,P0156,ST011,6/22/2026,2,1147,0,Completed,Bank Transfer
S0015153,C00285,P0156,ST003,4/7/2026,9,907,,Pending,Bank Transfer
S0010928,C00178,P0124,ST020,3/14/2025,8,1206,0,completed,Mobile Money
S0011180,C00186,P0156,ST007,12/26/2025,8,1204,,Pending,Cash
S0012880,C00463,P0124,ST011,1/8/2025,10,1498,0.2,Pending,Card
S0012162,C00822,P0156,ST015,2/18/2026,8,35,0.1,Cancelled,Cash
S0018719,C00323,P0124,ST011,7/12/2026,7,32,0,Cancelled,Card
S0018556,C00505,P0156,ST006,4/3/2026,4,1106,0.1,Cancelled,Mobile Money
S0011337,C00591,P0156,ST007,10/19/2025,2,277,0.05,Returned,Card
S0014883,C00193,P0156,ST019,1/6/2025,2,853,0,Pending,Cash
S0015683,C00900,P0156,ST007,7/31/2026,9,129,0,Pending,Card
S0018911,C00806,P0124,ST004,10/14/2025,4,1381,0.1,completed,Bank Transfer
S0018414,C00277,P0124,ST002,10/11/2025,6,998,0.1,Returned,Mobile Money
S0015884,C00978,P0156,ST015,1/21/2025,3,287,0.2,Pending,Card
S0013167,C00041,P0124,ST018,4/18/2026,10,1144,0.05,Pending,Card
S0015783,C00306,P0124,ST005,1/10/2025,2,1486,0.15,Pending,Cash
S0016444,C00967,P0124,ST013,7/12/2025,3,1411,0.1,Cancelled,Cash
S0018240,C00905,P0156,ST014,6/26/2025,5,1177,0.05,Returned,Bank Transfer
S0013824,C00651,P0156,ST005,7/15/2025,5,1482,0,Returned,Card
S0015695,C00309,P0156,ST011,6/8/2025,9,1129,0,Returned,Mobile Money
S0017071,C00661,P0048,ST008,4/27/2025,7,773,0.05,Returned,Cash
S0018570,C00328,P0156,ST019,4/24/2026,3,1462,0.2,Cancelled,Card
S0015412,C00628,P0156,ST009,3/10/2026,3,112,0.1,Completed,Cash
S0017759,C00216,P0124,ST014,6/2/2025,5,380,0,Returned,Bank Transfer
S0016473,C00098,P0048,ST016,3/18/2026,10,894,0.1,completed,Cash
S0020043,C00136,P0124,ST016,4/18/2026,5,1330,0,completed,Bank Transfer
S0010835,C00087,P0156,ST007,2/10/2026,8,1262,0.2,Completed,Bank Transfer
S0017622,C00447,P0156,ST012,2/4/2026,6,1191,0.05,Returned,Bank Transfer
S0013855,C00801,P0048,ST013,4/16/2026,5,577,0.15,Cancelled,Cash
S0015673,C00474,P0048,ST009,1/1/2026,8,780,0,Returned,Mobile Money
S0019581,C00245,P0156,ST002,1/18/2025,1,1262,0.1,completed,Card
S0017996,C00346, P0189 ,ST018,5/22/2026,6,303,0,Pending,Mobile Money
S0013629,C00843,P0189,ST012,9/21/2025,3,891,0.05,completed,Cash
S0011455,C00329,P0156,ST002,7/7/2026,3,1205,0.1,Cancelled,Bank Transfer
S0011104,C00239,P0189,ST010,6/26/2026,1,1078,0.05,Returned,Bank Transfer
S0014953,C00904,P0156,ST011,10/22/2025,7,988,0.05,Completed,Card
S0017561,C00738,P0156,ST011,10/26/2025,5,1285,0,Pending,Cash
S0010039,C00712,P0156,ST003,4/5/2025,7,387,0.2,Pending,Card
S0010210,C00824,P0189,ST014,9/17/2025,3,1113,0.05,completed,Card
S0011996,C00515,P0048,ST006,2/5/2025,10,45,0.15,Pending,Mobile Money
S0014821,C00143,P0189,ST006,12/4/2025,5,1347,0.1,completed,Bank Transfer
S0013336,C00422,P0125,ST019,5/13/2026,1,784,0.2,completed,Card
S0017595,C00079,P0048,ST004,3/5/2025,1,179,0.05,completed,Bank Transfer
S0016520,C00914,P0156,ST007,6/20/2025,7,648,0.05,completed,Bank Transfer
S0012703,C00886,P0156,ST009,9/26/2025,1,1084,0.15,Returned,Card
S0012330,C00857,P0156,ST005,4/1/2025,2,1071,0.1,Returned,Bank Transfer
S0018660,C00145,P0156,ST020,2/1/2026,1,1289,0.05,completed,Bank Transfer
S0017847,C00185,P0156,ST006,8/2/2025,4,734,0.2,Returned,Card
S0011746,C00652,P0189,ST004,2/26/2026,3,475,0,Completed,Card
S0015079,C00004,P0156,ST014,7/7/2025,5,955,0,Completed,Card
S0015789,C00112,P0156,ST019,9/9/2025,9,928,0,Returned,Cash
S0019322,C00130,P0125,ST002,5/1/2025,3,250,0,Returned,Card
S0019560,C00414,P0189,ST019,6/8/2026,5,1066,0.05,Cancelled,Cash
S0017366,C00975,P0156,ST008,5/9/2025,10,371,0.15,completed,Cash
S0013193,C00680,P0189,ST015,9/9/2025,2,621,0.1,Completed,Card
S0015133,C00733,P0124,ST017,1/13/2026,8,170,0.1,Returned,Mobile Money
S0012029,C00988,P0189,ST011,2/25/2026,9,79,0,completed,Cash
S0016103,C00445,P0189,ST010,7/20/2026,3,20,0.15,Pending,Bank Transfer
S0014585,C00714,P0189,ST007,3/24/2025,8,402,0.2,Completed,Cash
S0017195,C00260,P0189,ST003,5/11/2026,6,751,0.1,completed,Mobile Money
S0010312,C00871,P0156,ST016,5/11/2025,8,1212,0.1,completed,Bank Transfer
S0017454,C00417,P0156,ST012,9/8/2025,7,576,0.2,Completed,Cash
S0013271,C00170,P0156,ST016,1/29/2026,6,483,0.15,Completed,Mobile Money
S0012562,C00330,P0156,ST007,3/17/2026,4,1054,0.1,Completed,Mobile Money
S0013152,C00274,P0156,ST017,11/21/2025,5,1025,0,Completed,Bank Transfer
S0016164,C00869,P0156,ST001,11/22/2025,7,124,0.2,Returned,Bank Transfer
S0014419,C00640,P0189,ST013,5/9/2026,2,421,0,completed,Mobile Money
S0010528,C00911,P0156,ST014,7/13/2026,1,1458,0.05,Returned,Cash
S0013171,C00147,P0022,ST015,9/25/2025,2,1076,0.15,Cancelled,Mobile Money
S0019121,C00774,P0048,ST015,9/9/2025,3,961,0.15,Returned,Mobile Money
S0016441,C00396,P0156,ST015,11/16/2025,8,647,0,Pending,Cash
S0012283,C00178,P0048,ST008,9/2/2025,3,1269,0,Returned,Cash
S0017320,C00551,P0156,ST006,10/21/2025,7,1205,0.05,Completed,Mobile Money
S0014232,C00381,P0189,ST003,1/12/2025,3,1181,0.05,Completed,Card
S0013709,C00084,P0048,ST005,2/20/2026,7,409,0.2,Completed,Cash
S0010311,C00908,P0048,ST002,8/8/2025,3,1178,0.15,Cancelled,Card
S0020047,C00250,P0189,ST017,3/28/2026,3,166,0.15,Completed,Cash
S0013907,C00104,P0189,ST010,5/7/2026,8,870,0,Cancelled,Bank Transfer
S0011861,C00481,P0189,ST001,2/20/2026,4,488,0.15,Pending,Mobile Money
S0018480,C00993,P0125,ST004,3/5/2025,5,1130,0.1,completed,Mobile Money
S0011779,C00408,P0189,ST020,9/16/2025,9,537,0.2,Cancelled,Card
S0013932,C00434,P0125,ST005,7/9/2025,9,1398,0,Cancelled,Cash
S0011155,C00758,P0156,ST012,7/10/2025,5,616,0.1,Pending,Card
S0018791,C00435,P0189,ST016,5/13/2025,9,937,0.05,Cancelled,Cash
S0017742,C00318,P0048,ST001,10/1/2025,4,1458,0,Pending,Mobile Money
S0014475,C00314,P0189,ST011,9/3/2025,7,147,0.2,completed,Mobile Money
S0016879,C00556,P0189,ST016,2/13/2026,1,603,0,completed,Mobile Money
S0017914,C00082,P0189,ST005,1/27/2026,4,987,0.2,Pending,Card
S0013895,C00072,P0125,ST005,3/16/2026,9,348,0,Returned,Mobile Money
S0012797,C00222,P0189,ST014,2/6/2025,5,33,0.1,Returned,Card
S0015749,C00303,P0189,ST009,5/15/2025,10,1137,0.1,completed,Cash
S0018923,C00140,P0048,ST006,4/20/2025,6,1201,0.05,Pending,Card
S0018574,C00018,P0048,ST003,4/25/2025,2,191,0.2,Pending,Bank Transfer
S0018415,C00851,P0125,ST019,7/20/2025,2,811,0.05,Completed,Bank Transfer
S0014852,C00641,P0156,ST020,4/1/2026,9,561,0.2,Pending,Card
S0019338,C00194,P0048,ST007,4/14/2026,2,1214,0.1,Returned,Card
S0011102,C00598,P0125,ST003,2/27/2025,8,514,0,Returned,Mobile Money
S0016272,C00022,P0189,ST009,4/10/2025,10,228,0.2,Completed,Card
S0018934,C00452,P0048,ST017,12/27/2025,8,826,0.15,Pending,Bank Transfer
S0015735,C00108,P0048,ST017,11/28/2025,10,951,0.05,Cancelled,Bank Transfer
S0011307,C00583,P0125,ST012,4/14/2025,6,994,0.05,Cancelled,Bank Transfer
S0010458,C00642,P0022,ST018,5/12/2026,7,709,0,completed,Card
S0016314,C00203,P0048,ST013,3/16/2025,4,931,0.1,Cancelled,Card
S0013343,C00006,P0189,ST005,1/18/2025,9,535,0,Pending,Cash
S0014625,C00497,P0125,ST008,12/14/2025,2,349,0,Returned,Card
S0012099,C00155,P0125,ST016,5/12/2026,4,463,0.15,completed,Cash
S0017764,C00776,P0189,ST006,1/26/2026,7,726,0.2,Cancelled,Card
S0017951,C00790,P0189,ST006,2/21/2026,1,569,0.15,Returned,Cash
S0011510,C00867,P0189,ST010,6/17/2026,4,27,0.05,Completed,Cash
S0011632,C00825,P0189,ST013,1/28/2026,3,937,0.2,Returned,Cash
S0015262,C00703,P0125,ST016,11/26/2025,1,1128,0,Completed,Cash
S0015677,C00906,P0189,ST007,2/17/2026,5,791,0,completed,Cash
S0012488,C00586,P0125,ST010,2/25/2026,1,854,0.05,Returned,Card
S0015130,C00019,P0189,ST008,11/22/2025,8,773,0,Returned,Mobile Money
S0014100,C00813,P0048,ST013,8/17/2025,2,1437,0,Cancelled,Mobile Money
S0010733,C00575,P0048,ST020,7/21/2025,6,519,0.1,Cancelled,Bank Transfer
S0016343,C00405,P0048,ST015,6/9/2025,2,1422,0.1,completed,Cash
S0013593,C00058,P0189,ST016,2/15/2025,1,124,0.15,completed,Bank Transfer
S0010497,C00636,P0022,ST008,1/4/2025,7,1031,0.05,Pending,Bank Transfer
S0015718,C00051,P0189,ST003,6/11/2025,6,559,0.05,Completed,Bank Transfer
S0015560,C00580,P0022,ST016,3/25/2026,10,1404,0.15,Returned,Bank Transfer
S0016895,C00130,P0189,ST005,4/27/2025,7,137,0,Completed,Bank Transfer
S0016686,C00554,P0048,ST008,11/27/2025,2,1096,0,Completed,Bank Transfer
S0014675,C00484,P0022,ST002,7/31/2025,6,615,0.05,Pending,Card
S0011645,C00589,P0125,ST002,4/4/2025,6,503,0.2,Completed,Card
S0010974,C00724,P0125,ST002,5/6/2026,1,671,0.1,Completed,Cash
S0015787,C00308,P0189,ST003,10/26/2025,2,709,0,Completed,Bank Transfer
S0014592,C00214,P0022,ST013,7/26/2026,3,552,0.1,Pending,Cash
S0014487,C00403,P0048,ST004,2/20/2025,1,949,0.15,Completed,Bank Transfer
S0017249,C00643,P0048,ST016,3/24/2026,6,423,0,Returned,Cash
S0014577,C00791,P0189,ST005,3/13/2025,5,1434,0,Completed,Bank Transfer
S0012485,C00070,P0022,ST014,2/28/2025,8,886,0.05,Completed,Mobile Money
S0013398,C00270,P0125,ST006,6/13/2025,1,618,0.2,Cancelled,Card
S0013236,C00805,P0022,ST020,10/9/2025,5,682,0.2,Pending,Mobile Money
S0015898,C00111,P0189,ST006,6/9/2025,5,1083,0.05,Completed,Mobile Money
S0011655,C00346,P0048,ST020,7/30/2026,1,207,0.05,Returned,Mobile Money
S0011809,C00787,P0189,ST016,12/29/2025,8,1423,0.15,Returned,Card
S0011968,C00840,P0022,ST003,7/15/2025,5,1180,0.15,Pending,Card
S0015825,C00489,P0125,ST013,5/1/2025,1,1430,0.15,Pending,Bank Transfer
S0019402,C00262,P0048,ST014,5/21/2026,9,416,0.15,Pending,Cash
S0018747,C00117,P0022,ST001,8/5/2026,3,345,0,Completed,Bank Transfer
S0011564,C00693,P0189,ST016,5/6/2025,10,1133,0.05,completed,Cash
S0017192,C00421,P0189, ST008 ,11/18/2025,5,417,0.1,completed,Cash
S0019883,C00458,P0125,ST019,12/25/2025,6,879,0.05,Completed,Card
S0019366,C00615,P0125,ST008,5/25/2025,5,167,0.1,completed,Card
S0012261,C00907,P0125,ST018,9/24/2025,4,79,0.05,Cancelled,Mobile Money
S0011828,C00352,P0125,ST004,7/27/2025,7,170,0.2,Pending,Mobile Money
S0019295,C00545,P0189,ST013,1/5/2026,5,278,0,completed,Mobile Money
S0016065,C00292,P0189,ST012,4/26/2026,7,607,0.2,Cancelled,Card
S0017449,C00603,P0189,ST006,3/31/2025,1,732,0.1,Returned,Mobile Money
S0019625,C00102,P0189,ST003,5/22/2026,9,1419,0.05,Returned,Bank Transfer
S0019884,C00609,P0022,ST007,12/18/2025,4,1180,0,Cancelled,Bank Transfer
S0013902,C00307,P0048,ST012,1/11/2025,1,184,0.15,Returned,Mobile Money
S0011713,C00091,P0125,ST010,10/3/2025,5,1391,0.1,Pending,Card
S0013376,C00116,P0125,ST015,6/16/2026,4,441,0.2,Cancelled,Mobile Money
S0010706,C00514,P0048,ST017,8/2/2025,5,1284,0.15,Pending,Mobile Money
S0018773,C00240,P0189,ST001,4/25/2025,1,1368,0.2,Pending,Cash
S0012023,C00664,P0048,ST014,4/23/2025,5,423,0.2,Pending,Mobile Money
S0015368,C00752,P0022,ST007,1/6/2026,1,234,0.15,Pending,Bank Transfer
S0016849,C00336,P0022,ST003,2/28/2025,2,826,0,Cancelled,Bank Transfer
S0019150,C00523,P0048,ST010,1/19/2025,9,108,0.05,Returned,Bank Transfer
S0019671,C00323,P0125,ST007,1/17/2025,2,1074,0.2,completed,Mobile Money
S0013681,C00015,P0022,ST012,11/17/2025,8,914,0,Returned,Bank Transfer
S0016201,C00839,P0048,ST013,4/4/2025,2,768,0,Completed,Cash
S0010381,C00949,P0022,ST002,9/4/2025,1,360,0.15,Completed,Cash
S0019668, C00782 ,P0189,ST016,4/3/2026,4,1162,0.2,Pending,Cash
S0015465,C00801,P0125,ST001,9/28/2025,2,992,0,Returned,Bank Transfer
S0011560,C00880,P0022,ST020,6/4/2025,7,487,0.15,Returned,Card
S0019695,C00880,P0189,ST018,11/19/2025,6,721,0.15,Returned,Cash
S0011096,C00672,P9999,ST018,3/29/2025,4,1197,0.15,Returned,Mobile Money
S0017246,C00862,P0022,ST014,12/15/2025,4,1443,0,Cancelled,Card
S0019572,C00746,P0125,ST020,4/26/2026,8,615,0,Completed,Cash
S0016483,C00929,P0048,ST007,7/18/2026,3,1258,0,Returned,Mobile Money
S0018949,C00104,P0048,ST002,7/15/2026,3,1154,0.2,completed,Mobile Money
S0016439,C00202,P0048,ST020,1/29/2026,9,713,0.2,Cancelled,Mobile Money
S0014925,C00865,P0048,ST009,8/18/2025,6,802,0.05,Cancelled,Cash
S0017664,C00003,P0125,ST005,5/12/2025,1,1068,0.05,Completed,Bank Transfer
S0019775,C00072,P0048,ST013,7/11/2025,2,1216,0.15,Returned,Cash
S0010568,C00065,P0048,ST016,7/31/2026,10,1407,0.1,Pending,Cash
S0012610,C00559,P0189,ST007,7/30/2025,5,894,0.15,Returned,Card
S0012111,C00174,P0048,ST007,10/7/2025,7,1499,0.15,completed,Card
S0011863,C00687,P0022,ST007,6/7/2026,8,592,0,Returned,Cash
S0011306,C00704,P0125,ST001,7/17/2026,6,804,0.2,Pending,Bank Transfer
S0015596,C00441,P0048,ST014,7/24/2025,7,439,0.15,completed,Card
S0011762,C00805,P0022,ST016,1/24/2025,6,1315,0,Completed,Bank Transfer
S0012189,C00948,P0022,ST007,4/20/2026,3,1158,0.1,Pending,Bank Transfer
S0016701,C00059,P0125,ST014,8/8/2025,8,747,0.2,Pending,Bank Transfer
S0017995,C00040,P0125,ST014,7/29/2025,7,1105,0.1,completed,Card
S0014399,C00996,P0022,ST012,9/28/2025,3,852,0.1,Cancelled,Cash
S0015616,C00449,P0189,ST010,5/17/2025,5,123,0.05,Pending,Bank Transfer
S0014261,C00570,P0022,ST002,10/17/2025,4,1376,0.15,Returned,Cash
S0012089,C00718,P0048,ST007,2/3/2025,5,1208,0.15,Completed,Bank Transfer
S0018905,C00583,P0048,ST005,2/18/2025,6,1012,0.05,Completed,Bank Transfer
S0015176,C00765,P0048,ST013,10/6/2025,8,251,0.05,Pending,Card
S0019302,C00919,P0125,ST010,6/4/2026,2,396,0.2,completed,Mobile Money
S0010407,C00403,P0048,ST001,4/5/2025,9,1148,0.1,completed,Mobile Money
S0017541,C00991,P0125,ST017,4/25/2026,10,1089,0.2,Returned,Cash
S0015147,C00497,P0022,ST008,6/7/2026,9,522,0.15,Returned,Bank Transfer
S0019715,C00807,P0048,ST007,4/8/2025,9,1338,0.2,Returned,Cash
S0014162,C00439,P0125,ST003,1/21/2026,1,1405,0.15,completed,Mobile Money
S0013961,C00264,P0022,ST019,3/16/2026,4,132,0.2,Returned,Mobile Money
S0011937,C00302,P0125,ST013,4/4/2026,2,1190,0.2,Completed,Card
S0019386,C00151,P0125,ST019,3/14/2026,5,1228,0,completed,Bank Transfer
S0013057,C00876,P0125,ST020,4/11/2026,2,687,0.2,Cancelled,Bank Transfer
S0016501,C00335,P0022,ST015,11/14/2025,5,132,0.1,Cancelled,Bank Transfer
S0012036,C00836,P0022,ST010,2/12/2025,5,36,,completed,Bank Transfer
S0010117,C00779,P0022,ST005,5/2/2025,6,382,0.15,completed,Cash
S0011352,C00432,P0022,ST005,2/13/2026,3,602,0.2,Returned,Card
S0018390,C00877,P0048,ST002,12/8/2025,9,889,0.1,Cancelled,Mobile Money
S0011196,C00467,P0189,ST001,4/14/2026,6,1016,0.1,Returned,Card
S0010191,C00052,P0125,ST007,12/9/2025,2,967,0.1,Returned,Mobile Money
S0017167,C00240,P0048,ST019,12/27/2025,8,954,0.05,Completed,Mobile Money
S0017981,C00878,P0125,ST014,8/8/2025,9,1006,0.2,Pending,Bank Transfer
S0016619,,P0022,ST009,4/11/2026,10,305,0,Completed,Card
S0015492,C00594,P0022,ST004,3/11/2025,3,573,0.15,Returned,Mobile Money
S0019767,C00635,P0125,ST016,2/11/2025,4,613,0.1,Cancelled,Mobile Money
S0016503,C00478,P0125,ST017,7/26/2026,9,655,0.1,Completed,Bank Transfer
S0013183,C00228,P0125,ST014,10/24/2025,3,1009,0.1,Cancelled,Card
S0016705,C00251,P0022,ST015,3/3/2026,10,724,0.1,Pending,Card
S0018241,C00525,P0048,ST005,3/19/2026,5,624,0.15,Cancelled,Mobile Money
S0019681,C00181,P0048,ST007,7/6/2025,3,1116,0.2,Cancelled,Bank Transfer
S0019544,C00560,P0022,ST006,9/20/2025,3,408,0.2,Completed,Mobile Money
S0014190,C00423,P0022,ST016,2/16/2025,9,459,0.15,Returned,Cash
S0010967,C00468,P0048,ST004,5/23/2025,10,29,0.15,completed,Bank Transfer
S0013952,C00729,P0048,ST004,4/1/2026,9,827,0.1,Pending,Bank Transfer
S0013265,C00107,P0022,ST015,12/17/2025,6,209,0,Pending,Mobile Money
S0013346,C00627,P0022,ST009,10/2/2025,10,629,0.15,Cancelled,Bank Transfer
S0010801,C00430,P0125,ST001,4/5/2026,8,1151,0,Returned,Bank Transfer
S0014570,C00305,P0125,ST008,10/9/2025,7,1448,0.1,Cancelled,Bank Transfer
S0014787,C00268,P0189,ST009,7/5/2026,6,564,0,completed,Bank Transfer
S0013702,C00432,P0022,ST004,12/27/2025,6,625,0,Completed,Bank Transfer
S0018092,C00512,P0022,ST002,1/31/2026,3,811,0,Returned,Card
S0013293,C00286,P0022,ST002,1/10/2026,4,1080,0.05,Cancelled,Card
S0014559,C00846,P0022,ST003,5/25/2025,3,676,0.15,completed,Cash
S0013801,C00309,P0125,ST010,5/28/2025,4,62,0,Pending,Mobile Money
S0019337,C00176,P0022,ST016,4/18/2025,10,541,0.15,completed,Card
S0015039,C00474,P0125,ST014,1/29/2025,2,181,0.15,completed,Card
S0013466,C00419,P0022,ST015,7/24/2026,10,84,0.05,completed,Card
S0012040,C00220,P0022,ST002,11/3/2025,3,1323,0.2,Returned,Bank Transfer
S0013989,C00753,P0048,ST013,5/5/2025,2,664,0.1,Cancelled,Mobile Money
S0015936,C00523,P0022,ST010,3/8/2026,6,1032,0.05,Cancelled,Card
S0017929,C00929,P0022,ST009,2/5/2026,4,1409,0.05,Returned,Cash
S0010878,C00480,P0022,ST003,8/7/2025,3,1021,0.05,Cancelled,Card
S0015605,C00382,P0125,ST003,2/20/2025,5,20,0,Pending,Cash
S0018613,C00977,P0022,ST006,2/11/2025,8,871,0,Cancelled,Bank Transfer
S0020015,C00483,P0125,ST014,11/27/2025,2,88,0,Completed,Card
S0010830,C00912,P0125,ST018,6/12/2026,3,1287,0.15,Returned,Mobile Money
S0019524,C00942,P0022,ST014,4/11/2025,10,813,0.15,Completed,Card
S0016348,C00092,P0022,ST001,1/16/2025,2,915,0,Cancelled,Bank Transfer
S0013053,C00685,P0048, ST004 ,9/15/2025,5,184,0.2,Returned,Bank Transfer
S0011797,C00113,P0125,ST006,12/2/2025,4,428,0.1,Completed,Mobile Money
S0017007,C00582,P0022,ST002,2/23/2025,1,325,0.1,Cancelled,Card
S0016499,C00116,P0022,ST020,5/13/2025,4,1476,0.05,Pending,Card
S0016633,C00867,P0022,ST005,6/4/2026,1,1184,0.15,Cancelled,Card
S0015613,C00749,P0022,ST005,4/9/2026,4,1235,0.1,Cancelled,Card
S0013608,C00553,P0125,ST008,6/7/2025,5,162,0,Cancelled,Bank Transfer
S0017299,C00898,P0022,ST017,7/2/2026,7,140,0.05,completed,Mobile Money
S0013491,C00258,P0125,ST016,6/2/2026,4,965,0.15,Cancelled,Mobile Money
S0015571,C00127,P0022,ST009,5/16/2025,3,1381,0.2,Pending,Card
S0017082,C00234,P0022,ST016,3/12/2025,10,1256,0.2,completed,Card
S0011012,C00955,P0022,ST019,11/29/2025,3,1054,0,Pending,Card
S0014680,C00141,P0022,ST007,3/4/2026,2,419,0,Completed,Cash
S0016759,C00967,P0022,ST016,4/30/2026,8,1220,0.1,Returned,Cash
S0017904,C00856,P0173,ST016,11/21/2025,2,872,0.05,Returned,Bank Transfer
S0010743,C00975,P0173,ST012,3/26/2026,9,828,0.15,Completed,Card
S0017789,C00871,P0173,ST011,2/18/2025,7,440,0.15,Cancelled,Bank Transfer
S0013523,C00637,P0173,ST019,1/4/2026,4,1290,0.15,completed,Bank Transfer
S0012354,C00571,P0173,ST012,9/13/2025,3,847,0,Cancelled,Cash
S0011384,C00315,P0173,ST020,2/12/2026,4,19,0.1,Cancelled,Bank Transfer
S0012934,C00637,P0173,ST014,2/2/2026,9,1043,0.2,Cancelled,Mobile Money
S0016741,C00543,P0173,ST008,4/16/2025,5,908,0,Cancelled,Mobile Money
S0018782,C00249,P0173,ST002,8/22/2025,3,1264,0.05,Returned,Mobile Money
S0018854,C00427,P0173,ST001,10/10/2025,1,961,0.15,Completed,Mobile Money
S0011376,C00751,P0173,ST014,8/22/2025,1,1048,0.05,Cancelled,Cash
S0015763,C00140,P0173,ST015,1/15/2026,6,369,0.2,Cancelled,Bank Transfer
S0017419,C00364,P0173,ST016,6/3/2025,2,222,0.1,Returned,Mobile Money
S0012624,C00206,P0173,ST019,10/20/2025,8,1170,0.2,Completed,Card
S0012936,C00100,P0173,ST017,3/26/2025,9,893,0.2,completed,Card
S0016214,C00738,P0173,ST007,4/13/2025,4,1113,0,Completed,Cash
S0017097,C00981,P0173,ST018,5/21/2025,7,850,0.05,Pending,Cash
S0016415,C00580,P0173,ST019,2/7/2026,9,698,0.15,completed,Mobile Money
S0017780,C00582,P0173,ST002,9/20/2025,2,1038,0.2,completed,Bank Transfer
S0015902,C00663,P0173,ST009,11/23/2025,4,630,0.05,Cancelled,Card
S0018196,C00979,P0173,ST003,8/21/2025,10,287,0,Returned,Mobile Money
S0019045,C00722,P0173,ST001,11/13/2025,7,276,0.15,Returned,Cash
S0012484,C00521,P0173,ST003,3/19/2026,1,1367,0.15,Cancelled,Bank Transfer
S0011872,C00721,P0173,ST002,3/10/2026,8,262,0,Completed,Cash
S0015183,C00443,P0173,ST014,6/5/2025,4,23,0.1,Pending,Cash
S0014444,C00206,P0173,ST013,5/10/2026,1,547,0.1,completed,Cash
S0011869,C00762,P0173,ST010,2/15/2026,1,1249,0.15,Cancelled,Bank Transfer
S0013246,C00651,P0173,ST013,2/24/2026,5,550,0.15,Completed,Cash
S0011670,C00275,P0173,ST006,12/6/2025,8,584,0,Returned,Cash
S0012954,C00273,P0173,ST017,6/20/2025,8,1310,0.05,Cancelled,Card
S0017543,C00781,P0173,ST016,11/25/2025,3,1436,0,Returned,Mobile Money
S0015137,C00340,P0173,ST015,1/14/2025,9,1234,0.1,Completed,Bank Transfer
S0017418,C00618,P0173,ST013,1/28/2025,4,557,0.1,Completed,Card
S0015040,C00782,P0173,ST009,5/1/2025,1,12,0.15,Completed,Bank Transfer
S0018919,C00721,P0173,ST013,4/16/2026,5,1228,0.05,completed,Cash
S0014505,C00779,P0173,ST001,1/23/2025,5,1418,0.05,Pending,Bank Transfer
S0012003,C00572,P0173,ST017,6/18/2025,2,439,0.2,Completed,Cash
S0018218,C00329,P0173,ST014,2/12/2026,7,923,0,Completed,Cash
S0012516,C00895,P0173,ST011,3/6/2025,3,1307,0.05,Completed,Mobile Money
S0019073,C00855,P0173,ST016,1/12/2025,10,1187,0,Returned,Bank Transfer
S0016542,C00634,P0173,ST011,7/14/2025,6,1471,0,completed,Card
S0015310,C00047,P0173,ST011,10/25/2025,1,1149,0.15,Completed,Bank Transfer
S0012744,C00003,P0173,ST006,10/5/2025,3,733,0.15,Returned,Card
S0011749,C00653,P0173,ST007,3/7/2025,6,228,0.1,Returned,Bank Transfer
S0011966,C00449,P0173,ST011,2/23/2026,2,466,0.05,Pending,Cash
S0018935,C00761,P0173,ST018,7/25/2026,1,1452,0,completed,Card
S0012643,C00379,P0173,ST005,1/6/2026,8,786,0.15,Cancelled,Mobile Money
S0018799,C00189,P0173,ST007,3/5/2025,1,1296,0,Completed,Cash
S0014076,C00891,P0173,ST015,4/22/2025,10,397,0.05,Cancelled,Mobile Money
S0014839,C00902,P0173,ST007,2/24/2025,3,622,0,Returned,Cash
S0017212,C00393,P0150,ST017,4/24/2026,6,1203,0.15,Returned,Mobile Money
S0014794,C00158,P0150,ST016,10/26/2025,4,832,0.05,completed,Cash
S0016675,C00415,P0150,ST018,6/21/2026,8,1360,0.05,Returned,Cash
S0012066,C00939,P0150,ST014,7/23/2025,6,990,0,Pending,Card
S0014562,C00735,P0150,ST018,2/4/2026,9,576,0.1,Cancelled,Bank Transfer
S0015864,C00405,P0150,ST009,5/30/2026,5,684,0.1,Completed,Mobile Money
S0013036,C00304,P0150,ST009,8/19/2025,4,802,0,Cancelled,Bank Transfer
S0016584,C00205,P0150,ST011,7/7/2025,10,11,0.2,Pending,Mobile Money
S0015049,C00291,P0150,ST014,1/20/2025,9,520,0,Completed,Mobile Money
S0015961,C00937,P0150,ST001,7/30/2025,10,50,0.15,Returned,Mobile Money
S0017196,C00895,P0150,ST002,1/23/2026,5,1413,0.2,Cancelled,Cash
S0018360,C00515,P0150,ST004,2/9/2026,8,277,0.05,Pending,Cash
S0019431,C00893,P0150,ST015,1/29/2026,5,986,0.15,Completed,Cash
S0016608,C00194,P0150,ST019,7/21/2025,7,609,0.05,completed,Mobile Money
S0011315,C00122,P0150,ST011,6/20/2025,2,291,0,Cancelled,Bank Transfer
S0017705,C00494,P0150,ST017,11/26/2025,2,1157,0.05,Cancelled,Bank Transfer
S0014640,C00465,P0150,ST017,11/2/2025,4,24,0.1,Pending,Card
S0013035,C00538,P0150,ST004,1/25/2026,6,970,0.2,completed,Bank Transfer
S0015030,C00061,P0150,ST019,10/6/2025,5,1013,0,Returned,Cash
S0019293,C00965,P0150,ST016,7/11/2026,4,419,0,Returned,Cash
S0016365,C00233,P0150,ST017,2/22/2025,9,839,0,Pending,Card
S0013911,C00229,P0150,ST019,3/7/2026,2,542,0.2,Returned,Bank Transfer
S0011777,C00491,P0150,ST001,3/14/2026,3,1298,0.1,Cancelled,Mobile Money
S0019021,C00740,P0150,ST014,6/16/2026,9,716,0.1,completed,Card
S0019460,C00280,P0150,ST018,9/23/2025,1,426,0.05,Returned,Mobile Money
S0018628,C00171,P0150,ST002,2/11/2025,6,539,0.15,Completed,Bank Transfer
S0012579,C00435,P0150,ST016,3/19/2026,7,1282,0.05,completed,Mobile Money
S0010302,C00313,P0150,ST002,9/26/2025,7,135,0.1,Completed,Bank Transfer
S0017375,C00587,P0150,ST009,11/12/2025,10,768,0.2,Completed,Cash
S0015877,C00516,P0150,ST011,1/13/2026,4,864,0.05,completed,Bank Transfer
S0012410,C00172,P0150,ST013,5/5/2025,9,1052,0.1,Completed,Card
S0010159,C00155,P0150,ST020,6/22/2025,1,210,0,Cancelled,Bank Transfer
S0013247,C00309,P0150,ST007,1/21/2025,6,369,0.05,Pending,Cash
S0018158,C00655,P0150,ST001,10/17/2025,9,102,0.15,Pending,Cash
S0011769,C00446,P0150,ST004,4/27/2025,6,824,0.2,Pending,Card
S0018317,C00657,P0150,ST011,7/2/2026,6,225,0.15,Completed,Mobile Money
S0019059,C00061,P0150,ST002,1/26/2026,4,1360,0.15,Pending,Mobile Money
S0020004,C00432,P0150,ST020,4/1/2025,7,1476,0.1,Completed,Card
S0011954,C99999,P0150,ST012,3/8/2025,3,366,0.15,Completed,Bank Transfer
S0011999,C00172,P0150,ST002,11/24/2025,8,1092,0.2,Cancelled,Bank Transfer
S0015658,C00985,P0150,ST001,7/2/2026,2,1162,0,Returned,Card
S0014531,C00906,P0150,ST013,2/20/2025,6,641,0.15,Completed,Card
S0018851,C00253,P0150,ST003,7/3/2026,7,5,0.1,Pending,Cash
S0010880,C00959,P0150,ST011,5/12/2026,9,1103,0.2,Returned,Mobile Money
S0015486,C00678,P0150,ST014,8/21/2025,1,733,0.05,Pending,Bank Transfer
S0016079,C00153,P0150,ST011,7/24/2026,2,250,0.05,completed,Mobile Money
S0011457,C00043,P0150,ST014,6/4/2025,2,999,0.1,completed,Bank Transfer
S0017331,C00912,P0150,ST009,2/13/2025,2,1097,0.15,Pending,Card
S0011290,C00059,P0150,ST012,8/4/2025,2,63,0,Pending,Card
S0011752,C00711,P0150,ST016,5/23/2026,5,28,0.2,completed,Mobile Money
S0017649,C00011,P0150,ST007,8/12/2025,9,189,0,Returned,Card
S0010803,C00561,P0150,ST014,2/18/2025,5,112,0,Returned,Mobile Money
S0011588,C00343,P0150,ST008,2/15/2026,10,741,0.1,Cancelled,Cash
S0012430,C00894,P0150,ST005,2/19/2026,7,144,0.1,completed,Mobile Money
S0014158,C00885,P0150,ST001,1/18/2025,5,1479,0.2,Pending,Mobile Money
S0016454,C00951,P0150,ST009,7/12/2025,8,867,0,Completed,Cash
S0017277,C00748,P0150,ST002,8/10/2025,6,1420,0.15,Pending,Bank Transfer
S0015982,C00588,P0150,ST006,2/5/2026,6,66,0,Pending,Card
S0010369,C00249,P0150,ST011,4/17/2025,2,863,0.1,completed,Cash
S0011286,C00600,P0150,ST019,3/28/2025,6,984,0.15,completed,Mobile Money
S0014348,C00366,P0150,ST017,5/30/2025,3,354,0.15,Returned,Cash
S0015555,C00765,P0150,ST005,3/10/2025,7,220,0.2,Pending,Card
S0012883,C00991,P0150,ST010,2/1/2025,4,1113,0.1,Returned,Cash
S0011244,C00284,P0180,ST013,5/14/2025,1,595,0,Pending,Card
S0019055,C00979,P0180,ST007,2/24/2026,1,330,0.05,completed,Cash
S0012059,C00915,P0180,ST016,10/22/2025,8,642,0.2,completed,Card
S0019711,C00065,P0180,ST019,6/30/2026,4,85,0.05,Returned,Card
S0012333,C00002,P0180,ST001,9/2/2025,2,634,0.2,completed,Bank Transfer
S0010989,C00468,P0180,ST002,7/16/2025,10,1167,0.2,Pending,Mobile Money
S0011150,C00779,P0180,ST019,4/4/2026,9,1470,0.05,Completed,Mobile Money
S0017755,C00602,P0180,ST011,3/18/2026,8,204,0,Pending,Cash
S0018482,C00943,P0180,ST008,6/14/2025,8,1014,0.2,Pending,Bank Transfer
S0019029,C00276,P0180,ST009,8/24/2025,7,63,0.2,Pending,Bank Transfer
S0016931,C00141,P0180,ST017,12/7/2025,1,1039,0.15,Cancelled,Card
S0010196,C00647,P0180,ST015,3/11/2025,5,488,0.05,Returned,Mobile Money
S0015080,C00595,P0180,ST004,1/5/2025,2,567,0.1,Pending,Bank Transfer
S0015532,C00246,P0180,ST001,8/10/2025,3,337,0.15,Cancelled,Bank Transfer
S0013132,C00269,P0180,ST002,4/25/2026,2,38,0.15,Completed,Cash
S0018061,C00376,P0180,ST012,4/2/2025,8,439,0.15,Cancelled,Mobile Money
S0012732,C00974,P0180,ST002,9/2/2025,2,709,0,completed,Cash
S0019216,C00347,P0180,ST002,3/17/2025,5,544,0.2,completed,Card
S0016635,C00790,P0180,ST016,5/25/2026,5,270,0.1,Completed,Mobile Money
S0014856,C00046,P0180,ST014,2/27/2026,6,197,0.05,completed,Mobile Money
S0010549,C00349,P0180,ST004,7/19/2026,9,323,0.2,Completed,Card
S0019040,C00409,P0180,ST020,7/6/2025,6,267,0,Cancelled,Card
S0016482,C00523,P0180,ST007,4/5/2026,6,1399,0.05,Completed,Cash
S0015838,C00994,P0180,ST015,12/14/2025,2,742,0.05,completed,Bank Transfer
S0011676,C00695,P0180,ST002,7/19/2025,4,197,0.2,Completed,Card
S0013898,C00240,P0180,ST016,1/15/2026,5,904,0.1,Completed,Mobile Money
S0013826,C00653,P0180,ST019,4/24/2026,6,163,0.15,Cancelled,Mobile Money
S0014834,C00659,P0180,ST014,5/28/2025,5,126,0.15,Completed,Bank Transfer
S0016063,C00402,P0180,ST010,4/8/2026,2,408,0.05,Returned,Bank Transfer
S0011181,C00387,P0180,ST017,1/15/2026,5,136,0.1,Returned,Bank Transfer
S0018929,C00436,P0180,ST002,4/27/2025,6,508,0.15,Cancelled,Mobile Money
S0018946,C00285,P0180,ST012,11/3/2026,5,166,0.15,completed,Card
S0012734,C00381,P0180,ST005,8/27/2025,10,312,0.1,Cancelled,Card
S0019863,C00802,P0180,ST009,3/7/2026,3,318,0,Pending,Cash
S0018280,C00126,P0180,ST003,1/9/2025,6,1057,0.05,Completed,Mobile Money
S0017926,C99999,P0180,ST020,7/20/2026,4,1129,0.1,Completed,Cash
S0016315,C00548,P0180,ST005,8/23/2025,2,281,0.1,Pending,Bank Transfer
S0010449,C00950,P0180,ST020,5/16/2026,2,728,0.05,Completed,Bank Transfer
S0012684,C00323,P0180,ST006,1/4/2025,2,1045,0.2,Returned,Card
S0012055,C00143,P0180,ST004,3/9/2026,4,1250,0.15,Returned,Bank Transfer
S0017635,C00072,P0180,ST017,1/27/2026,2,1388,0.05,Pending,Cash
S0014678,C00778,P0180,ST011,5/23/2026,5,196,0.1,Returned,Cash
S0019434,C00522,P0088,ST006,2/26/2025,2,603,0.15,Returned,Bank Transfer
S0015178,C00904,P0180,ST001,9/15/2025,1,801,0.2,Completed,Bank Transfer
S0017872,C00238,P0180,ST013,1/16/2026,1,537,,completed,Bank Transfer
S0013304,C00509,P0180,ST013,2/11/2026,4,451,0,Pending,Card
S0011782,C00133,P0180,ST013,5/28/2026,3,607,0.2,Pending,Cash
S0014370,C00822,P0180,ST004,5/10/2025,5,1417,0.1,Cancelled,Cash
S0017787,C00846,P0088,ST019,3/16/2026,10,324,0.2,Returned,Cash
S0014223,C00375,P0180,ST020,2/3/2025,3,880,0.15,completed,Mobile Money
S0010667,C00234,P0180,ST008,4/14/2026,10,879,0.15,Returned,Cash
S0014436,C00691,P0088,ST019,8/6/2025,7,451,0.1,Returned,Card
S0010222,C00724,P0088,ST011,11/26/2025,10,847,0.05,Returned,Mobile Money
S0013734,C00859,P0180,ST002,7/2/2026,5,1067,0.2,Cancelled,Card
S0016055,C00859,P0180,ST002,7/2/2026,7,306,0.2,Cancelled,Card
S0016480,C00885,P0088,ST015,1/4/2026,5,751,0.1,Returned,Card
S0010433,C00057,P0088,ST016,7/27/2026,4,1043,0.2,Returned,Cash
S0013231,C00313,P0180,ST020,3/3/2026,9,1101,0.1,Completed,Card
S0013972,C00186,P0088,ST007,4/21/2025,7,499,0.1,completed,Cash
S0013019,C00036,P0088,ST020,10/27/2025,7,398,0.05,completed,Mobile Money
S0018530,C00623,P0088,ST015,1/17/2026,8,687,0.05,Cancelled,Bank Transfer
S0014191,C00780,P0088,ST016,6/6/2025,10,529,0.1,Returned,Cash
S0015358,C00335,P0088,ST019,7/4/2025,10,1375,0.05,Pending,Cash
S0014277,C00238,P0088,ST013,2/9/2025,8,1040,0.05,Pending,Bank Transfer
S0020000,C00513,P0088,ST004,6/11/2025,1,1291,0.05,Returned,Mobile Money
S0018617,C00618,P0088,ST003,2/1/2026,8,1065,0.15,Completed,Mobile Money
S0015654,C00496,P0088,ST018,8/25/2025,8,203,0.05,Cancelled,Card
S0010945,C00732,P0088,ST011,5/23/2025,5,940,0,Completed,Bank Transfer
S0019291,C00044,P0088,ST008,11/8/2025,9,1001,0.15,Completed,Mobile Money
S0015350,C00318,P0088,ST004,5/7/2025,9,211,0.2,Returned,Cash
S0010320,C00468,P0088,ST009,10/29/2025,3,1235,0.15,Cancelled,Card
S0015293,C00267,P0088,ST020,5/22/2026,2,1476,0.2,Cancelled,Cash
S0013081,C00548,P0088,ST012,7/14/2026,10,1155,0,Completed,Card
S0010969,C00230,P0088,ST008,5/15/2026,9,677,0.05,Returned,Card
S0010239,C00699,P0088,ST002,7/25/2025,8,778,0,Completed,Cash
S0017358,C00787,P0088,ST011,4/28/2025,10,125,0.2,Cancelled,Cash
S0014936,C00351,P0088,ST020,5/1/2025,4,204,0.1,Pending,Card
S0014578,C00548,P0088,ST002,5/26/2025,2,1238,0.05,Pending,Mobile Money
S0012660,C00192,P0088,ST015,3/7/2025,4,766,0.2,completed,Bank Transfer
S0014915,C00921,P0088,ST014,9/24/2025,2,436,0.15,Returned,Cash
S0011495,C00903,P0088,ST013,12/12/2025,5,259,0.05,Completed,Mobile Money
S0018801,C00574,P0088,ST014,10/29/2025,8,1080,0.1,Pending,Card
S0011375,C00253,P0088,ST011,5/6/2026,1,368,0.2,Completed,Cash
S0017907,C00518,P0088,ST009,3/11/2026,10,1288,0.15,Cancelled,Bank Transfer
S0017108,C00676,P0088,ST001,7/29/2025,3,513,0.1,Pending,Card
S0017662,C00163,P0088,ST003,3/1/2026,2,1246,0.05,Cancelled,Card
S0018524,C00877,P0088,ST004,5/4/2025,8,619,0.05,Returned,Card
S0011410,C00238,P0088,ST012,9/20/2025,4,970,0,Returned,Cash
S0010324,C00223,P0088,ST007,7/29/2025,10,357,0.15,Completed,Mobile Money
S0011980,C00529,P0088,ST006,6/4/2025,6,528,0.2,Returned,Mobile Money
S0013749,C00173,P0088,ST018,2/19/2025,6,744,0.15,completed,Mobile Money
S0017575,C00633,P0088,ST008,7/7/2026,2,1113,0.15,Cancelled,Bank Transfer
S0013234,C00442,P0088,ST018,6/17/2026,6,1134,0.2,Pending,Mobile Money
S0010147,C00836,P0088,ST008,1/10/2026,9,770,0,Completed,Bank Transfer
S0019164,C00667,P0088,ST016,1/4/2025,6,1134,0.15,Pending,Card
S0014062,C00296,P0088,ST001,9/23/2025,10,719,0,Pending,Mobile Money
S0017308,C00748,P0088,ST007,2/2/2026,2,336,0,Pending,Bank Transfer
S0014447,C00061,P0088,ST008,7/23/2025,8,309,0.1,completed,Bank Transfer
S0019049,C00328,P0088,ST015,1/8/2025,2,302,0.2,Cancelled,Card
S0018664,C00796,P0088,ST011,5/22/2026,6,766,0.2,Cancelled,Cash
S0016307,C00428,P0088,ST010,5/24/2025,10,919,0.2,Cancelled,Mobile Money
S0010206,C00188,P0088,ST005,5/29/2026,2,582,0,Pending,Bank Transfer
S0016949,C00110,P0076,ST003,9/20/2025,5,1070,0,completed,Cash
S0014354,C00275,P0076,ST015,8/26/2025,8,136,0.15,Returned,Bank Transfer
S0017325,C00921,P0076,ST017,3/1/2025,2,1297,0,Completed,Bank Transfer
S0016781,C00074,P0076,ST020,6/22/2025,8,812,0.2,Completed,Cash
S0017772,C00634,P0019,ST012,11/3/2025,3,910,0.1,completed,Mobile Money
S0017441,C00869,P0076,ST014,7/24/2026,2,1318,0,completed,Card
S0011639,C00408,P0076,ST009,7/11/2025,3,859,0.15,Returned,Mobile Money
S0010326,C00783,P0076,ST007,2/20/2026,9,468,0.2,completed,Mobile Money
S0014795,C00643,P0076,ST002,3/18/2025,4,1107,0,Pending,Mobile Money
S0019170,C00758,P0076,ST006,6/10/2026,8,705,0.15,Returned,Card
S0013297,C00334,P0076,ST020,4/10/2026,7,511,0.2,Cancelled,Card
S0015477,C00408,P0076,ST014,6/22/2026,2,46,0.1,completed,Cash
S0011976,C00610,P0076,ST012,12/26/2025,5,916,0.05,Completed,Bank Transfer
S0016463,C00245,P0076,ST009,9/2/2025,8,356,0.1,Completed,Card
S0012152,C00034,P0076,ST002,1/10/2026,8,734,0.05,Completed,Card
S0017936,C00119,P0019,ST014,4/17/2025,1,1032,0.15,Returned,Cash
S0016885,C00730,P0076,ST001,9/25/2025,8,361,0,Returned,Bank Transfer
S0018256,C00881,P0076,ST015,7/26/2025,5,356,0.1,Completed,Mobile Money
S0012512,C00314,P0076,ST013,6/13/2026,1,335,0,Cancelled,Bank Transfer
S0013321,C00698,P0076,ST005,3/15/2025,4,775,0.05,Pending,Card
S0019583,C00882,P0076,ST013,3/14/2025,8,737,0.05,completed,Cash
S0015216,C00114,P0076,ST001,9/28/2025,10,912,0.2,Returned,Bank Transfer
S0014338,C00216,P0076,ST014,7/25/2025,2,648,0.1,completed,Card
S0010603,C00561,P0076,ST017,5/27/2026,1,1163,0.05,Returned,Cash
S0019523,C00793,P0076,ST009,12/17/2025,7,1379,0.15,Returned,Mobile Money
S0020032,C00826,P0076,ST003,6/9/2026,3,1261,0.05,Pending,Cash
S0014704,C00679,P0076,ST005,11/7/2025,3,85,0.2,Returned,Card
S0010169,C00762,P0076,ST016,4/6/2025,3,1412,0.05,completed,Mobile Money
S0019970,C00186,P0019,ST016,12/17/2025,8,1014,0.15,Pending,Mobile Money
S0018178,C00078,P0076,ST015,7/24/2025,6,1458,0.15,Returned,Card
S0017870,C00207,P0019,ST017,12/27/2025,3,1126,0.1,Returned,Mobile Money
S0018526,C00561,P0076,ST015,4/29/2025,7,130,0.1,Cancelled,Card
S0011047,C00720,P0019,ST013,4/14/2026,8,26,0,Pending,Cash
S0018295,C00969,P0076,ST013,4/28/2026,10,748,0,Cancelled,Bank Transfer
S0018028,C00949,P0019,ST004,2/11/2026,7,242,0.1,Cancelled,Cash
S0010333,C00990,P0019,ST010,3/11/2025,8,528,0.1,Cancelled,Cash
S0016807,C00921,P0076,ST013,1/4/2025,7,1368,0.1,Cancelled,Cash
S0017172,C00028,P0076,ST006,3/30/2026,4,718,0,Cancelled,Card
S0018112,C00745,P0076,ST006,6/16/2025,6,757,0,Completed,Card
S0019638,C00040,P0076,ST006,1/16/2026,10,1290,0.15,Returned,Card
S0014183,C00226,P0076,ST006,2/4/2026,7,441,0.1,Completed,Cash
S0017049,C00124,P0076,ST003,7/14/2025,9,395,0,Pending,Bank Transfer
S0010067,C00701,P0019,ST013,7/24/2026,1,133,0.2,Pending,Bank Transfer
S0013976,C00579,P0019,ST002,9/14/2025,4,793,,completed,Bank Transfer
S0011950,C00442,P0019,ST012,7/8/2025,4,745,0.15,Pending,Bank Transfer
S0014822,C00351,P0019,ST019,1/13/2026,5,633,0.15,Pending,Mobile Money
S0016273,C00433,P0076,ST010,4/10/2025,4,426,0,Returned,Mobile Money
S0013636,C00723,P0019,ST011,12/22/2025,10,940,0.15,Returned,Mobile Money
S0014639,C00159,P0076,ST007,7/18/2025,9,312,0.2,completed,Cash
S0014410,C00320,P0019,ST019,6/22/2026,9,1130,0.2,Completed,Card
S0015353,C00411,P0019,ST014,12/6/2025,10,341,0.05,Returned,Mobile Money
S0019580,C00667,P0019,ST009,7/27/2025,9,1283,0,Completed,Cash
S0012360,C00430,P0019,ST013,3/18/2026,8,416,0.1,Pending,Card
S0018942,C00367,P0019,ST002,6/14/2025,5,578,0.2,completed,Cash
S0015792,C00751,P0076,ST011,3/24/2026,5,1362,0,Pending,Cash
S0010764,C00517,P0019,ST019,2/9/2025,9,1255,0.1,completed,Bank Transfer
S0013487,C00654,P0019,ST020,2/19/2026,10,833,0,Cancelled,Card
S0017956,C00482,P0076,ST008,9/28/2025,1,610,0,Pending,Cash
S0019799,C00193,P0076,ST003,6/7/2025,7,1489,0.1,Returned,Bank Transfer
S0019751,C00944,P0019,ST007,7/21/2025,10,491,0.15,Returned,Mobile Money
S0016947,C00557,P0076,ST013,1/24/2025,9,785,0.1,Cancelled,Card
S0013611,C00096,P0019,ST002,4/4/2026,10,923,0,Pending,Mobile Money
S0014355,C00864,P0076,ST006,2/13/2025,5,427,0,Completed,Card
S0019682,C00195,P0019,ST009,4/22/2026,7,1214,0.2,completed,Bank Transfer
S0013401,C00982,P0019,ST009,7/29/2025,2,367,0.15,Completed,Cash
S0011682,C00764,P0076,ST015,10/9/2025,7,192,0.2,Pending,Mobile Money
S0016661,C00171,P0019,ST010,5/8/2025,4,778,0,Cancelled,Card
S0014260,C00459,P0076,ST012,6/12/2026,4,573,0.1,Returned,Cash
S0016960,C00362,P0019,ST017,4/21/2025,8,1476,0.1,Completed,Bank Transfer
S0010563,C00111,P0019,ST020,2/15/2025,4,746,0.15,Pending,Mobile Money
S0015345,C00039,P0076,ST015,7/3/2026,5,334,0.2,completed,Bank Transfer
S0014508,C00282,P0019,ST001,8/7/2025,2,47,0.15,Cancelled,Bank Transfer
S0015692,C00807,P0076,ST013,11/20/2025,2,791,0.1,Completed,Bank Transfer
S0017341,C00097,P0076,ST013,3/15/2025,3,836,0.15,Cancelled,Card
S0018211,C00529,P0019,ST002,7/22/2026,5,742,0.15,Cancelled,Card
S0013048,C00022,P0019,ST002,11/12/2025,8,590,0.15,Cancelled,Cash
S0013628,C00388,P0019,ST003,11/21/2025,7,1006,0.1,Completed,Cash
S0010382,C00596,P0019,ST020,6/5/2025,6,468,0.05,Pending,Cash
S0011638,C00484,P0019,ST014,9/16/2025,8,1052,0.15,Cancelled,Card
S0014547,C00594,P0019,ST014,5/14/2025,9,1182,0.1,Completed,Bank Transfer
S0018332,C00382,P0019,ST015,10/28/2025,7,100,0,completed,Card
S0012981,C00871,P0019,ST016,6/24/2025,1,1368,0.2,Returned,Cash
S0014245,C00570,P0019,ST017,6/5/2025,8,644,0.1,completed,Mobile Money
S0016926,C00792,P0019,ST015,7/18/2025,2,234,0,Returned,Bank Transfer
S0019838,C00958,P0019,ST013,7/13/2025,10,100,0.05,Cancelled,Cash
S0019016,C00958,P0019,ST005,7/14/2026,7,1330,0,Completed,Mobile Money
S0010035,C00588,P0019,ST008,3/15/2026,9,1347,0.2,Pending,Mobile Money
S0013182,C00113,P0019,ST004,7/21/2026,10,852,0,Pending,Bank Transfer
S0013240,C00388,P0019,ST005,4/3/2026,7,307,0.2,Returned,Bank Transfer
S0012104,C00223,P0019,ST003,11/8/2025,2,1250,0.2,Returned,Card
S0014048,C00889,P0076,ST001,2/15/2026,7,834,0.1,Pending,Bank Transfer
S0010838,C00627,P0019,ST010,10/25/2025,2,1317,0,completed,Bank Transfer
S0016389,C00887,P0019,ST006,4/1/2025,4,507,0,Completed,Bank Transfer
S0015917,C00418,P0019,ST014,1/17/2025,9,597,0.05,completed,Cash
S0018954,C00389,P0019,ST001,12/18/2025,6,1109,0.05,Returned,Card
S0019129,C00693,P0019,ST013,3/6/2025,3,975,0.15,Completed,Mobile Money
S0010592,C00824,P0019,ST013,11/22/2025,6,110,0.1,Cancelled,Cash
S0018054,C00604,P0019,ST004,1/4/2025,10,671,0.2,completed,Card
S0016543,C00181,P0019,ST017,5/1/2026,10,139,0.2,completed,Cash
S0019579,C00547,P0019,ST001,2/27/2026,2,302,0.15,Cancelled,Mobile Money
S0012702,C00374,P0019,ST009,4/30/2025,3,1085,0,Cancelled,Bank Transfer
S0018087,C00609,P0019,ST019,5/29/2026,10,1481,0.1,Pending,Mobile Money
S0010396,C00424,P0019,ST014,5/2/2026,10,878,0.1,Completed,Bank Transfer
S0015983,C00474,P0019,ST015,3/28/2025,3,256,0,Returned,Card
S0015628,C00829,P0019,ST014,7/27/2026,7,138,0.1,Cancelled,Card
S0019251,C00396,P0060,ST005,1/2/2026,2,385,0.2,Cancelled,Card
S0016242,C00213,P0105,ST002,6/19/2025,3,599,0.15,Returned,Bank Transfer
S0019207,C00497,P0060,ST006,11/4/2025,9,1267,0.1,Returned,Mobile Money
S0016077,C00233,P0060,ST019,3/26/2025,4,1099,0.2,Cancelled,Bank Transfer
S0013408,C00648,P0060,ST009,4/28/2026,6,1282,0,Completed,Mobile Money
S0016184,C00021,P0105,ST019,4/16/2025,3,1111,0.05,Returned,Mobile Money
S0016057,C00735,P0060,ST009,6/3/2025,10,433,0,completed,Cash
S0013429,C00155,P0105,ST017,12/13/2025,5,1367,0.1,Returned,Cash
S0016347,C00743,P0060,ST019,12/29/2025,6,1300,0,completed,Card
S0012166,C00019,P0060,ST003,3/15/2026,10,59,0,Pending,Card
S0010741,C00293,P0060,ST011,7/5/2025,2,393,0.2,completed,Mobile Money
S0012669,C00482,P0060,ST011,4/5/2026,2,351,0.2,Completed,Cash
S0010964,C00557,P0060,ST004,6/26/2025,1,1406,0.1,Pending,Card
S0018785,C00112,P0060,ST019,3/29/2025,3,467,0.15,Cancelled,Bank Transfer
S0012408,C00364,P0105,ST019,5/18/2026,2,1249,0,Completed,Card
S0011646,C00404,P0105,ST012,7/22/2026,4,928,0.05,Pending,Card
S0011054,C00393,P0060,ST005,10/29/2025,3,99,0.05,Completed,Mobile Money
S0013778,C00768,P0060,ST017,7/5/2025,7,353,0.2,completed,Cash
S0014937,C00213,P0060,ST020,3/2/2026,9,991,0.15,Returned,Card
S0012396,C00010,P0060,ST020,6/28/2026,8,111,0.2,Returned,Cash
S0010648,C00353,P0060,ST014,5/9/2025,1,499,0.1,Completed,Bank Transfer
S0010162,C00916,P0105,ST002,2/15/2026,9,1214,0.2,Cancelled,Cash
S0010223,C00140,P0105,ST007,4/19/2026,1,680,0.15,Returned,Bank Transfer
S0010703,C00741,P0060,ST010,8/4/2025,3,126,0.1,Completed,Bank Transfer
S0015382,C00518,P0060,ST002,5/9/2026,6,1263,0.05,Returned,Card
S0019433,C00851,P0105,ST016,7/23/2026,9,609,0.15,Returned,Bank Transfer
S0011004,C00994,P0105,ST012,2/16/2025,4,569,0.1,completed,Card
S0012227,C00496,P0105,ST014,7/14/2025,9,421,0,completed,Cash
S0011836,C00879,P0105,ST015,5/1/2025,10,1228,0.05,Returned,Mobile Money
S0015530,C00048,P0060,ST017,7/29/2025,5,1271,0,Pending,Bank Transfer
S0010267,C00410,P0060,ST009,11/30/2025,7,6,0.05,Returned,Mobile Money
S0017790,C00599,P0105,ST002,12/15/2025,2,1230,0.15,Cancelled,Bank Transfer
S0010266,C00743,P0060,ST019,5/22/2025,2,328,0.2,completed,Bank Transfer
S0018817,C00648,P0060,ST003,9/6/2025,1,897,0.15,Returned,Card
S0011334,C00881,P0060,ST017,3/21/2026,4,1002,0.1,completed,Mobile Money
S0019912,C00465,P0105,ST005,4/14/2025,6,820,0.15,Pending,Bank Transfer
S0019755,C00376,P0105,ST009,10/10/2025,1,377,0.1,Cancelled,Card
S0015993,C00497,P0105,ST013,4/21/2026,1,467,0.1,Cancelled,Card
S0017597,C00522,P0060,ST003,5/2/2025,7,581,0,Returned,Mobile Money
S0017043,C00311,P0060,ST006,6/9/2025,5,714,0.1,Returned,Card
S0020037,C00468,P0105,ST016,6/13/2025,10,501,0.2,completed,Bank Transfer
S0015118,C00257,P0060,ST018,11/11/2025,2,279,0.1,Returned,Bank Transfer
S0018886,C00976,P0060,ST016,1/19/2025,7,28,0.15,Cancelled,Mobile Money
S0019717,C00365,P0060,ST015,3/16/2025,8,432,0.2,Cancelled,Mobile Money
S0017997,C00028,P0105,ST018,6/2/2025,8,820,0.1,Completed,Card
S0014335,C00478,P0060,ST019,4/11/2025,1,540,0.1,Returned,Card
S0010685,C00490,P0105,ST014,5/26/2025,5,1290,0.15,Completed,Bank Transfer
S0018917,C00679,P0060,ST009,7/6/2026,10,492,0,Cancelled,Mobile Money
S0011465,C00471,P0060,ST018,4/28/2025,1,335,0,Cancelled,Bank Transfer
S0018588,C00390,P0105,ST013,6/27/2026,2,442,0,Cancelled,Mobile Money
S0017808,C00172,P0060,ST006,3/28/2026,10,3,0.2,completed,Bank Transfer
S0013963,C00013,P0060,ST007,10/10/2025,10,673,0,Pending,Mobile Money
S0015785,C00382,P0060,ST001,11/2/2025,5,643,0,Pending,Cash
S0017332,C00656,P0060,ST009,10/8/2025,5,897,0.05,Cancelled,Bank Transfer
S0010898,C00297,P0105,ST009,12/10/2025,6,1116,0.1,Completed,Cash
S0017880,C00555,P0105,ST018,1/12/2025,10,518,0.2,completed,Bank Transfer
S0013221,C00810,P0060,ST006,6/19/2025,4,765,0.05,completed,Card
S0012423,C00387,P0105,ST003,4/14/2026,9,460,0.05,Pending,Bank Transfer
S0019453,C00751,P0060,ST001,6/22/2026,1,1401,0.15,Pending,Mobile Money
S0010833,C00355,P0105,ST014,10/23/2025,1,297,0.1,Returned,Bank Transfer
S0018225,C00004,P0105,ST003,11/17/2025,9,1410,0.2,Completed,Bank Transfer
S0015205,C00023,P0060,ST015,4/24/2025,6,655,0.2,Returned,Mobile Money
S0013957,C00266,P0060,ST006,6/9/2025,6,1328,0,Cancelled,Mobile Money
S0012759,C00230,P0105,ST003,4/2/2025,10,556,0.1,Cancelled,Bank Transfer
S0014115,C00865,P0060,ST008,6/13/2025,4,1323,0.2,completed,Card
S0013785,C00120,P0105,ST005,4/1/2026,3,1240,0.2,Pending,Card
S0011627,C00593,P0105,ST006,2/27/2025,2,1484,0,Pending,Mobile Money
S0010848,C00838,P0105,ST012,4/19/2025,8,755,0.05,Completed,Mobile Money
S0019641,C00216,P0060,ST009,1/26/2026,5,200,0.05,Cancelled,Bank Transfer
S0018772,C00274,P0105,ST020,1/5/2026,6,1201,0.2,Cancelled,Mobile Money
S0010533,C00328,P0060,ST003,3/8/2025,3,894,0.15,completed,Cash
S0014871,C00884,P0105,ST020,7/1/2026,1,6,0.2,completed,Cash
S0014560,C00133,P0105,ST012,2/7/2025,9,44,0.1,Returned,Mobile Money
S0015909,C00876,P0105,ST007,10/5/2025,6,111,0.1,completed,Cash
S0012426,C00459,P0105,ST003,5/16/2025,2,1271,0.15,Completed,Bank Transfer
S0019247,C00519,P0105,ST012,11/12/2025,6,204,0.1,Cancelled,Bank Transfer
S0015797,C00563,P0105,ST016,2/28/2025,10,931,0,completed,Card
S0013505,C00958,P0105,ST012,10/14/2025,10,907,0.2,Pending,Bank Transfer
S0018277,C00443,P0060,ST004,3/1/2025,1,113,0.15,Cancelled,Mobile Money
S0011709,C00566,P0060,ST004,6/7/2025,8,1426,0.2,Cancelled,Card
S0018174,C00282,P0060,ST002,1/17/2025,2,919,0.15,Pending,Mobile Money
S0012191,C00244,P0105,ST008,11/20/2025,2,1264,0.15,Completed,Bank Transfer
S0018350,C00939,P0060,ST014,3/22/2025,2,1389,0.2,Completed,Card
S0013140,C00689,P0105,ST006,9/11/2025,9,329,0.1,Pending,Card
S0018085,C00066,P0105,ST010,8/23/2025,2,243,0.1,completed,Card
S0017396,C00785,P0060,ST018,4/12/2026,4,948,0,Pending,Card
S0013397,C00546,P0105,ST013,2/1/2026,10,1248,0.05,Returned,Bank Transfer
S0011542,C00680,P0060,ST009,9/22/2025,5,94,0.2,Returned,Mobile Money
S0010444,C00316,P0060,ST017,9/16/2025,5,1357,0.15,Completed,Bank Transfer
S0019769,C00984,P0060,ST015,9/3/2025,10,794,0.15,Completed,Cash
S0013230,C00307,P0168,ST001,1/17/2025,3,744,0,Cancelled,Card
S0014128,C00502,P0168,ST016,7/16/2026,8,834,0,Cancelled,Cash
S0016020,C00910,P0168,ST001,9/25/2025,8,673,0,Completed,Cash
S0019165,C00094,P0168,ST016,11/16/2025,8,558,0.05,Cancelled,Card
S0013878,C00625,P0168,ST006,11/27/2025,8,1407,0.05,Returned,Card
S0018025,C00195,P0168,ST018,1/18/2026,2,1049,0.05,completed,Cash
S0012090,C00433,P0168,ST016,7/31/2025,4,4,0.15,Returned,Bank Transfer
S0016916,C00059,P0168,ST006,9/27/2025,9,1223,0.1,Cancelled,Mobile Money
S0016094,C00222,P0168,ST013,9/9/2025,2,1418,0,Pending,Bank Transfer
S0010729,C00702,P0168,ST016,1/31/2026,6,636,0.15,Completed,Bank Transfer
S0016722,C00244,P0168,ST019,5/10/2026,10,710,0.05,Cancelled,Mobile Money
S0014843,C00795,P0168,ST013,6/27/2025,10,1435,0.05,Completed,Bank Transfer
S0013496,C00860,P0168,ST015,6/22/2025,7,1336,0.2,Cancelled,Cash
S0014701,C00554,P0168,ST004,5/14/2026,2,863,0.2,Returned,Cash
S0014071,C00773,P0168,ST003,10/8/2025,10,971,0,Cancelled,Cash
S0017494,C00941,P0168,ST014,6/12/2025,10,358,0.2,completed,Bank Transfer
S0013238,C00983,P0168,ST012,5/1/2025,1,1461,0.15,completed,Cash
S0010467,C00077,P0168,ST012,12/13/2025,2,409,0.1,completed,Mobile Money
S0017632,C00866,P0168,ST001,5/3/2026,5,1479,0.2,Returned,Bank Transfer
S0010535,C00626,P0168,ST001,1/2/2026,9,774,0.1,Completed,Cash
S0018131,C00008,P0168,ST018,2/7/2025,2,850,0,Returned,Bank Transfer
S0016037, C00253 ,P0168,ST006,6/28/2025,7,63,0.1,Cancelled,Card
S0015691,C00653,P0168,ST013,1/5/2026,9,1295,0.05,Cancelled,Mobile Money
S0011494,C00084,P0168,ST014,7/7/2026,3,1264,0.2,Cancelled,Mobile Money
S0011973,C00431,P0168,ST019,6/22/2026,6,1467,0.1,Cancelled,Mobile Money
S0014938,C00433,P0168,ST013,4/3/2025,10,1474,0.15,Returned,Bank Transfer
S0018376,C00378,P0168,ST006,6/22/2025,2,292,0.1,Returned,Cash
S0012158,C00257,P0168,ST002,5/29/2026,3,610,0.05,Completed,Card
S0014304,,P0168,ST010,7/24/2026,3,608,0,Returned,Mobile Money
S0013682,C00369,P0168,ST004,3/2/2026,10,63,0.05,Cancelled,Card
S0019816,C00936,P0168,ST004,9/22/2025,3,1487,0.15,Pending,Mobile Money
S0014800,C00352,P0168,ST013,7/17/2025,7,603,0.1,completed,Mobile Money
S0018515,C00514,P0168,ST018,5/9/2026,10,226,0.15,completed,Mobile Money
S0019950,C00288,P0168,ST001,11/25/2025,3,986,0.05,completed,Card
S0015089,C00168,P0168,ST020,12/22/2025,4,1015,0.1,Pending,Mobile Money
S0018896,C00745,P0168,ST009,4/23/2026,7,217,0,Completed,Mobile Money
S0018593,C00489,P0168,ST013,6/1/2026,5,852,0.05,Cancelled,Cash
S0010629,C00675,P0168,ST001,9/18/2025,6,803,0.05,Completed,Bank Transfer
S0019064,C00240,P0168,ST005,11/21/2025,7,1260,0.1,completed,Mobile Money
S0018260,C00802,P0168,ST002,8/3/2025,2,235,0.15,Returned,Bank Transfer
S0019845,C00454,P0168,ST020,10/24/2025,3,1131,0.2,completed,Card
S0017459,C00711,P0168,ST008,5/4/2025,10,1476,0,Completed,Mobile Money
S0016026,C00371,P0168,ST003,4/19/2026,4,9,0.2,Cancelled,Cash
S0011042,C00124,P0168,ST007,7/24/2025,2,786,0.15,completed,Bank Transfer
S0017933,C00823,P0168,ST016,5/9/2025,9,1362,0,completed,Card
S0012827,C00674,P0168,ST014,3/25/2025,7,438,0.15,Cancelled,Mobile Money
S0015520,C00508,P0168,ST012,3/10/2025,9,980,0,completed,Bank Transfer
S0020013,C00020,P0168,ST014,9/3/2025,9,1044,0.1,completed,Bank Transfer
S0018681,C00859,P0168,ST007,5/4/2026,8,1237,0,completed,Mobile Money
S0018571,C00384,P0168,ST003,9/30/2025,9,1048,0.2,completed,Cash
S0010815,C00955,P0168,ST004,9/23/2025,8,422,0.2,Completed,Mobile Money
S0015077,C00471,P0168,ST004,12/1/2025,2,213,0.05,Returned,Card
S0011020,C00116,P0168,ST019,10/8/2025,2,342,0.1,Pending,Mobile Money
S0010999,C00937,P0168,ST006,9/27/2025,10,1311,0.15,completed,Mobile Money
S0017598,C00292,P0168,ST006,3/30/2025,10,785,0.15,Completed,Cash
S0014336,C00753,P0168,ST010,3/26/2026,8,546,0.05,Returned,Mobile Money
S0019936,C00181,P0168,ST018,7/14/2025,7,1342,0,completed,Bank Transfer
S0010936,C00633,P0062,ST013,2/19/2025,2,172,0.05,Cancelled,Cash
S0012935,C00639,P0062,ST011,1/15/2026,4,1172,0,Cancelled,Mobile Money
S0016821,C00593,P0062,ST001,4/19/2025,4,317,0.1,Cancelled,Card
S0012665,C00978,P0062,ST012,11/7/2025,8,926,0.2,Cancelled,Card
S0019367,C00110,P0062,ST015,7/5/2025,5,417,0.1,Cancelled,Cash
S0019267,C00691,P0062,ST017,4/18/2026,7,1346,0.15,Returned,Bank Transfer
S0014463,C00984,P0062,ST010,7/7/2026,6,368,0,Returned,Mobile Money
S0018846,,P0062,ST014,2/6/2025,4,729,0,completed,Card
S0019260,C00002,P0062,ST011,6/6/2026,5,398,0.05,Completed,Card
S0014802,C00820,P0062,ST007,7/28/2025,5,587,0.2,completed,Bank Transfer
S0012713,C00199,P0062,ST006,4/26/2025,4,799,0.1,Returned,Bank Transfer
S0016467,C00466,P0062,ST013,8/19/2025,7,216,0.15,Returned,Card
S0011691,C00960,P0062,ST015,10/12/2025,3,624,0.15,Cancelled,Cash
S0012434,C00659,P0062,ST005,8/24/2025,4,1195,0.15,completed,Mobile Money
S0019094,C00517,P0062,ST016,2/23/2026,4,1392,0.1,Completed,Card
S0019493,C00794,P0062,ST005,11/30/2025,2,842,0,Cancelled,Bank Transfer
S0016681,C00459,P0062,ST020,1/20/2026,5,1389,0.1,Cancelled,Bank Transfer
S0015641,C00331,P0062,ST001,10/14/2025,6,396,0.1,Completed,Card
S0019465,C00333,P0062,ST017,6/14/2026,6,221,0,Returned,Bank Transfer
S0019043,C00366,P0062,ST011,12/8/2025,5,310,0.1,Returned,Mobile Money
S0010065,C00966,P0062,ST004,7/12/2025,6,990,0.15,completed,Card
S0017988,C00302,P0062,ST011,6/20/2026,1,669,0.15,Pending,Cash
S0012515,C00144,P0102,ST005,8/14/2025,7,229,0.05,Completed,Card
S0015343,C00355,P0062,ST011,9/15/2025,6,777,0.2,Cancelled,Mobile Money
S0015442,C00004,P0102,ST001,4/25/2026,4,183,0.15,Pending,Mobile Money
S0013648,C00389,P0062,ST016,6/19/2025,10,973,0.15,Completed,Bank Transfer
S0016525,C00612,P0062,ST014,3/12/2025,4,818,0,Returned,Mobile Money
S0011618,C00947,P0062,ST015,5/4/2025,3,335,0,Cancelled,Card
S0012000,C00748,P0062,ST003,5/27/2025,3,1242,0,completed,Mobile Money
S0015851,C00112,P0062,ST016,7/18/2026,7,797,0.05,Pending,Cash
S0014195,C00143,P0062,ST014,8/4/2025,4,1222,0.15,Returned,Bank Transfer
S0011430,C00305,P0062,ST018,2/27/2026,7,192,0.2,Cancelled,Cash
S0015219,C00805,P0062,ST004,6/17/2026,7,54,0,Returned,Card
S0019316,C00795,P0062,ST015,10/17/2025,1,1064,0.2,Returned,Bank Transfer
S0010253,C00092,P0062,ST017,2/21/2025,5,994,0,completed,Card
S0015647,C00491,P0062,ST006,4/17/2025,2,3,0.15,Returned,Bank Transfer
S0018662,C00756,P0062,ST005,3/6/2026,2,581,0.05,Pending,Mobile Money
S0017699,C00037,P0102,ST010,8/9/2025,7,446,0.05,Pending,Mobile Money
S0012747,C00855,P0062,ST011,1/26/2026,1,1154,0,Completed,Mobile Money
S0013361,C00802,P0062,ST019,7/20/2026,6,292,0.15,Cancelled,Bank Transfer
S0011858,C00748,P0062,ST005,6/6/2025,7,1024,0.15,Cancelled,Mobile Money
S0011545,C00174,P0062,ST017,7/15/2025,7,924,0.15,Cancelled,Cash
S0013180,C00163,P0102,ST005,3/30/2025,1,214,0.05,Completed,Mobile Money
S0016529,C00974,P0062,ST016,11/26/2025,8,293,0.2,Completed,Cash
S0019384,C00405,P0062,ST002,4/3/2026,1,1495,0,completed,Cash
S0011060,C00255,P0062,ST001,12/10/2025,10,1370,0.05,Returned,Cash
S0011789,C00082,P0062,ST017,3/25/2025,2,857,0.1,Completed,Bank Transfer
S0019436,C00840,P0062,ST004,1/25/2026,10,923,0.2,Pending,Bank Transfer
S0019654,C00662,P0062,ST002,3/27/2025,8,1040,0.2,Pending,Mobile Money
S0010140,C00802,P0062,ST008,7/21/2025,8,112,0.1,Completed,Bank Transfer
S0017026,C00945,P0102,ST017,3/21/2025,5,1330,0.05,Completed,Card
S0018913,C00477,P0062,ST012,12/20/2025,4,803,0.05,completed,Card
S0019742,C00978,P0102,ST007,2/10/2025,9,320,0,completed,Bank Transfer
S0016522,C00279,P0062,ST006,12/15/2025,7,748,0.05,Pending,Mobile Money
S0010096,C00034,P0102,ST004,1/12/2026,3,311,0.2,Returned,Bank Transfer
S0015839,C00773,P0102,ST003,6/23/2026,3,994,0.1,completed,Cash
S0011664,C00877,P0102,ST018,10/4/2025,8,178,0.1,Cancelled,Card
S0019807,C00843,P0062,ST011,10/6/2025,5,543,0.05,completed,Cash
S0017410,C00724,P0102,ST015,4/27/2026,3,748,0.2,Pending,Bank Transfer
S0010293,C00389,P0062,ST008,4/9/2025,7,729,0.05,completed,Cash
S0017502,C00878,P0062,ST005,5/12/2026,10,1000,0,Cancelled,Bank Transfer
S0011559,C00949,P0102,ST011,7/12/2026,4,1500,0,Returned,Mobile Money
S0012274,C00785,P0062,ST016,6/19/2025,9,1294,0.2,Pending,Cash
S0013742,C00100,P0102,ST004,5/13/2026,5,43,0.05,Cancelled,Cash
S0014970,C00668,P0062,ST009,11/11/2025,9,430,0.1,Completed,Mobile Money
S0019505,C00440,P0062,ST004,5/17/2026,6,778,0.2,Cancelled,Mobile Money
S0014546,C00068,P0102,ST006,4/28/2026,4,484,0,Cancelled,Mobile Money
S0010873,C00038,P0102,ST013,7/17/2025,5,816,0.2,Cancelled,Bank Transfer
S0010478,C00284,P0102,ST006,3/19/2025,8,643,0.2,Cancelled,Card
S0018665,C00104,P0102,ST011,3/10/2026,5,266,0.1,Cancelled,Mobile Money
S0019399,C00764,P0102,ST003,1/9/2026,6,899,0,Returned,Mobile Money
S0013445,C00772,P0102,ST016,1/31/2026,7,429,0.1,Completed,Mobile Money
S0010085,C00510,P0102,ST004,8/7/2025,3,1131,0.15,Completed,Mobile Money
S0018814,C00271,P0102,ST002,10/1/2025,3,432,0.05,completed,Card
S0016897,C00348,P0102,ST003,7/18/2025,2,802,0,Cancelled,Mobile Money
S0012442,C00759,P0102,ST013,10/24/2025,10,422,0.15,completed,Cash
S0014300,C00985,P0102,ST011,10/8/2025,2,1122,0.1,completed,Cash
S0012614,C00811,P0102,ST012,3/17/2026,5,762,0.2,completed,Card
S0015415,C00792,P0102,ST003,6/15/2026,3,1220,0.1,Returned,Cash
S0015184,C00059,P0102,ST006,2/9/2025,7,761,0.05,Completed,Cash
S0010161,C00957,P0102,ST003,6/25/2026,7,1008,0.1,Cancelled,Bank Transfer
S0014011,C00606,P0102,ST017,1/10/2026,3,318,0.05,completed,Mobile Money
S0012020,C00689,P0102,ST013,7/17/2025,6,498,0.15,Pending,Card
S0018147,C00898,P0102,ST014,1/21/2025,2,545,0.05,Completed,Cash
S0019853,C00575,P0102,ST017,1/21/2025,4,156,0.15,Completed,Card
S0018150,C00961,P0102,ST008,10/26/2025,8,610,0.05,Pending,Mobile Money
S0011162,C00866,P0102,ST008,1/14/2026,3,1490,0.1,Returned,Mobile Money
S0017228,C00193,P0102,ST013,4/30/2025,4,1008,0.05,Pending,Cash
S0017823,C00609,P0102,ST010,3/27/2025,4,517,0.2,Completed,Cash
S0018835,C00653,P0062,ST017,1/25/2026,1,1179,0.05,Returned,Mobile Money
S0017777,C00285,P0102,ST003,8/14/2025,7,909,0.2,Returned,Bank Transfer
S0011842,C00664,P0102,ST020,8/1/2025,7,350,0.15,completed,Card
S0010952,C00884,P0102,ST020,4/30/2025,4,1103,0,Returned,Mobile Money
S0012968,C00209,P0102,ST017,4/16/2026,1,292,0.05,Completed,Cash
S0012450,C00125,P0102,ST017,4/9/2026,6,188,0.1,Pending,Card
S0012242,C00118,P0102,ST019,1/3/2026,9,1173,0.1,Pending,Cash
S0014758,C00307,P0102,ST004,12/1/2025,4,1212,0.05,Completed,Card
S0010552,C00190,P0102,ST014,6/30/2026,3,1337,0,completed,Bank Transfer
S0016700,C00611,P0102,ST004,7/10/2025,2,135,0,Returned,Mobile Money
S0013802,C00291,P0102,ST015,5/22/2025,6,965,0.2,Cancelled,Bank Transfer
S0019325,C00968,P0102,ST012,6/23/2025,5,942,0.1,Pending,Bank Transfer
S0012404,C00360,P0102,ST002,5/1/2026,1,1073,0.1,Completed,Card
S0018188,C00914,P0102,ST019,3/16/2026,10,826,0,Returned,Mobile Money
S0014178,C00401,P0102,ST008,12/28/2025,6,1390,0.1,Pending,Bank Transfer
S0012656,C00367,P0102,ST020,5/23/2025,7,756,0,Completed,Card
S0018072,C00486,P0102,ST007,6/27/2026,8,150,0,completed,Cash
S0010950,C00884,P0102,ST013,6/18/2026,10,106,0.05,Cancelled,Cash
S0010285,C00985,P0087,ST004,7/12/2025,7,184,0,Cancelled,Cash
S0018395,C00848,P0087,ST001,6/10/2025,8,565,0.2,completed,Cash
S0019995,C00434,P0087,ST004,7/11/2026,6,1432,0.15,Completed,Card
S0019173,C00606,P0087,ST014,3/19/2026,3,31,0.15,Returned,Cash
S0011399,C00577,P0087,ST004,7/31/2026,1,39,0,Completed,Card
S0013465,C00421,P0087,ST006,2/22/2025,9,603,0.05,completed,Bank Transfer
S0018889,C00184,P0087,ST019,7/17/2025,9,94,0.2,Pending,Bank Transfer
S0013489,C00517,P0087,ST003,6/14/2026,6,103,0.1,Pending,Cash
S0010837,C00557,P0087,ST019,4/17/2026,7,795,0.05,Cancelled,Card
S0019476,C00722,P0087,ST019,5/3/2025,10,1237,0,Returned,Card
S0010278,C00834,P0087,ST019,5/7/2025,5,531,0,Returned,Mobile Money
S0014081,C00352,P0087,ST014,6/10/2026,2,269,0,Returned,Card
S0018904,C00445,P0087,ST013,3/12/2025,10,1005,0.2,completed,Bank Transfer
S0013521,C00676,P0199,ST014,12/10/2025,6,546,0,Pending,Cash
S0017681,C00251,P0087,ST008,6/13/2025,6,695,0.1,Cancelled,Mobile Money
S0010673,C00017,P0087,ST002,3/10/2025,8,350,0.1,completed,Cash
S0017199,C00741,P0087,ST005,6/10/2025,3,875,0,completed,Mobile Money
S0019562,C00651,P0087,ST006,2/23/2025,8,1036,0,Cancelled,Bank Transfer
S0015256,C00951,P0087,ST009,7/17/2025,4,749,0,Returned,Cash
S0010798,C00941,P0087,ST014,1/24/2026,2,319,,Pending,Mobile Money
S0012332,C00027,P0087,ST015,8/18/2025,5,945,0,Pending,Cash
S0013764,C00139,P0087,ST011,4/26/2026,5,568,0.15,Completed,Cash
S0010929,C00900,P0087,ST013,3/5/2025,10,134,0.1,Pending,Bank Transfer
S0019898,C00113,P0199,ST010,6/26/2026,8,1432,0.1,Pending,Cash
S0013442,C00070,P0087,ST014,4/22/2025,10,1319,0.05,Returned,Mobile Money
S0018675,C00405,P0199,ST001,10/18/2025,10,1247,0.05,completed,Bank Transfer
S0017453,C00990,P0087,ST016,4/29/2025,9,400,0,completed,Card
S0015145,C00757,P0087,ST014,2/18/2026,8,235,0.05,Cancelled,Cash
S0012542,C00143,P0199,ST007,9/7/2025,6,1044,0.05,Returned,Bank Transfer
S0016850,C00164,P0199,ST008,9/22/2025,1,457,0.2,Pending,Card
S0019864,C00915,P0087,ST006,9/13/2025,5,872,0.1,Cancelled,Cash
S0010546,C00088,P0199,ST011,8/11/2025,5,339,0.1,Pending,Mobile Money
S0010980,C00909,P0087,ST017,5/2/2026,2,833,0.1,Pending,Bank Transfer
S0012941,C00436,P0087,ST016,5/9/2025,8,1385,0.1,Completed,Mobile Money
S0012915,C00205,P0087,ST001,4/20/2025,9,892,0,Returned,Mobile Money
S0017725,C00889,P0199,ST003,5/10/2025,7,1201,0.1,Returned,Cash
S0015086,C00590,P0199,ST017,3/2/2026,7,94,0.1,Completed,Cash
S0015154,C00355,P0199,ST005,11/26/2025,10,834,0.05,Completed,Mobile Money
S0016933,C00823,P0087,ST016,6/25/2026,7,667,0.05,Pending,Bank Transfer
S0010486,C00920,P0087,ST015,5/20/2025,3,706,0,completed,Mobile Money
S0016095,C00960,P0199,ST005,5/26/2025,2,261,0.1,Pending,Bank Transfer
S0016717,C00340,P0199,ST012,12/22/2025,8,568,0.05,Cancelled,Cash
S0019126,C00421,P0199,ST014,9/19/2025,1,1232,0.2,Returned,Mobile Money
S0012855,C00584,P0087,ST005,1/4/2025,6,582,0,Completed,Card
S0015066,C00193,P0087,ST017,5/24/2026,6,1372,0.05,Returned,Mobile Money
S0013930,C00149,P0199,ST001,3/19/2026,3,387,0,completed,Bank Transfer
S0017025,C00163,P0199,ST011,5/11/2025,9,782,0,Returned,Cash
S0019276,C00683,P0087,ST006,1/6/2026,6,1331,0.1,completed,Bank Transfer
S0013780,C00749,P0199,ST013,2/4/2025,6,1119,0,Completed,Mobile Money
S0012620,C00427,P0087,ST020,2/18/2025,10,939,0.1,completed,Cash
S0015383,C00012,P0199,ST015,10/1/2025,3,1104,0.1,Pending,Card
S0011249,C00247,P0199,ST001,6/13/2026,2,1108,0.1,Cancelled,Card
S0017177,C00449,P0199,ST001,12/6/2025,2,984,0.2,Cancelled,Bank Transfer
S0011904,C00735,P0087,ST013,8/28/2025,2,109,0,Returned,Card
S0017435,C00170,P0199,ST015,7/14/2025,5,1338,0.15,Completed,Cash
S0010965,C00229,P0199,ST012,11/16/2025,5,840,0.15,completed,Card
S0015905,C00049,P0199,ST010,4/27/2025,4,797,0.2,Returned,Cash
S0011930,C00798,P0087,ST004,6/3/2026,6,191,0.05,Pending,Card
S0013918,C00574,P0199,ST006,1/20/2026,9,512,0.1,Returned,Mobile Money
S0013581,C00602,P0199,ST012,6/9/2025,10,884,0.2,Pending,Cash
S0011942,C00898,P0199,ST016,4/3/2025,7,576,0.2,Completed,Bank Transfer
S0014278,C00893,P0087,ST007,3/22/2025,9,965,0.1,completed,Card
S0011957,C00120,P0199,ST013,10/28/2025,7,559,0.1,completed,Mobile Money
S0018338,C00514,P0199,ST020,6/13/2025,6,410,0.2,Returned,Mobile Money
S0015894,C00417,P0199,ST015,2/12/2026,5,170,0.1,Pending,Mobile Money
S0018638,C00918,P0087,ST011,1/28/2026,9,1279,0.1,completed,Card
S0012282,C00255, P0199 ,ST012,9/19/2025,7,158,0.05,Returned,Bank Transfer
S0019657,C00334,P0199,ST006,5/31/2026,4,598,0.1,Cancelled,Bank Transfer
S0014301,C00542,P0199,ST005,3/24/2026,4,463,0,Returned,Mobile Money
S0012183,C00263,P0199,ST014,11/25/2025,10,157,0.2,Completed,Bank Transfer
S0012911,C00548,P0087,ST010,9/13/2025,3,1147,0.1,completed,Card
S0014899,C00447,P0087,ST018,2/5/2025,2,666,0.1,Returned,Card
S0014341,C00198,P0199,ST002,2/14/2026,5,481,0.05,Completed,Card
S0011360,C00778,P0199,ST010,6/21/2025,10,1445,0.1,Returned,Card
S0012809,C00914,P0087,ST014,6/29/2026,8,239,0.05,completed,Mobile Money
S0014734,C00603,P0199,ST014,1/24/2025,3,898,0.2,Completed,Cash
S0019284,C00498,P0199,ST012,1/31/2026,9,568,0.2,completed,Bank Transfer
S0014046,C00519,P0199,ST012,3/28/2025,8,410,0.15,Completed,Card
S0010710,C00497,P0199,ST020,2/20/2025,9,1446,0.2,Cancelled,Bank Transfer
S0018171,C00890,P0199,ST016,6/23/2025,1,615,0.15,completed,Bank Transfer
S0010865,C00717,P0087,ST018,11/15/2025,10,790,0.1,Pending,Bank Transfer
S0013997,C00630,P0199,ST008,6/25/2025,6,11,0.05,completed,Cash
S0016829,C00494,P0199,ST013,1/11/2025,4,121,0.05,Cancelled,Card
S0019324,C00676,P0199,ST001,3/3/2025,6,852,0.05,Returned,Bank Transfer
S0014387,C00599,P0199,ST018,1/22/2025,2,273,0.15,Pending,Cash
S0018863,C00736,P0199,ST010,2/19/2026,6,1057,0,Returned,Card
S0013535,C00262,P0199,ST019,7/6/2026,7,1459,0.05,Returned,Card
S0016224,C00688,P0199,ST004,12/4/2025,9,534,0,completed,Bank Transfer
S0011535,C00686,P0199,ST011,4/20/2025,5,902,0.2,completed,Bank Transfer
S0019972,C00526,P0199,ST008,9/2/2025,8,1426,0.15,Returned,Card
S0018371,C00204,P0199,ST007,7/13/2025,2,1330,0,Cancelled,Card
S0012431,C00697,P0188,ST011,3/25/2026,6,1098,0.15,Completed,Bank Transfer
S0011058,C00830,P0188,ST007,6/19/2026,10,792,0.2,Cancelled,Mobile Money
S0019692,C00775,P0188,ST008,3/18/2026,9,1098,0.1,Returned,Bank Transfer
S0014849,C00464,P0188,ST016,2/25/2026,1,859,0.2,completed,Bank Transfer
S0012729,C00239,P0188,ST002,10/28/2025,4,266,0,completed,Card
S0018739,C00080,P0188,ST016,7/17/2025,3,66,0.2,Pending,Mobile Money
S0019255,C00559,P0188,ST020,7/19/2026,8,1030,0.05,Cancelled,Cash
S0010198,C00322,P0188,ST002,5/18/2025,7,704,0.15,Completed,Card
S0010408,C00731,P0188,ST014,10/8/2025,3,660,0.05,Pending,Card
S0012718,C00180,P0188,ST019,2/17/2026,10,939,0.1,completed,Bank Transfer
S0014259,C00319,P0188,ST010,6/1/2026,3,368,0.15,Pending,Bank Transfer
S0014832,C00054,P0188,ST019,3/26/2025,2,955,0.2,Completed,Mobile Money
S0013473,C00607,P0188,ST014,3/10/2025,8,1093,0.1,Returned,Mobile Money
S0016421,C00469,P0188,ST999,9/17/2025,4,85,0.2,Returned,Mobile Money
S0011445,C00380,P0188,ST003,11/10/2025,7,855,0,Cancelled,Cash
S0016159,C00692,P0188,ST019,5/20/2025,10,803,0.1,completed,Card
S0011761,C00169,P0188,ST016,7/19/2026,1,1437,0,Completed,Cash
S0015168,C00899,P0188,ST006,12/12/2025,4,911,0.2,Pending,Cash
S0013920,C00092,P0188,ST017,8/25/2025,4,1013,0.1,Returned,Card
S0013212,C00968,P0188,ST014,5/31/2026,2,1146,0.2,Returned,Mobile Money
S0010644,C00623,P0188,ST006,11/24/2025,9,494,0,Cancelled,Bank Transfer
S0011586,C00904,P0188,ST013,7/14/2025,9,416,0.15,completed,Card
S0015158,C00047,P0188,ST003,10/27/2025,3,1141,0.05,Completed,Mobile Money
S0011366,C00634,P0188,ST019,12/1/2025,8,1169,0.05,Completed,Bank Transfer
S0016925,C00778,P0188,ST003,6/6/2025,10,1358,0.05,Pending,Cash
S0019601,C00645,P0188,ST010,7/18/2026,4,765,0.2,Returned,Mobile Money
S0018504,C00959, P0188 ,ST013,7/10/2026,4,405,0.1,Returned,Card
S0012206,C00936,P0188,ST018,6/13/2026,4,1477,0.15,completed,Bank Transfer
S0013953,C00824,P0188,ST013,6/10/2026,8,606,0.05,Completed,Cash
S0010637, C00830 ,P0188,ST011,3/7/2025,3,327,0.1,Returned,Card
S0019411, C00618 ,P0188,ST015,7/25/2026,8,961,0,Completed,Cash
S0010255,C00744,P0188,ST002,4/8/2026,7,1433,,Pending,Cash
S0015201,C00895,P0188,ST019,3/1/2026,5,401,0.15,Returned,Mobile Money
S0012211,C00974,P0188,ST015,7/30/2026,9,765,0.05,completed,Cash
S0018210,C00615,P0188,ST007,9/16/2025,6,367,0.2,Completed,Cash
S0019687,C00011,P0188,ST003,1/21/2026,5,34,0.2,Completed,Card
S0013612,C00902,P0188,ST011,2/18/2025,8,145,0.1,completed,Mobile Money
S0018213,C00208,P0188,ST006,12/31/2025,7,887,0.2,Completed,Cash
S0012376,C00711,P0188,ST001,7/20/2025,10,756,0,completed,Mobile Money
S0018182,C00351,P0188,ST002,8/21/2025,3,985,0.05,Returned,Mobile Money
S0012094,C00143,P0188,ST013,9/25/2025,3,1030,0.1,Pending,Bank Transfer
S0015859,C00195,P0188,ST005,6/26/2025,7,1047,0.05,Returned,Cash
S0013592,C00774,P0118,ST009,3/24/2026,3,815,0.05,Pending,Bank Transfer
S0014521,C00786,P0118,ST009,7/27/2025,9,555,0,completed,Card
S0014689,C00489,P0118,ST012,6/25/2025,3,658,0,Pending,Mobile Money
S0016137,C00994,P0118,ST004,12/17/2025,8,341,0.15,Pending,Cash
S0012080,C00184,P0118,ST007,8/9/2025,2,548,0.05,Returned,Mobile Money
S0015451,C00009,P0188,ST019,3/27/2025,9,492,0.15,Completed,Bank Transfer
S0016220,C00995,P0188,ST002,10/28/2025,7,506,0,Returned,Bank Transfer
S0019666,C00592,P0118,ST001,3/24/2025,5,1197,0.2,Completed,Mobile Money
S0011144,C00903,P0098,ST003,2/6/2025,5,378,0.1,Cancelled,Mobile Money
S0019669,C00894,P0098,ST017,2/10/2025,4,493,0.1,Cancelled,Bank Transfer
S0015325,C00922,P0118,ST001,5/26/2025,6,64,0.2,completed,Cash
S0017714,C00875,P0118,ST017,9/6/2025,1,189,0,Cancelled,Cash
S0013256,C00658,P0118,ST007,9/29/2025,7,304,0.2,completed,Mobile Money
S0014780,C00108,P0118,ST008,12/3/2026,2,325,0.1,Completed,Mobile Money
S0013874,C00272,P0118,ST004,3/25/2025,7,1341,0.1,completed,Cash
S0010778,C00052,P0118,ST013,4/24/2025,2,587,0.1,completed,Mobile Money
S0015512,C00300,P0118,ST007,1/4/2026,5,55,0.15,completed,Mobile Money
S0019635,C00995,P0118,ST001,6/2/2026,10,1255,0.05,completed,Cash
S0015640,C00976,P0098,ST009,7/1/2025,6,1496,0.15,Returned,Card
S0013245,C00459,P0118,ST008,2/7/2026,5,904,0.15,Completed,Mobile Money
S0012816,C00104,P0118,ST006,1/30/2025,5,1187,0.15,Pending,Cash
S0013229,C00461,P0118,ST004,4/27/2025,3,809,0.05,Completed,Bank Transfer
S0011982,C00544,P0118,ST018,1/13/2025,7,151,0.15,Pending,Mobile Money
S0014579,C00650,P0118,ST009,12/19/2025,8,1166,0.1,Returned,Mobile Money
S0019469,C00952,P0118,ST004,1/27/2026,6,851,0.05,Pending,Bank Transfer
S0016615,C00988,P0118,ST007,1/9/2025,7,1313,0.1,Cancelled,Cash
S0010609,C00147,P0118,ST002,3/14/2026,2,22,0.15,completed,Bank Transfer
S0014293,C00776,P0118,ST011,6/30/2025,8,1397,0,Pending,Mobile Money
S0012742,C00823,P0118,ST016,10/1/2025,2,930,0.15,Pending,Mobile Money
S0012371,C00996,P0118,ST015,1/23/2026,10,230,0.15,completed,Card
S0013559,C00080,P0098,ST009,6/2/2025,7,819,0.05,Completed,Card
S0019137,C00296,P0118,ST018,6/25/2026,1,429,0.2,Completed,Bank Transfer
S0016359,C00643,P0098,ST007,1/26/2026,7,94,0,completed,Mobile Money
S0010217,C00244,P0118,ST002,3/20/2025,3,1405,0.1,Returned,Bank Transfer
S0010674,C00830,P0118,ST003,1/11/2026,8,117,0.15,Completed,Bank Transfer
S0010143,C00908,P0098,ST012,11/13/2025,7,666,0.2,Completed,Mobile Money
S0019113,C00903,P0098,ST005,2/3/2025,2,355,0.05,Pending,Card
S0012238,C00358,P0118,ST010,7/16/2026,3,1473,0.2,Completed,Mobile Money
S0018059,C00567,P0098,ST015,8/10/2025,3,972,0,Cancelled,Bank Transfer
S0016993,C00902,P0118,ST007,3/1/2026,3,392,0.2,completed,Mobile Money
S0015629,C00052,P0118,ST007,6/10/2025,6,849,0.1,Pending,Bank Transfer
S0013746,C00984,P0118,ST008,4/8/2026,9,1411,0.05,completed,Card
S0011172,C00336,P0118,ST017,2/5/2026,7,156,0.1,Returned,Card
S0012791,C00977,P0118,ST020,1/6/2025,6,400,0.2,Returned,Mobile Money
S0016251,C00974,P0098,ST002,10/24/2025,9,1483,0.15,Completed,Card
S0010232,C00825,P0098,ST013,1/27/2026,6,677,0.05,Pending,Bank Transfer
S0020030,C00931,P0118,ST001,1/29/2025,1,1438,0,Completed,Mobile Money
S0017836,C00405,P0118,ST006,9/1/2025,2,776,0.05,completed,Bank Transfer
S0018219,C00724,P0118,ST005,7/10/2025,6,819,0.2,Pending,Cash
S0018048,C00731,P0118,ST014,7/25/2026,5,1088,0,Pending,Card
S0019801,C00872,P0098,ST015,3/26/2025,3,461,0.2,Pending,Mobile Money
S0013541,C00434,P0098,ST007,6/6/2026,10,1494,0.15,Cancelled,Bank Transfer
S0015540,C00710,P0098,ST001,12/16/2025,6,820,0.05,Cancelled,Mobile Money
S0017916,C00335,P0098,ST001,4/17/2026,4,109,0,Completed,Bank Transfer
S0018926,C00371,P0098,ST002,5/7/2025,4,547,0.2,Cancelled,Cash
S0010359,C00636,P0118,ST006,2/20/2025,3,377,0.2,Cancelled,Card
S0010753,C00708,P0118,ST020,6/10/2026,10,702,0.05,completed,Bank Transfer
S0013970,C00358,P0098,ST016,10/28/2025,1,1375,0.2,completed,Bank Transfer
S0014792,C00954,P0098,ST005,5/16/2026,1,1191,0,Completed,Mobile Money
S0018856,C00560,P0118,ST016,6/21/2026,6,1414,0.15,completed,Card
S0011073,C00496,P0118,ST018,7/1/2026,4,1032,0.2,Pending,Bank Transfer
S0013817,C00308,P0118,ST014,5/3/2026,10,1161,0.05,completed,Mobile Money
S0011553,C00817,P0118,ST018,1/13/2026,2,1270,0.2,Completed,Card
S0013545,C00117,P0098,ST011,6/28/2025,9,995,0.1,Completed,Bank Transfer
S0015034,C00682,P0098, ST013 ,5/2/2025,7,459,0.2,Completed,Bank Transfer
S0016582,C00313,P0098,ST010,6/26/2026,2,1442,0.05,Cancelled,Bank Transfer
S0016355,C00917,P0098,ST012,5/17/2025,7,486,0.2,Completed,Card
S0013004,C00431,P0098,ST015,8/19/2025,7,901,0.15,completed,Card
S0017368,C00863,P0098,ST013,1/27/2026,9,249,0,Cancelled,Mobile Money
S0013921,C00576,P0098,ST009,5/1/2025,6,905,0,Cancelled,Bank Transfer
S0010025,C00067,P0098,ST009,5/24/2026,6,1116,0.1,Cancelled,Card
S0010363,C00496,P0098,ST013,8/13/2025,6,296,0.15,Pending,Card
S0017461,C00721,P0118,ST004,3/24/2026,6,1036,0.1,Pending,Bank Transfer
S0012632,C00603,P0098,ST007,1/14/2026,2,222,0.15,Completed,Bank Transfer
S0016181,C00958,P0098,ST009,5/20/2025,1,923,0.2,Returned,Cash
S0018587,C00421,P0118,ST016,5/7/2025,8,1021,0.15,Cancelled,Bank Transfer
S0019661,C00709,P0198,ST006,2/21/2026,1,956,0,Completed,Card
S0013050,C00674,P0098,ST014,2/1/2025,9,180,0.15,Pending,Cash
S0011532,C00642,P0098,ST013,10/4/2025,8,1112,0.2,completed,Cash
S0010885,C00499,P0123,ST016,7/22/2025,4,299,0.15,Pending,Mobile Money
S0016217,C00744,P0123,ST013,12/2/2025,8,671,0,completed,Mobile Money
S0019014,C00637,P0098,ST002,3/27/2026,4,907,0.05,Returned,Bank Transfer
S0019792,C00006,P0118,ST015,1/14/2026,2,1227,0.05,completed,Bank Transfer
S0015708,C00291,P0098,ST015,1/14/2025,5,651,0.05,completed,Cash
S0011876,C00118,P0118,ST018,11/26/2025,10,915,0.2,Cancelled,Cash
S0014072,C00259,P0123,ST009,6/26/2026,2,1307,0.2,completed,Card
S0013296,C00256,P0123,ST013,2/17/2025,10,970,0.2,Completed,Cash
S0011608,C00283,P0098,ST018,4/7/2025,4,1300,0.2,Pending,Bank Transfer
S0011475,C00740,P0098,ST001,11/29/2025,2,571,0.05,Returned,Cash
S0018698,C00383,P0123,ST005,9/4/2025,7,390,0.15,Completed,Bank Transfer
S0011480,C00193,P0118,ST001,5/28/2026,5,287,0.15,Pending,Mobile Money
S0010977,C00964,P0118,ST003,10/11/2025,8,1334,0,Returned,Bank Transfer
S0016588,C00052,P0098,ST016,3/7/2025,1,1318,0.15,Completed,Mobile Money
S0016226,C00039,P0123,ST020,5/13/2026,2,777,0.15,Pending,Cash
S0019313,C00149,P0123,ST012,2/27/2025,7,1460,0,Returned,Mobile Money
S0012279,C00829,P0098,ST013,7/1/2026,2,500,0.05,Pending,Mobile Money
S0013428,C00289,P0118,ST008,4/23/2025,9,1258,0.1,Pending,Cash
S0015185,C00342,P0118,ST008,10/3/2025,4,1468,0,completed,Cash
S0011501,C00529,P0123,ST010,2/19/2025,9,837,0.1,completed,Bank Transfer
S0019933,C00408,P0123,ST017,3/24/2026,2,985,0.05,completed,Mobile Money
S0019831,C00080,P0098,ST017,2/9/2026,8,360,0.2,Cancelled,Mobile Money
S0017225,C00966,P0123,ST018,7/27/2025,9,1168,0.15,Cancelled,Mobile Money
S0017012,C00414,P0123,ST011,3/8/2026,1,386,0.1,Cancelled,Mobile Money
S0015509,C00656,P0098,ST019,3/6/2025,4,286,0.2,Completed,Card
S0017498, C00836 ,P0098,ST012,1/13/2025,6,693,0.1,Pending,Cash
S0015407,C00157,P0098,ST019,7/18/2026,3,331,0,Cancelled,Cash
S0018466,C00988,P0123,ST004,11/1/2025,2,774,0.05,Returned,Card
S0015447,C00184,P0098,ST011,10/6/2025,6,700,0.2,completed,Card
S0014904,C00956,P0098,ST015,4/24/2026,8,584,0,Cancelled,Mobile Money
S0017451,C00668,P0098,ST010,2/17/2025,6,1179,0,completed,Cash
S0014557,C00836,P0123,ST017,3/15/2026,5,937,0.05,Completed,Mobile Money
S0013282,C00383,P0123,ST011,5/26/2026,7,202,0.15,completed,Bank Transfer
S0018521,C00186,P0123,ST012,6/1/2026,3,534,0.05,Returned,Bank Transfer
S0013543,C00543,P0098,ST004,7/14/2026,4,1070,0.05,Returned,Cash
S0016071,C00495,P0123,ST004,10/19/2025,6,850,0.2,Completed,Cash
S0012873,C00249,P0123,ST013,1/17/2026,7,1415,0,Completed,Mobile Money
S0013697,C00449,P0123,ST003,12/18/2025,5,1237,0,Completed,Card
S0012275,C00225,P0098,ST012,10/20/2025,8,1425,0.2,completed,Card
S0016534,C00795,P0118,ST005,2/22/2026,1,103,0.1,Cancelled,Cash
S0017293,C00458,P0118,ST005,6/26/2026,1,401,0.1,Cancelled,Bank Transfer
S0017083,C01000,P0123,ST016,12/18/2025,2,967,0.1,Completed,Bank Transfer
S0015329,C00556,P0198,ST013,1/19/2026,1,1460,0.05,Returned,Card
S0010907,C00564,P0198,ST005,3/24/2026,1,717,0.1,Pending,Card
S0011349,C00501,P0198,ST006,10/19/2025,1,119,0.2,completed,Cash
S0014895,C00770,P0198,ST016,2/2/2025,6,694,0.15,Returned,Card
S0018365,C00317,P0123,ST004,2/25/2025,7,166,0,Completed,Bank Transfer
S0016806,C00438,P0123,ST006,7/18/2025,9,221,0.2,Pending,Cash
S0019103,C00873,P0198,ST003,1/13/2026,7,793,0,Returned,Bank Transfer
S0018137,C00991,P0198,ST006,3/19/2025,10,78,0,Completed,Bank Transfer
S0018552,C00430,P0123,ST005,3/8/2025,10,54,0.2,Completed,Bank Transfer
S0016375,C00531,P0123,ST001,6/7/2026,10,2,0.05,Completed,Bank Transfer
S0013968,C00543,P0123,ST009,9/27/2025,10,1010,0,Returned,Bank Transfer
S0011175,C00574,P0123,ST020,6/8/2025,6,104,0.05,Pending,Cash
S0017392,C00099,P0198,ST016,6/12/2025,10,590,0.15,completed,Cash
S0015480,C00024,P0123,ST007,7/17/2026,8,1269,0.1,Pending,Card
S0013337,C00576,P0198,ST019,7/3/2025,6,982,0.1,completed,Cash
S0010522,C00010,P0123,ST011,2/19/2026,5,271,0.1,completed,Mobile Money
S0012584,C00969,P0123,ST019,12/17/2025,6,768,0.2,completed,Cash
S0016555,C00806,P0123,ST010,7/15/2026,1,932,0,completed,Card
S0010617, C00246 ,P0198,ST012,10/3/2025,6,1379,0.05,Pending,Mobile Money
S0018448,C00115,P0198,ST006,12/12/2025,3,1478,0.05,completed,Card
S0017819,C00436,P0123,ST014,5/15/2026,6,609,0.05,Pending,Bank Transfer
S0012132,C00496,P0123,ST006,1/18/2025,4,343,0,completed,Mobile Money
S0012817,C00199,P0123,ST003,7/12/2026,5,963,0,completed,Card
S0019872,C00456,P0123,ST014,2/14/2026,1,1430,0,Cancelled,Bank Transfer
S0012871,C00976,P0198,ST017,3/31/2026,6,1396,0,Completed,Card
S0013225,C00655,P0123,ST008,1/22/2026,2,605,0.15,Returned,Bank Transfer
S0012255,C00713,P0198,ST008,1/30/2025,6,1460,0,Returned,Cash
S0014633,C00964,P0123,ST013,6/19/2025,4,803,0.15,completed,Card
S0012836,C00942,P0198,ST005,3/19/2025,9,12,0,Returned,Mobile Money
S0017252,C00694,P0198,ST015,1/12/2025,8,637,0.2,Returned,Mobile Money
S0012678,C00554,P0198,ST019,5/26/2025,5,467,0.15,Pending,Bank Transfer
S0014279,C00927,P0198,ST007,6/19/2025,8,600,0,Cancelled,Cash
S0017180,C00533,P0198,ST006,4/8/2025,1,651,0.1,Completed,Card
S0020049,C00577,P0198,ST013,5/25/2026,3,1272,0,completed,Bank Transfer
S0018099,C00738, P0123 ,ST013,1/30/2026,5,1236,0.15,Completed,Bank Transfer
S0012046,C00110,P0198,ST018,1/18/2025,4,1347,0.05,Pending,Cash
S0017924,C00135,P0198,ST013,12/29/2025,7,857,0.05,Pending,Cash
S0015770,C00152,P0123,ST009,1/8/2025,4,194,0.15,Completed,Mobile Money
S0014761,C00851,P0198,ST010,9/7/2025,6,1201,0.15,Returned,Cash
S0016620,C00345,P0123,ST020,6/29/2026,1,911,0.1,Cancelled,Bank Transfer
S0013691,C00833,P0198,ST007,7/17/2025,7,402,0.15,Completed,Cash
S0017232,C00255,P0123,ST005,2/28/2025,4,1074,0.2,Cancelled,Mobile Money
S0019333,C00207,P0198,ST008,11/28/2025,2,267,0.15,Returned,Cash
S0014695,C00223,P0198,ST017,11/19/2025,4,57,0.05,Returned,Cash
S0012681,C00512,P0198,ST006,4/7/2026,6,11,0.15,Cancelled,Cash
S0015710,C00045,P0198,ST008,10/22/2025,6,144,0.05,Returned,Mobile Money
S0011634,C00348,P0198,ST005,9/26/2025,2,815,0.05,Cancelled,Card
S0013905,C00002,P0123,ST008,6/6/2025,7,996,0.15,Pending,Card
S0013104,C00888,P0198,ST013,12/30/2025,8,69,0.2,Completed,Cash
S0010354,C00554,P0198,ST012,3/4/2025,2,369,0.2,Pending,Card
S0011792,C00167,P0198,ST011,3/11/2026,8,1285,0,Completed,Cash
S0018053,C00254,P0123,ST013,6/28/2025,3,1207,0,Cancelled,Cash
S0018237,C00455,P0198,ST008,12/20/2025,8,1483,0,completed,Card
S0017193,C00042,P0198,ST015,2/18/2026,1,12,0.05,Returned,Bank Transfer
S0010430,C00472,P0198,ST012,11/28/2025,8,523,0.05,Completed,Card
S0016043,C00620,P0198,ST006,6/6/2026,10,581,0,Returned,Mobile Money
S0011040,C00047,P0198,ST003,11/25/2025,4,1167,0.15,Completed,Cash
S0014130,C00789,P0198,ST003,4/14/2026,4,923,0.1,Returned,Cash
S0015002,C00009,P0123,ST020,3/3/2025,4,881,0.1,Completed,Bank Transfer
S0011763,C00161,P0198,ST004,2/20/2026,3,621,0.2,completed,Cash
S0019023,C00503,P0198,ST001,5/19/2026,1,731,0.1,Cancelled,Mobile Money
S0018685,C00267,P0198,ST019,2/1/2026,1,180,0.15,Completed,Cash
S0010955,C00647,P0198,ST005,7/23/2025,4,805,0,Returned,Cash
S0016232,C00893,P0198,ST014,3/6/2026,9,516,0.05,Returned,Mobile Money
S0015762,C00644,P0198,ST017,6/22/2025,6,1366,0.05,completed,Bank Transfer
S0014020,C00030,P0198,ST019,2/1/2025,9,653,0.1,Returned,Mobile Money
S0012110,C00975,P0198,ST014,2/9/2026,6,662,0.2,completed,Card
S0012367,C00818,P0198,ST004,3/30/2026,1,252,0.15,Completed,Bank Transfer
S0018369,C00277,P0198,ST017,5/18/2025,9,356,0.2,Pending,Card
S0015441,C00094,P0198,ST013,1/17/2025,3,1136,0.05,Completed,Card
S0016399,C00896,P0198,ST004,3/27/2025,2,1149,0,Completed,Bank Transfer
S0014127,C01000,P0198,ST008,6/13/2025,5,347,0.2,Pending,Bank Transfer
S0010787,C00008,P0198,ST018,3/23/2025,8,1101,0,Cancelled,Bank Transfer
S0014034,C00326,P0165,ST005,7/5/2025,1,750,0.05,completed,Card
S0012553,C00643, P0165 ,ST015,2/3/2026,9,326,0.2,Cancelled,Bank Transfer
S0012779,C00377,P0165,ST020,11/29/2025,10,377,0,Completed,Bank Transfer
S0019081,C00597,P0165,ST003,4/21/2026,7,1227,0.05,Cancelled,Card
S0017385,C00070,P0165,ST008,11/28/2025,4,1178,0.15,Pending,Card
S0019874,C00374,P0165,ST007,5/2/2026,6,304,0,Returned,Cash
S0016791,C00146,P0165,ST019,1/28/2026,2,358,0.15,Cancelled,Card
S0016101,,P0165,ST017,3/9/2026,2,276,0,completed,Card
S0013031,C00693,P0165,ST016,10/4/2025,6,488,0.2,Completed,Cash
S0017733,C00939,P0165,ST015,1/9/2026,4,1021,0,completed,Card
S0012706,C00101,P0165,ST014,10/24/2025,10,266,0.05,Cancelled,Cash
S0011673,C00687,P0165,ST001,4/16/2026,1,1231,0,Completed,Card
S0019643,C00205,P0165,ST015,5/31/2025,3,319,0.15,Cancelled,Mobile Money
S0010190,C00780,P0165,ST016,6/11/2025,4,1164,0,Completed,Bank Transfer
S0015717,C00987,P0165,ST011,8/23/2025,9,513,0,Returned,Mobile Money
S0015883,C00042,P0165,ST002,1/24/2026,6,1124,0.1,Pending,Card
S0017265,C00247,P0165,ST005,7/6/2025,6,882,0.1,Pending,Bank Transfer
S0014408,C00156,P0165,ST001,1/4/2026,9,117,0.15,Completed,Mobile Money
S0015417,C00934,P0165,ST013,1/1/2026,1,1486,0.05,Returned,Bank Transfer
S0010608,C00428,P0165,ST006,5/27/2025,6,957,0,completed,Cash
S0016268,C00753,P0165,ST020,12/29/2025,10,1443,0.2,Cancelled,Card
S0019551,C00372,P0165,ST010,10/25/2025,3,1416,0.1,Cancelled,Card
S0019054,C00649,P0165,ST010,11/11/2025,2,592,0.15,Completed,Cash
S0020002,C00841,P0165,ST002,10/27/2025,2,836,0.2,Returned,Card
S0011217,C00205,P0165,ST019,12/5/2025,8,913,0.1,Pending,Card
S0014881,C00517,P0165,ST008,2/27/2026,5,1121,0.05,completed,Mobile Money
S0014160,C00486,P0165,ST007,5/9/2025,7,920,0.1,Completed,Cash
S0016982,C00311,P0165,ST011,8/1/2025,5,1026,0.2,completed,Card
S0011001,C00375,P0165,ST014,6/13/2026,3,96,0.1,Completed,Mobile Money
S0013607,C00472,P0165,ST003,7/26/2026,2,674,0.1,completed,Card
S0015734,C00023,P0165,ST020,5/21/2026,4,994,0.1,Returned,Cash
S0014769,C00524,P0165,ST008,6/24/2025,1,1273,0.1,Pending,Cash
S0014019,C00488,P0165,ST019,7/24/2025,7,1450,0.05,Cancelled,Bank Transfer
S0013572,C00648,P0165,ST011,9/5/2025,6,647,0.15,Completed,Card
S0014601,C00070,P0165,ST011,6/24/2025,4,1132,0.05,Cancelled,Card
S0016299,C00002,P0165,ST020,4/8/2025,6,395,0.2,Returned,Card
S0013042,C00313,P0165,ST019,4/27/2026,4,31,0,completed,Bank Transfer
S0019731,C00582,P0165,ST006,9/19/2025,9,1462,0.05,completed,Card
S0012847,C00843,P0165,ST006,7/4/2025,5,1017,0.05,Returned,Card
S0017242,C00355,P0165,ST005,3/21/2026,6,575,0.05,Completed,Bank Transfer
S0016303,C00305,P0165,ST016,7/22/2025,1,407,0.2,Cancelled,Cash
S0015282,C00625,P0023,ST013,3/21/2025,7,728,0.15,Returned,Bank Transfer
S0018116,C00465,P0023,ST002,11/15/2025,6,381,0,completed,Cash
S0015627,C00659,P0023,ST014,10/21/2025,1,690,0.05,Pending,Bank Transfer
S0012521,C00596,P0023,ST009,8/8/2025,8,1122,0.05,Completed,Card
S0017015,C00645,P0023,ST006,7/7/2026,8,1406,0.15,Pending,Cash
S0011049,C00836,P0023,ST003,3/3/2026,2,1049,0.15,Returned,Mobile Money
S0012916,C00536,P0023,ST015,3/15/2025,4,1282,0.2,completed,Mobile Money
S0010615,C00376,P0023,ST007,2/8/2026,9,30,0.2,Pending,Cash
S0018498,C00818,P0023,ST020,4/6/2026,1,1127,0.05,Returned,Cash
S0015169,C00042,P0023,ST008,1/31/2025,8,331,0.05,Pending,Bank Transfer
S0010092,C00717,P0023,ST002,3/9/2026,3,851,0.05,Cancelled,Card
S0011137,C00118,P0023,ST001,1/23/2026,2,1296,0.05,Pending,Cash
S0019890,C00759,P0023,ST001,7/26/2025,3,405,0.05,Completed,Card
S0016459,C00964,P0023,ST018,7/21/2025,2,837,0.2,Completed,Cash
S0013381,C00044,P0023,ST010,6/1/2026,8,797,0.05,completed,Card
S0019634,C00092,P0023,ST007,7/31/2026,2,433,0.2,completed,Card
S0013458,C00982,P0023,ST006,11/16/2025,6,1235,0.2,Cancelled,Card
S0014283,C00986,P0023,ST008,2/9/2025,4,816,0.15,Pending,Mobile Money
S0015229,C00321,P0023,ST014,3/13/2026,8,908,0.15,Completed,Mobile Money
S0017503,C00906,P0023,ST017,3/10/2025,1,287,0.1,Cancelled,Bank Transfer
S0018652,C00114,P0023,ST011,11/29/2025,9,968,0.05,Cancelled,Card
S0014210,C00400,P0023,ST009,6/27/2025,8,264,0.2,Completed,Cash
S0015440,C00507,P0023,ST002,5/21/2025,4,1044,0.15,Returned,Mobile Money
S0019678,C00745,P0023,ST011,4/19/2025,6,346,0,Returned,Card
S0010650,C00146,P0023,ST015,6/3/2025,5,1477,0.05,completed,Card
S0014000,C00077,P0023,ST020,3/13/2025,10,399,0.15,Pending,Cash
S0018068,C00765,P0023,ST015,1/27/2026,2,236,0,Pending,Mobile Money
S0019808,C00250,P0023,ST014,5/20/2025,7,1269,0.15,Cancelled,Mobile Money
S0015352,C00217,P0023,ST005,1/19/2026,9,1298,0.1,Completed,Card
S0017281,C00947,P0023,ST013,6/1/2026,2,454,0.1,Returned,Mobile Money
S0012318,C00744,P0023,ST004,1/13/2025,6,27,0.2,Returned,Cash
S0012406,C00530,P0023,ST004,7/7/2026,1,439,0.1,Completed,Mobile Money
S0016880,C00227,P0023,ST007,1/7/2025,8,287,0.1,Completed,Cash
S0013261,C00919,P0023,ST003,8/13/2025,9,1054,0.15,Returned,Bank Transfer
S0018216,C00779,P0023,ST002,7/11/2025,5,621,0.15,Cancelled,Cash
S0012953,C00396,P0023,ST003,7/30/2025,8,183,0.15,completed,Card
S0015558,C00045,P0023,ST003,7/1/2025,8,1431,0.15,Returned,Mobile Money
S0010322,C00928,P0023, ST014 ,1/18/2025,6,1013,0.1,Completed,Cash
S0013656,C00250,P0023,ST016,7/6/2025,2,0,0.05,completed,Bank Transfer
S0012114,C00906,P0023,ST008,1/3/2026,8,395,0.05,Completed,Bank Transfer
S0010858,C00891,P0023,ST007,1/30/2026,5,1094,0,completed,Card
S0017796,C00119,P0023,ST002,2/20/2025,9,1311,0.2,Pending,Card
S0012608,C00155,P0023,ST015,7/15/2026,1,1013,0.15,Completed,Card
S0012905,C00864,P0023,ST003,1/3/2025,5,795,0.15,Completed,Mobile Money
S0017553,C00029,P0023,ST010,12/6/2025,4,506,0,Completed,Bank Transfer
S0017741,C00452,P0023,ST016,7/24/2026,3,567,0,Returned,Mobile Money
S0014058,C00142,P0023,ST019,1/11/2026,4,777,0.2,Completed,Card
S0015088,C00054,P0023,ST004,3/19/2025,7,243,0,completed,Card
S0014446,C00396,P0185,ST011,4/4/2026,1,895,0.1,completed,Mobile Money
S0012232,C00345,P0023,ST010,9/20/2025,3,194,0.1,Cancelled,Bank Transfer
S0018083,C00217,P0023,ST015,12/13/2025,4,30,0.2,Returned,Card
S0015962,C00224,P0023,ST006,9/20/2025,8,158,0.15,Pending,Cash
S0015020,C00571,P0023,ST004,4/25/2025,6,497,0.05,Cancelled,Mobile Money
S0015119,C00538,P0023,ST006,8/23/2025,9,467,0.05,Returned,Card
S0011807,C00056,P0023,ST006,5/1/2026,5,978,0.2,Cancelled,Mobile Money
S0018639,C00668,P0023,ST005,7/19/2026,2,668,0.2,Pending,Bank Transfer
S0013020,C00297,P0185,ST002,6/20/2025,7,654,0.15,Completed,Bank Transfer
S0012356,C00483,P0185,ST006,1/20/2025,5,888,0.1,Pending,Card
S0011946,C00768,P0023,ST017,7/8/2026,6,1345,0,Completed,Cash
S0013406,C00505,P0185,ST012,6/26/2025,1,972,0.15,completed,Mobile Money
S0018686,C00445,P0185,ST012,8/27/2025,6,928,0.15,Cancelled,Mobile Money
S0011896,C00981,P0185,ST007,1/22/2026,3,64,0.1,Returned,Card
S0011291,C00689,P0185,ST018,5/7/2025,4,744,0.2,Pending,Cash
S0013273,C00288,P0185,ST012,7/17/2025,9,873,0,Completed,Bank Transfer
S0016019,C00006,P0185,ST015,1/5/2026,2,1144,0.15,Returned,Bank Transfer
S0017738,C00484,P0185,ST016,9/26/2025,5,1311,0.1,completed,Bank Transfer
S0019763,C00267,P0185,ST016,3/22/2026,8,851,0,Returned,Mobile Money
S0010602,C00001,P0185,ST012,11/4/2025,8,1206,0.2,Completed,Mobile Money
S0014405,C00221,P0185,ST012,7/26/2026,10,896,0.05,Pending,Card
S0013623,C00563,P0185,ST016,12/16/2025,7,884,0,Cancelled,Mobile Money
S0014567,C00345,P0185,ST005,8/1/2025,6,960,0.1,Cancelled,Cash
S0015676,C00585,P0185,ST007,4/14/2026,7,123,0,Pending,Card
S0019484,C00017,P0185,ST013,1/16/2026,5,1059,0,Completed,Cash
S0011017,C00736,P0185,ST008,12/31/2025,9,818,0,Pending,Mobile Money
S0017244,C00917,P0185,ST016,3/4/2026,8,1076,0.1,Completed,Mobile Money
S0016731,C00001,P0185,ST001,10/19/2025,10,1355,0.2,Cancelled,Cash
S0017815,C00758,P0185,ST012,1/17/2025,2,1092,0.1,Returned,Cash
S0011829,C00055,P0185,ST012,10/23/2025,2,194,0,completed,Card
S0019513,C00014,P0185,ST006,1/26/2025,8,612,0,completed,Cash
S0014809,C00918,P0185,ST001,1/15/2025,4,373,0.15,Returned,Bank Transfer
S0010910,C00592,P0185,ST012,1/30/2025,3,595,0.1,completed,Card
S0016531,C00500,P0185,ST010,5/13/2025,9,465,0.1,Pending,Card
S0011413,C00524,P0185,ST012,5/3/2026,10,362,0,Returned,Card
S0012609,C00428,P0185,ST003,7/6/2026,10,418,0,Cancelled,Card
S0011079,C00432,P0185,ST012,9/19/2025,6,671,0.15,completed,Card
S0010443,C00989,P0185,ST015,1/16/2026,5,168,0.15,Returned,Mobile Money
S0012300,C00075,P0185,ST008,11/30/2025,4,129,0.15,Completed,Cash
S0016726,C00045,P0185,ST012,2/7/2025,4,827,0.05,Returned,Cash
S0014377,C00194,P0185,ST017,3/19/2025,1,506,0.1,Returned,Cash
S0016126,C00356,P0185,ST006,7/1/2025,4,1343,0,Cancelled,Card
S0017544,C00904,P0185,ST005,2/15/2025,4,626,0.15,Completed,Mobile Money
S0018971,C00954,P0185,ST019,12/15/2025,5,482,0.1,Cancelled,Bank Transfer
S0010375,C00762,P0185,ST016,11/13/2025,5,1191,0.1,Returned,Card
S0012270,C00657,P0185,ST011,1/29/2026,4,1116,0.1,completed,Mobile Money
S0010661,C00652,P0185,ST019,3/2/2026,4,1357,0.05,Returned,Bank Transfer
S0013600,C00448,P0185,ST014,6/1/2026,5,1416,0.15,Cancelled,Bank Transfer
S0017517,C00747,P0185,ST011,3/31/2025,4,1383,0.05,Cancelled,Mobile Money
S0010657,C00341,P0185,ST020,1/15/2026,8,942,0.1,Completed,Bank Transfer
S0016625,C00816,P0185,ST012,12/24/2025,8,204,0.2,Returned,Card
S0018130,C00411,P0185,ST019,1/5/2026,1,1044,0.2,Pending,Card
S0012967,C00830,P0185,ST002,4/15/2026,4,499,0,Pending,Card
S0012692,C00698,P0185,ST019,4/30/2025,3,801,0.15,Returned,Cash
S0011127,C00820,P0185,ST011,11/23/2025,2,1251,0,Returned,Mobile Money
S0018010,C00002,P0185,ST017,2/1/2026,10,1170,0.2,Completed,Card
S0017581,C00633,P0185,ST002,7/31/2025,4,607,0,Completed,Card
S0017528,C00254,P0185,ST016,6/24/2026,1,651,0.05,Cancelled,Cash
S0011401,C00330,P0185,ST003,1/14/2025,4,1221,0,completed,Cash
S0019616,C00418,P0185,ST007,1/14/2025,4,947,0.1,completed,Cash
S0012106,C00839,P0185,ST006,9/22/2025,8,964,0.15,completed,Cash
S0015975,C00813,P0185,ST005,1/6/2026,2,1109,0.2,Completed,Bank Transfer
S0014571,C00963,P0185,ST017,5/11/2025,1,1476,0.1,Returned,Cash
S0012810,C00020,P0185,ST012,3/30/2025,8,1078,0.1,Completed,Bank Transfer
S0014999,C00310,P0185,ST013,6/5/2026,6,968,0.2,Cancelled,Card
S0016984,C00386,P0185,ST017,5/27/2025,2,1356,0.2,Completed,Cash
S0012590,C00740,P0185,ST014,5/27/2025,9,725,0.15,Pending,Bank Transfer
S0016116,C00221,P0185,ST009,5/13/2026,9,1325,0.05,Cancelled,Card
S0013353,C00435,P0185,ST004,3/26/2026,8,544,0.15,Cancelled,Cash
S0013344,C00580,P0185,ST011,12/21/2025,1,766,0,Pending,Bank Transfer
S0010841,C00297,P0185,ST016,11/5/2025,4,319,0.2,Completed,Mobile Money
S0011700,C00355,P0185,ST011,1/29/2025,9,820,0.05,Completed,Cash
S0013719,C00464,P0080,ST013,5/27/2025,2,1372,0.1,completed,Mobile Money
S0017511,C00330,P0080,ST017,4/30/2026,5,731,0,Cancelled,Card
S0016460,C00618,P0080,ST020,12/24/2025,1,1012,0.1,Pending,Card
S0011422,C00697,P0080,ST016,1/13/2025,3,555,0.1,Completed,Bank Transfer
S0017642,C00876,P0080,ST003,11/26/2025,6,719,0.1,Pending,Card
S0015663,C00150,P0080,ST003,5/28/2025,4,660,0.1,Returned,Mobile Money
S0011171,C00456,P0080,ST002,8/27/2025,7,1272,0.05,Returned,Card
S0019913,C00713,P0080,ST011,5/24/2025,10,1130,0.1,Cancelled,Card
S0012749,C00622,P0080,ST012,6/16/2025,3,1131,0.2,Cancelled,Cash
S0012346,C00400,P0080,ST016,12/5/2025,2,444,0.05,Pending,Card
S0014920,C00050,P0080,ST012,7/11/2026,7,1179,0.05,Completed,Cash
S0017818,C00709,P0080,ST010,11/22/2025,9,677,0,Pending,Mobile Money
S0011685,C00664,P0080,ST019,5/23/2026,1,1408,0.05,Cancelled,Card
S0012078,C00746,P0080,ST007,6/9/2025,10,452,0.2,Completed,Bank Transfer
S0016291,C00304,P0080,ST016,11/17/2025,4,219,0.2,Pending,Mobile Money
S0011477,C00264,P0080,ST016,12/9/2025,4,346,0,Pending,Mobile Money
S0013207,C00683,P0080,ST014,8/25/2025,3,156,0.15,Cancelled,Cash
S0010454,C00342,P0080,ST014,9/20/2025,8,440,0.15,Pending,Bank Transfer
S0018159,C00846,P0080,ST004,8/2/2025,3,831,0.05,Pending,Card
S0013752,C00908,P0080,ST006,2/28/2026,5,500,0.2,Completed,Card
S0015892,C00581,P0080,ST014,8/4/2025,6,754,0.15,Completed,Mobile Money
S0014212,C00187,P0080,ST012,7/25/2025,2,209,0.05,completed,Mobile Money
S0019417,C00635,P0080,ST010,9/13/2025,6,878,0,Pending,Mobile Money
S0015408,C00861,P0080,ST019,2/10/2026,6,1450,0.05,completed,Bank Transfer
S0011660,C00905,P0080,ST011,8/29/2025,4,1257,0.2,Returned,Bank Transfer
S0017600,C00650,P0080,ST004,4/20/2026,1,1242,0,completed,Mobile Money
S0012629,C00483,P0080,ST019,4/13/2026,1,663,0.1,Completed,Mobile Money
S0016046,C00396,P0080,ST006,1/12/2025,10,803,0.1,Completed,Bank Transfer
S0012750,C00323,P0080,ST019,12/18/2025,2,298,0.1,Pending,Mobile Money
S0014820,C00300,P0080,ST010,3/18/2026,6,23,0.2,Cancelled,Bank Transfer
S0019615,C00886,P0080,ST009,1/11/2026,1,704,0.2,Cancelled,Cash
S0019236,C00893,P0080,ST005,6/29/2026,2,1075,0.15,completed,Card
S0015553,C00190,P0080,ST017,10/4/2025,8,184,0.15,completed,Mobile Money
S0013950,C00676,P0080,ST020,3/1/2025,9,841,0.1,Returned,Mobile Money
S0017877,C00631,P0080,ST016,11/12/2025,6,1430,0.05,Cancelled,Cash
S0019057,C00625,P0080,ST004,7/6/2026,5,857,0.05,Cancelled,Cash
S0011359,C00628,P0080,ST012,7/16/2025,3,605,0.2,Returned,Cash
S0011136,C00779,P0080,ST018,9/11/2025,10,1359,0,Pending,Mobile Money
S0011849,C00182,P0080,ST015,7/28/2026,2,657,0.2,Pending,Cash
S0018759,C00433,P0080,ST007,3/18/2026,3,1232,0.1,Completed,Bank Transfer
S0019762,C00667,P0080,ST004,10/9/2025,6,338,0.05,Completed,Cash
S0014690,C00936,P0080,ST002,3/24/2025,2,665,0.2,completed,Cash
S0011940,C00787,P0080,ST016,3/11/2026,1,653,0.05,completed,Card
S0010286,C00632,P0080,ST018,3/31/2025,8,1500,0.2,Completed,Cash
S0015151,C00507,P0108,ST019,10/25/2025,7,1271,0.15,completed,Cash
S0015332,C00285,P0108,ST016,10/29/2025,5,1219,0.15,completed,Cash
S0016512,C00531,P0080,ST015,1/3/2026,8,671,0.1,Returned,Mobile Money
S0010573,C00848,P0108,ST015,2/27/2026,1,1174,0.1,completed,Bank Transfer
S0014427,C00782,P0080,ST015,1/3/2026,2,985,0.05,Pending,Card
S0015481,C00480,P0080,ST003,2/22/2025,8,1294,0.15,Pending,Bank Transfer
S0014755,C00602,P0108,ST010,1/24/2025,7,421,0.05,completed,Card
S0018139,C00254,P0108,ST016,7/11/2026,6,1164,0.05,completed,Cash
S0012641,C00510,P0018,ST002,9/8/2025,3,1317,0,Completed,Bank Transfer
S0016138,C00741,P0080,ST010,7/19/2026,1,671,0,Completed,Mobile Money
S0017197,C00912,P0108,ST005,4/16/2026,6,865,,completed,Card
S0012297,,P0080,ST010,5/17/2026,6,836,0.1,Cancelled,Mobile Money
S0012917,C00054,P0080,ST004,5/18/2026,3,1398,0.2,Completed,Bank Transfer
S0019650,C00587,P0018,ST019,3/6/2026,9,914,0.05,completed,Cash
S0011111,C00199,P0018,ST009,3/24/2025,5,1378,0,completed,Bank Transfer
S0011206,C00437,P0080,ST008,7/1/2025,7,237,0.1,Pending,Mobile Money
S0013149,C00612,P0018,ST001,8/9/2025,1,1457,0,Returned,Cash
S0011945,C00764,P0108,ST013,11/27/2025,3,1272,0,Returned,Cash
S0014526,C00621,P0080,ST008,1/10/2026,8,955,0,Pending,Mobile Money
S0017853,C00257,P0018,ST001,1/31/2025,2,528,0.1,completed,Bank Transfer
S0013103,C00998,P0080,ST014,5/5/2026,8,1201,0.15,Cancelled,Cash
S0015193,C00710,P0018,ST020,7/6/2025,7,686,0.15,Completed,Bank Transfer
S0012952,C00751,P0108,ST009,7/7/2025,10,1297,0,completed,Bank Transfer
S0016840,C00013,P0018,ST015,3/20/2025,8,697,0.1,completed,Card
S0010471,C00658,P0108,ST011,9/8/2025,9,327,0.2,Returned,Mobile Money
S0017370,C00540,P0018,ST016,9/10/2025,1,1228,0.2,Pending,Bank Transfer
S0016943,C00660,P0080,ST009,7/8/2025,2,667,0,Completed,Bank Transfer
S0013791,C00930,P0108,ST014,3/16/2025,4,502,0.2,Returned,Cash
S0019725,C00171,P0018,ST005,2/7/2026,7,432,0.05,Returned,Bank Transfer
S0019138,C00286,P0018,ST011,2/11/2026,9,57,0,completed,Card
S0019867,C00377,P0018,ST001,4/4/2025,9,1449,0.15,Returned,Card
S0011850,C00493,P0108,ST008,7/21/2026,5,545,0.05,completed,Bank Transfer
S0018340,C00466,P0018,ST006,8/24/2025,10,588,0.2,completed,Mobile Money
S0012931,C00992,P0018,ST015,8/15/2025,5,1056,0,Cancelled,Cash
S0017859,C00433,P0108,ST006,1/3/2026,3,1375,0.15,Cancelled,Mobile Money
S0014846,C00769,P0108,ST017,2/28/2026,4,637,0,Pending,Bank Transfer
S0017894,C00950,P0080,ST018,3/6/2025,2,310,0.15,completed,Mobile Money
S0013715,C00121,P0108,ST012,4/11/2026,4,634,0.15,Returned,Card
S0019374,C00872,P0018,ST002,1/19/2026,5,443,0.05,completed,Mobile Money
S0010296,C00761,P0018,ST019,10/22/2025,10,937,0.2,completed,Cash
S0017848,C00803,P0018,ST020,3/23/2026,1,1346,0,Cancelled,Mobile Money
S0014466,C00286,P0018,ST018,12/12/2025,4,599,0.15,Pending,Bank Transfer
S0012990,C00040,P0108,ST017,6/15/2025,6,1257,0.1,Returned,Bank Transfer
S0015068,C00517,P0108,ST010,5/22/2026,9,761,0.2,completed,Cash
S0014456,C00905,P0018,ST002,7/8/2026,1,1183,0.05,Pending,Mobile Money
S0014433,C00777,P0108,ST006,9/13/2025,1,1447,0.1,completed,Card
S0012539,C00330,P0018,ST011,5/4/2025,1,719,0.2,Returned,Mobile Money
S0017696,C00312,P0018,ST003,9/15/2025,7,944,0.05,Completed,Cash
S0017059,C00644,P0108,ST017,3/22/2026,10,971,0.1,Pending,Card
S0014267,C00701,P0108,ST012,2/3/2025,1,1277,0.15,Completed,Cash
S0014385,C00187,P0018,ST018,9/7/2025,8,730,0.2,Cancelled,Cash
S0018921,C00661,P0108,ST009,7/18/2026,1,598,0.05,Returned,Bank Transfer
S0010559,C00971,P0108,ST005,5/29/2025,2,240,0.15,completed,Bank Transfer
S0010502,C00497,P0018,ST012,1/6/2026,7,1242,0.2,Completed,Bank Transfer
S0015648,C00431,P0108,ST020,5/23/2025,10,341,0.2,completed,Cash
S0017770,C00641,P0018,ST008,3/28/2026,10,1346,0,Cancelled,Cash
S0015463,C00469,P0018,ST004,4/14/2026,9,117,0.1,Completed,Bank Transfer
S0014506,C00522,P0018,ST011,5/8/2025,1,224,0.05,Completed,Mobile Money
S0010075,C00547,P0018,ST003,3/23/2025,10,1054,0.2,Pending,Mobile Money
S0015146,,P0018,ST001,4/27/2026,5,1214,0.05,Returned,Cash
S0015453,C00406,P0108,ST019,1/7/2025,10,1185,0.2,Cancelled,Cash
S0013095,C00270,P0018,ST016,1/6/2026,9,565,0.15,Returned,Card
S0014708,C00805,P0018,ST018,3/25/2025,4,88,0.2,completed,Cash
S0014381,C00383,P0108,ST008,12/21/2025,1,449,0.05,Cancelled,Card
S0019966,C00229,P0108,ST019,6/17/2026,6,1373,0.05,Returned,Mobile Money
S0011604,C00708,P0108,ST014,1/2/2025,4,544,0.05,Cancelled,Card
S0015394,C00622,P0108,ST015,6/29/2026,6,259,0.2,completed,Bank Transfer
S0014262,C00356,P0018,ST019,10/30/2025,9,335,0.05,Pending,Mobile Money
S0012824,C00553,P0108,ST012,5/24/2026,7,920,0.15,Returned,Mobile Money
S0017324,C00269,P0018,ST005,6/9/2026,8,31,0,completed,Card
S0017279,C00728,P0018,ST011,6/7/2026,7,929,0.1,Pending,Bank Transfer
S0010107,C00874,P0108,ST008,6/9/2025,8,392,0.15,Pending,Mobile Money
S0017460,C00158,P0108,ST018,4/4/2026,3,1410,0.15,Cancelled,Cash
S0014847,C00043,P0018,ST007,1/13/2025,7,1363,0.2,Returned,Cash
S0019541,C00228,P0108,ST012,4/21/2025,9,168,0,Returned,Bank Transfer
S0011474,C00645,P0018,ST015,11/4/2025,6,744,0,Pending,Card
S0019330,C00419,P0108,ST010,10/3/2025,1,345,0.05,Cancelled,Mobile Money
S0010985,C00401,P0018,ST019,5/9/2026,4,907,0.1,Cancelled,Cash
S0014442,C00372,P0108,ST007,6/11/2025,6,199,0.1,Completed,Cash
S0017114,C00774,P0018,ST010,3/7/2026,1,245,0,Pending,Card
S0019586,C00696,P0018,ST008,4/29/2025,8,770,0.1,completed,Mobile Money
S0016060,C00589,P0018,ST004,8/1/2025,7,241,0.15,completed,Mobile Money
S0016891,C00012,P0018,ST011,6/7/2025,1,9,0,Completed,Cash
S0010769,C00079,P0108,ST014,2/28/2025,10,339,0,Completed,Mobile Money
S0015854,C00256,P0108,ST013,3/11/2025,2,910,0.2,Cancelled,Mobile Money
S0019832,C00013,P0018,ST016,5/18/2025,6,816,0.15,completed,Cash
S0016274,C00540,P0108,ST002,2/1/2026,5,384,0.15,Completed,Mobile Money
S0019030,C00314,P0018,ST002,3/23/2025,8,225,0,Completed,Card
S0013367,C00386,P0108,ST011,9/7/2025,2,544,0.15,Cancelled,Card
S0011801,C00994,P0018,ST016,7/17/2026,5,764,0.2,completed,Card
S0010074,C00214,P0018,ST014,1/27/2026,9,226,0.1,Pending,Cash
S0011983,C00228,P0108,ST002,4/14/2025,1,37,0.1,completed,Card
S0019002,C00523,P0108,ST011,3/19/2026,1,788,0,Pending,Mobile Money
S0017858,C00028, P0018 ,ST007,5/15/2025,5,1368,0.15,Cancelled,Bank Transfer
S0015386,C00063,P0108,ST012,5/9/2026,5,181,0,Pending,Card
S0014109,C00845,P0018,ST001,8/31/2025,1,1483,0.1,completed,Bank Transfer
S0016864,C00911,P0108,ST005,10/4/2025,1,825,0.1,Returned,Bank Transfer
S0011963,C00580,P0018,ST012,12/27/2025,9,1495,0.05,Cancelled,Cash
S0017327,C00292,P0108,ST015,1/29/2025,8,355,0,Completed,Bank Transfer
S0015003,C00298,P0018,ST012,7/24/2026,7,591,0.15,Cancelled,Bank Transfer
S0014290,C00097,P0108,ST020,3/22/2026,4,748,0.05,Returned,Card
S0019379,C00757,P0108,ST002,12/15/2025,8,1065,0,completed,Card
S0014889,C00033,P0108,ST014,1/7/2025,10,1117,0.15,completed,Cash
S0016729,C00635,P0018,ST006,6/13/2025,4,1396,0.15,Completed,Card
S0013710,C00931,P0108,ST015,5/28/2026,3,1344,0,completed,Mobile Money
S0014056,C00690,P0018,ST012,2/18/2025,9,1428,0.1,completed,Mobile Money
S0015537,C00160,P0108,ST005,2/14/2025,5,705,0,completed,Mobile Money
S0011078,C00206,P0018,ST001,6/21/2025,10,1390,0.15,Completed,Cash
S0014363,C00157,P0018,ST008,10/30/2025,10,835,0,Completed,Bank Transfer
S0018736,C00862,P0018,ST018,7/12/2026,6,743,0,Completed,Cash
S0014764,C00875,P0108,ST001,8/2/2025,6,584,0,Cancelled,Mobile Money
S0015266,C00003,P0018,ST015,6/26/2025,3,1049,0,Pending,Cash
S0015439,C00442,P0108,ST019,5/23/2026,8,542,0,Returned,Cash
S0014098,C00570,P0018,ST014,4/22/2026,7,867,0.05,Returned,Cash
S0015041,C00825,P0108,ST002,4/25/2026,1,1104,0,Cancelled,Mobile Money
S0014859,C00547,P0018,ST013,7/25/2026,4,705,0.2,completed,Bank Transfer
S0011166,C00237,P0018,ST011,1/30/2025,2,550,0.1,completed,Bank Transfer
S0014998,C00126,P0018,ST018,5/29/2026,6,187,0,Pending,Cash
S0015298,C00462,P0108,ST019,2/15/2026,10,226,0.15,Returned,Card
S0010046,C00016,P0108,ST012,10/31/2025,7,43,0.05,Cancelled,Mobile Money
S0013360,C00586,P0108,ST001,9/18/2025,10,563,0.1,Returned,Cash
S0012212,C00888,P0018,ST019,4/20/2026,4,1210,0.2,completed,Bank Transfer
S0015062,C00888,P0018,ST019,4/20/2026,7,659,0.2,completed,Bank Transfer
S0011361,C00345,P0018,ST015,7/11/2025,10,238,0.2,Completed,Mobile Money
S0015363,C00713,P0018,ST011,12/12/2025,10,1058,0,Pending,Cash
S0019791,C00089,P0108,ST017,8/13/2025,7,1207,,Completed,Card
S0015148,C00037,P0018,ST017,6/22/2026,3,964,0.1,Pending,Mobile Money
S0018327,C00074,P0108,ST017,4/14/2025,3,42,0.1,Pending,Cash
S0015823,C00373,P0018,ST012,1/6/2025,7,808,0.2,Completed,Card
S0019873,C00776,P0108,ST005,6/15/2025,2,845,0,Completed,Mobile Money
S0018603,C00072,P0108,ST011,9/4/2025,8,1316,0,Returned,Cash
S0020050,C00296,P0018,ST003,6/22/2026,10,226,0.05,Completed,Cash
S0010036,C00027,P0108,ST013,6/21/2025,3,1426,0.05,Cancelled,Card
S0010431,C00015,P0195,ST014,6/4/2025,2,356,0.2,Pending,Card
S0011112,C00436,P0195,ST011,4/29/2026,6,1415,0.2,Returned,Card
S0011231,C00651,P0195,ST018,8/22/2025,2,961,0.1,Completed,Cash
S0013034,C00157,P0195,ST012,1/5/2026,7,178,,Returned,Cash
S0010775,C00582,P0195,ST012,1/6/2025,1,1047,0.15,Cancelled,Bank Transfer
S0014065,C00210,P0195,ST019,5/30/2026,6,398,0.05,completed,Bank Transfer
S0011844,C00431,P0195,ST007,12/14/2025,4,1217,0,Completed,Card
S0011026,C00729,P0195,ST013,2/21/2025,4,69,0.05,Completed,Cash
S0018447,C00432,P0195,ST019,10/29/2025,5,904,0.1,Returned,Mobile Money
S0016715,C00298,P0195,ST010,7/18/2026,9,824,0,Returned,Cash
S0017260,C00702,P0195,ST018,1/21/2026,8,1234,0.05,completed,Mobile Money
S0010102,C00401,P0195,ST020,7/11/2026,1,1413,0.2,Completed,Cash
S0011578,C00230,P0195,ST017,11/26/2025,10,13,0.2,Completed,Card
S0016208,C00232,P0195,ST020,5/11/2026,8,783,0.15,Cancelled,Card
S0017513,C00698,P0195,ST003,7/5/2026,2,23,0.2,Returned,Mobile Money
S0020023,C00350,P0195,ST009,4/12/2026,5,1238,0.1,Completed,Bank Transfer
S0014326,C00213,P0195,ST017,1/23/2025,1,263,0.05,Returned,Mobile Money
S0017533,C00813,P0195,ST017,10/14/2025,4,80,0.05,Cancelled,Bank Transfer
S0010652,C00455,P0195,ST008,1/20/2026,2,913,0.2,Pending,Card
S0015932,C00334,P0195,ST014,9/13/2025,4,173,0.05,Completed,Card
S0019252,C00072,P0195,ST014,2/8/2026,3,1142,0.05,Completed,Cash
S0013157,C00789,P0195,ST009,11/30/2025,5,1077,0.15,Pending,Bank Transfer
S0017659,C01000,P0195,ST013,7/29/2025,7,1104,0.1,Completed,Cash
S0010746,C00396,P0195,ST015,9/19/2025,5,120,0.2,Completed,Mobile Money
S0013638,C00081,P0195,ST005,10/3/2025,6,842,0.05,Returned,Bank Transfer
S0019770,C00059,P0195,ST019,11/20/2025,3,1447,0,completed,Card
S0017677,C00471,P0195,ST013,1/16/2025,9,1224,0.1,Completed,Card
S0015444,C00929,P0195,ST001,1/14/2026,6,960,0.2,Pending,Cash
S0019157,C00561,P0195,ST018,7/28/2026,4,121,,Pending,Mobile Money
S0014658,C00945,P0195,ST019,9/23/2025,8,1378,0.1,Returned,Card
S0015985,C00295,P0195,ST016,3/26/2026,7,1164,0.1,Pending,Bank Transfer
S0011145,C00561,P0195,ST010,3/6/2025,10,646,0.1,Returned,Cash
S0020026,C00251,P0195,ST013,7/5/2026,3,548,0.15,Pending,Card
S0019389,C00349,P0195,ST004,2/9/2026,8,1351,0,Returned,Cash
S0015022,C00602,P0195,ST013,9/27/2025,9,538,0.1,completed,Card
S0015874,C00244,P0195,ST017,4/10/2025,9,611,0.05,Returned,Bank Transfer
S0016335,C00377,P0195,ST004,3/24/2025,5,1297,0.1,Completed,Mobile Money
S0016805,C00029,P0195,ST019,4/17/2025,2,911,0.1,Returned,Cash
S0013560,C00787,P0195,ST003,2/14/2025,10,640,0,Completed,Mobile Money
S0012689,C00196,P0195,ST012,6/17/2026,5,257,0,Pending,Bank Transfer
S0017753,C00912,P0195,ST012,8/14/2025,4,280,0,Returned,Bank Transfer
S0017549,C00566,P0195,ST011,9/21/2025,4,705,0.05,Returned,Cash
S0010115,C00510,P0195,ST011,1/4/2026,4,928,0.15,Cancelled,Mobile Money
S0011397,C00355,P0195,ST007,2/25/2025,1,192,0.2,Pending,Card
S0018124,C00872,P0195,ST007,6/10/2026,10,722,0.1,Returned,Cash
S0014302,C00991,P0195,ST008,7/20/2025,10,956,0.2,completed,Card
S0011024,C00526,P0195,ST006,1/30/2025,1,1002,0.15,Completed,Card
S0017297,C00155,P0195,ST006,1/23/2025,3,1410,0.1,Completed,Cash
S0014612,C00080,P0195,ST013,10/14/2025,7,1215,0,Cancelled,Bank Transfer
S0017665,C00504,P0193,ST003,1/31/2025,3,1418,0.2,Cancelled,Cash
S0013672,C00636,P0193,ST002,10/5/2025,2,1482,0.2,Pending,Mobile Money
S0016971,C00300,P0193,ST013,10/6/2025,7,165,0.05,Pending,Card
S0012957,C00103,P0193,ST009,6/18/2025,7,1464,0.15,Cancelled,Mobile Money
S0012741,C00993,P0193,ST015,1/6/2025,4,649,0,completed,Card
S0010597,C00632,P0193,ST011,3/13/2026,1,444,0.1,Returned,Cash
S0013679,C00924,P0193,ST015,2/4/2025,7,281,0.1,Returned,Cash
S0014972,C00640,P0193,ST005,4/2/2026,6,49,0,Returned,Cash
S0015235,C00793,P0193,ST007,10/9/2025,5,125,0.2,Completed,Card
S0018229,C00093,P0193,ST019,3/4/2025,5,44,0,Returned,Card
S0019348,C00169,P0193,ST013,2/10/2025,3,658,0.2,Completed,Card
S0010308,C00772,P0193,ST004,1/2/2026,8,863,0.15,Completed,Card
S0011331,C00211,P0193,ST013,6/29/2026,4,1475,0.2,Cancelled,Mobile Money
S0017524,C00835,P0193,ST013,2/14/2026,1,200,0.15,Returned,Cash
S0017813,C00547,P0193,ST007,10/15/2025,9,1196,0.1,Completed,Cash
S0018866,C00041,P0193,ST001,12/1/2025,8,587,0,Pending,Mobile Money
S0012857,C00432,P0193,ST015,7/6/2025,4,546,0.15,completed,Mobile Money
S0017866,C00423,P0193,ST018,6/5/2025,1,583,0,Cancelled,Bank Transfer
S0012532,C00915,P0193,ST013,5/12/2025,1,105,0,Completed,Mobile Money
S0010216,C00602,P0193,ST010,7/27/2025,7,842,0.2,completed,Mobile Money
S0012195,C00161,P0078,ST002,4/18/2025,6,1190,0.05,completed,Card
S0013835,C00183,P0193,ST004,2/20/2026,3,753,0.15,Completed,Card
S0010532,C00588,P0078,ST007,7/16/2025,3,1413,0.2,Pending,Bank Transfer
S0010970,C00359,P0193,ST010,1/27/2025,10,1174,0,Completed,Card
S0013647,C00552,P0193,ST007,6/30/2025,2,186,0.05,Returned,Card
S0012077,C00606,P0193,ST017,1/7/2025,7,541,0.15,completed,Bank Transfer
S0019032,C00572,P0193,ST012,6/23/2026,5,661,0.2,Returned,Cash
S0010047,C00815,P0193,ST007,10/23/2025,4,241,0,Completed,Bank Transfer
S0015591,C00810,P0193,ST013,7/7/2026,8,173,0.15,Returned,Mobile Money
S0013926,C00314,P0193,ST005,7/7/2026,8,1488,0.1,Cancelled,Bank Transfer
S0013478,C00203,P0193,ST006,3/11/2025,9,467,0,Pending,Bank Transfer
S0015317,C00254,P0193,ST013,7/24/2026,4,1304,0.1,Cancelled,Bank Transfer
S0018309,C00504,P0193,ST006,4/8/2025,3,125,0.05,Completed,Card
S0018489,C00974,P0193,ST011,4/11/2025,4,434,0.05,Cancelled,Mobile Money
S0019811,C00862,P0193,ST013,7/20/2025,2,351,0.2,Cancelled,Mobile Money
S0015684,C00526,P0193,ST020,3/28/2026,3,1413,0,Returned,Card
S0014116,C00438,P0193,ST017,11/13/2025,4,885,0.15,completed,Card
S0014894,C00110,P0193,ST002,9/2/2025,9,1112,0.1,Cancelled,Cash
S0011517,C00369,P0078,ST010,4/29/2026,7,191,0.2,Completed,Card
S0012892,C00398,P0193,ST017,11/5/2025,1,915,0.2,Pending,Mobile Money
S0017407,C00111,P0078,ST004,2/13/2025,3,842,0.05,Pending,Cash
S0019895,C00410,P0078,ST015,5/11/2025,4,1000,0.05,completed,Cash
S0010812,C00417,P0100,ST011,6/25/2025,2,655,0,Pending,Bank Transfer
S0016067,C00235,P0193,ST011,1/11/2026,2,1297,0,Returned,Mobile Money
S0012555,C00578,P0193,ST005,11/18/2025,9,849,0.2,completed,Card
S0019204,C00096,P0193,ST002,5/9/2025,9,835,0.1,completed,Cash
S0014934,C00724,P0078,ST015,3/9/2026,6,1409,0.1,completed,Mobile Money
S0018650,C00009,P0100,ST001,3/22/2026,7,247,0.15,Returned,Cash
S0011383,C00097,P0100,ST015,2/10/2026,2,688,0.15,completed,Bank Transfer
S0012971,C00835,P0193,ST006,1/28/2026,9,1224,0.15,completed,Cash
S0014318,C00643,P0078,ST014,9/2/2025,9,583,0.15,completed,Bank Transfer
S0012548,C00508,P0100,ST017,1/26/2025,1,1456,0.05,Cancelled,Cash
S0010862,C00976,P0078,ST013,1/12/2026,8,731,0.15,completed,Mobile Money
S0019017,C00039,P0078,ST003,1/23/2026,1,643,0.05,Cancelled,Cash
S0013291,C00062,P0078,ST005,9/14/2025,2,836,0,Returned,Mobile Money
S0018928,C00386,P0078,ST003,1/28/2026,10,245,0.2,Pending,Card
S0012818,C00031,P0100,ST006,3/15/2026,5,272,0.15,Pending,Cash
S0019656,C00557,P0193,ST001,4/1/2025,8,537,0.05,Returned,Cash
S0012852,C00999,P0078,ST006,12/6/2025,6,832,0.15,Returned,Bank Transfer
S0011245,C00604,P0193,ST002,8/1/2025,3,503,0.05,Cancelled,Mobile Money
S0013477,C00373,P0100,ST009,5/15/2025,10,32,0.2,Pending,Mobile Money
S0011616,C00486,P0100,ST019,5/31/2026,3,967,0.1,Returned,Card
S0010233,C00053,P0100,ST007,7/26/2025,1,190,0.15,Cancelled,Mobile Money
S0013106,C00524,P0100,ST017,5/24/2025,1,1031,0.2,Pending,Bank Transfer
S0017849,C00907,P0078,ST007,2/12/2025,4,143,0.05,completed,Bank Transfer
S0019244,C00428,P0078,ST005,3/5/2026,4,1442,0.2,Completed,Mobile Money
S0014913,C00606,P0100,ST012,6/15/2025,8,1122,0,Returned,Mobile Money
S0018873,C00136,P0100,ST017,6/27/2026,3,1309,0.2,Pending,Cash
S0016352,C00036,P0078,ST012,7/6/2025,8,170,0,Cancelled,Mobile Money
S0017328,C00697,P0078,ST010,5/5/2025,6,661,0,completed,Mobile Money
S0012075,C00213,P0100,ST013,7/11/2025,8,776,0.1,Returned,Card
S0012709,C00825,P0078,ST008,7/5/2026,3,1015,0.15,Pending,Cash
S0012868,C00671,P0078,ST004,3/4/2025,2,305,0,Pending,Card
S0017860,C00318,P0078,ST004,1/22/2025,1,1160,0.05,Returned,Card
S0014322,C00951,P0078,ST007,9/28/2025,1,637,0,Completed,Mobile Money
S0014213,C00141,P0100,ST007,4/30/2026,8,551,0.1,Cancelled,Cash
S0010045,C00253,P0078,ST004,7/29/2026,10,103,0.05,completed,Card
S0018723,C00255,P0078,ST012,8/3/2025,6,1326,0.05,Completed,Mobile Money
S0019833,C00722,P0100,ST009,7/7/2025,2,1019,0.15,completed,Card
S0018027,C00079,P0044,ST019,8/26/2025,5,1314,0,Completed,Mobile Money
S0010215,C00038,P0100,ST004,1/11/2025,7,660,0.2,Pending,Mobile Money
S0018972,C00104,P0078,ST017,2/17/2026,3,859,0.05,completed,Mobile Money
S0019033,C00830,P0078,ST017,12/24/2025,4,266,0.1,Returned,Card
S0019644,C00444,P0100,ST006,4/24/2026,7,737,0.15,Cancelled,Bank Transfer
S0014394,C00427,P0078,ST007,4/28/2026,5,353,0.15,Pending,Bank Transfer
S0017278,C00070,P0100,ST015,9/22/2025,3,858,0.2,completed,Bank Transfer
S0017258,C00580,P0100,ST020,2/12/2026,7,1053,0,Cancelled,Mobile Money
S0017901,C00215,P0044,ST015,3/7/2025,2,968,0.15,Pending,Card
S0011549,C00206,P0078,ST017,12/28/2025,6,300,0.2,Cancelled,Bank Transfer
S0017522,C00140,P0078,ST006,10/27/2025,9,695,0.15,completed,Card
S0017163,C00597,P0044,ST020,6/4/2026,6,1083,0.15,Completed,Cash
S0014564,C00789,P0100,ST011,2/2/2026,5,892,0.2,Pending,Mobile Money
S0013219,C00032,P0100,ST003,1/23/2025,8,861,0.05,completed,Bank Transfer
S0011647,C00590,P0078,ST008,1/8/2025,7,272,0.1,completed,Card
S0019285,C00905,P0100,ST006,1/7/2025,4,472,0.05,Pending,Cash
S0017034,C00822,P0078,ST007,6/25/2026,5,601,0,Returned,Mobile Money
S0012530,C00810,P0100,ST010,2/11/2026,4,1472,0,Returned,Bank Transfer
S0013142,C00477,P0044,ST019,3/6/2025,6,707,0,Completed,Card
S0012573,C00855,P0078,ST014,2/3/2026,5,1442,0.05,Pending,Cash
S0012081,C00449,P0193,ST017,10/5/2025,5,732,0,Cancelled,Card
S0015484,C00900,P0078,ST017,4/17/2025,6,854,0,completed,Card
S0010064,C00425,P0078,ST009,12/16/2025,8,1334,0.05,Completed,Mobile Money
S0010448,C00256,P0100,ST008,6/24/2025,5,488,0.1,completed,Bank Transfer
S0016997,C00444,P0100,ST006,9/7/2025,9,1285,0.1,Cancelled,Bank Transfer
S0010498,C00834,P0100,ST006,2/28/2026,9,483,0.2,Returned,Mobile Money
S0019350,C00277,P0100,ST014,1/3/2025,9,517,0.05,Completed,Bank Transfer
S0015106,C00620,P0078,ST013,4/17/2025,2,1039,0.05,completed,Bank Transfer
S0017932,C00294,P0078,ST008,11/26/2025,9,1034,0.05,Returned,Card
S0019069,C00366,P0100,ST015,11/4/2026,9,959,0.15,Cancelled,Card
S0018595,C00427,P0100,ST005,1/26/2026,9,1000,0.1,Returned,Mobile Money
S0018123,C00152,P0078,ST001,1/15/2025,1,397,0.1,completed,Bank Transfer
S0012041,C00179,P0078,ST006,5/14/2025,7,1265,0.05,Returned,Cash
S0015878,C00179,P0078,ST006,5/14/2025,4,893,0.05,Returned,Cash
S0016127,C00449,P0100,ST008,6/21/2025,6,863,0.1,Completed,Card
S0018105,C00072,P0078,ST014,3/7/2025,7,494,0.15,Cancelled,Mobile Money
S0014538,C00856,P0100,ST012,4/16/2025,4,390,0.15,Cancelled,Bank Transfer
S0016233,C00279,P0078,ST017,2/7/2025,9,284,0.1,Pending,Cash
S0012231,C00865,P0078,ST007,3/10/2025,8,1118,0.1,Cancelled,Card
S0011259,C00022,P0078,ST011,7/6/2026,9,1413,0.05,Cancelled,Card
S0018125,C00729,P0100,ST008,3/6/2026,7,492,0.1,Returned,Cash
S0012335,C00849,P0078,ST017,1/23/2026,6,993,0.15,Cancelled,Card
S0010200,C00301,P0100,ST005,10/25/2025,6,1436,0.15,Pending,Mobile Money
S0010698,C00312,P0100,ST006,3/3/2026,9,1161,0.2,Returned,Bank Transfer
S0018518,C00006,P0044,ST012,7/2/2025,6,179,0.15,Returned,Card
S0019442,C00048,P0044,ST003,11/13/2025,1,1439,0.2,Pending,Cash
S0017534, C00924 ,P0078,ST012,3/4/2026,10,546,0.15,completed,Mobile Money
S0019456,C00044,P0152,ST010,1/25/2025,2,962,0,Cancelled,Mobile Money
S0015667,C00548,P0044,ST014,2/17/2026,8,1393,0.15,Completed,Cash
S0017481,C00229,P0100,ST004,7/2/2025,2,1420,0.05,Pending,Mobile Money
S0015280,C00882,P0152,ST011,1/21/2025,5,511,0,Completed,Mobile Money
S0012913,C00132,P0100,ST010,5/13/2026,2,943,0.15,completed,Mobile Money
S0015600,C00216,P0044,ST014,8/5/2025,1,1202,0.1,Returned,Card
S0015275,C00698,P0044,ST008,3/6/2025,8,1498,0.15,Pending,Card
S0017771,C00902,P0078,ST013,1/6/2026,8,1000,0.15,Cancelled,Mobile Money
S0017918,C00912,P0078,ST014,11/25/2025,10,1259,0,Returned,Bank Transfer
S0016565,C00105,P0044,ST004,1/23/2026,2,359,0,Cancelled,Card
S0017965,C00666,P0044,ST016,8/27/2025,3,1305,0,Completed,Bank Transfer
S0016247,C00531,P0100,ST008,5/12/2026,7,989,0.05,Completed,Mobile Money
S0010241,C00179,P0100, ST018 ,7/22/2025,10,973,0.1,Returned,Cash
S0017137,C00899,P0100,ST008,2/2/2026,1,313,0.1,Pending,Bank Transfer
S0012322,C00704,P0100,ST002,6/10/2026,6,1092,0.1,Returned,Mobile Money
S0018839,C00625,P0078,ST019,3/9/2025,2,1177,0,completed,Mobile Money
S0012474,C00221,P0044,ST010,3/9/2026,1,1231,0.15,Pending,Card
S0010756,C00462,P0044,ST002,12/17/2025,2,1194,0.1,Pending,Bank Transfer
S0011406,C00761,P0044,ST005,3/16/2025,9,53,0.05,completed,Mobile Money
S0018945,C00455,P0078,ST008,2/21/2025,7,414,0.1,Returned,Mobile Money
S0015968,C00549,P0044,ST006,11/20/2025,7,372,0,Returned,Card
S0019111,C00950,P0044,ST002,10/17/2025,7,745,0,Cancelled,Mobile Money
S0010877,C00494,P0044,ST010,5/11/2025,10,688,0.15,Pending,Mobile Money
S0016219,C00980,P0078,ST017,5/5/2026,6,459,0.1,Cancelled,Mobile Money
S0012993,C00765,P0044,ST004,5/1/2026,9,1062,0.15,Cancelled,Cash
S0010763,C00412,P0100,ST010,7/19/2025,2,1053,0.15,Returned,Card
S0014200,C00750,P0100,ST005,3/21/2025,4,817,0.2,Completed,Mobile Money
S0019777,C00051,P0078,ST013,1/29/2026,2,484,0.05,Cancelled,Cash
S0014785,C00360,P0044,ST007,5/4/2026,1,1349,0.15,completed,Mobile Money
S0016377,C00998,P0044,ST011,1/1/2025,1,776,0.15,completed,Cash
S0011960,C00148,P0044,ST007,4/21/2025,8,816,0.15,Cancelled,Bank Transfer
S0017243,C00437,P0078,ST019,7/16/2025,8,1262,0.2,Pending,Mobile Money
S0019108,C00012,P0100,ST018,4/2/2025,2,38,,completed,Mobile Money
S0013102,C00450,P0078,ST013,2/26/2026,8,403,0,Pending,Bank Transfer
S0014382,C00611,P0100,ST015,2/12/2026,10,646,0.15,Pending,Cash
S0013754,C00669,P0100,ST005,12/6/2025,10,860,0.05,completed,Cash
S0018184,C00766,P0100,ST007,8/15/2025,2,1355,0.05,Cancelled,Cash
S0018079,C00010,P0044,ST017,5/25/2025,6,1214,0.1,Returned,Cash
S0011720,C00958,P0152,ST003,12/8/2025,1,403,0.15,Completed,Mobile Money
S0019388,C00425,P0078,ST012,8/21/2025,1,720,0.2,Completed,Bank Transfer
S0012991,C00203,P0044,ST008,6/2/2025,1,1374,0.1,Cancelled,Card
S0015643,C00004,P0152,ST009,5/9/2025,4,1499,0.2,Cancelled,Bank Transfer
S0011093,C00736,P0044,ST020,11/3/2025,7,962,0,Returned,Cash
S0013548,C00292,P0078,ST016,2/20/2025,3,328,0.1,Returned,Bank Transfer
S0019475,C00617,P0100,ST018,1/5/2025,8,137,0.05,Returned,Bank Transfer
S0013295,C00956,P0044,ST017,7/13/2026,2,745,0.15,completed,Card
S0016679,C00048,P0044,ST001,7/8/2026,9,194,0.2,completed,Bank Transfer
S0013118,C00640,P0044,ST020,4/6/2026,7,673,0.1,Pending,Bank Transfer
S0014733,C00871,P0044,ST008,10/17/2025,8,645,0,Cancelled,Mobile Money
S0012979,C00606,P0100,ST006,8/9/2025,8,752,0.05,Completed,Bank Transfer
S0013942,C00922,P0100,ST003,5/12/2026,9,558,0.1,Returned,Card
S0017535,C00156,P0044,ST004,4/4/2025,2,697,0.1,Cancelled,Cash
S0019063,C00345,P0152,ST002,7/23/2026,4,810,0,Completed,Cash
S0010090,C00811,P0078,ST012,5/29/2025,2,746,0.1,Returned,Card
S0010722,C00430,P0100,ST006,12/14/2025,7,1033,0.1,completed,Card
S0011755,C00523,P0044,ST011,3/1/2025,2,808,0.05,Completed,Mobile Money
S0016804,C00587,P0152,ST015,1/5/2026,6,167,0.1,Returned,Bank Transfer
S0010972,C00205,P0152,ST013,12/24/2025,9,196,0.1,completed,Bank Transfer
S0010724,C00703,P0044, ST018 ,10/9/2025,1,442,0.05,Pending,Cash
S0015632,C00278,P0152,ST003,2/18/2026,3,117,0.15,completed,Cash
S0010677,C00013,P0152,ST016,11/14/2025,5,571,0,completed,Mobile Money
S0016260,C00279,P0152,ST012,12/12/2025,1,1022,0.05,Returned,Mobile Money
S0010715,C00916,P0152,ST001,9/23/2025,8,1209,0,Cancelled,Card
S0011460,C00611,P0044,ST008,2/2/2025,6,732,0,Pending,Cash
S0011706,C00320,P0152,ST017,8/27/2025,4,599,0,Returned,Cash
S0019474,C00731,P0044,ST020,6/23/2025,10,100,0,completed,Cash
S0011783,C00852,P0044,ST013,4/22/2026,10,521,0.2,completed,Card
S0013479,C00792,P0152,ST006,7/28/2026,8,67,0,Pending,Mobile Money
S0015204,C00212,P0044,ST005,1/11/2025,5,1260,0.1,Returned,Bank Transfer
S0019190,C00249,P0044,ST015,7/3/2026,2,1261,0.15,Pending,Card
S0013170,C00558,P0044,ST009,10/19/2025,6,1133,0.1,Returned,Cash
S0017055,C00171,P0152,ST002,6/5/2025,5,632,0.1,completed,Cash
S0019205,,P0044,ST017,3/10/2026,6,1044,0.1,completed,Cash
S0010205,C00854,P0152,ST014,12/20/2025,1,1444,0.15,Completed,Cash
S0015473,C00923,P0100,ST008,3/1/2026,9,613,0.15,completed,Cash
S0011147,C00530,P0044,ST010,5/6/2025,4,302,0.05,completed,Mobile Money
S0016050,C00661,P0044,ST008,3/9/2026,7,1468,0.05,Cancelled,Card
S0013065,C00763,P0067,ST006,4/8/2026,3,1485,0,Returned,Cash
S0014285,C00458,P0044,ST017,1/17/2026,10,1142,0.15,completed,Cash
S0019383,C00629,P0152,ST010,9/6/2025,7,698,0,Completed,Mobile Money
S0011253,C00295,P0100,ST015,4/5/2026,2,257,0.1,Returned,Cash
S0015228,C00089,P0046,ST004,3/4/2026,8,376,0.05,completed,Mobile Money
S0016316,C00755,P0152,ST007,2/14/2026,2,632,0.15,Cancelled,Cash
S0010365,C00784,P0044,ST014,3/17/2026,10,1248,0.05,Returned,Bank Transfer
S0013732,C00056,P0067,ST016,11/20/2025,10,136,0,Completed,Bank Transfer
S0018473,C00155,P0044,ST019,2/25/2026,6,1114,0.15,Returned,Cash
S0015443,C00172,P0044,ST005,10/25/2025,6,474,0.05,Pending,Mobile Money
S0010038,C00502,P0152,ST013,6/30/2026,1,549,0.1,completed,Mobile Money
S0011800,C00195,P0152,ST013,12/18/2025,6,229,0.05,completed,Mobile Money
S0014308,C00965,P0152,ST007,8/21/2025,3,755,0.05,Cancelled,Mobile Money
S0015843,C00221,P0067,ST007,12/28/2025,9,204,0,Pending,Bank Transfer
S0018258,C00283,P0152,ST006,2/11/2026,6,1386,0.1,Pending,Cash
S0018234,C00816,P0067,ST013,6/12/2025,4,1248,0.2,Cancelled,Mobile Money
S0019478,C00795,P0152,ST015,3/20/2026,6,1130,0.1,Returned,Mobile Money
S0018930,C00601,P0067,ST001,9/20/2025,5,584,0.15,Cancelled,Card
S0012308,C00686,P0152,ST002,1/27/2025,3,926,0,Returned,Cash
S0015795,C00838,P0067,ST012,3/27/2026,1,1485,0.1,completed,Cash
S0017452,C00677,P0152,ST017,9/30/2025,1,193,0.15,Pending,Bank Transfer
S0014193,C00088,P0152,ST004,6/21/2025,3,1434,0.15,Pending,Cash
S0011453,C00487,P0067,ST018,7/9/2026,3,17,0,Pending,Mobile Money
S0015231, C00781 ,P0067,ST015,8/20/2025,1,1448,0.15,Pending,Mobile Money
S0014299,C00557,P0046,ST016,11/7/2025,7,807,0.2,Completed,Card
S0015748,C00344,P0067,ST018,5/3/2026,9,1356,0.2,Returned,Bank Transfer
S0015533,C00001,P0046,ST012,3/30/2026,1,1129,0.2,completed,Mobile Money
S0013565,C00155,P0046,ST008,2/20/2026,5,1322,0,Completed,Bank Transfer
S0019667,C00642,P0067,ST003,6/22/2025,1,254,0.15,Pending,Cash
S0010621,C00417,P0152,ST012,6/1/2026,2,825,0.05,Cancelled,Cash
S0014110,C00643,P0152,ST016,11/1/2025,8,1484,0,Cancelled,Mobile Money
S0016108,C00544,P0046,ST017,1/29/2026,4,815,0.2,completed,Cash
S0015679,C00685,P0046,ST002,4/25/2026,4,1427,0.15,Completed,Mobile Money
S0015172,C00873,P0152,ST009,7/29/2026,8,139,0.15,Completed,Mobile Money
S0013292,C00163,P0046,ST003,5/21/2026,9,1475,0.15,Pending,Card
S0017891,C00870,P0067,ST001,3/13/2026,5,1097,0.15,Returned,Bank Transfer
S0015045,C00548,P0067,ST006,7/26/2025,3,41,0,Returned,Card
S0010306,C00910,P0067,ST012,3/18/2025,4,795,0.1,Cancelled,Mobile Money
S0014373,C00111,P0152,ST009,10/9/2025,4,510,0,Cancelled,Card
S0010930,C00783,P0046,ST013,6/3/2026,8,204,0,completed,Bank Transfer
S0015094,C00675,P0152,ST016,5/2/2025,1,842,0.05,Completed,Bank Transfer
S0012478,C00984,P0046,ST006,5/9/2025,2,1354,0.15,Pending,Bank Transfer
S0016069,C00218,P0067,ST020,4/20/2025,3,525,0.2,Cancelled,Card
S0017810,C00547,P0046,ST003,3/9/2026,6,1096,0.2,Returned,Card
S0015814,C00083,P0152,ST001,6/29/2026,8,934,0.05,Returned,Cash
S0017579,C00645,P0152,ST003,7/16/2025,5,232,0.2,Cancelled,Bank Transfer
S0019209,C00863,P0046,ST006,4/29/2025,5,1348,0,Returned,Mobile Money
S0019902,C00836,P0067,ST011,12/3/2025,7,966,0.2,completed,Bank Transfer
S0010607,C00297,P0152,ST014,1/7/2025,2,692,0,Pending,Cash
S0017697,C00595,P0067,ST011,9/9/2025,6,1135,0,completed,Card
S0011927,C00819,P0152,ST016,6/21/2025,7,1283,0.05,Returned,Card
S0017434,C00903,P0067,ST018,9/27/2025,8,1248,0.15,Completed,Mobile Money
S0014922,C00986,P0152,ST011,8/28/2025,6,14,0.1,Completed,Cash
S0016754,C00416,P0046,ST010,8/16/2025,3,1273,0.2,Completed,Mobile Money
S0011076,C00288,P0046,ST018,4/25/2026,3,570,0.1,Pending,Mobile Money
S0014315,C00137,P0046,ST004,7/9/2025,7,866,0.2,Completed,Card
S0019128,C00005,P0067,ST013,9/1/2025,5,533,0.2,Returned,Bank Transfer
S0017000,C00655,P0067,ST018,7/24/2026,4,301,0.15,Cancelled,Mobile Money
S0015181,C00845,P0067,ST009,3/4/2026,7,968,0.2,Returned,Cash
S0017151,C00603,P0046,ST020,2/22/2025,10,1151,0.2,Cancelled,Bank Transfer
S0013873,C00030,P0067,ST001,12/24/2025,10,223,0.1,Cancelled,Bank Transfer
S0010453,C00424,P0067,ST002,11/10/2025,3,178,0.15,Pending,Mobile Money
S0014038,C00725,P0067,ST001,6/14/2026,7,994,0,completed,Mobile Money
S0016787,C00781,P0067,ST010,10/10/2025,8,351,0.15,Completed,Card
S0011725,C00744,P0067,ST009,3/15/2025,5,647,0.15,Completed,Mobile Money
S0019262,C00189,P0067,ST013,10/12/2025,2,576,0.15,Completed,Mobile Money
S0020036,C00345,P0152,ST006,4/27/2025,6,1384,0,Cancelled,Card
S0019224,C00969,P0046,ST017,4/15/2026,6,679,0.1,Completed,Bank Transfer
S0014741,C00982,P0152,ST019,9/4/2025,10,1390,0.2,Completed,Mobile Money
S0014303,C00338,P0067,ST020,3/31/2025,10,207,0.05,Completed,Cash
S0010696,C00106,P0152,ST003,5/24/2026,2,1091,0,completed,Mobile Money
S0011696,C00041, P0046 ,ST008,8/28/2025,7,1341,0.1,Cancelled,Mobile Money
S0010854,C00449,P0067,ST016,12/5/2025,10,534,0.15,Cancelled,Bank Transfer
S0018424,C00038,P0152,ST008,10/5/2025,9,996,0,completed,Card
S0013513,C00720,P0067,ST009,8/5/2025,2,212,0,Cancelled,Bank Transfer
S0014825,C00708,P0046,ST004,5/19/2025,7,156,0.05,Pending,Cash
S0017417,C00468,P0152,ST009,1/28/2026,7,174,0.1,Returned,Mobile Money
S0012224,C00442,P0067,ST003,7/9/2025,5,702,0.05,completed,Mobile Money
S0010383,C00109,P0046,ST007,1/20/2025,4,376,0,Cancelled,Bank Transfer
S0016606,C00432,P0067,ST004,1/12/2025,6,77,0.05,Returned,Card
S0011400,C00437,P0067,ST018,12/7/2025,9,564,0,Pending,Card
S0015645,C00640,P0067,ST013,2/18/2026,7,386,0.05,Cancelled,Card
S0017897,C00502,P0067,ST007,10/5/2025,2,646,0.05,completed,Cash
S0014177,C00248,P0067,ST017,2/3/2025,5,1324,0,Pending,Card
S0015038,C00483,P0152,ST007,9/25/2025,6,1480,0.2,Returned,Bank Transfer
S0012790,C00624,P0067,ST007,5/10/2026,8,1216,0.2,Completed,Mobile Money
S0018433,C00381,P0067,ST003,3/2/2025,2,720,0.15,Cancelled,Mobile Money
S0013091,C00496,P0046,ST007,11/25/2025,1,1063,0.15,Returned,Card
S0011468,C00090,P0067,ST018,8/10/2025,5,571,0.15,Cancelled,Mobile Money
S0019552,C00322,P0067,ST008,5/16/2025,4,776,0.1,Returned,Bank Transfer
S0018281,C00906,P0046,ST004,11/6/2025,4,863,0,Pending,Cash
S0016666,C00915,P0067,ST006,2/6/2026,6,732,0.05,Completed,Mobile Money
S0017008,C00968,P0046,ST012,7/1/2026,2,962,0.05,completed,Cash
S0011426,C00336,P0152,ST018,6/4/2025,9,371,0.1,Completed,Card
S0015521,C00928,P0152,ST005,7/5/2025,4,902,0.05,Completed,Card
S0010224,C00058,P0046,ST006,4/27/2026,10,1210,0.15,Completed,Bank Transfer
S0013305,C00940,P0046,ST020,6/7/2026,7,806,0.05,Pending,Cash
S0019065,C00754,P0046,ST018,3/15/2025,9,1406,0.1,Pending,Mobile Money
S0010041,C00659,P0067,ST004,3/11/2026,6,1419,0.2,Completed,Bank Transfer
S0012864,C00468,P0067,ST001,2/12/2026,10,55,0.1,Pending,Card
S0019077,C00533,P0067,ST015,7/3/2026,9,512,0.15,Returned,Bank Transfer
S0018290,C00899,P0067,ST001,5/15/2025,8,1213,0,Cancelled,Bank Transfer
S0018984,C00682,P0046,ST014,6/7/2025,10,1040,0.15,Pending,Card
S0013728,C00658,P0067,ST017,11/22/2025,2,687,0.1,Cancelled,Mobile Money
S0016882,C00871,P0067,ST003,6/27/2025,3,707,0.05,Returned,Cash
S0015915,C00299,P0067,ST012,5/5/2025,8,392,0.05,Returned,Cash
S0011138,C00109,P0046,ST008,12/17/2025,1,801,0,Pending,Card
S0012574,C00594,P0067,ST004,1/15/2026,3,653,0.1,Cancelled,Mobile Money
S0015196,C00955,P0152,ST011,9/13/2025,8,502,0.1,Completed,Cash
S0015716,C00706,P0046,ST017,4/10/2025,7,1261,0.1,Cancelled,Bank Transfer
S0014892,C00708,P0046,ST013,6/6/2025,1,255,0.15,Completed,Bank Transfer
S0014618,C00330,P0046,ST018,5/1/2025,5,621,0.1,Completed,Card
S0019359,C00688,P0046,ST020,7/22/2026,1,250,0.05,Pending,Cash
S0017037,C00834,P0046,ST019,5/22/2026,3,1182,0.1,Returned,Bank Transfer
S0015187,C00630,P0067,ST002,8/19/2025,7,146,0.1,completed,Mobile Money
S0019413,C00223,P0046,ST011,2/12/2026,10,181,0.1,completed,Bank Transfer
S0014635,C00618,P0046,ST001,5/19/2025,2,1248,0.2,Cancelled,Mobile Money
S0016751,C00170,P0046,ST005,10/3/2025,7,560,0.05,completed,Card
S0015061,C00054,P0046,ST010,5/11/2026,7,1319,0.15,Returned,Mobile Money
S0011045,C00266,P0152,ST008,11/14/2025,3,476,0.2,Pending,Cash
S0013792,C00493,P0046,ST017,1/16/2025,8,419,0.2,Pending,Card
S0014452,C00999,P0046,ST020,11/10/2025,2,300,0.2,Pending,Bank Transfer
S0010432,C00013,P0046,ST017,7/27/2025,4,586,0.05,Completed,Bank Transfer
S0019336,C00590,P0152,ST013,11/14/2025,3,830,0.2,completed,Bank Transfer
S0012328,C00585,P9999,ST003,6/25/2026,3,1170,0.1,completed,Card
S0017399,C00805,P0067,ST007,8/11/2025,4,590,0.2,Returned,Cash
S0018667,C00728,P0067,ST009,1/11/2026,7,556,0,Completed,Bank Transfer
S0018283,C00347,P0067,ST007,5/5/2025,8,934,0.2,Cancelled,Bank Transfer
S0011751,C00997,P0046,ST001,8/7/2025,4,1158,0,Cancelled,Card
S0013755,C00109,P0067,ST003,3/24/2025,4,635,0.2,Returned,Bank Transfer
S0013819,C00840,P0067,ST013,7/31/2025,5,1493,0.15,Returned,Mobile Money
S0010315,C00708,P0046,ST012,3/2/2026,2,107,0,Pending,Cash
S0012794,C00824,P0046,ST011,3/26/2025,2,1,0.05,completed,Bank Transfer
S0010447,C00312,P0046,ST016,1/23/2026,10,857,0,Returned,Card
S0015253,C00059,P9999,ST006,7/11/2025,2,1440,0.05,Pending,Mobile Money
S0015653,C00705,P0067,ST002,3/24/2025,4,825,0.05,Cancelled,Bank Transfer
S0018614,C00299,P0046,ST012,2/15/2025,10,1269,0,Cancelled,Bank Transfer
S0016736,C00307,P0046,ST015,1/13/2026,9,561,0,Returned,Mobile Money
S0018700,C00605,P0046,ST001,1/20/2026,3,464,0.05,Cancelled,Bank Transfer
S0011164,C00854,P0046,ST018,9/19/2025,8,806,0.05,Cancelled,Mobile Money
S0013404,C00019,P0046,ST010,8/30/2025,3,1140,0.15,Returned,Card
S0016698,C00858,P0046,ST015,5/26/2025,5,398,0.1,Cancelled,Bank Transfer
S0012725,C00303,P0067,ST005,1/19/2026,7,427,0.1,completed,Cash
S0016430,C00555,P0067,ST015,5/23/2026,6,829,0.2,Returned,Cash
S0018536,C00761,P0046,ST013,6/19/2025,8,581,0.1,Returned,Bank Transfer
S0017200,C00228,P0046,ST007,9/12/2025,8,471,0.2,Cancelled,Bank Transfer
S0018795,C00559,P0067,ST010,2/19/2026,6,442,0,Pending,Bank Transfer
S0014412,C00547,P0046,ST008,2/21/2025,9,1357,0.15,Cancelled,Cash
S0016889,C00419,P0046,ST003,3/12/2026,3,20,0.2,Cancelled,Bank Transfer
S0019917,C00214,P0067,ST005,11/15/2025,9,860,0.15,Completed,Card
S0011488,C00513,P0133,ST003,2/1/2026,8,482,0.15,Cancelled,Mobile Money
S0010853,C00464,P0077,ST018,1/10/2025,9,1192,0.05,Cancelled,Bank Transfer
S0013440,C00655,P0133,ST017,1/31/2026,1,1015,0.2,Completed,Mobile Money
S0017130,C00242,P0133,ST008,2/14/2025,5,269,0.05,Pending,Mobile Money
S0016508,C00987,P0133,ST013,9/5/2025,7,946,0,Returned,Bank Transfer
S0019599,C00472,P0077,ST012,3/7/2025,8,769,0,Returned,Cash
S0011641,C00775,P0077,ST012,9/8/2025,6,176,0.15,Returned,Cash
S0016683,C00872,P0077,ST014,1/29/2026,9,538,0,Returned,Mobile Money
S0011432,C00675,P0133,ST006,1/12/2026,1,381,0.05,Completed,Cash
S0015037,C00014,P0077,ST016,4/14/2025,2,1095,0,Completed,Bank Transfer
S0018800,C00635,P0133,ST003,2/17/2026,3,328,0,Completed,Cash
S0011393,C00697,P0133,ST003,5/26/2026,10,1153,0.2,completed,Bank Transfer
S0017058,C00539,P0077,ST007,4/15/2025,7,499,0.2,completed,Cash
S0012331,C00642,P0133,ST019,9/15/2025,4,511,0,Completed,Cash
S0010246,C00694,P0133,ST016,5/31/2026,9,226,0.15,Pending,Mobile Money
S0016634,C00419,P0077,ST015,5/7/2026,10,991,0.2,Returned,Mobile Money
S0016435,C00641,P0077,ST010,7/31/2026,10,1063,0.05,Pending,Cash
S0019957,C00072,P0133,ST011,4/25/2026,3,325,0,Cancelled,Cash
S0017116,C00416,P0133,ST006,8/17/2025,8,912,0.05,Completed,Mobile Money
S0010464,C00798,P0133,ST018,2/2/2025,10,1359,,completed,Mobile Money
S0013723,C00232,P0133,ST006,11/1/2025,10,729,0,Completed,Cash
S0016996,C00566,P0077,ST013,11/3/2025,7,786,0.05,Pending,Card
S0011735,C00664,P0077,ST002,3/1/2026,9,159,0.15,Completed,Card
S0015837,C00064,P0077,ST016,3/23/2026,10,1442,0.05,completed,Card
S0016763,C00119,P0133,ST018,3/25/2025,3,279,0.05,Returned,Bank Transfer
S0012787,C00185,P0077,ST001,4/18/2025,6,410,0.05,Returned,Bank Transfer
S0019613,C00857,P0133,ST001,4/1/2026,8,404,0.05,Completed,Cash
S0012600,C00783,P0133,ST005,10/14/2025,4,557,0.1,completed,Bank Transfer
S0019949,C00211,P0077,ST002,3/20/2025,9,305,0.05,completed,Cash
S0018471,C00815,P0077,ST013,7/28/2026,2,155,0,Returned,Card
S0010228,C00711,P0077,ST007,4/16/2025,7,702,0.2,Pending,Card
S0015923,C00609,P0077,ST019,1/14/2025,10,1198,0,Pending,Mobile Money
S0011995,C00037,P0133,ST016,12/26/2025,1,1295,0.15,Returned,Mobile Money
S0016718,C00956,P0133,ST018,4/25/2025,6,893,0.15,Pending,Mobile Money
S0018153,C00852,P0133,ST019,5/15/2026,8,256,0,Completed,Cash
S0013417,,P0077,ST012,4/20/2026,4,926,0.1,Pending,Card
S0015964,C00928,P0133,ST002,8/16/2025,7,495,0.2,Cancelled,Mobile Money
S0016088,C00468,P0077,ST016,9/23/2025,10,187,0.15,Completed,Card
S0015767,C00691,P0077,ST015,1/26/2026,1,258,0,completed,Cash
S0019594,C00081,P0133,ST016,12/28/2025,10,685,0.15,completed,Cash
S0012587,C00257,P0133,ST010,10/7/2025,5,225,0.05,Pending,Mobile Money
S0015660,C00996,P0077,ST009,4/6/2026,10,667,0.1,completed,Bank Transfer
S0013046,C00149,P0077,ST012,11/27/2025,9,731,0.05,Cancelled,Mobile Money
S0015607,,P0133,ST010,6/14/2025,1,1321,0,Cancelled,Cash
S0015761,C00500,P0133,ST017,6/4/2026,7,1293,0.15,Cancelled,Bank Transfer
S0012337,C00262,P0077,ST002,3/15/2025,6,957,0,Pending,Cash
S0018176,C00661,P0133,ST007,6/9/2025,10,900,0.1,Completed,Cash
S0018441,C00995,P0077,ST006,2/23/2025,7,1302,0.05,Pending,Cash
S0017102,C00927,P0133,ST018,9/19/2025,8,959,0.2,Completed,Card
S0012766,C00007,P0077,ST007,1/25/2026,1,175,0.05,Returned,Cash
S0016169,C00423,P0077,ST001,6/8/2025,4,438,0.05,completed,Bank Transfer
S0014882,C00019,P0077,ST006,10/10/2025,10,1215,0.1,completed,Card
S0012576,C00630,P0077,ST019,2/20/2026,10,1130,0.2,Completed,Cash
S0016622,C00262,P0077,ST004,5/18/2026,2,830,0.15,Cancelled,Card
S0014067,C00257,P0133,ST004,9/18/2025,1,154,0.05,Returned,Bank Transfer
S0010564,C00887,P0077,ST013,7/31/2026,10,398,0,Returned,Bank Transfer
S0017100,C00779,P0133,ST020,1/1/2026,2,686,0.2,Completed,Cash
S0019156,C00724,P0133,ST013,12/21/2025,9,305,0.05,Cancelled,Mobile Money
S0015213,C00904,P0077,ST015,7/28/2026,10,1306,0,Cancelled,Bank Transfer
S0011345,C00873,P0077,ST007,1/7/2026,6,410,0.05,completed,Mobile Money
S0014774,C00446,P0133,ST005,9/8/2025,5,1030,0,Returned,Mobile Money
S0010540,C00228,P0077,ST008,4/26/2026,8,1352,0.15,Completed,Card
S0010479,C00750,P0133,ST016,4/30/2026,3,1215,0.15,Returned,Card
S0015516,C00399,P0133,ST009,7/3/2025,3,3,0.05,completed,Card
S0011365,C00829,P0077,ST014,3/20/2026,10,938,0.1,Cancelled,Card
S0018502,C00421,P0133,ST006,2/26/2026,8,1319,0.2,Completed,Cash
S0013597,C00887,P0133,ST013,9/11/2025,1,1444,0.05,Pending,Cash
S0011533,C00125,P0133,ST008,4/19/2025,7,1216,0.05,Pending,Cash
S0019546,C00755,P0133,ST019,5/6/2026,7,393,0.2,Completed,Card
S0011385,C00823,P0133,ST019,7/11/2025,3,344,0.2,Completed,Mobile Money
S0018197,C00355,P0133,ST010,4/19/2026,7,1060,0.05,Pending,Card
S0013239,C00229,P0077,ST003,3/28/2025,5,395,0.1,Returned,Mobile Money
S0016748,C00321, P0133 ,ST009,6/9/2025,9,1435,0.15,Completed,Cash
S0019987,C00307,P0077,ST018,5/15/2026,4,506,0.1,Cancelled,Card
S0017768,C00342,P0077,ST008,10/23/2025,9,1473,0,completed,Mobile Money
S0013941,C00939,P0133,ST007,12/9/2025,10,1490,0.15,Returned,Bank Transfer
S0017101,C00649,P0133,ST012,9/1/2025,5,1457,0.1,completed,Cash
S0010123,C00199,P0133,ST003,4/27/2026,7,1011,0,Cancelled,Card
S0016650,C00161,P0133,ST016,6/3/2026,4,196,0.15,Completed,Card
S0013993,C00188,P0077,ST010,3/20/2025,2,210,0.1,completed,Cash
S0012327,C00653,P0077,ST014,7/22/2026,5,12,0.05,Cancelled,Cash
S0019410,C00696,P0077,ST020,5/18/2026,3,1369,0.1,Pending,Card
S0018494,C00551,P0077,ST009,9/8/2025,9,891,0.05,Returned,Mobile Money
S0013539,C00668,P0133,ST002,8/17/2025,8,1412,0.05,Returned,Card
S0010824,C00152,P0133,ST013,11/16/2025,7,1021,0.2,Pending,Mobile Money
S0014097,C00761,P0077,ST013,9/17/2025,4,882,0,Completed,Cash
S0014790,C00769,P0077,ST006,11/5/2025,6,630,0.1,Returned,Mobile Money
S0018058,C00049,P0077,ST008,6/21/2025,4,572,0.15,Returned,Bank Transfer
S0010309,C00001,P0077,ST009,5/27/2026,4,431,0,Returned,Bank Transfer
S0011633,C00811,P0133,ST018,3/25/2026,7,24,0.15,Returned,Cash
S0018670,C00358,P0133,ST016,11/18/2025,8,951,0,Cancelled,Cash
S0016136,C00616,P0190,ST019,2/22/2025,4,755,0.15,completed,Mobile Money
S0011914,C00117,P0190,ST009,5/17/2026,9,1287,0.2,Cancelled,Bank Transfer
S0016792,C00145,P0190,ST013,2/5/2025,2,1156,0.05,Completed,Bank Transfer
S0016167,C00530,P0190,ST003,3/9/2026,8,447,0.05,Cancelled,Mobile Money
S0012867,C00770,P0190,ST018,4/20/2026,7,1381,0,Returned,Bank Transfer
S0014220,C00201, P0190 ,ST018,10/20/2025,4,927,0.15,completed,Card
S0017493,C00013,P0190,ST004,4/14/2025,5,1396,0.1,Pending,Cash
S0013958,C00348,P0190,ST003,3/8/2025,10,560,0,Completed,Bank Transfer
S0012498,C00605,P0190,ST007,4/24/2026,7,1375,0.1,Returned,Mobile Money
S0011377,C00502,P0190,ST013,8/10/2025,6,169,0.15,Pending,Bank Transfer
S0015522,C00738,P0190,ST009,2/27/2025,9,1178,0.2,Returned,Mobile Money
S0015686,C00164,P0190,ST999,3/12/2026,9,1492,0.05,Returned,Bank Transfer
S0018513,C00235,P0190,ST002,9/13/2025,6,277,0.1,Completed,Mobile Money
S0014672,C00308,P0190,ST016,1/22/2025,3,143,0.15,Pending,Bank Transfer
S0014157,C00503,P0190,ST017,4/21/2025,9,145,0.15,Pending,Bank Transfer
S0019317,C00971,P0190,ST002,7/31/2025,6,385,0.1,Pending,Card
S0011903,C00288,P0190,ST008,3/4/2025,5,678,0.15,Returned,Mobile Money
S0012596,C00581,P0190,ST010,4/3/2026,4,207,0.1,Completed,Mobile Money
S0017107,C00886,P0190,ST012,3/5/2025,1,874,0.05,Pending,Bank Transfer
S0011266,C00126,P0190,ST008,12/11/2025,8,193,0.1,Returned,Mobile Money
S0011222,C00953,P0190,ST006,12/7/2025,9,228,0.1,Returned,Mobile Money
S0011451,C00730,P0190,ST002,3/27/2026,6,137,0,Pending,Bank Transfer
S0018528,C00251,P0190,ST003,2/8/2025,5,547,0,Pending,Cash
S0013250,C00285,P0190,ST020,12/12/2025,7,517,0.2,Cancelled,Mobile Money
S0017871,C00472,P0190,ST008,4/2/2026,9,1337,0.15,Completed,Mobile Money
S0011458,C00353,P0190,ST015,7/16/2026,7,1325,0.2,Cancelled,Mobile Money
S0014648,C00240,P0190,ST001,5/11/2025,2,1379,0.15,Pending,Mobile Money
S0011948,C00801,P0190,ST018,3/15/2025,6,248,0.15,completed,Card
S0018902,C00153,P0190,ST009,4/14/2025,10,839,0.05,Returned,Bank Transfer
S0013112,C00782,P0190,ST018,11/16/2025,2,292,0.2,completed,Mobile Money
S0014049,C00622,P0190,ST017,3/24/2026,6,461,0.05,Completed,Card
S0012769,C00481,P0190,ST006,3/7/2026,7,1160,0.2,completed,Cash
S0016846,C00365,P0190,ST011,1/7/2025,9,842,0.1,completed,Cash
S0015746,C00525,P0190,ST016,3/21/2025,1,319,0.15,completed,Card
S0016078,C00381,P0190,ST001,3/25/2026,6,1361,0.15,Cancelled,Card
S0013498,C00276,P0190,ST002,9/1/2025,2,247,0,Returned,Cash
S0015833,C00099,P0190,ST014,6/14/2026,10,341,0.2,completed,Card
S0018661,C00065,P0190,ST007,1/11/2025,1,1411,0.2,Pending,Card
S0016795,C00611,P0190,ST018,1/19/2025,8,901,0.1,completed,Card
S0019684,C00891,P0190,ST006,3/30/2026,2,79,0,completed,Bank Transfer
S0013564,C00413,P0190,ST007,12/8/2025,3,830,0.1,Returned,Bank Transfer
S0012872,C00675,P0190,ST005,1/18/2025,4,232,0,completed,Mobile Money
S0019320,C00808,P0190,ST014,6/26/2025,7,257,0,Completed,Card
S0010405,C00925,P0190,ST005,3/20/2025,5,705,0.1,completed,Card
S0012412,C00855,P0190,ST010,2/17/2026,8,784,0.15,Cancelled,Cash
S0014033,C00019,P0190,ST005,6/19/2025,9,400,0.05,Pending,Bank Transfer
S0019865,C00424,P0190,ST003,4/20/2025,9,86,0.05,Cancelled,Cash
S0012185,C00626,P0190,ST006,4/9/2025,6,398,0.2,Completed,Bank Transfer
S0017306,C00473,P0190,ST007,2/3/2025,2,939,0.1,Pending,Bank Transfer
S0013938,C00382,P0190,ST019,8/17/2025,5,707,0.05,Pending,Bank Transfer
S0010230,C00524,P0190,ST014,6/1/2025,8,1230,0.15,Completed,Bank Transfer
S0014164,C00450,P0190,ST001,6/3/2026,4,1044,0.05,Cancelled,Bank Transfer
S0010284,C00704,P0190,ST020,6/26/2025,3,1131,0.2,Pending,Card
S0016128,C00884,P0190,ST016,6/19/2025,2,543,0.05,Cancelled,Cash
S0016985,C00651,P0096,ST015,12/20/2025,10,875,0.15,Cancelled,Card
S0018511,C00502,P0096,ST007,4/7/2025,5,877,0.1,completed,Card
S0013557,C00593,P0096,ST018,3/18/2026,9,131,0,Pending,Mobile Money
S0016005,C00620,P0096,ST002,7/6/2026,10,28,0,Cancelled,Card
S0017272,C00368,P0096,ST006,2/2/2026,2,1337,0.05,Returned,Card
S0013928,C00801,P0096,ST016,6/1/2026,6,1062,0.1,Pending,Mobile Money
S0010423,C00780,P0096,ST012,8/27/2025,10,1203,,Pending,Bank Transfer
S0016842,C00118,P0096,ST012,12/24/2025,4,1196,0.15,Pending,Cash
S0015432,C00239,P0096,ST012,6/7/2025,3,627,0.2,Cancelled,Card
S0011825,C00828,P0096, ST004 ,6/7/2026,6,295,0.1,completed,Mobile Money
S0013196,C00054,P0096,ST006,3/24/2025,9,732,0.15,completed,Cash
S0015803,C00601,P0096,ST008,3/14/2025,8,140,0,completed,Cash
S0019588,C00791,P0096,ST017,5/11/2025,10,1100,0,Completed,Cash
S0015511,C00555,P0096,ST004,12/16/2025,1,207,0,Completed,Card
S0017288,C00039,P0096,ST005,1/22/2026,2,1418,0.05,Returned,Card
S0018294,C00751,P0096,ST017,3/18/2025,8,1161,0,completed,Cash
S0016340,C00960,P0096,ST017,6/18/2025,10,1135,0,Completed,Cash
S0018525,C00863,P0096,ST001,3/17/2026,6,1024,0,Returned,Card
S0015136,C00817,P0096,ST004,4/29/2026,8,1033,0,completed,Bank Transfer
S0016173,C00316,P0096,ST001,11/3/2025,3,187,0,Pending,Mobile Money
S0015402,C00021,P0096,ST016,10/2/2025,4,266,0.1,Returned,Bank Transfer
S0015359,C00234,P0096,ST018,10/1/2025,9,1009,0,Pending,Bank Transfer
S0015599,C00901, P0096 ,ST008,10/8/2025,5,37,0.1,Cancelled,Mobile Money
S0012520,C00929,P0096,ST004,6/3/2025,5,1225,0.15,Returned,Card
S0011452,C00248,P0096,ST011,8/31/2025,9,766,0,Completed,Cash
S0010175,C00349,P0096,ST014,9/7/2025,4,1307,0.2,Pending,Bank Transfer
S0017236,C00348,P0096,ST005,1/10/2026,1,701,0.05,completed,Mobile Money
S0010483,C00446,P0096,ST005,3/31/2026,1,226,0.1,Cancelled,Cash
S0014962,C00972,P0096,ST012,6/6/2025,1,701,0,Completed,Bank Transfer
S0017731,C00561,P0096,ST007,1/24/2026,5,1491,0.15,Completed,Cash
S0014439,C00473,P0096,ST018,6/11/2026,8,48,0.2,Returned,Mobile Money
S0014102,C00378,P0096,ST014,7/8/2025,6,220,0.1,completed,Cash
S0010160,C00257,P0096,ST005,11/24/2025,8,8,0.1,completed,Bank Transfer
S0011319,C00473,P0096,ST007,2/27/2025,7,955,0,Returned,Cash
S0017256,C00229,P0096,ST007,1/7/2025,5,991,0.15,completed,Card
S0014770,C00518,P0096,ST013,10/26/2025,3,1168,0,Returned,Mobile Money
S0018840,C00631,P0096,ST018,10/13/2025,5,826,0,Pending,Bank Transfer
S0017201,C00738,P0096,ST002,4/21/2025,5,476,0,Completed,Bank Transfer
S0019485,C00773,P0096,ST002,5/27/2026,8,551,0,Cancelled,Mobile Money
S0017952,C00976,P0096,ST001,1/28/2025,9,1085,0.15,Completed,Mobile Money
S0012861,C00989,P0085,ST008,10/8/2025,4,7,0.15,Cancelled,Bank Transfer
S0019921,C00989,P0085,ST008,10/8/2025,6,1105,0.15,Cancelled,Bank Transfer
S0017937,C00764,P0085,ST014,1/30/2026,8,1166,0.2,Pending,Cash
S0018531,C00610,P0085,ST014,12/22/2025,7,755,0.05,Completed,Cash
S0016325,C00200,P0085,ST008,10/8/2025,10,368,0.15,Returned,Cash
S0012988,C00095,P0085,ST002,5/29/2026,3,659,0.05,Cancelled,Mobile Money
S0018740,C00447,P0085,ST011,4/17/2025,6,322,0.15,Completed,Bank Transfer
S0013614,C00574,P0085,ST016,5/31/2025,1,659,0.1,Returned,Card
S0010125,C00375,P0085,ST015,4/16/2025,5,822,0.05,Returned,Cash
S0010954, C00760 ,P0085,ST002,5/27/2025,4,754,0.15,Completed,Cash
S0013511,C00012,P0085,ST001,7/18/2026,4,188,0.2,Returned,Bank Transfer
S0011107,C00123,P0085,ST015,9/25/2025,9,650,0.1,Pending,Mobile Money
S0018771,C00922,P0085,ST020,5/31/2025,10,101,0,Cancelled,Card
S0019952,C00623,P0085,ST009,7/31/2026,10,474,0.15,completed,Bank Transfer
S0014152,C00839,P0085,ST017,7/8/2025,2,1207,0.15,Returned,Bank Transfer
S0019241,C00269,P0085,ST012,4/21/2025,7,224,0.1,Completed,Card
S0014090,C00620,P0085,ST007,2/20/2025,7,405,0,Cancelled,Card
S0019610,C00809,P0085,ST005,1/23/2026,7,775,0.1,Cancelled,Card
S0011865,C00360,P0085,ST006,3/9/2026,6,3,0.2,Completed,Card
S0017840,C00895,P0085,ST012,9/4/2026,6,638,0.1,Completed,Mobile Money
S0011657,C00243,P0085,ST012,2/10/2025,3,1493,0.1,Pending,Card
S0014576,C00999,P0085,ST007,3/11/2025,4,351,0.1,Cancelled,Bank Transfer
S0016716,C00016,P0085,ST019,1/2/2025,1,888,0.1,completed,Mobile Money
S0015594,C00374,P0085,ST009,4/1/2026,7,1199,0.2,Completed,Mobile Money
S0015715,C00569,P0085,ST006,6/26/2025,7,154,0,Cancelled,Mobile Money
S0019394,C00581,P0085,ST005,3/8/2026,7,1434,0.2,Returned,Card
S0012444,C00745,P0085,ST007,1/24/2026,2,697,0,Returned,Mobile Money
S0013960,C00599,P0085,ST020,5/22/2026,3,90,0,Cancelled,Mobile Money
S0014203,C00154,P0085,ST011,8/28/2025,8,51,0.05,Returned,Cash
S0013587,C00941,P0085,ST020,7/7/2025,2,239,0.2,Cancelled,Bank Transfer
S0014536,C00134,P0085,ST005,3/19/2025,5,993,0.05,Completed,Card
S0013867,C00801,P0085,ST012,1/12/2026,6,302,0.1,Completed,Bank Transfer
S0014151,C00371,P0085,ST019,7/22/2026,7,620,0.15,Cancelled,Mobile Money
S0014417,C00102,P0085,ST004,6/4/2025,1,233,0.05,Completed,Cash
S0019405,C00121,P0085,ST020,5/12/2025,8,1441,0.2,Returned,Bank Transfer
S0018978,C00069,P0085,ST016,1/25/2025,7,647,0.1,completed,Cash
S0012151,C00925,P0085,ST001,6/7/2025,3,589,0.2,completed,Bank Transfer
S0019174,C00745,P0085,ST016,11/11/2025,4,492,0.15,Cancelled,Cash
S0010624,C00395,P0085,ST016,2/5/2025,10,912,0.15,Cancelled,Cash
S0012849,C00307,P0085,ST017,11/5/2025,2,1373,0.15,completed,Card
S0012588,C00042,P0085,ST003,12/5/2025,1,328,0.15,Pending,Card
S0015380,C00720,P0085,ST007,12/5/2025,10,211,0.05,completed,Mobile Money
S0014555,C00829,P0085,ST017,5/16/2025,5,767,0.15,completed,Mobile Money
S0018342,C00015,P0085,ST020,10/31/2025,6,963,0.1,Pending,Card
S0017784,C00571,P0085,ST014,9/6/2025,6,132,0.2,Cancelled,Bank Transfer
S0013368,C00839,P0085,ST016,4/13/2025,6,224,0.2,completed,Card
S0014918,C00089,P0085,ST012,7/26/2026,10,991,0.2,completed,Bank Transfer
S0016408,C00687,P0016,ST005,12/4/2025,5,739,0.2,completed,Cash
S0013109,C00317,P0085,ST005,6/30/2026,10,1285,0.05,Cancelled,Bank Transfer
S0017329,C00320,P0085,ST010,6/22/2026,7,788,0.2,Completed,Bank Transfer
S0015759,C00481,P0016,ST008,1/24/2025,1,519,0,Completed,Mobile Money
S0017397,C00865,P0016,ST004,4/17/2025,6,54,0.05,Returned,Bank Transfer
S0016416,C00970,P0085,ST001,2/16/2026,7,208,0.2,Completed,Mobile Money
S0015998,C00451,P0085,ST006,10/8/2025,2,1163,0.05,completed,Mobile Money
S0014884,C00003,P0016,ST018,2/28/2026,5,1345,0.05,Returned,Mobile Money
S0016015,C00873,P0016,ST011,6/14/2026,4,357,0,Cancelled,Mobile Money
S0019169,C00873,P0016,ST011,6/14/2026,8,1480,0,Cancelled,Mobile Money
S0013266,C00795,P0016,ST007,7/28/2026,3,140,0.1,Cancelled,Card
S0019274,C00892,P0016,ST014,4/10/2026,10,381,0,Returned,Card
S0019013,C00261,P0016,ST008,3/26/2025,5,27,0,completed,Cash
S0014329,C00466,P0016,ST015,2/19/2026,3,654,0.2,Completed,Bank Transfer
S0017415,C00929,P0016,ST003,1/9/2026,4,1218,0,Completed,Bank Transfer
S0019662,C00647,P0016,ST002,11/29/2025,1,904,0.05,Completed,Bank Transfer
S0016423,C00044,P0016,ST015,8/12/2025,7,516,0.2,Cancelled,Cash
S0016402,C00072,P0016,ST020,3/4/2026,8,911,0.05,Cancelled,Mobile Money
S0010188,C00819,P0016,ST016,6/23/2025,6,1020,0.05,Pending,Bank Transfer
S0014955,C00985,P0016,ST008,12/8/2025,3,1398,0.05,Pending,Card
S0011739,C00410,P0016,ST001,7/15/2025,3,1444,0,Completed,Card
S0015891,C00401,P0016,ST015,8/15/2025,1,365,0.2,Returned,Card
S0016623,C99999,P0085,ST006,2/7/2025,3,1327,0.1,Returned,Cash
S0011048,C00499,P0016,ST005,3/9/2025,1,797,0.1,completed,Card
S0013966,C00968,P0016,ST005,4/27/2026,6,595,0.2,completed,Bank Transfer
S0011802,C00228,P0016,ST002,1/3/2026,6,1068,0.1,completed,Mobile Money
S0014288,C00553,P0016,ST010,4/28/2026,9,1089,0.1,Cancelled,Cash
S0016145,C00754,P0016,ST016,12/12/2025,7,332,0.1,Cancelled,Mobile Money
S0018734,C00028,P0016,ST001,7/17/2026,7,1486,0,Returned,Card
S0015963,C00706,P0016, ST017 ,8/21/2025,6,1375,0.05,Completed,Card
S0010173,C00712,P0016,ST012,7/16/2026,2,654,0.15,completed,Cash
S0015960,C00522,P0016,ST004,6/15/2025,1,1441,0.05,Returned,Card
S0019118,C00612,P0016,ST003,12/16/2025,1,1450,0.1,Returned,Mobile Money
S0013286,C00864,P0016,ST004,6/6/2026,1,56,0.05,completed,Cash
S0011899,C00851,P0016,ST001,8/17/2025,7,987,0,Returned,Card
S0014519,C00087,P0016,ST017,4/2/2025,7,189,0,Completed,Card
S0011436,C00858,P0016,ST004,1/24/2026,9,1381,0.1,Pending,Card
S0013136,C00840,P0016,ST006,6/12/2026,5,1181,0.2,completed,Bank Transfer
S0010700,C00651,P0016,ST010,2/10/2025,10,1180,0.05,Pending,Card
S0015488,C00558,P0016,ST018,6/4/2026,6,682,0.1,Completed,Bank Transfer
S0015272,C00825,P0016,ST013,11/20/2025,5,1118,0,completed,Card
S0020011,C00424,P0016,ST001,1/16/2025,4,692,0.15,Completed,Mobile Money
S0010063,C00559,P0016,ST004,2/3/2025,7,1176,0.2,Cancelled,Bank Transfer
S0017051,C00335,P0016,ST020,5/16/2025,7,1309,0,Cancelled,Mobile Money
S0012413,C00049,P0016,ST013,5/10/2025,8,496,0.1,Pending,Card
S0019215,C00207,P0016,ST012,3/13/2025,3,771,0.05,Pending,Mobile Money
S0010520,C00737,P0016,ST020,11/9/2025,9,903,0.15,Completed,Bank Transfer
S0015539,C00375,P0016,ST010,6/1/2026,2,298,0.2,Pending,Mobile Money
S0016746,C00290,P0016,ST017,10/2/2025,9,763,0.05,Completed,Bank Transfer
S0013009,C00317,P0016,ST002,4/28/2026,10,688,0.2,Pending,Cash
S0013021,C00205,P0016,ST009,6/20/2026,10,498,0,completed,Bank Transfer
S0015534,C00237,P0016,ST017,3/21/2025,3,1081,0.15,Cancelled,Cash
S0011733,C00305,P0016,ST015,10/9/2025,9,490,0.2,Returned,Cash
S0010949,C00086,P0121,ST001,10/29/2025,10,88,0.15,Cancelled,Card
S0017946,C00821,P0121,ST006,4/21/2025,1,1188,0.2,Cancelled,Cash
S0011232,C00800,P0121,ST004,6/6/2026,8,1073,0.1,Completed,Cash
S0010402,C00848,P0121,ST009,4/21/2025,2,936,0.15,Returned,Bank Transfer
S0017898,C00907,P0121,ST005,11/9/2025,6,1277,0.2,Pending,Cash
S0015135,C00394,P0121,ST005,1/24/2026,1,1,0.15,Cancelled,Bank Transfer
S0013094,C00635,P0121,ST007,6/10/2025,3,575,0.1,completed,Card
S0015487,C00030,P0121,ST017,1/9/2025,1,831,0.15,completed,Mobile Money
S0012526,C00199,P0121,ST009,1/10/2025,5,873,0.15,Cancelled,Card
S0012607,C00022,P0121,ST020,2/28/2025,10,313,0.2,Completed,Card
S0011202,C00038,P0121,ST012,5/16/2026,1,135,0.05,Returned,Mobile Money
S0013687,C00850,P0121,ST019,1/7/2025,1,1483,0.15,Pending,Cash
S0014702,C00561,P0121,ST006,1/22/2026,6,947,0.15,Cancelled,Card
S0010913,C00416,P0121,ST018,3/25/2026,8,1156,0.2,Pending,Mobile Money
S0011567,C00184,P0121,ST005,1/6/2026,5,1101,0.15,Returned,Bank Transfer
S0019964,C00496,P0121,ST010,6/15/2026,1,275,0,Pending,Cash
S0014985,C00736,P0121,ST001,3/7/2026,9,755,0.1,Pending,Card
S0010299,C00578,P0121,ST005,8/7/2025,8,589,0.05,Returned,Mobile Money
S0017974,C00525,P0121,ST002,10/22/2025,5,527,0.1,Cancelled,Bank Transfer
S0015886,C00278,P0121,ST001,7/9/2025,1,602,0.15,Cancelled,Bank Transfer
S0019665,C00333,P0121,ST015,6/2/2026,10,1204,0,Pending,Mobile Money
S0019127,C00924,P0121,ST018,3/28/2026,6,429,0.2,Returned,Bank Transfer
S0019339,C00198,P0121,ST012,6/13/2025,6,1189,0.2,completed,Card
S0018273,C00468,P0121,ST010,11/1/2025,2,39,0.1,Cancelled,Bank Transfer
S0014700,C00243,P0121,ST016,5/13/2026,8,416,0.15,Completed,Mobile Money
S0011913,C00108,P0121,ST019,6/26/2026,4,0,0.15,Cancelled,Bank Transfer
S0012240,C00818,P0121,ST016,6/11/2025,9,1153,0,Cancelled,Cash
S0010688,C00213,P0121,ST006,9/1/2025,1,326,0.1,Completed,Bank Transfer
S0019079,C00635,P0121,ST011,1/14/2025,6,886,0,Cancelled,Mobile Money
S0013796,C00754,P0121,ST011,6/26/2025,3,1469,0,completed,Bank Transfer
S0011350,C00022,P0121,ST001,1/13/2025,3,366,0.15,Returned,Mobile Money
S0016024,C00793,P0121,ST012,4/19/2026,2,1172,0.15,Completed,Mobile Money
S0015060,C00167,P0121,ST012,1/30/2026,2,93,0.15,Pending,Bank Transfer
S0013299,C00475,P0121,ST012,4/24/2026,1,1354,0,completed,Card
S0015288,C00619,P0121,ST005,2/2/2026,3,610,0,completed,Mobile Money
S0012397,C00432,P0121,ST004,9/8/2025,7,70,0.1,Returned,Cash
S0011108,C00225,P0121,ST002,10/17/2025,5,1479,0.15,Returned,Cash
S0018527,C00405,P0121,ST004,4/9/2026,7,668,0.05,Completed,Card
S0012076,C00358,P0121,ST009,1/27/2026,7,52,0.15,Cancelled,Mobile Money
S0011846,C00207,P0121,ST003,9/23/2025,1,1033,0.05,Pending,Cash
S0018439,C00225,P0027,ST018,1/4/2026,8,973,0.2,Pending,Mobile Money
S0019220,C00019,P0121,ST018,2/10/2025,4,1248,0.2,Cancelled,Mobile Money
S0010687,C00865,P0027,ST003,3/10/2025,7,1483,0.2,Completed,Bank Transfer
S0018732,C00855,P0121,ST008,7/2/2025,10,168,0.1,Cancelled,Mobile Money
S0015875,C00900,P0027,ST007,6/28/2026,3,860,0.2,Cancelled,Mobile Money
S0015164,C00642,P0121,ST008,6/19/2025,4,1349,0.05,Pending,Mobile Money
S0013799,C00655,P0121,ST003,2/12/2026,6,305,0.15,Returned,Bank Transfer
S0013216,C00728,P0027,ST017,9/8/2025,5,1485,0.2,Returned,Cash
S0015541,C00527,P0027,ST005,6/24/2026,7,1493,0.1,Completed,Card
S0019693,C00280,P0027,ST016,8/31/2025,7,967,0.1,completed,Bank Transfer
S0018368,C00522,P0027,ST016,5/11/2025,7,508,0.2,Returned,Cash
S0014744,C00352,P0027,ST001,6/26/2026,8,372,0.2,completed,Mobile Money
S0014356,C00752,P0027,ST010,1/28/2025,9,444,0.2,completed,Cash
S0019507,C00555,P0121,ST016,8/21/2025,10,796,0.2,Completed,Cash
S0010504,C00781,P0121,ST003,5/30/2026,9,131,0.15,Pending,Cash
S0016130,C00979,P0027,ST014,10/9/2025,6,993,0.05,Pending,Mobile Money
S0012795,C00018,P0027,ST005,1/28/2026,1,1276,0.05,completed,Card
S0019956,C00459,P0027,ST019,2/22/2026,4,597,0.05,Pending,Bank Transfer
S0015409,C00335,P0027,ST007,7/20/2025,4,1367,0,Pending,Bank Transfer
S0015548,C00066,P0027,ST020,10/7/2025,8,1454,0.05,Completed,Mobile Money
S0018318,C00167,P0027,ST007,3/4/2026,10,995,0.1,Pending,Cash
S0010141,C00546,P0027,ST019,6/2/2026,7,932,0.1,Cancelled,Bank Transfer
S0017427,C00932,P0027,ST004,6/29/2026,1,302,0,Cancelled,Mobile Money
S0019415,C00923,P0027,ST016,7/27/2026,4,562,0.05,Pending,Bank Transfer
S0011390,C00098,P0027,ST007,11/1/2025,1,1016,0.2,Cancelled,Mobile Money
S0011707,C00434,P0027,ST003,6/29/2026,10,397,0.2,Pending,Cash
S0019277,C00929,P0027,ST013,5/17/2026,1,180,0.1,Cancelled,Bank Transfer
S0013536,C00178,P0027,ST017,4/18/2025,3,802,0.15,Cancelled,Bank Transfer
S0015258,C00091,P0027,ST009,2/13/2026,2,332,0.05,Cancelled,Bank Transfer
S0010735,C00046,P0027,ST006,1/30/2026,3,1015,0.05,completed,Bank Transfer
S0011773,C00865,P0043,ST012,4/2/2026,4,689,0.15,Pending,Cash
S0017333,C00093,P0027,ST003,5/5/2026,9,1220,0.15,Pending,Card
S0016385,C00573,P0027,ST006,4/14/2025,4,1036,0.15,Pending,Mobile Money
S0015299,C00976,P0027,ST004,5/14/2025,2,996,0,Pending,Bank Transfer
S0010920,C00750,P0027,ST005,4/23/2026,5,255,0,completed,Bank Transfer
S0011268,C00106,P0043,ST008,7/7/2025,5,1145,0,Cancelled,Card
S0013277,C00760,P0027,ST003,6/13/2025,4,666,0.05,Pending,Card
S0015114,C00240,P0027,ST016,6/24/2026,4,1096,0.1,completed,Cash
S0017146,C00627,P0027,ST006,11/23/2025,6,1169,0.15,Pending,Cash
S0015075,C00009,P0027,ST019,11/22/2025,3,660,0.05,Returned,Bank Transfer
S0015428,C00682,P0027,ST005,6/25/2025,4,1230,0,completed,Cash
S0014746,C00591,P0027,ST002,10/16/2025,5,190,0.2,Completed,Cash
S0016254,C00650,P0027,ST005,3/19/2026,10,1431,0.2,Completed,Card
S0011250,C00441,P0027,ST002,2/20/2026,10,1293,0,Completed,Card
S0013760,C00756,P0027,ST020,2/23/2026,4,879,0.05,Pending,Cash
S0012788,C00918,P0027,ST003,2/19/2025,5,471,0.2,Pending,Card
S0014118,C00082,P0027,ST019,4/16/2026,2,665,0.15,Returned,Cash
S0015211,C00595,P0043,ST002,8/8/2025,2,452,0.05,Pending,Cash
S0019805,C00221,P0043,ST003,3/26/2026,1,1192,0.15,completed,Bank Transfer
S0016486,C00015,P0043,ST007,4/13/2026,5,1132,0.05,Pending,Cash
S0010690,C00241,P0027,ST015,6/5/2025,4,160,0.15,Returned,Card
S0015369,C00417,P0027,ST018,4/27/2026,2,1354,0.2,Completed,Cash
S0015134,C00279,P0043,ST017,2/17/2025,1,369,0.05,completed,Cash
S0018347,C00128,P0027,ST001,3/21/2026,4,1079,0,Cancelled,Cash
S0010811,C00870,P0043,ST005,5/11/2026,1,68,0.2,Pending,Bank Transfer
S0019795,C00932,P0027,ST009,4/16/2025,6,546,0.2,Returned,Card
S0019765,C00602,P0027,ST006,11/4/2025,1,58,0,Cancelled,Cash
S0010707,C00555,P0027,ST016,4/26/2026,6,53,0.1,completed,Bank Transfer
S0013566,C00283,P0027,ST004,5/13/2026,1,65,0.2,Pending,Cash
S0010385,C00881,P0079,ST019,2/15/2026,3,1494,0.1,completed,Bank Transfer
S0013090,C00094,P0043,ST017,8/7/2025,3,923,0,Cancelled,Mobile Money
S0019815,C00990,P0027,ST013,4/3/2025,10,667,0,Cancelled,Cash
S0017850,C00194,P0027,ST013,8/5/2025,7,1109,0.05,Pending,Card
S0015210,C00500,P0027,ST018,3/22/2026,5,797,0.2,Cancelled,Cash
S0013518,C00646,P0043,ST015,5/16/2025,9,71,0,Pending,Card
S0010961,C00022,P0027,ST017,6/21/2026,6,1446,0,Cancelled,Bank Transfer
S0013776,C00668,P0043, ST002 ,3/15/2025,8,693,0.1,Pending,Card
S0016802,C00641,P0027,ST009,3/28/2026,8,867,0.2,completed,Mobile Money
S0010083,C00682,P0027,ST004,3/1/2025,5,363,0.2,completed,Bank Transfer
S0016928,C00952,P0027,ST020,5/3/2025,8,343,0,Cancelled,Mobile Money
S0016301,C00414,P0043,ST006,1/15/2025,5,62,0.2,Returned,Mobile Money
S0018339,C00853,P0079,ST010,6/23/2025,8,1473,0,Cancelled,Cash
S0017721,C00928,P0043,ST015,12/31/2025,8,285,0,Completed,Bank Transfer
S0015351,C00758,P0027,ST011,4/18/2025,9,1408,0.05,Pending,Bank Transfer
S0015984,C00114,P0043,ST018,5/8/2025,6,1304,0.15,Cancelled,Cash
S0013879,C00777,P0043,ST020,1/16/2025,6,804,0.15,Completed,Card
S0017634,C00551,P0043,ST002,9/10/2025,2,1160,0.2,completed,Cash
S0019802,C00025,P0043,ST016,11/23/2025,6,594,0.15,Completed,Bank Transfer
S0015311,C00195,P0043,ST004,3/7/2025,4,829,0,Completed,Mobile Money
S0019406,C00531,P0043,ST017,5/6/2025,10,724,0.2,Returned,Bank Transfer
S0017604,C00015,P0043,ST016,5/14/2025,4,881,0,Pending,Card
S0018810,C00108,P0043,ST016,10/25/2025,5,1160,0.15,completed,Bank Transfer
S0010713,C00904,P0027,ST018,2/23/2026,4,701,0.2,completed,Bank Transfer
S0013226,C00037,P0043,ST001,8/5/2026,3,1323,0.15,Pending,Card
S0017516,C00219,P0043,ST017,3/27/2026,5,266,0.2,Completed,Cash
S0010695,C00384,P0043,ST016,3/31/2026,2,262,0.15,completed,Bank Transfer
S0017735,C00323,P0043,ST018,3/23/2025,2,999,0,completed,Card
S0016187,C00994,P0043,ST017,2/11/2026,5,1151,0.1,completed,Bank Transfer
S0019345,C00970,P0043,ST010,4/2/2026,3,802,0.2,Pending,Cash
S0020029,C00182,P0043,ST001,6/28/2025,4,826,0.15,Cancelled,Bank Transfer
S0019652,C00616,P0043,ST002,2/15/2026,4,1185,0.1,Returned,Bank Transfer
S0010768,C00701,P0043,ST009,1/9/2025,4,71,0.05,Pending,Bank Transfer
S0018641,C00607,P0043,ST013,8/3/2025,7,988,0.1,Completed,Bank Transfer
S0010683,C00038,P0043,ST009,4/23/2025,2,21,0.15,Returned,Mobile Money
S0011987,C00714,P0043,ST004,3/27/2025,4,1119,0.1,Completed,Cash
S0016540,C00887,P0043,ST007,3/30/2025,6,137,0.1,Returned,Mobile Money
S0013929,C00161,P0043,ST009,9/10/2025,5,663,0.15,Pending,Bank Transfer
S0017734,C00325,P0043,ST002,6/7/2025,5,1333,0,completed,Mobile Money
S0015313,C00007,P0043,ST005,7/4/2025,1,124,0.1,Returned,Card
S0017348,C00173,P0043,ST003,8/14/2025,2,53,0,Completed,Card
S0018422,C00861,P0043,ST016,2/1/2026,1,1485,0.2,completed,Card
S0016265,C00003,P0043,ST004,7/23/2026,6,1302,0.05,Completed,Mobile Money
S0010794,C00681,P0043,ST001,4/30/2025,10,934,0.05,Pending,Cash
S0013461,C00050,P0079,ST006,5/14/2025,7,862,0,Returned,Cash
S0013665,C00019,P0043,ST013,6/27/2025,6,1041,0.1,Cancelled,Cash
S0017785,C00073,P0043,ST006,9/22/2025,8,1164,0.05,completed,Bank Transfer
S0011979,C00176,P0043,ST019,3/20/2026,1,496,0.05,Pending,Mobile Money
S0017821,C00823,P0043,ST012,7/5/2025,8,511,0.2,completed,Bank Transfer
S0015021,C00085,P0043,ST008,7/18/2025,5,611,0.2,Returned,Card
S0016593,C00564,P0043,ST001,7/16/2026,3,632,0.1,completed,Card
S0019931,C00675,P0043,ST010,3/6/2026,2,1302,0.2,Returned,Card
S0015576,C00486,P0079,ST007,5/19/2025,8,920,0.15,Pending,Bank Transfer
S0011238,C00540,P0079,ST007,2/26/2025,6,1030,0.05,completed,Mobile Money
S0016089,C00752,P0079,ST002,10/24/2025,8,238,0.2,Returned,Bank Transfer
S0012358,C00006,P0079,ST001,12/11/2025,10,157,0.15,Cancelled,Cash
S0016284,C00988,P0043,ST011,2/6/2026,4,1428,0.1,Pending,Card
S0016725,C00714,P0079,ST002,3/12/2026,10,784,0.2,Returned,Cash
S0017438,C00194,P0079,ST014,4/26/2025,7,112,0.15,Pending,Mobile Money
S0010468,C00530,P0079,ST007,9/5/2025,4,1131,0.05,Completed,Card
S0011303,C00784,P0043,ST015,12/5/2025,5,1148,0.15,Completed,Bank Transfer
S0014113,C00003,P0043,ST004,8/9/2025,10,1110,0.2,Returned,Bank Transfer
S0019414,C00267,P0043,ST003,3/18/2025,8,182,0,Cancelled,Cash
S0013767,C00544,P0079,ST015,11/25/2025,8,947,0,Pending,Cash
S0012672,C00347,P0079,ST014,4/23/2025,6,874,0.05,Returned,Mobile Money
S0017045,C00080,P0079,ST001,6/11/2025,7,236,0.15,Returned,Cash
S0011214,C00332,P0079,ST003,1/15/2025,4,1021,0,Returned,Mobile Money
S0015483,C00142,P0043,ST007,11/29/2025,3,849,0.1,Completed,Cash
S0016151,C00110,P0079,ST002,3/23/2025,8,238,0,Cancelled,Cash
S0019734,C00060,P0043,ST011,4/19/2026,4,551,0,Cancelled,Mobile Money
S0011324,C00023,P0079,ST011,8/9/2025,1,1454,0.15,Cancelled,Cash
S0016932,C00715,P0001,ST005,5/10/2025,6,677,0.15,Cancelled,Cash
S0019608,C00722,P0043,ST006,5/20/2025,8,1488,0.2,Pending,Card
S0010358,C00587,P0079,ST018,1/4/2026,8,1217,0.2,completed,Card
S0017474,C00562,P0079,ST007,4/21/2025,5,751,0.1,completed,Card
S0017274,C00926,P0079,ST001,3/28/2026,2,1096,0.2,Returned,Bank Transfer
S0012803,C00460,P0079,ST013,9/6/2025,4,1403,0.15,Cancelled,Card
S0016638,C00653,P0079,ST004,9/3/2025,3,318,0.05,Pending,Cash
S0013658,C00081,P0079,ST019,4/24/2026,10,1461,0.2,Pending,Mobile Money
S0019268,C00089,P0079,ST007,5/31/2026,5,850,0.2,Completed,Mobile Money
S0015296,C00624,P0079,ST018,3/21/2025,5,763,0.05,Completed,Card
S0013782,C00737,P0079,ST010,6/29/2026,8,1450,0.1,Pending,Mobile Money
S0011768,C00511,P0079,ST013,4/16/2026,4,389,0.2,Completed,Mobile Money
S0012565,C00246,P0079,ST001,7/30/2025,6,647,0.05,Completed,Cash
S0016577,C00570,P0001,ST005,7/24/2025,10,892,0.05,Completed,Mobile Money
S0015931,C00734,P0079,ST004,1/9/2026,7,828,0.1,Completed,Card
S0012034,C00207,P0079,ST002,3/19/2025,9,1329,0.1,Pending,Mobile Money
S0019971,C00782,P0079,ST005,1/13/2025,9,82,0,Returned,Mobile Money
S0015472,C00908,P0079,ST007,6/5/2025,7,1263,0.05,Returned,Bank Transfer
S0019177,C00227,P0079,ST016,1/28/2026,7,748,0.05,Completed,Mobile Money
S0012722,C00843,P0079,ST015,3/14/2026,1,79,0.15,Cancelled,Mobile Money
S0014603,C00179,P0079,ST019,6/8/2026,5,1313,0.05,Completed,Card
S0012745,C00093,P0079,ST003,3/28/2026,9,1058,0.05,Completed,Cash
S0015551,C00101,P0001,ST018,4/15/2025,8,1457,0.1,Cancelled,Bank Transfer
S0015704,C00222,P0079,ST003,2/15/2026,5,771,0.15,Returned,Cash
S0012812,C00602,P0079,ST010,2/9/2025,4,289,0.15,Pending,Bank Transfer
S0013553,C00376,P0079,ST008,8/10/2025,1,1248,0,Pending,Cash
S0018487,C00970,P0079,ST001,7/25/2025,9,236,0.1,completed,Mobile Money
S0014829,C00575,P0001,ST010,4/4/2025,9,1212,0.15,Pending,Mobile Money
S0018194,C00020,P0079,ST018,4/19/2025,6,784,0.05,Completed,Mobile Money
S0014186,C00783,P0079,ST005,5/30/2026,9,1490,0.05,Cancelled,Bank Transfer
S0015819,C00601,P0079,ST018,9/30/2025,1,1044,0.2,completed,Cash
S0017207,C00033,P0079,ST004,9/17/2025,8,575,0.15,Pending,Cash
S0013488,C00817,P0079,ST018,7/17/2026,3,942,0.1,Pending,Card
S0018567,C00636,P0079,ST006,2/28/2026,9,541,0.05,Cancelled,Mobile Money
S0013847,C00926,P0079,ST004,12/25/2025,10,56,0.1,Cancelled,Mobile Money
S0016901,C00553,P0001,ST005,3/9/2025,5,373,0.05,Returned,Mobile Money
S0013476,C00143,P0001,ST012,5/25/2026,8,634,0,Pending,Card
S0010544,C00242,P0079,ST012,8/21/2025,1,1159,0.1,Pending,Mobile Money
S0012538,C00133,P0079,ST011,3/12/2025,10,388,0.2,completed,Bank Transfer
S0017081,C00556,P0052, ST015 ,7/13/2026,1,807,0.1,Returned,Mobile Money
S0011659,C00509,P0079,ST003,2/26/2025,1,1034,0.1,Completed,Card
S0016779,C00594,P0079,ST014,7/21/2025,6,1287,0,Completed,Card
S0017319,C00564,P0079,ST018,9/24/2025,1,994,0.15,Returned,Card
S0018922,C00216,P0079,ST015,9/15/2025,2,344,0.05,Pending,Cash
S0010891,C00228,P0079,ST015,9/24/2025,3,1232,0.1,Cancelled,Card
S0012093,C00984,P0079,ST019,9/5/2025,5,1391,0.15,completed,Mobile Money
S0011431,C00039,P0001,ST008,3/26/2025,3,1160,0.05,completed,Card
S0018425,C00183,P0079,ST001,10/8/2025,4,924,0,Returned,Cash
S0017740,C00678,P0052,ST010,7/12/2025,1,195,0.1,Pending,Bank Transfer
S0015458,C00031,P0079,ST013,11/16/2025,1,210,0,completed,Cash
S0017537,C00550,P0079,ST008,12/3/2025,6,454,0.15,Pending,Cash
S0016235,C00596,P0052,ST008,11/20/2025,7,1189,0.15,Pending,Mobile Money
S0017852,C00414,P0052,ST004,7/13/2026,2,733,0.2,Returned,Card
S0011570,C00303,P0001,ST006,3/16/2026,8,120,0.05,Returned,Bank Transfer
S0012178,C00825,P0001,ST009,6/29/2026,8,704,0.05,completed,Cash
S0011178,C00817,P0001,ST013,5/9/2025,4,1088,0.15,Cancelled,Mobile Money
S0017727,C00666,P0001,ST017,4/28/2026,5,96,0.1,Cancelled,Mobile Money
S0013427,C00554,P0079,ST006,11/1/2025,10,749,0,Pending,Bank Transfer
S0015051,C00826,P0079,ST017,7/15/2026,9,290,0.05,Cancelled,Mobile Money
S0012033,C00818,P0001,ST013,1/29/2026,7,1411,0.2,completed,Mobile Money
S0013820,C00824,P0052,ST017,7/25/2025,1,343,0.1,completed,Cash
S0016378,C00781,P0001,ST020,5/5/2025,10,1471,0.1,Pending,Bank Transfer
S0012586,C00163,P0001,ST002,3/30/2026,1,1029,0.05,completed,Cash
S0010071,C00389,P0001,ST013,5/6/2026,2,1391,0,Cancelled,Cash
S0016344,C00685,P0079,ST010,1/8/2026,1,1287,0,Cancelled,Mobile Money
S0019817,C00354,P0052,ST011,5/28/2026,4,565,0.15,Cancelled,Cash
S0015173,,P0052,ST003,1/10/2026,1,599,0,Returned,Bank Transfer
S0018086,C00390,P0001,ST017,7/5/2025,3,357,0.05,Cancelled,Card
S0010655,C00920,P0079,ST010,9/11/2025,10,790,0.2,Returned,Bank Transfer
S0016624,C00170,P0079,ST010,8/12/2025,5,496,0.05,Cancelled,Bank Transfer
S0019723,C00132,P0001,ST011,6/20/2026,1,463,0.05,Pending,Bank Transfer
S0014114,C00331,P0001,ST009,4/6/2025,6,728,0,Returned,Cash
S0011702,C00207,P0079,ST011,6/29/2025,4,159,0.15,Completed,Mobile Money
S0013857,C00088,P0052,ST011,7/9/2025,9,796,0.2,completed,Cash
S0013998,C00497,P0001,ST010,1/14/2025,10,1058,0.05,Returned,Mobile Money
S0010937,C00681,P0052,ST008,1/1/2025,8,1465,0,Completed,Mobile Money
S0013837,C00029,P0001,ST010,3/15/2026,10,776,0.1,Completed,Mobile Money
S0016032,C00278,P0001,ST006,5/1/2026,2,1406,0.15,Returned,Mobile Money
S0015781,C00247,P0001,ST018,5/29/2026,4,959,0.05,completed,Cash
S0016639,C00791,P0079,ST007,11/14/2025,3,1068,0.1,Pending,Cash
S0011478,C00292,P0052,ST018,2/13/2026,5,250,0.1,Completed,Card
S0013024,C00985,P0001, ST011 ,9/14/2025,4,526,0.15,Returned,Mobile Money
S0012826,C00531,P0052,ST006,2/22/2025,8,962,0.15,Pending,Bank Transfer
S0018143,C00382,P0052,ST018,4/15/2026,4,1394,0,Pending,Bank Transfer
S0012568,C00417,P0079,ST007,2/15/2025,7,626,0.15,Completed,Mobile Money
S0017893,C00131,P0052,ST008,3/30/2026,8,1026,0.2,Pending,Bank Transfer
S0014586,C00060,P0052,ST013,5/2/2025,9,15,0.2,Returned,Mobile Money
S0016346,C00909,P0052,ST020,8/24/2025,9,235,0.05,Cancelled,Mobile Money
S0013379,C00089,P0001,ST012,5/5/2026,6,180,0,completed,Mobile Money
S0019502,C00120,P0001,ST017,4/6/2025,3,1121,0.05,completed,Bank Transfer
S0017644,C00835,P0052,ST010,5/26/2025,6,124,0,Cancelled,Bank Transfer
S0018827,C00922,P0052,ST005,3/25/2025,5,1254,0.05,Returned,Card
S0013011,C00297,P0052,ST017,8/7/2025,1,427,0.2,Pending,Bank Transfer
S0010136,C00558,P0079,ST013,8/18/2025,10,1229,0.2,Completed,Card
S0012976,C00085,P0052,ST013,9/17/2025,2,1087,0.1,Pending,Cash
S0018677,C00696,P0052,ST011,2/25/2026,5,1344,0.1,Pending,Mobile Money
S0017046,C00852,P0079,ST014,4/19/2025,4,995,0.05,Completed,Bank Transfer
S0016166,C00912,P0052,ST001,9/19/2025,7,939,0,Cancelled,Card
S0012287,C00406,P0052,ST020,7/7/2025,1,688,0,Returned,Card
S0018477, C00313 ,P0001,ST018,7/25/2026,10,992,0.1,Completed,Cash
S0011481,C00280,P0001,ST009,3/18/2025,9,340,0.15,Pending,Cash
S0017980,C00964,P0052,ST003,7/9/2026,7,383,0.2,Pending,Mobile Money
S0019732,C00814,P0001,ST009,3/28/2025,1,9,0.15,Pending,Cash
S0015304,C00938,P0001,ST014,4/6/2026,10,645,0.15,completed,Mobile Money
S0010792,C00086,P0052,ST008,6/18/2026,7,377,0.2,Cancelled,Card
S0018877,C00407,P0052,ST011,3/24/2026,5,1341,0.15,Cancelled,Mobile Money
S0015979,C00368,P0052,ST011,2/15/2026,6,1157,0.2,completed,Mobile Money
S0011090,C00108,P0052,ST005,10/8/2025,1,799,0,Completed,Mobile Money
S0017094,C00072,P0001,ST011,2/24/2025,4,57,0,completed,Card
S0018623,C00376,P0052,ST008,2/1/2026,1,955,0,Returned,Cash
S0014996,C00630,P0001,ST020,5/11/2025,1,154,0,Completed,Bank Transfer
S0012853,C00917,P0052,ST004,9/29/2025,3,1019,0.1,Returned,Cash
S0010678,C00367,P0001,ST001,7/29/2025,4,368,0.05,Completed,Card
S0015424,C00055,P0052,ST009,2/21/2026,1,418,0.15,Completed,Mobile Money
S0011023,C00679,P0052,ST017,3/28/2026,9,486,0.05,Completed,Card
S0015919,C00889,P0052,ST006,5/2/2026,8,645,0,Cancelled,Card
S0014659,C00876,P0052,ST003,9/28/2025,3,120,0,Cancelled,Card
S0018248,C00899,P0052,ST005,1/14/2025,2,915,0.1,Pending,Cash
S0016921,C00647,P0052,ST004,3/7/2025,8,622,0.05,Cancelled,Bank Transfer
S0015606,C00950,P0052,ST002,3/8/2025,3,1455,0.05,Pending,Bank Transfer
S0014942,C00462,P0052,ST007,5/28/2025,1,1353,0.05,Pending,Card
S0016458,C00563,P0052,ST020,8/17/2025,8,781,0,completed,Bank Transfer
S0017456,C00246,P0001,ST017,1/22/2025,3,199,0.15,Returned,Card
S0010231,C00692,P0001,ST012,2/16/2025,4,213,0,Completed,Cash
S0019785,C00955,P0052,ST005,9/27/2025,10,586,0.15,Cancelled,Card
S0016249,C00048,P0052,ST010,11/25/2025,2,1076,0.1,Pending,Mobile Money
S0017627,C00117,P0052,ST013,6/25/2025,9,320,0.05,Completed,Mobile Money
S0013969,C00697,P0052,ST011,3/15/2026,7,302,0.05,Cancelled,Card
S0013362,C00171,P0052,ST002,8/17/2025,9,284,0.2,Completed,Cash
S0019786,C00492,P0052,ST019,3/26/2025,7,1255,0.05,completed,Mobile Money
S0012363,C00646,P0052,ST003,5/28/2026,10,1052,0.05,Cancelled,Card
S0016180,C00192,P0001,ST020,3/27/2025,6,760,0.15,completed,Bank Transfer
S0014973,C00162,P0001,ST008,11/20/2025,7,188,0.05,completed,Card
S0012237,C00025,P0052,ST013,1/9/2026,3,17,0.15,Returned,Card
S0013705,C00099,P0052,ST005,5/26/2025,7,554,0.15,Pending,Card
S0010765,C00674,P0052,ST001,5/14/2026,10,1062,0,Pending,Cash
S0018629,C00265,P0001,ST016,6/18/2026,10,774,0.2,Pending,Cash
S0013751,C00848,P0001,ST015,3/31/2025,7,233,0.1,Pending,Mobile Money
S0019427,C00631,P0052,ST003,12/2/2025,3,275,0.15,Cancelled,Bank Transfer
S0016124,C00646,P0001,ST020,6/24/2026,4,1112,0.15,Cancelled,Mobile Money
S0018190,C00224,P0052,ST012,2/25/2025,9,392,0.2,Completed,Mobile Money
S0013774,C00061,P0052,ST020,4/17/2025,4,1113,0,Pending,Mobile Money
S0016734,C00906,P0083,ST007,3/3/2025,6,776,0.05,Completed,Cash
S0016245,C00532,P0083,ST017,4/29/2025,9,588,0.15,Completed,Cash
S0017505,C00350,P0083,ST004,4/23/2026,1,396,0.15,Completed,Mobile Money
S0018004,C00303,P0083,ST003,3/22/2025,7,757,0.15,Completed,Bank Transfer
S0012123,C00002,P0083,ST014,12/6/2025,9,452,0.1,Completed,Mobile Money
S0017623,C00087,P0083,ST009,7/3/2025,9,278,0.15,Pending,Card
S0015515,C00777,P0083,ST001,8/8/2025,3,386,0.15,completed,Card
S0010622,C00740,P0083,ST015,4/30/2025,3,1109,0.1,Cancelled,Mobile Money
S0010711,C00573,P0083,ST019,8/31/2025,9,1329,0.2,Completed,Card
S0014747,C00791,P0083,ST013,3/17/2025,4,1089,0.1,Returned,Card
S0017124,C00294,P0083,ST012,11/22/2025,8,1494,0.05,Completed,Card
S0013615,C00220,P0083,ST009,3/6/2026,4,820,0.1,Returned,Cash
S0010802,C00255,P0083,ST007,6/10/2026,3,737,0,Pending,Bank Transfer
S0015471,C00346,P0083,ST003,5/10/2026,5,1464,0.05,Pending,Bank Transfer
S0013663,C00195,P0083,ST017,5/16/2026,4,486,0.05,Completed,Bank Transfer
S0014870,C00406,P0083,ST015,5/25/2025,1,1315,0.15,completed,Bank Transfer
S0018383,C00406,P0083,ST014,6/28/2025,10,598,0.15,Completed,Card
S0014522,C00619,P0083,ST020,6/1/2026,4,486,0.2,Completed,Card
S0016076,C00419,P0083,ST020,4/20/2026,8,918,0.1,completed,Mobile Money
S0016703,C00155,P0083,ST005,7/17/2025,1,1330,0.15,Pending,Bank Transfer
S0016546,C00054,P0083,ST016,4/30/2026,1,116,0.15,Returned,Mobile Money
S0015777,C00407,P0083,ST005,2/5/2025,5,104,0.1,Cancelled,Bank Transfer
S0016040,C00965,P0083,ST011,8/22/2025,7,125,0.05,Completed,Cash
S0012691,C00752,P0083,ST012,10/29/2025,8,84,0.2,Cancelled,Cash
S0016833,C00581,P0083,ST009,4/7/2025,9,956,0.15,Completed,Card
S0017732,C00642,P0083,ST001,5/21/2025,4,570,0,Returned,Card
S0012002,C00853,P0083,ST012,1/4/2026,7,217,0.15,Cancelled,Cash
S0016969,C00168,P0083,ST019,3/1/2026,10,1349,0.05,Returned,Cash
S0013808,C00510,P0083,ST001,4/14/2025,4,1137,0.05,completed,Mobile Money
S0010820,C00769,P0083,ST012,7/12/2026,10,464,0.15,completed,Card
S0012606,C00347,P0083,ST017,6/2/2025,9,410,0.2,completed,Card
S0013994,C00480,P0083,ST011,1/6/2025,9,477,0.05,Returned,Bank Transfer
S0016596,C00876,P0083,ST019,2/12/2026,2,36,0.15,Returned,Mobile Money
S0015102,C00357,P0083,ST001,1/13/2026,7,702,0,completed,Mobile Money
S0014835,C00048,P0083,ST011,10/21/2025,6,593,0.1,Cancelled,Bank Transfer
S0012310,C00770,P0083,ST008,12/10/2025,3,1056,0.1,Pending,Cash
S0014631,C00067,P0083,ST017,10/8/2025,8,512,0.05,Completed,Bank Transfer
S0014479,C00775,P0083,ST005,11/13/2025,3,391,0.1,Pending,Cash
S0014422,C00398,P0083,ST013,2/3/2026,3,1397,0.2,Cancelled,Mobile Money
S0015834,C00825,P0083,ST019,7/8/2025,6,128,0.15,Pending,Bank Transfer
S0015836,C00976,P0083,ST003,3/18/2026,8,49,0.15,Completed,Bank Transfer
S0015866,C00222,P0083,ST010,12/27/2025,7,1075,0.05,Completed,Mobile Money
S0016684,C00270,P0083,ST011,2/17/2026,10,776,0.2,Returned,Cash
S0014824,C00720,P0083,ST010,3/31/2025,7,1331,0,Pending,Card
S0010519,C00965,P0083,ST019,8/31/2025,9,760,0.1,Pending,Card
S0012068,C00243,P0083,ST014,4/15/2026,10,315,0.15,completed,Mobile Money
S0016084,C00243,P0083,ST006,8/20/2025,6,437,0.1,Returned,Card
S0019947,C00242,P0083,ST014,7/23/2026,7,133,0.1,completed,Cash
S0019449,C00182,P0083,ST005,9/22/2025,6,303,0.15,Completed,Bank Transfer
S0017068,C00764,P0083,ST017,4/1/2025,4,977,0.1,completed,Cash
S0013086,C00224,P0083,ST009,4/20/2026,2,615,0.1,Pending,Cash
S0019953,C00756,P0083,ST003,1/3/2026,5,40,0.2,Returned,Mobile Money
S0013944,C00327,P0083,ST003,1/11/2025,1,1136,0.1,Cancelled,Card
S0018731,C00342,P0083,ST007,5/16/2025,3,284,0,Cancelled,Card
S0016080,C00750,P0083,ST007,10/25/2025,1,1314,0.2,Cancelled,Bank Transfer
S0010049,C00442,P0083,ST011,8/17/2025,6,496,0.15,Pending,Card
S0017802,C00025,P0083,ST015,6/5/2026,9,582,0.1,Completed,Card
S0010516,C00131,P0083,ST011,6/10/2025,9,17,0.15,completed,Cash
S0011177,C00990,P0083,ST005,5/2/2025,6,1093,0.15,Returned,Bank Transfer
S0016844,C00827,P0083,ST006,1/2/2025,7,663,0.1,Returned,Card
S0018825,C00067,P0083,ST005,3/6/2025,7,1385,0,Cancelled,Cash
S0016382,C00107,P0083,ST011,1/1/2026,6,888,0,completed,Mobile Money
S0017254,C00150,P0083,ST014,5/20/2025,3,1207,0.2,Pending,Card
S0013014,C00937,P0026,ST004,10/16/2025,10,141,0.1,Returned,Card
S0017420,C00542,P0026,ST019,1/28/2026,2,987,0.05,completed,Mobile Money
S0018270,C00861,P0026,ST007,1/11/2026,2,843,0.2,Pending,Mobile Money
S0016104,C00887,P0026,ST002,3/31/2025,1,394,0.1,Pending,Mobile Money
S0017711,C00322,P0026,ST002,4/10/2025,6,1291,0.1,completed,Bank Transfer
S0014518,C00028,P0026,ST011,4/27/2025,2,1096,0.1,Completed,Cash
S0017179,C00026,P0026,ST015,4/15/2025,1,555,0,Cancelled,Mobile Money
S0016125,C00583,P0026,ST001,10/3/2025,1,849,0.15,Pending,Bank Transfer
S0015188,C00514,P0026,ST014,3/25/2026,10,941,0.05,Cancelled,Bank Transfer
S0012201,C00656,P0026,ST005,6/26/2025,10,1236,0,Completed,Mobile Money
S0010659,C00717,P0026,ST013,3/7/2025,7,380,0.2,Returned,Card
S0019273,C00134,P0026,ST007,3/6/2026,4,786,0.2,Completed,Mobile Money
S0020031,C00894,P0026,ST018,2/8/2026,7,1293,0.05,Pending,Card
S0011747,C00779,P0026,ST006,5/4/2025,5,1373,0.2,Returned,Bank Transfer
S0010126,C00484,P0026,ST011,9/3/2025,7,493,0,Pending,Bank Transfer
S0013188,C00401,P0026,ST018,5/13/2025,2,888,0,completed,Card
S0012942,C00552,P0026,ST005,7/15/2025,4,1310,0.15,Cancelled,Card
S0019733,C00449,P0026,ST016,5/29/2025,5,574,0.05,Completed,Mobile Money
S0018291,C00720,P0026,ST007,4/29/2026,3,478,0,Returned,Cash
S0011149,C00183,P0026,ST006,1/28/2025,5,1041,0.15,Cancelled,Bank Transfer
S0011540,C00124,P0026,ST013,8/29/2025,7,1250,0.2,Returned,Bank Transfer
S0010860,C00739,P0026,ST004,1/31/2026,10,853,0.05,Returned,Cash
S0015639,C00076,P0026,ST018,5/30/2025,3,677,0.1,Completed,Cash
S0011697,C00866,P0026,ST011,5/5/2025,5,1301,0.1,Pending,Bank Transfer
S0016869,C00470,P0026,ST009,5/13/2025,6,1271,0.1,Completed,Bank Transfer
S0015493,C00616,P0026,ST012,6/5/2025,6,548,0.05,Returned,Card
S0019592,C00076,P0026,ST004,5/9/2025,5,1086,0.05,Completed,Cash
S0019555,C00934,P0026,ST020,1/29/2025,2,1050,0.15,Pending,Card
S0018490,C00340,P0026,ST011,11/22/2025,5,1224,0,Pending,Cash
S0015790,C00347,P0026,ST003,1/6/2026,7,1190,0.05,completed,Mobile Money
S0010078,C00858,P0026,ST015,4/26/2026,9,206,0,Cancelled,Bank Transfer
S0012808,C00831,P0026,ST019,4/12/2025,6,484,0,Cancelled,Card
S0018976,C00824,P0026,ST013,2/22/2025,2,1475,0.2,Cancelled,Mobile Money
S0010229,C00835,P0026,ST006,6/14/2026,4,1436,0.15,Completed,Cash
S0016448,C00964,P0026,ST018,6/8/2026,8,509,0.15,Cancelled,Mobile Money
S0016081,C00782,P0026,ST013,7/28/2025,6,884,0.1,completed,Bank Transfer
S0012762,C00075,P0026,ST003,3/3/2026,1,1148,0.2,completed,Cash
S0019944,C00883,P0026,ST008,3/26/2026,5,1209,0.15,completed,Cash
S0019381,C00296,P0026,ST011,2/23/2025,7,278,0.1,Pending,Cash
S0017970,C00495,P0026,ST006,12/8/2025,5,36,0.15,Pending,Bank Transfer
S0019826,C00828,P0012,ST001,12/15/2025,5,557,0,Completed,Bank Transfer
S0014674,C00002,P0012,ST002,3/14/2025,2,622,0.2,Cancelled,Cash
S0017241,C00879,P0026,ST018,5/25/2025,9,1403,0,Pending,Cash
S0018760,C00290,P0026,ST015,10/2/2025,7,256,0.05,Pending,Cash
S0017093,C00725,P0026,ST015,11/6/2025,4,28,0.2,Cancelled,Card
S0018221,C00259,P0026,ST003,2/28/2025,9,1178,0.15,Completed,Card
S0011368,C00298,P0026,ST004,2/10/2025,9,68,0.05,Completed,Mobile Money
S0016825,C00061,P0012,ST014,5/14/2026,3,752,0.2,Cancelled,Bank Transfer
S0016612,C00801,P0012,ST005,1/4/2026,5,547,0.15,Pending,Card
S0017663,C00416,P0012,ST015,7/20/2025,4,1194,0.1,Returned,Bank Transfer
S0011975,C00415,P0012,ST008,3/29/2025,6,1310,0,Cancelled,Cash
S0015250,C00185,P0012,ST014,4/12/2025,4,576,0.2,Pending,Bank Transfer
S0010782,C00511,P0012,ST014,12/1/2025,5,571,0.2,Completed,Mobile Money
S0017296,C00882,P0012,ST016,3/14/2026,6,1087,0.1,Returned,Bank Transfer
S0019197,C00584,P0012,ST018,9/16/2025,1,159,0.2,Pending,Bank Transfer
S0013092,C00055,P0012,ST013,5/10/2025,6,1427,0.2,Cancelled,Cash
S0015977,C00505,P0012,ST007,5/14/2025,10,55,0.15,Completed,Card
S0019444,C00230,P0012,ST003,4/24/2026,5,378,0.05,Cancelled,Bank Transfer
S0017774,C00770,P0012,ST999,12/25/2025,7,727,0.05,Completed,Card
S0017488,C00250,P0012,ST008,7/20/2025,2,116,0.15,Pending,Mobile Money
S0017077,C00231,P0012,ST012,5/2/2025,1,716,0,completed,Bank Transfer
S0011759,C00211,P0012,ST010,1/2/2026,7,678,0.1,Cancelled,Cash
S0015801,C00495,P0012,ST013,2/4/2025,6,8,0.15,Cancelled,Card
S0012601,C00173,P0012,ST011,7/21/2025,9,1001,0.1,completed,Card
S0013071,C00295,P0012,ST016,11/15/2025,3,1197,0.05,Completed,Card
S0014324,C00612,P0012,ST017,10/21/2025,3,465,0.15,Pending,Bank Transfer
S0017594,C00934,P0012,ST018,4/26/2025,1,650,0.05,Returned,Card
S0018385,C00583,P0012,ST013,1/6/2025,7,1009,0.15,completed,Cash
S0015099,C00157,P0012,ST010,6/24/2025,9,1381,0.05,Returned,Mobile Money
S0013400,C00409,P0012,ST010,12/28/2025,10,692,0.2,Cancelled,Mobile Money
S0016872,C00931,P0012,ST005,6/29/2025,1,999,0,Returned,Mobile Money
S0011395,C00239,P0012,ST004,4/23/2025,4,1112,0.1,completed,Cash
S0017424,C00175,P0012,ST011,5/25/2025,6,851,0.1,Returned,Cash
S0018884,C00085,P0012,ST011,3/20/2026,5,40,0.1,Returned,Mobile Money
S0017728,C00156,P0012,ST014,3/10/2026,8,381,0.05,Pending,Mobile Money
S0016823,C00638,P0012,ST007,7/10/2026,8,195,0.1,Completed,Mobile Money
S0017814,C00275,P0012,ST012,4/3/2025,6,394,0.15,Pending,Cash
S0016959,C00465,P0012,ST001,7/3/2025,2,1338,0.05,Cancelled,Card
S0018336,C00514,P0012,ST003,6/2/2026,2,403,0.1,Cancelled,Card
S0019680,C00650,P0012,ST008,2/21/2026,9,1016,0.15,Completed,Card
S0010582,C00265,P0012,ST018,3/14/2025,5,40,0.1,Pending,Cash
S0013058,C00946,P0012,ST002,2/21/2025,9,1082,0.05,Pending,Mobile Money
S0011382,C00618,P0012,ST020,7/6/2025,4,1199,0.1,Pending,Cash
S0016793,C00284,P0012,ST010,12/22/2025,8,1317,0.05,Cancelled,Mobile Money
S0010434,C00386,P0012,ST001,8/1/2025,7,926,0.2,Returned,Mobile Money
S0018458,C00961,P0012,ST017,2/2/2026,3,1412,0.2,Completed,Mobile Money
S0016651,C00699,P0012,ST020,11/19/2025,9,1271,0.2,Cancelled,Cash
S0010442,C00978,P0012,ST006,11/14/2025,2,615,0,Pending,Bank Transfer
S0016749,C00285,P0012,ST001,2/12/2025,7,1486,0.2,Pending,Bank Transfer
S0019248,C00773,P0012,ST019,3/11/2025,10,745,0.1,completed,Cash
S0013512,C00662,P0012,ST014,6/4/2026,8,22,0.15,completed,Cash
S0015689,C00674,P0012,ST007,11/19/2025,6,759,0,Pending,Mobile Money
S0010352,C00989,P0166,ST005,12/1/2025,2,1244,0.2,completed,Bank Transfer
S0019319,C00999,P0166,ST008,1/16/2025,5,49,0,Cancelled,Cash
S0019649,C00563,P0166,ST016,6/14/2026,8,444,0.2,Cancelled,Cash
S0013610,C00683,P0166,ST001,11/16/2025,8,504,0,Returned,Card
S0019740,C00565,P0166,ST010,1/22/2025,1,1156,0.1,Cancelled,Card
S0013352,C00206,P0166,ST009,4/26/2026,4,96,0.1,Pending,Bank Transfer
S0015680,C00436,P0166,ST009,2/15/2025,3,186,0,completed,Cash
S0017987,C00640,P0166,ST002,6/3/2025,9,404,0,completed,Card
S0011010,C00921,P0166,ST008,3/24/2026,9,55,0.05,Returned,Cash
S0017654,C00996,P0166,ST001,8/30/2025,3,540,0.2,Cancelled,Bank Transfer
S0013745,C00399,P0166,ST004,5/16/2025,7,221,0.05,Returned,Mobile Money
S0015347,C00080,P0166,ST017,2/27/2025,5,130,0.15,Pending,Bank Transfer
S0019776,C00746,P0166,ST014,10/27/2025,2,835,0,Completed,Card
S0017168,C00274,P0166,ST005,3/11/2026,3,1170,0.1,Completed,Mobile Money
S0013482,C00141,P0166,ST019,5/22/2026,10,414,0.15,Returned,Card
S0019233,C00395,P0166,ST018,8/19/2025,9,143,0,Cancelled,Mobile Money
S0013803,C00475,P0166,ST017,1/28/2026,1,1365,0.05,Pending,Bank Transfer
S0014530,C00584,P0166,ST019,12/3/2025,1,217,0.15,Completed,Bank Transfer
S0010201,C00837,P0166,ST010,7/17/2025,1,1481,0.2,Pending,Cash
S0010477,C00528,P0166,ST019,6/10/2025,1,1259,0.15,Pending,Bank Transfer
S0013886,C00824,P0166,ST010,3/17/2026,5,614,0.15,Pending,Mobile Money
S0017017,C00099,P0166,ST011,5/11/2026,6,433,0.1,Cancelled,Bank Transfer
S0016168,C00244,P0166,ST011,10/8/2025,2,1177,0.1,Pending,Cash
S0015604,C00589,P0166,ST006,1/8/2026,9,974,0.1,Completed,Mobile Money
S0018598,C00935,P0166,ST005,2/16/2026,3,1367,0.15,Completed,Card
S0019026,C00436,P0166,ST006,5/21/2026,10,794,0.2,Cancelled,Bank Transfer
S0019969,C00063,P0166,ST002,8/25/2025,7,589,0.2,Returned,Mobile Money
S0010917,C00128,P0166,ST014,10/18/2025,5,1057,0.1,Returned,Cash
S0013619,C00998,P0166,ST004,5/4/2025,1,145,0.2,Completed,Cash
S0014498,C00183,P0166,ST011,6/20/2026,1,864,0.2,Returned,Card
S0018701,C00548,P0166,ST007,5/17/2025,8,333,0.1,completed,Mobile Money
S0016663,C00275,P0166,ST011,6/26/2026,3,1451,0.05,Completed,Bank Transfer
S0019975,C00475,P0166,ST017,6/21/2026,4,917,0.1,Pending,Card
S0016714,C00855,P0166,ST020,7/13/2026,6,416,0.15,Completed,Card
S0017416,C00290,P0166,ST010,1/2/2026,6,665,0.15,Completed,Cash
S0016750,C00340,P0166,ST007,7/24/2026,4,514,0.1,Completed,Card
S0014402,C00659,P0166,ST002,5/21/2025,1,1389,0.2,Pending,Mobile Money
S0013160,C00773,P0166,ST004,6/30/2026,7,465,0.15,Returned,Mobile Money
S0019500,C00488,P0166,ST016,7/19/2026,5,1125,0.2,Pending,Cash
S0019749,C00923,P0166,ST004,4/17/2026,9,124,0.2,completed,Cash
S0013339,C00574,P0166,ST015,5/16/2025,9,529,0.2,Cancelled,Card
S0017940,C00900,P0166,ST009,5/13/2026,7,699,0.15,Completed,Card
S0015564,C00854,P0166,ST005,11/5/2025,5,53,0,Pending,Bank Transfer
S0013037,C00505,P0166,ST020,10/17/2025,5,535,0.15,Cancelled,Card
S0019393,C00051,P0166,ST003,2/25/2025,5,1045,0.05,Completed,Cash
S0010513,C00925,P0166,ST015,7/7/2025,8,805,0,completed,Mobile Money
S0018393,C00576,P0139,ST009,1/24/2025,4,814,0.1,Returned,Cash
S0012884,C00472,P0139,ST011,3/7/2025,9,477,0.05,Completed,Mobile Money
S0013409,C00118,P0072,ST003,6/7/2025,6,965,0.05,Pending,Mobile Money
S0018837,C00400,P0139,ST020,5/16/2025,4,785,0.2,Returned,Card
S0011322,C00267,P0139,ST006,10/29/2025,8,174,0,Returned,Card
S0016841,C00001,P0139,ST003,3/28/2025,9,1359,0,Returned,Cash
S0011091,C00830,P0139,ST009,1/9/2025,10,633,0.05,Returned,Bank Transfer
S0014227,C00849,P0139,ST015,5/12/2026,6,493,0.05,Cancelled,Mobile Money
S0018032,C00796,P0139,ST005,12/17/2025,5,345,0.15,Cancelled,Cash
S0015501,C00436,P0139,ST010,4/28/2025,9,524,0.15,Cancelled,Mobile Money
S0013889,C00956,P0139,ST008,2/25/2026,8,919,0.15,Completed,Mobile Money
S0011487,C00965,P0139,ST013,3/15/2026,7,1480,0.15,Completed,Mobile Money
S0019438,C00200,P0139,ST007,1/5/2025,7,735,0.1,completed,Bank Transfer
S0014797,C00937,P0092,ST019,5/10/2025,9,180,0.2,Completed,Cash
S0012269,C00427,P0139,ST012,4/16/2025,9,292,0,Completed,Mobile Money
S0015300,C00898,P0139,ST006,9/19/2025,1,455,0.1,completed,Card
S0017547,C00236,P0139,ST020,7/20/2025,4,1139,0.05,Completed,Card
S0014540,C00244,P0139,ST005,8/15/2025,3,618,0.05,Completed,Cash
S0014653,C00273,P0139,ST012,9/13/2025,10,834,0,Completed,Bank Transfer
S0016998,C00149,P0139,ST014,5/6/2025,6,1279,0.05,Completed,Cash
S0010279,C00964,P0139,ST017,1/19/2026,1,283,0,Pending,Bank Transfer
S0020044,C00100,P0139,ST016,4/19/2026,5,499,0.1,completed,Mobile Money
S0014039,C00766,P0139,ST017,4/17/2026,5,1243,0.05,completed,Mobile Money
S0010658,C00686,P0072,ST005,4/26/2025,7,1309,0,Returned,Bank Transfer
S0011036,C00429,P0139,ST012,3/4/2026,8,657,0.15,Completed,Cash
S0015379,C00654,P0072,ST003,1/10/2026,5,795,0,Pending,Bank Transfer
S0014885,C00881,P0139,ST002,9/1/2025,7,836,0.05,completed,Mobile Money
S0015232,C00374,P0139,ST008,7/22/2025,6,196,0.05,completed,Card
S0017515,C00022,P0139,ST017,5/27/2025,4,403,0.2,completed,Bank Transfer
S0014609,C00556,P0072,ST019,5/17/2026,7,347,0.05,Pending,Cash
S0012074,C00951,P0072,ST018,10/26/2025,4,90,0.15,Completed,Mobile Money
S0019653,C00104,P0092,ST018,3/26/2026,4,622,0,completed,Mobile Money
S0018841,C00452,P0072,ST014,1/6/2026,1,100,0.1,Completed,Mobile Money
S0011569,C00941,P0092,ST009,2/22/2026,3,1081,0,Returned,Card
S0013670,C00831,P0139,ST005,1/20/2026,7,868,0.15,completed,Mobile Money
S0013280,C00796,P0072,ST019,8/18/2025,9,788,0.1,Completed,Cash
S0010112,C00806,P0092,ST016,1/30/2025,10,934,0.05,Cancelled,Mobile Money
S0017989,C00264,P0144,ST015,2/27/2025,5,672,0.2,Returned,Cash
S0012044,C00814,P0072,ST015,2/20/2025,5,941,0.05,Pending,Mobile Money
S0016500,C00273,P0139,ST001,7/27/2025,8,865,0.2,Completed,Card
S0017402,C00885,P0139,ST004,6/29/2025,5,120,0.15,Completed,Cash
S0019387,C00768,P0139,ST013,10/11/2025,10,1266,0.05,Completed,Mobile Money
S0012900,C00420,P0072,ST017,11/24/2025,8,1128,0,Returned,Cash
S0016809,C00566,P0139,ST003,3/26/2025,5,1168,0.05,Returned,Bank Transfer
S0016437,C00309,P0139,ST020,2/12/2025,3,1360,0.2,Pending,Card
S0016845,C00473,P0144,ST004,7/7/2026,2,1496,0.2,completed,Cash
S0012304,C00933,P0072,ST007,1/12/2025,5,27,0.05,Cancelled,Bank Transfer
S0018523,C00238,P0092,ST010,3/1/2026,2,467,0.2,completed,Bank Transfer
S0015740,C00403,P0072,ST018,2/6/2026,2,223,0.2,Returned,Cash
S0012130,C00395,P0139,ST020,10/9/2025,6,1195,0.15,Pending,Bank Transfer
S0011050,C00272,P0139,ST017,5/26/2026,9,768,0.15,Completed,Mobile Money
S0014462,C00633,P0139,ST002,5/16/2025,10,160,0.1,completed,Cash
S0011261,C00478,P0092,ST003,7/9/2025,2,794,0.1,Cancelled,Cash
S0013839,C00724,P0072,ST014,3/21/2026,4,953,0.15,Returned,Mobile Money
S0016770,C00575,P0092,ST004,9/7/2025,4,956,0.1,Cancelled,Bank Transfer
S0016142,C00883,P0092,ST017,9/26/2025,4,1163,0.2,Completed,Card
S0012466,C00012,P0139,ST004,3/16/2025,2,512,0,Cancelled,Card
S0013980,C00720,P0072,ST007,3/27/2026,10,636,0.05,Pending,Mobile Money
S0017035,C00227,P0072,ST004,2/10/2026,6,306,0.15,Cancelled,Card
S0010472,C00501,P0072,ST007,6/16/2025,8,247,0.05,Returned,Cash
S0014939,C00578,P0092,ST019,1/24/2025,7,592,0,Completed,Bank Transfer
S0014967,C00563,P0092,ST012,2/19/2026,9,1342,0.15,Returned,Card
S0015331,C00106,P0072,ST020,7/29/2026,6,166,0.15,Pending,Bank Transfer
S0018375,C00604,P0072,ST009,1/25/2025,4,1168,0.1,Completed,Cash
S0013671,C00982,P0072,ST018,1/2/2025,8,963,0.05,Cancelled,Bank Transfer
S0010245,C00210,P0072,ST011,6/11/2025,1,1364,0.1,Cancelled,Card
S0014317,C00792,P0092,ST007,10/3/2025,9,705,0.05,Cancelled,Card
S0019421, C00016 ,P0144,ST009,6/6/2026,1,126,0.1,Pending,Bank Transfer
S0017018,C00911,P0072,ST015,1/11/2025,9,1045,0.15,completed,Card
S0011002,C00952,P0139, ST019 ,3/4/2025,10,491,0.2,Pending,Mobile Money
S0013655,C00095,P0072,ST017,4/9/2026,4,604,0.1,Cancelled,Card
S0014949,C00983,P0169,ST015,4/14/2025,5,964,0.05,Cancelled,Card
S0012225,C00174,P0072,ST010,3/12/2026,6,298,0.2,Returned,Mobile Money
S0016356,C00787,P0092,ST011,3/8/2026,7,79,0.15,Completed,Bank Transfer
S0012848,C00949,P0139,ST020,5/26/2025,4,790,0.15,completed,Mobile Money
S0012805,C00370,P0092,ST007,5/29/2026,9,68,0.05,completed,Bank Transfer
S0010612,C00965,P0072,ST016,9/30/2025,8,1364,0.15,completed,Bank Transfer
S0015281,C00639,P0072,ST010,1/16/2025,2,473,0.1,Cancelled,Card
S0018029,C00031,P0092,ST014,1/4/2025,1,1349,0.05,Cancelled,Card
S0015468,C00817,P0072,ST011,1/14/2025,4,509,0.15,completed,Cash
S0012616,C00964,P0072,ST003,8/1/2025,1,1205,0.05,Cancelled,Card
S0015007,C00469,P0072,ST009,2/5/2025,6,270,0.1,completed,Cash
S0018419,C00516,P0092,ST018,6/3/2025,2,431,0.15,Pending,Card
S0011152,C00521,P0072,ST002,1/8/2025,4,78,0,Pending,Bank Transfer
S0014196,C00430,P0092,ST011,2/7/2026,2,1228,0.1,Cancelled,Mobile Money
S0011686,C00290,P0072,ST016,4/3/2026,4,931,0.15,Returned,Bank Transfer
S0011917,C00518,P0092,ST020,3/8/2026,1,1287,0.05,completed,Card
S0013143,C00430,P0092,ST004,12/30/2025,1,1123,0.1,completed,Bank Transfer
S0013029,C00459,P0072,ST018,12/20/2025,9,1052,0.1,Pending,Card
S0013664,C00410,P0092,ST001,2/20/2026,5,1367,0,Completed,Card
S0013370,C00337,P0092,ST004,6/10/2026,6,521,0.15,Completed,Card
S0011246,C00436,P0144,ST005,10/17/2025,1,334,0.2,Completed,Mobile Money
S0018596,C00688,P0144,ST010,12/29/2025,4,1325,0,Returned,Bank Transfer
S0013675,C00453,P0072,ST006,7/13/2026,1,75,0,Completed,Cash
S0012062,C00611,P0092,ST020,3/27/2026,10,147,0.2,Pending,Cash
S0014652,C00621,P0144,ST004,7/17/2026,5,182,0.15,Cancelled,Bank Transfer
S0011204,C00069,P0092,ST005,3/11/2026,3,505,0,Completed,Bank Transfer
S0014368,C00521,P0092,ST011,7/15/2025,6,104,0.1,Completed,Cash
S0018499,C00985,P0072,ST011,2/25/2026,2,877,0,Pending,Cash
S0016673,C00399,P0139,ST012,12/29/2025,4,724,0.2,Cancelled,Cash
S0017707,C00514,P0072,ST004,3/8/2025,5,687,0.2,completed,Card
S0014968,C00182,P0092,ST020,12/12/2025,4,373,0.2,Completed,Mobile Money
S0014079,C00080,P0072,ST007,10/27/2025,2,312,0,Pending,Bank Transfer
S0018857,C00801,P0092,ST004,10/10/2025,7,1245,0.15,Returned,Card
S0010578,C00381,P0092,ST011,4/6/2026,9,1240,0,Cancelled,Mobile Money
S0011511,C00121,P0144,ST005,3/25/2025,4,628,0.2,completed,Cash
S0017362,C00938,P0072,ST019,3/8/2025,3,142,0,completed,Mobile Money
S0016644,C00962,P0072,ST006,2/19/2025,10,1481,0.05,Completed,Card
S0016616,C00723,P0072,ST016,11/12/2025,5,755,0.2,Cancelled,Card
S0014641, C00853 ,P0092,ST006,11/3/2025,3,81,0.2,completed,Cash
S0018505,C00516,P0072,ST006,2/10/2025,4,1295,0.15,Returned,Bank Transfer
S0013015,C00739,P0072,ST020,12/28/2025,1,472,0.2,Returned,Mobile Money
S0012676,C00540,P0169,ST006,12/27/2025,8,852,0.1,Returned,Bank Transfer
S0018224,C00715,P0092,ST011,9/21/2025,1,1438,0,Returned,Bank Transfer
S0013354,C00300,P0139,ST013,7/5/2025,2,655,0.1,completed,Mobile Money
S0010675,C00319,P0144,ST007,5/27/2025,3,1350,0.05,Cancelled,Cash
S0017899,C00577,P0092,ST006,4/16/2026,1,292,0.15,Cancelled,Bank Transfer
S0019844,C00089,P0144,ST009,4/25/2026,5,983,0.05,Completed,Cash
S0014697,C00798,P0092,ST013,1/11/2026,2,945,0.1,Returned,Card
S0017587,C00902,P0144,ST010,4/24/2026,2,953,0.15,Pending,Bank Transfer
S0016580,C00171,P0144,ST011,2/1/2026,10,165,0.1,completed,Card
S0013877,C00603,P0144,ST015,7/28/2026,10,435,0.1,Returned,Mobile Money
S0012972,C00398,P0072,ST010,3/9/2026,6,1393,0.2,Cancelled,Mobile Money
S0016018,C00954,P0092,ST016,2/5/2025,6,1417,0.05,Pending,Mobile Money
S0017448,C00953,P0169,ST009,5/6/2026,9,119,0.2,Returned,Mobile Money
S0011412,C00577,P0072,ST016,6/1/2025,2,114,0.1,Pending,Mobile Money
S0019206,C00958,P0144,ST002,11/1/2025,3,682,0.05,Cancelled,Cash
S0014499,C00206,P0072,ST012,1/5/2025,10,990,0.05,Cancelled,Mobile Money
S0017188,C00120,P0092,ST016,1/4/2025,7,63,0.05,Cancelled,Bank Transfer
S0016670,C00049,P0072,ST006,5/12/2026,7,908,0.2,Completed,Mobile Money
S0014243,C00245,P0169,ST016,6/19/2025,2,4,0.05,completed,Bank Transfer
S0017805,C00907,P0072,ST014,12/13/2025,10,56,0.2,completed,Mobile Money
S0018878,C00469,P0144,ST008,7/26/2025,2,68,0,Pending,Bank Transfer
S0011888,C00707,P0072,ST010,6/3/2025,4,558,0,completed,Bank Transfer
S0018673,C00883,P0169,ST005,3/4/2025,10,511,0.2,Pending,Bank Transfer
S0015318,C00748,P0072,ST006,1/16/2026,9,1195,0.15,completed,Cash
S0013546,C00700,P0144,ST017,3/6/2026,6,616,0,completed,Bank Transfer
S0019760,C00011,P0169,ST004,5/30/2026,3,920,0,Cancelled,Card
S0013891,C00783,P0144,ST001,4/29/2025,1,770,0.15,Pending,Card
S0011241,C00481,P0092,ST007,3/8/2025,9,1433,0,Returned,Mobile Money
S0013463,C00777,P0144,ST010,7/14/2025,10,290,0.05,Cancelled,Cash
S0013044,C00771,P0144,ST009,7/1/2026,6,583,0.05,completed,Cash
S0014677,C00012,P0072,ST019,1/4/2026,8,1025,0.1,Pending,Card
S0010104,C00700,P0144,ST001,7/29/2026,10,715,0.15,Pending,Cash
S0010496,C00854,P0092,ST009,6/10/2025,8,371,0.05,Completed,Bank Transfer
S0013916,C00228,P0169,ST016,5/10/2026,8,326,0.05,Returned,Cash
S0016769,C00347,P0144,ST002,12/13/2025,2,787,0.05,Cancelled,Cash
S0010708,C00870,P0092,ST013,4/6/2025,2,964,0,completed,Mobile Money
S0013492,C00467,P0092,ST012,6/25/2025,5,148,0.05,Cancelled,Card
S0017066,C00805,P0144,ST017,5/21/2025,10,3,0,Pending,Mobile Money
S0016784,C00476,P0169,ST019,5/18/2026,9,466,0.1,completed,Card
S0012425,C00132,P0092,ST006,7/23/2025,4,1173,0.15,Pending,Bank Transfer
S0019766,C00732,P0169,ST002,2/11/2026,10,74,0.15,Cancelled,Bank Transfer
S0020027,C00064,P0092,ST011,7/10/2025,10,1262,0.2,Returned,Mobile Money
S0015105,C00576, P0144 ,ST013,1/5/2025,1,716,0.05,Pending,Cash
S0015171,C00672,P0092,ST013,5/29/2026,4,8,0,completed,Card
S0017029,C00201,P0144,ST005,4/27/2026,1,193,0.05,Cancelled,Bank Transfer
S0012842,C00369,P0144,ST005,4/8/2025,2,489,0.15,Completed,Bank Transfer
S0013447,C00242,P0092,ST005,5/11/2026,2,406,0.15,Returned,Bank Transfer
S0017536,C00216,P0169,ST013,8/4/2025,9,1351,0,Returned,Card
S0017607,C00905,P0169,ST020,2/6/2025,4,194,0.15,Cancelled,Mobile Money
S0019575,C00293,P0144,ST020,9/15/2025,7,471,0.05,Pending,Bank Transfer
S0015126,C00514,P0169,ST018,9/11/2025,4,1166,0,Completed,Card
S0011022,C00711,P0092,ST017,3/22/2025,9,1356,0.05,Completed,Card
S0011013,C00481,P0144,ST019,1/28/2025,10,1264,0.05,Returned,Cash
S0015944,C00207,P0144,ST017,6/14/2026,9,296,0.1,Pending,Mobile Money
S0017807,C00794,P0072,ST012,5/14/2025,10,1285,0.05,Pending,Mobile Money
S0011754,C00346,P0169,ST017,4/28/2025,2,737,0.15,Returned,Mobile Money
S0013634,C00641,P0144,ST005,1/23/2026,3,1448,0,Cancelled,Card
S0014726,C00620,P0144,ST013,4/7/2026,4,1347,0,Returned,Bank Transfer
S0012210,C00360,P0169,ST010,7/5/2025,2,290,0.15,Completed,Bank Transfer
S0012889,C00275,P0169,ST005,6/23/2025,6,956,0.15,Cancelled,Mobile Money
S0012511,C00664,P0144,ST009,7/21/2026,5,956,0.1,completed,Cash
S0019905,C00797,P0122,ST010,8/13/2025,6,329,0.1,Pending,Card
S0012887,C00818,P0169,ST007,5/28/2026,1,424,0.15,Returned,Mobile Money
S0010149,C00685,P0169,ST005,9/2/2025,6,38,0.05,Returned,Cash
S0017283,C00188,P0144,ST016,9/24/2025,4,1232,0,Pending,Cash
S0017155,C00834,P0144,ST017,9/23/2025,1,188,0.05,Cancelled,Card
S0010414,C00802,P0169,ST009,1/3/2026,2,1385,0.15,Pending,Card
S0017391,C00066,P0169,ST011,12/3/2025,5,661,0.2,completed,Card
S0018235,C00001,P0144,ST011,12/12/2025,3,451,0.15,Pending,Bank Transfer
S0015543,C00739,P0169,ST020,4/16/2025,4,517,0,Cancelled,Card
S0017682,C00450,P0092,ST008,10/29/2025,2,1124,0.1,Cancelled,Cash
S0015841,C00296, P0122 ,ST013,3/11/2025,5,558,0.15,Completed,Cash
S0015518,C00938,P0169,ST013,4/30/2025,9,458,0.15,Pending,Bank Transfer
S0017257,C00839,P0144,ST011,5/31/2026,6,1361,0.15,Pending,Bank Transfer
S0013470,C00725,P0144,ST013,1/5/2026,3,1402,0.1,Cancelled,Cash
S0010845, C00483 ,P0092,ST013,11/16/2025,4,640,0,Returned,Cash
S0016576,C00493,P0169,ST007,8/21/2025,5,830,0.1,Pending,Cash
S0017925,C00783,P0169,ST005,6/11/2025,6,1290,0,completed,Bank Transfer
S0011757,C00660,P0144,ST013,9/9/2025,3,553,0,Returned,Card
S0018965,C00624,P0144,ST019,12/9/2025,10,836,0.2,Cancelled,Bank Transfer
S0016338,C00331,P0144,ST020,8/3/2025,5,67,0.05,Cancelled,Card
S0017323,C00331,P0144,ST020,8/3/2025,3,428,0.05,Cancelled,Card
S0013471,C00198,P0169,ST019,1/4/2026,8,369,0.05,Cancelled,Cash
S0014461,C00652,P0169,ST018,6/25/2025,9,669,0.05,Cancelled,Cash
S0019679,C00427,P0169,ST011,12/7/2026,8,248,0.1,Pending,Card
S0012437,C00985,P0169,ST010,6/13/2026,2,408,0.15,Pending,Bank Transfer
S0012712,C00812,P0169,ST005,4/17/2026,5,661,0.2,completed,Mobile Money
S0016919,C00862,P0122,ST018,11/12/2025,6,576,0.05,Cancelled,Bank Transfer
S0011195,C00655,P0169,ST019,11/5/2026,2,539,0.2,Completed,Cash
S0011931,C00431,P0169, ST011 ,8/31/2025,2,1485,0.15,Cancelled,Cash
S0010534,C00942,P0169,ST014,5/27/2026,4,1222,0,Completed,Bank Transfer
S0015922,C00713,P0092,ST013,5/3/2026,3,990,0.2,Returned,Bank Transfer
S0016941,C00698,P0169,ST009,7/16/2025,2,1452,0,Returned,Cash
S0017487,C00686,P0169,ST017,4/12/2025,9,8,0,Cancelled,Bank Transfer
S0015630,C00753,P0169,ST016,11/8/2025,4,1150,0.05,Pending,Cash
S0013735,C00709,P0169,ST017,5/30/2025,6,1266,0.05,Returned,Mobile Money
S0012527,C00810,P0169,ST015,4/30/2025,9,1030,0.15,Pending,Cash
S0019922,C00836,P0072,ST009,1/10/2026,3,969,0.2,Pending,Mobile Money
S0019349,C00153,P0169,ST011,4/7/2026,7,890,0.05,completed,Card
S0014757,C00662,P0144,ST008,6/4/2026,1,321,0,Completed,Card
S0013399,C00647,P0169,ST019,7/23/2026,7,720,0.1,Cancelled,Cash
S0016890,C00117,P0169,ST001,12/17/2025,9,1372,0,completed,Mobile Money
S0016278,C00998,P0169,ST019,2/25/2025,2,1314,0.05,completed,Bank Transfer
S0012914,C00968,P0092,ST004,3/15/2026,4,1272,0.2,Pending,Cash
S0012395,C00869,P0169,ST007,3/31/2026,3,965,0.2,completed,Cash
S0017138,C00150,P0122,ST015,12/22/2025,4,561,0.15,Completed,Bank Transfer
S0017003,C00552,P0169,ST005,4/25/2025,10,645,0.15,Completed,Mobile Money
S0011774,C00299,P0144,ST014,2/4/2025,2,1119,0.15,Cancelled,Card
S0014467,C00537,P0169,ST007,6/5/2025,9,242,0.2,Pending,Bank Transfer
S0018008,C00537,P0169,ST007,6/5/2025,3,8,0.2,Pending,Bank Transfer
S0020019,C00205,P0144,ST016,1/9/2025,9,117,0.05,Pending,Cash
S0013375,C00300,P0169,ST011,4/25/2025,7,199,0.05,Pending,Card
S0010437,C00309,P0144,ST011,4/24/2025,9,164,0.05,Pending,Cash
S0015590,C00135,P0169,ST006,2/5/2025,1,584,0.2,completed,Bank Transfer
S0012087,C00441,P0122,ST014,2/9/2026,7,648,0.2,Completed,Cash
S0010182,C00949,P0122,ST010,10/31/2025,3,234,0.1,Pending,Card
S0015322,C00343,P0169,ST002,5/29/2026,1,553,0.2,Completed,Mobile Money
S0017302,C00845,P0122,ST014,10/9/2025,7,1181,0.2,Pending,Cash
S0018193,C00345,P0122,ST011,12/20/2025,10,233,0.1,completed,Card
S0016493,C00269,P0169,ST020,1/22/2025,9,934,0,Completed,Mobile Money
S0010048,C00269,P0169,ST011,6/9/2025,2,1264,0.05,Pending,Cash
S0017723,C00451,P0169,ST009,1/15/2025,5,1135,0.15,Cancelled,Mobile Money
S0016887,C00984,P0122,ST019,11/26/2025,10,96,0.1,Returned,Bank Transfer
S0010921,C00747,P0122,ST003,6/15/2025,8,664,0,completed,Cash
S0019814,C00696,P0122,ST014,4/13/2026,1,1473,0,Cancelled,Mobile Money
S0013508,C00369,P0122,ST011,9/23/2025,10,247,0,Returned,Card
S0015554,C00413,P0122,ST016,11/6/2025,3,1181,0.2,Cancelled,Card
S0016838,C00589,P0122,ST011,3/21/2026,9,1123,0,Completed,Bank Transfer
S0017198,C00247,P0122,ST013,6/7/2025,8,1382,0.15,Completed,Bank Transfer
S0011839,C00147,P0169,ST002,9/18/2025,10,973,0.05,Cancelled,Cash
S0018081,C00170,P0122,ST012,1/18/2026,2,520,0.1,completed,Bank Transfer
S0018113,C00756,P0169,ST005,9/15/2025,6,968,0.2,Returned,Mobile Money
S0019060,C00164,P0122,ST002,7/25/2025,3,1336,0,Cancelled,Mobile Money
S0010958, C00961 ,P0122,ST999,8/23/2025,6,75,0,Returned,Bank Transfer
S0012407,C00334,P0122,ST004,4/1/2025,10,1336,0,Completed,Bank Transfer
S0011677,C00777,P0122,ST005,5/12/2025,8,316,0.05,Completed,Cash
S0011856,C00801,P0122,ST015,6/13/2025,1,1145,0.15,completed,Cash
S0014932,C00042,P0169,ST001,2/11/2026,2,926,0.05,Completed,Cash
S0017999,C00585,P0169,ST007,8/21/2025,8,962,0.1,Returned,Mobile Money
S0015370,C00689,P0122,ST003,3/14/2026,3,1335,0,Completed,Mobile Money
S0013561,C00500,P0122,ST016,6/22/2025,4,503,0.15,Completed,Card
S0015314,C00193,P0122,ST013,5/11/2026,8,509,0.05,Pending,Mobile Money
S0017763,C00349,P0122,ST016,3/5/2025,4,837,0.2,Returned,Cash
S0014496,C00414,P0169,ST008,4/5/2025,3,371,0,Returned,Card
S0017113,C00868,P0015,ST007,6/20/2026,2,928,0.15,Pending,Mobile Money
S0015381,C00669,P0122,ST008,4/21/2025,5,1044,0.1,Cancelled,Card
S0010154,C00268,P0122,ST002,4/5/2026,6,200,0,Cancelled,Bank Transfer
S0017484,C00405,P0122,ST008,2/13/2026,7,46,0.2,Returned,Mobile Money
S0012955,C00847,P0122,ST006,4/10/2026,3,1449,0.1,Completed,Mobile Money
S0012302,C00899,P0122,ST018,5/25/2026,7,679,0.05,Returned,Cash
S0016839,C00321,P0122,ST015,11/17/2025,2,1055,0.2,Completed,Cash
S0015454,C00549,P0122,ST009,11/15/2025,6,446,0.2,Cancelled,Cash
S0012382,C00953,P0015,ST016,4/24/2026,2,646,0.2,Pending,Cash
S0013807,C00014,P0122,ST013,5/20/2025,5,1318,0.2,completed,Cash
S0018073,C00309,P0122,ST009,4/30/2026,9,15,0.15,Returned,Card
S0018648,C00316,P9999,ST009,2/9/2025,3,541,0.1,Returned,Bank Transfer
S0017140,C00702,P0015,ST003,7/14/2026,8,1341,0.2,Completed,Card
S0018939,C00437,P0015,ST009,1/17/2025,9,884,0.2,completed,Cash
S0012731, C00565 ,P0015,ST002,1/23/2026,7,1491,0,Completed,Card
S0017250,C00275,P0122,ST020,5/12/2025,8,1472,0.1,Completed,Bank Transfer
S0017638,C00462,P0015,ST019,8/31/2025,2,900,0,completed,Mobile Money
S0013327,C00197,P0015,ST003,4/7/2025,10,1213,0.2,completed,Cash
S0015731,C00524,P0015,ST014,7/14/2025,10,153,0.1,Returned,Cash
S0010178,C00184,P0015,ST016,10/1/2025,10,349,0,completed,Bank Transfer
S0012500,C00317,P0015,ST015,6/18/2025,2,981,0.05,Returned,Bank Transfer
S0011555,C00603,P0122,ST003,7/9/2026,3,947,0.2,Pending,Mobile Money
S0019061,C00557,P0015,ST003,7/7/2025,9,544,0.15,completed,Cash
S0019254,C00830,P0015, ST010 ,9/9/2025,4,521,0.1,Completed,Cash
S0015127,C00545,P0015,ST017,5/20/2025,10,883,0.2,Pending,Bank Transfer
S0012144,C00789,P0015,ST019,5/15/2025,8,1007,0.1,Cancelled,Bank Transfer
S0011441,C00483,P0015,ST015,11/4/2025,1,1266,0.2,Cancelled,Card
S0015946,C00718,P0015,ST015,7/4/2026,2,1156,0.15,Pending,Mobile Money
S0015271,C00328,P0015,ST017,10/4/2025,4,1235,0,Cancelled,Bank Transfer
S0013233,C00662,P0015,ST002,6/1/2025,1,820,0.05,Cancelled,Mobile Money
S0015903,C00722,P0015,ST009,8/14/2025,4,363,0.05,Cancelled,Cash
S0015254,C00619,P0122,ST005,1/4/2025,2,343,0,Completed,Card
S0016938,C00785,P0015,ST006,8/2/2025,2,346,0,Cancelled,Cash
S0015941,C00461,P0015,ST005,7/28/2026,6,860,0.1,completed,Mobile Money
S0014909,C00266,P0015,ST008,5/16/2026,8,1493,0.2,Cancelled,Bank Transfer
S0011833,C00001,P0015,ST003,1/4/2026,5,854,0.2,Returned,Bank Transfer
S0017678,C00824,P0015,ST018,4/5/2025,4,1196,0.1,Completed,Cash
S0011256,C00237,P0015,ST003,2/1/2026,7,558,0.15,Completed,Card
S0013769,C00902,P0015,ST003,1/1/2025,8,270,0,Cancelled,Cash
S0015847,C00935,P0015,ST013,6/1/2026,3,857,0.1,Cancelled,Mobile Money
S0011518,C00793,P0015,ST014,2/25/2025,3,1295,0.05,completed,Mobile Money
S0015422,C00865,P0015,ST005,6/11/2026,5,797,0,completed,Bank Transfer
S0010164,C00367,P0015,ST010,7/26/2025,8,1399,0.15,Pending,Bank Transfer
S0018205,C00044,P0015,ST009,10/13/2025,5,986,0.05,Returned,Card
S0011218,C00543,P0015,ST012,4/21/2026,5,47,0,Cancelled,Cash
S0016098,C00768,P0015,ST013,4/9/2025,9,1378,0.05,Completed,Mobile Money
S0013237,C00215,P0015,ST005,4/19/2025,9,1250,0,Cancelled,Card
S0015268,C00874,P0015,ST006,5/31/2026,5,1112,0.15,completed,Cash
S0011840,C00436,P0015,ST004,9/20/2025,8,1347,0.05,Returned,Cash
S0013642,C00083,P0015,ST012,4/7/2026,4,526,0.1,Cancelled,Mobile Money
S0011212,C00743,P0015,ST001,9/3/2025,1,414,0.15,Completed,Mobile Money
S0012121,C00084,P0015,ST018,2/26/2025,7,1306,0,completed,Card
S0012482,C00955,P0015,ST009,5/21/2025,1,1201,0.2,Completed,Card
S0018674,C00066,P0015,ST002,3/19/2025,4,1429,0.1,completed,Bank Transfer
S0015986,C00976,P0015,ST010,6/27/2025,1,1341,0,Pending,Mobile Money
S0010705,C00702,P0015,ST019,1/16/2026,3,172,0,Pending,Cash
S0011025,C00506,P0015,ST019,11/14/2025,8,660,0.1,Cancelled,Cash
S0015561,C00292,P0015,ST005,3/21/2026,4,487,0,Completed,Bank Transfer
S0019123,C00304,P0015,ST014,2/10/2026,1,1020,0.2,Pending,Card
S0017085,C00639,P0015,ST011,5/4/2025,7,1424,0,Returned,Cash
S0010986,C00451,P0015,ST008,2/17/2025,4,641,0,Completed,Card
S0012719,C00928,P0015,ST017,7/5/2025,9,1059,0.15,Pending,Cash
S0017684,C00768,P0015,ST001,11/24/2025,9,1485,0.15,Completed,Cash
S0015236,C00850,P0015,ST012,1/6/2025,7,551,0.05,Completed,Mobile Money
S0018217,C00518,P0015,ST015,9/25/2025,8,279,0.15,completed,Cash
S0019006,C00617,P0015,ST009,6/18/2026,8,498,0.05,Completed,Bank Transfer
S0016258,C00333,P0015,ST013,2/28/2026,10,483,0.1,completed,Card
S0015308,C00262,P0015,ST001,5/6/2026,6,850,0,Returned,Bank Transfer
S0014684,C00948,P0015,ST016,3/16/2025,1,4,0.1,Cancelled,Card
S0012351,C00947,P0015,ST017,5/18/2026,8,413,0.15,Returned,Mobile Money
S0011405,C00442,P0015,ST018,6/12/2026,5,1103,0,Completed,Cash
S0019737,C00543,P0015,ST009,6/23/2026,4,261,0.05,Pending,Mobile Money
S0014848,C00967,P0015,ST010,1/18/2025,5,651,0.05,Cancelled,Card
S0018476,C00945,P0015,ST004,2/25/2025,10,1443,0,Returned,Bank Transfer
S0011059,C00294,P0015,ST001,7/16/2025,2,1431,0,Pending,Bank Transfer
S0014284,C00136,P0015,ST012,6/2/2026,2,838,0.2,Returned,Mobile Money
S0012950,C00140,P0015,ST013,3/20/2025,1,349,0.2,Returned,Bank Transfer
S0015775,C00739,P0015,ST013,3/19/2026,3,1231,0,Cancelled,Bank Transfer
S0012830,C00195,P0015,ST007,1/10/2025,10,614,0.05,Returned,Mobile Money
S0018992,C00694,P0070,ST009,7/9/2026,2,19,0.2,Cancelled,Card
S0018693,C00479,P0070,ST004,2/2/2025,4,188,0,completed,Bank Transfer
S0017555,C00014,P0070,ST011,6/3/2025,4,895,0,Pending,Cash
S0017411,C00142,P0070,ST007,3/27/2025,6,408,0.1,Completed,Card
S0018861,C00791,P0070,ST007,11/18/2025,1,178,0.05,Cancelled,Cash
S0011662,C00076,P0070, ST001 ,8/31/2025,5,94,0.1,Completed,Card
S0012622,C00179,P0070,ST007,5/15/2026,7,834,0,Returned,Mobile Money
S0019299,C00159,P0070,ST003,3/30/2026,7,702,0.1,Completed,Bank Transfer
S0013210,C00009,P0070,ST009,1/8/2026,7,446,0.15,Completed,Cash
S0011032,C00606,P0070,ST011,1/23/2026,7,1384,0.15,Returned,Mobile Money
S0015928,C00463,P0070,ST001,7/17/2026,5,349,0.2,Cancelled,Card
S0015687,C00414,P0070,ST010,10/9/2025,2,142,0.2,Returned,Card
S0018444,C00555,P0070,ST009,6/29/2025,6,1324,0.15,completed,Card
S0013474,C00836,P0070,ST008,12/28/2025,4,181,0,Returned,Card
S0010163,C00991,P0070,ST013,5/22/2025,9,1483,0.2,completed,Card
S0019242,C00991,P0070,ST013,5/22/2025,8,743,0.2,completed,Card
S0013242,C00633,P0070,ST003,12/13/2025,4,792,0.05,Completed,Cash
S0011668,C00012,P0070,ST016,7/4/2026,4,1089,0.05,Completed,Cash
S0010343,C00305,P0070,ST004,5/1/2025,2,1138,0,completed,Card
S0018708,C00179,P0070,ST012,7/11/2025,4,760,0,Cancelled,Cash
S0018742,C00313,P0070,ST007,7/2/2026,5,1194,0.1,Completed,Bank Transfer
S0011626,C00014,P0070,ST012,3/5/2026,8,23,0,Returned,Bank Transfer
S0017892,C00556,P0070,ST002,7/29/2025,7,936,0.05,Completed,Mobile Money
S0018462,C00825,P0070,ST018,1/8/2025,10,1066,0,Completed,Cash
S0019368,C00759,P0070,ST005,2/16/2025,8,1235,0.2,Cancelled,Cash
S0017050,C00975,P0070,ST007,3/30/2025,8,530,0.05,completed,Mobile Money
S0010098,C00410,P0070,ST005,3/9/2026,10,1295,0.05,completed,Card
S0013307,C00716,P0070,ST003,5/1/2025,7,663,0.2,Cancelled,Bank Transfer
S0016286,C00716,P0070,ST003,5/1/2025,1,923,0.2,Cancelled,Bank Transfer
S0012299,C00837,P0070,ST003,4/19/2025,10,926,0,Returned,Bank Transfer
S0014898,C00284,P0070,ST008,4/26/2026,7,429,0,Cancelled,Bank Transfer
S0011612,C00466,P0070,ST012,7/17/2025,6,507,0.1,Cancelled,Bank Transfer
S0019479,C00988,P0070,ST010,12/1/2025,3,996,0,Cancelled,Card
S0018047,C00179,P0070,ST013,2/2/2026,5,584,0.15,Returned,Bank Transfer
S0011313,C00683,P0070,ST002,11/28/2025,10,1364,0.15,Pending,Bank Transfer
S0011745,C00144,P0070,ST011,3/9/2025,3,74,0,completed,Bank Transfer
S0015160,C00976,P0070,ST007,10/23/2025,2,1060,0.1,Pending,Bank Transfer
S0019037,C00600,P0070,ST008,7/24/2025,6,716,0.2,Cancelled,Card
S0015642,C00706,P0070,ST007,3/2/2025,6,133,0.2,Pending,Mobile Money
S0015951,C00500,P0070,ST018,12/9/2025,5,1055,0,Cancelled,Card
S0015315,C00952,P0070,ST001,2/3/2026,4,277,0.2,Cancelled,Card
S0010268,C00247,P0070,ST004,3/29/2026,4,543,0,completed,Card
S0012216,C00045,P0070, ST014 ,10/7/2025,10,332,0,Cancelled,Cash
S0016156,C00615,P0070,ST018,7/30/2026,1,468,0.1,Pending,Cash
S0012763,C00627,P0070,ST011,2/16/2026,6,377,0.15,Cancelled,Bank Transfer
S0015634,C00829,P0070,ST012,2/5/2025,4,13,0.15,Completed,Card
S0015893,C00796,P0070,ST999,3/14/2025,5,1357,0.2,Cancelled,Card
S0018657,C00026,P0070,ST010,3/21/2025,3,329,0.05,Returned,Mobile Money
S0010290,C00838,P0070,ST001,10/31/2025,2,1131,0,Pending,Mobile Money
S0013962,C00569,P0070,ST011,4/1/2025,4,169,0.2,Returned,Bank Transfer
S0011015,C00545,P0070,ST004,4/9/2025,2,993,0,Returned,Bank Transfer
S0012253,C00655,P0070,ST020,3/16/2025,8,513,0.05,Completed,Bank Transfer
S0011183,C00282,P0070,ST017,8/9/2025,3,1274,0.2,Cancelled,Card
S0019554,C00249,P0070,ST004,1/30/2026,3,1078,0.1,Returned,Mobile Money
S0017861,C00710,P0070,ST013,7/6/2026,5,1421,0.05,completed,Mobile Money
S0013421,C00595,P0070,ST007,7/2/2026,8,614,0.15,Completed,Cash
S0016556,C00204,P0070,ST001,2/19/2026,5,774,0.15,Returned,Mobile Money
S0016061,C00575,P0070,ST011,9/8/2025,7,831,0.05,completed,Card
S0015567,C00433,P0070,ST003,8/30/2025,7,212,0.15,Pending,Cash
S0014549,C00031,P0142,ST015,5/11/2025,4,1367,0.1,Pending,Mobile Money
S0020028,C00341,P0143,ST002,1/12/2026,4,414,0.1,Returned,Cash
S0019896,C00602,P0143,ST007,7/3/2026,7,792,0.15,Pending,Mobile Money
S0012120,C00173,P0143,ST002,3/27/2026,1,785,0,Completed,Mobile Money
S0012909,C00476,P0142,ST002,5/29/2025,7,1208,0.2,Cancelled,Cash
S0018302,C00424,P0143,ST014,1/14/2026,6,935,0.05,Returned,Cash
S0016600,C00867,P0142,ST005,2/2/2025,2,917,0.15,Returned,Cash
S0014738,C00449,P0143,ST020,7/15/2025,4,319,0.15,Pending,Bank Transfer
S0018478,C00146,P0142,ST013,9/16/2025,10,1241,0.15,Completed,Cash
S0013113,C00903,P0142,ST020,7/11/2026,7,855,0.2,Cancelled,Mobile Money
S0018546,C00085,P0142,ST018,4/8/2025,2,708,0.15,Pending,Cash
S0015220,C00005,P0142,ST009,2/25/2025,2,440,0,Returned,Cash
S0011956,C00618,P0143,ST015,1/22/2025,3,407,0,Cancelled,Mobile Money
S0019396,C00536,P0142,ST011,10/19/2025,9,1055,0.1,completed,Card
S0018578,C00859,P0143,ST009,3/2/2025,10,946,0.2,Pending,Cash
S0017497,C00336,P0142,ST019,4/8/2025,6,1456,0.2,completed,Mobile Money
S0013645,C00825,P0142,ST017,3/17/2025,4,1496,0,completed,Card
S0011597,C00576,P0143,ST001,1/1/2026,7,1152,0,Cancelled,Cash
S0019008,C00116,P0143,ST019,11/20/2025,9,1490,0.15,Cancelled,Cash
S0015249,C00802,P0142,ST013,4/7/2025,5,394,0.1,Pending,Cash
S0013727,C00362,P0143,ST001,3/18/2025,2,930,0.15,Cancelled,Cash
S0013426,C00986,P0143,ST013,1/30/2025,6,1248,0.05,Pending,Mobile Money
S0015572,C00552,P0143,ST019,6/21/2025,4,820,0.1,Completed,Bank Transfer
S0016350,C00975,P0142,ST006,1/7/2025,8,312,0.15,Returned,Card
S0016765,C00808,P0142,ST015,11/14/2025,3,685,0.2,Cancelled,Card
S0015635,C00359,P0142,ST004,3/28/2026,9,253,0.1,Completed,Mobile Money
S0014236,C00834,P0143,ST001,11/7/2025,2,308,0.1,Cancelled,Cash
S0017405,C00942,P0143,ST001,3/24/2026,7,699,0,Completed,Cash
S0012926,C00795,P0143,ST016,4/10/2025,7,184,0.2,Pending,Cash
S0018264,C00975,P0143,ST013,4/18/2026,6,251,0.1,Completed,Bank Transfer
S0019673,C00765,P0143,ST001,4/19/2026,7,204,0.2,Cancelled,Mobile Money
S0012167,C00814,P0142,ST012,1/27/2025,4,688,0.2,Returned,Card
S0018590,C00788,P0143,ST007,5/14/2025,10,1144,0,Pending,Card
S0013443,C00997,P0143,ST001,2/3/2026,9,411,0.05,Completed,Bank Transfer
S0011534,C00492,P0143,ST007,1/25/2026,1,1419,0.1,Completed,Bank Transfer
S0019512,C00702,P0143,ST004,6/20/2026,9,924,0,Pending,Bank Transfer
S0012256,C00381,P0143,ST006,12/8/2025,9,337,0.2,Pending,Mobile Money
S0013871,C00190,P0143,ST013,9/28/2025,1,1131,0.2,Cancelled,Cash
S0015622,C00155,P0142, ST005 ,6/27/2025,6,1044,0.05,Cancelled,Mobile Money
S0011977,C00116,P0142,ST020,10/13/2025,3,542,0.1,Returned,Cash
S0015910,C00858,P0142,ST003,4/3/2025,7,1409,0.1,Returned,Mobile Money
S0010457,C00904,P0142,ST004,12/16/2025,9,404,0.1,completed,Cash
S0015846,C00798,P0143,ST004,7/9/2026,9,632,0,completed,Card
S0015452,C00607,P0142,ST001,8/3/2025,2,1115,0.05,Cancelled,Cash
S0017842,C00808,P0142,ST019,10/9/2025,6,1398,0.05,Returned,Bank Transfer
S0017203,C00004,P0143,ST009,12/10/2025,6,580,0,Completed,Cash
S0015255,C00810,P0142,ST016,1/26/2026,6,1328,0.05,Cancelled,Mobile Money
S0010087,C00598,P0143,ST007,3/31/2025,9,68,0.15,Returned,Cash
S0015918,C00837,P0143,ST017,9/21/2025,10,1232,0.05,Pending,Bank Transfer
S0012266,C00503,P0142,ST009,8/10/2025,1,709,0,completed,Cash
S0017960,C00510,P0142,ST015,10/7/2025,9,469,0.15,Pending,Bank Transfer
S0010037,C00955,P0143,ST007,2/23/2025,6,541,0.2,Pending,Mobile Money
S0013828,C00225,P0142,ST009,2/8/2025,8,511,0.1,Pending,Mobile Money
S0013122,C00673,P0142,ST007,7/2/2026,5,1080,0,Cancelled,Mobile Money
S0017875,C00746,P0142,ST008,1/8/2025,7,910,0.05,Returned,Cash
S0012374,C00658,P0143,ST009,5/11/2026,6,760,0,Pending,Cash
S0010731,C00586,P0143,ST017,1/27/2026,7,112,0.1,Returned,Mobile Money
S0010314,C00871,P0142,ST002,1/14/2025,6,718,0.1,completed,Card
S0015626,C00814,P0142,ST017,1/2/2026,9,772,0.1,Pending,Bank Transfer
S0019648,C00470,P0143,ST006,12/14/2025,3,930,0.15,Pending,Mobile Money
S0012180, C00148 ,P0142,ST013,6/11/2025,7,557,0.15,Returned,Card
S0010062,C00374,P0142,ST015,5/12/2025,1,467,0.1,Returned,Cash
S0018111,C00327,P0142,ST010,10/6/2025,10,171,0.05,Completed,Cash
S0014449,C00227,P0142,ST011,2/10/2026,6,522,0,Returned,Cash
S0018243,C00174,P0143,ST007,1/29/2026,4,750,0.05,Cancelled,Bank Transfer
S0016764,C00916,P0143,ST001,1/5/2025,6,11,0.1,Completed,Card
S0019039,C00690,P0142,ST016,11/20/2025,2,600,0,Returned,Cash
S0016900,C00101,P0142,ST010,11/18/2025,7,438,0.05,Returned,Mobile Money
S0018599,C00292,P0142,ST019,6/3/2026,4,172,0,Cancelled,Mobile Money
S0015259,C00124,P0143,ST011,9/4/2025,3,44,0,Pending,Cash
S0017378,C00063,P0143,ST010,3/19/2025,10,478,0,completed,Mobile Money
S0014143,C00977,P0143,ST003,6/6/2025,9,263,0,completed,Mobile Money
S0014060,C00212,P0143,ST017,6/30/2025,6,840,0.1,Returned,Mobile Money
S0012854,C00873,P0142,ST013,11/21/2025,4,191,0.1,Returned,Mobile Money
S0013195,C00635,P0142,ST014,8/15/2025,5,592,0.05,Returned,Cash
S0015536,C00509,P0143,ST003,5/27/2025,1,836,0.1,completed,Bank Transfer
S0018134,C00936,P0142,ST001,1/17/2025,2,1341,0,Completed,Bank Transfer
S0014053,C00846,P0143,ST013,7/15/2026,10,704,0.15,completed,Card
S0017712,C00914,P0143,ST019,2/22/2026,4,1105,0.1,Completed,Mobile Money
S0011793,C00546,P0142,ST016,2/25/2025,3,144,0.05,Completed,Cash
S0014566,C00732,P0142,ST016,5/17/2025,7,766,0.2,Completed,Bank Transfer
S0016939,C00536,P0142,ST005,9/5/2025,8,919,0,Returned,Mobile Money
S0011264,C00561,P0142,ST007,3/31/2025,7,807,0.2,Pending,Cash
S0013041,C00660,P0143,ST009,12/11/2025,8,1052,0.2,Cancelled,Card
S0011161,C00409,P0142,ST010,2/27/2025,6,1126,0,completed,Cash
S0015895,C00396,P0142,ST001,5/17/2025,3,1246,0.05,completed,Cash
S0010716,C00296,P0143,ST016,5/23/2026,10,624,0.05,Pending,Card
S0010959,C00466,P0143,ST011,2/2/2026,9,1447,0,Returned,Bank Transfer
S0019658,C00972,P0143,ST009,6/20/2025,7,1268,0.15,Completed,Cash
S0010897,C00730,P0142,ST016,8/26/2025,9,820,0.1,Pending,Mobile Money
S0011582,C00681,P0142,ST014,1/18/2025,3,1150,0.1,Cancelled,Bank Transfer
S0013017,C00763,P0143,ST014,8/15/2025,5,742,0.15,Pending,Bank Transfer
S0016981,C00909,P0143,ST005,10/28/2025,7,135,0.2,Cancelled,Bank Transfer
S0017247,C00948,P0142,ST004,1/24/2025,6,1451,0.2,Returned,Card
S0011911,C00944,P0143,ST020,7/30/2026,1,1217,0.1,Returned,Mobile Money
S0017991,C00154,P0143,ST010,7/24/2026,8,79,0.1,Pending,Bank Transfer
S0010137,C00860,P0142,ST019,10/14/2025,3,472,0.05,Returned,Bank Transfer
S0017157,C00254,P0142,ST003,5/28/2025,3,1165,0.15,Pending,Mobile Money
S0019110,C00284,P0142,ST019,10/28/2025,1,1362,0,Cancelled,Bank Transfer
S0016687,C00522,P0143,ST004,1/24/2026,6,903,0.2,Pending,Bank Transfer
S0018722,C00591,P0142,ST013,9/8/2025,10,860,0.2,Pending,Cash
S0012771,C00065,P0143,ST020,5/30/2026,9,1355,0,completed,Mobile Money
S0016870,C00024,P0143,ST017,5/1/2026,1,814,0.15,completed,Cash
S0011652,C00566,P0142,ST015,6/25/2026,10,6,0,Completed,Cash
S0012843,C00622,P0143,ST006,12/19/2025,5,955,0.2,Completed,Card
S0017917,C00709,P0142,ST005,11/18/2025,2,548,0.1,Cancelled,Bank Transfer
S0011031,C00462,P0142,ST019,9/10/2025,10,586,0.15,Pending,Cash
S0010518,C00108,P0143,ST006,5/26/2026,1,921,0.05,Cancelled,Mobile Money
S0016085,C00199,P0143,ST009,7/3/2026,2,995,0.15,Pending,Mobile Money
S0012755,C00721,P0142,ST003,11/8/2025,7,297,0.2,Returned,Mobile Money
S0018373,C00063,P0143,ST012,6/4/2026,3,499,0,Cancelled,Bank Transfer
S0019851,C00048,P0142,ST010,7/3/2025,1,113,0.1,Completed,Bank Transfer
S0018820,C00536,P0143, ST015 ,2/12/2026,8,177,0.1,Returned,Bank Transfer
S0014009,C00923,P0056,ST006,8/30/2025,4,995,0,Cancelled,Mobile Money
S0016236,C00147,P0056,ST002,3/5/2025,4,728,0.2,Completed,Card
S0012948,C00173,P0056,ST020,4/15/2025,7,417,0.05,completed,Card
S0013059,C00751,P0034,ST004,6/2/2026,2,697,0.15,Returned,Mobile Money
S0015818,C00661,P0034,ST002,7/29/2025,4,558,0.15,completed,Bank Transfer
S0013345,C00014,P0056,ST004,4/13/2026,2,322,0,Pending,Card
S0010984,C00956,P0034,ST001,5/1/2026,3,1201,0,Returned,Card
S0017206,C00078,P0056,ST003,4/13/2025,6,746,0,Pending,Mobile Money
S0018602,C00471,P0056,ST011,6/27/2026,6,313,0,Completed,Card
S0019533,C00433,P0056, ST020 ,3/8/2026,3,279,0.05,Returned,Card
S0018231,C00635,P0034,ST019,2/3/2025,1,552,0.2,Completed,Bank Transfer
S0011617,C00588,P0034,ST016,3/2/2025,1,1119,0.2,Returned,Bank Transfer
S0013181,C00786,P0056,ST008,12/18/2025,9,702,0.15,completed,Mobile Money
S0017303,C00502,P0056,ST012,9/13/2025,2,585,0,Completed,Cash
S0014101,C00697,P0034,ST018,10/6/2025,9,979,0.2,Completed,Card
S0018538,C00146,P0056,ST012,10/10/2025,9,684,0.2,Completed,Cash
S0016165,C00793,P0056,ST009,11/14/2025,2,377,0.2,completed,Card
S0010269,C00320,P0056,ST001,5/18/2026,7,878,0.05,Returned,Cash
S0014342,C00258,P0034,ST011,4/26/2025,6,50,0,completed,Cash
S0016948,C00439,P0034,ST001,1/26/2026,7,369,0,Returned,Cash
S0015330,C00811,P0056,ST018,11/30/2025,9,1373,0.05,Returned,Mobile Money
S0019886,C00854,P0034,ST007,1/6/2025,4,611,0.05,Cancelled,Bank Transfer
S0016317,C00796,P0034,ST011,4/28/2025,5,1313,0.05,Cancelled,Bank Transfer
S0018049,C00180,P0034,ST020,2/27/2025,10,931,0.15,Completed,Bank Transfer
S0014966,C00780,P0034,ST006,11/6/2025,7,1315,0,Completed,Card
S0011448,C00570,P0034,ST009,5/12/2025,4,943,0,Returned,Mobile Money
S0016974,C00703,P0034,ST001,11/15/2025,6,699,0,Returned,Mobile Money
S0010888,C00836,P0056,ST005,1/2/2026,9,942,0.15,Completed,Mobile Money
S0016965,C00454,P0056,ST011,6/29/2025,3,536,0,completed,Card
S0012390,C00031,P0034,ST009,7/2/2026,7,1011,0,Cancelled,Card
S0012135,C00025,P0034,ST017,6/10/2025,10,654,0.15,Cancelled,Mobile Money
S0017446,C00012,P0056,ST012,12/29/2025,10,930,0.15,Returned,Card
S0012012,C00887,P0034,ST014,1/21/2025,9,253,0.1,completed,Cash
S0018042,C00921,P0034,ST019,4/7/2025,4,1497,0.1,completed,Mobile Money
S0014273,C00881,P0034,ST010,5/28/2025,5,589,0.15,Pending,Bank Transfer
S0016533,C00836,P0034,ST006,1/19/2026,8,340,0,completed,Card
S0013173,C00026,P0034,ST005,8/20/2025,1,58,0.2,Returned,Card
S0014388,C00548,P0056,ST008,5/6/2026,7,967,0.15,completed,Mobile Money
S0016587,C00312,P0034,ST014,8/20/2025,7,546,0.15,Returned,Card
S0014728,C00908,P0034,ST008,7/3/2026,4,1271,0,Pending,Card
S0016738,C99999,P0056,ST003,5/24/2025,5,1171,0.05,Cancelled,Card
S0013268,C00945,P0034,ST018,9/28/2025,2,128,0.15,completed,Bank Transfer
S0016380,C00092,P0034,ST015,1/7/2025,1,278,0.15,Cancelled,Cash
S0017864,C00839,P0034,ST019,3/27/2026,8,615,0,Returned,Card
S0017834,C00743,P0034,ST015,4/30/2026,10,250,0.15,completed,Cash
S0014372,C00011,P0056,ST007,4/28/2026,1,1345,0.15,Cancelled,Card
S0019095,C00609,P0034,ST003,3/2/2026,8,808,0,completed,Card
S0014146,C00914,P0056,ST004,11/10/2025,2,602,0.15,Pending,Cash
S0017520,C00275,P0034,ST020,5/11/2025,2,572,0.15,completed,Mobile Money
S0012674,C00210,P0034,ST003,4/9/2026,2,614,0.15,Cancelled,Card
S0018682,C00601,P0034,ST005,7/27/2025,10,825,0.2,Returned,Card
S0018842,C00012,P0056,ST001,9/6/2025,4,682,0.15,Cancelled,Card
S0019782,C00113,P0056,ST017,10/6/2025,3,1068,0.2,Cancelled,Cash
S0019558,C00650,P0034,ST020,2/23/2025,3,826,0.15,Cancelled,Bank Transfer
S0017895,C00825,P0034,ST001,4/7/2025,3,1329,0.1,completed,Bank Transfer
S0015391,C00612,P0056,ST018,1/18/2026,3,14,0,Returned,Card
S0013198,C00098,P0056,ST006,8/8/2025,3,1355,0.1,Cancelled,Mobile Money
S0011051,C00601,P0056,ST009,7/19/2025,3,774,0.2,Returned,Bank Transfer
S0012877,C00110,P0034,ST002,5/9/2026,9,400,0.2,Cancelled,Mobile Money
S0014634,C00646,P0056,ST004,5/5/2025,1,558,0.05,Completed,Mobile Money
S0016309,C00107,P0034,ST011,7/21/2026,6,229,0.05,completed,Card
S0013424,C00847,P0034,ST011,5/15/2026,5,18,0,Completed,Bank Transfer
S0014537,C00360,P0034,ST010,12/4/2025,5,923,0.2,Completed,Bank Transfer
S0015681,C00374,P0034,ST003,4/25/2025,8,47,0.1,Cancelled,Cash
S0015747,C00477,P0056,ST003,6/18/2025,2,1279,0,completed,Card
S0011378,C00138,P0056,ST010,12/15/2025,7,820,0.15,Pending,Bank Transfer
S0017521,C00310,P0034,ST008,10/20/2025,5,1257,0.1,Returned,Card
S0019219,C00566,P0056,ST014,5/6/2025,9,595,0,completed,Card
S0015929,C00108,P0034,ST015,3/18/2025,6,1205,0.05,Completed,Mobile Money
S0016626,C00908,P0034,ST006,6/13/2025,10,206,0.1,completed,Bank Transfer
S0015361,C00223,P0056,ST020,9/19/2025,9,919,0.1,Completed,Cash
S0015223,C00781,P0056,ST016,4/13/2025,9,347,0.05,Completed,Cash
S0015966,C00876,P0034,ST010,9/23/2025,10,421,0.05,Cancelled,Card
S0014637,C00688,P0034,ST016,3/30/2026,1,1157,0.1,Cancelled,Card
S0014490,C00076,P0034,ST009,2/22/2026,4,205,0.15,Returned,Bank Transfer
S0015614,C00509,P0034,ST008,1/19/2026,9,1278,0,Returned,Card
S0019701,C00444,P0034,ST004,7/29/2025,4,562,0.2,Completed,Card
S0018215,C00785,P0056,ST004,6/20/2025,1,784,0.2,Cancelled,Bank Transfer
S0010978,C00913,P0034,ST006,2/27/2026,6,906,0.2,Pending,Bank Transfer
S0015143,C00464,P0034,ST017,4/28/2025,10,1049,0.1,Returned,Card
S0017782,C00365,P0056,ST004,9/25/2025,1,631,0.05,Cancelled,Cash
S0018330,C00376,P0056,ST002,7/8/2026,10,1041,0.2,Returned,Cash
S0017270,C00774,P0056,ST015,4/30/2025,7,503,0.15,Completed,Card
S0010445,C00691,P0034,ST001,4/30/2026,3,368,0,Completed,Bank Transfer
S0011729,C00132,P0034,ST001,1/30/2026,7,1370,0.1,Cancelled,Cash
S0012645,C00341,P0034,ST011,5/17/2025,4,960,0.05,completed,Cash
S0019301,C00266,P0034,ST009,1/22/2026,6,599,0,completed,Card
S0014306,C00375,P0034,ST001,5/20/2025,7,114,0.1,Returned,Mobile Money
S0011970,C00790,P0034,ST011,11/7/2025,4,762,0.15,completed,Cash
S0011072,C00752,P0056,ST018,10/30/2025,6,354,0.1,Completed,Cash
S0010323,C00307, P0056 ,ST003,2/19/2026,9,1448,0.15,Completed,Cash
S0010574,C00645,P0034,ST007,4/2/2025,5,886,0.1,Returned,Mobile Money
S0012160,C00945,P0034,ST015,2/13/2025,3,1027,0.15,completed,Mobile Money
S0019925,C00161,P0034,ST001,2/6/2026,2,1056,0.15,Returned,Cash
S0011952,C00920,P0034,ST004,1/10/2026,8,257,0.2,completed,Card
S0012383,C00019,P0034,ST003,10/21/2025,4,951,0.05,Completed,Card
S0019605,C00050,P0056,ST009,2/14/2026,6,1132,0.1,Cancelled,Cash
S0016445,C00694,P0129,ST018,1/2/2026,10,662,0,Cancelled,Card
S0020006,C00534,P0129,ST010,8/26/2025,6,1470,0.05,Returned,Bank Transfer
S0015071,C00580,P0129,ST019,12/11/2025,9,488,0.15,Returned,Cash
S0017643,C00917,P0129,ST015,11/15/2025,4,685,0.15,completed,Cash
S0011299,C00355,P0129,ST007,5/17/2026,4,87,0.2,Completed,Bank Transfer
S0017966,C00044,P0129,ST001,6/16/2026,6,783,0.15,completed,Cash
S0019593,C00115,P0129,ST018,2/15/2026,1,1194,0.1,Completed,Bank Transfer
S0011037,C00828,P0129,ST002,11/8/2025,3,967,0.1,Completed,Cash
S0010376,C00031,P0129,ST015,12/15/2025,1,704,0.15,completed,Bank Transfer
S0011084,C00177,P0129,ST008,12/30/2025,2,1358,0.2,Completed,Mobile Money
S0014108,C00439,P0129,ST019,11/9/2025,4,816,0.15,completed,Card
S0016652,C00061,P0129,ST005,6/8/2025,7,53,0.15,Returned,Card
S0018067,C00020,P0129,ST002,8/30/2025,6,478,0.05,Completed,Card
S0018230,C00781,P0129,ST006,5/3/2025,5,125,0,Cancelled,Mobile Money
S0019977,C00232,P0129,ST003,8/8/2025,4,677,0.15,Pending,Bank Transfer
S0016202,C00235,P0129,ST020,9/28/2025,10,693,0,Returned,Card
S0010842,C00337,P0129,ST001,4/24/2026,10,15,0.05,Pending,Cash
S0018663,C00111,P0129,ST014,1/5/2025,2,1230,0,Returned,Bank Transfer
S0015665,C00539,P0129,ST008,7/2/2026,1,770,0.2,Pending,Cash
S0013781,C00807,P0129,ST019,7/17/2025,1,861,0,Cancelled,Card
S0019708,C00223,P0129,ST015,8/29/2025,10,296,0,completed,Bank Transfer
S0019420,C00878,P0129,ST001,2/11/2025,2,1447,0.05,Completed,Bank Transfer
S0015115,C00817,P0129,ST004,1/6/2025,3,1196,0.05,Returned,Mobile Money
S0016986,C00449,P0129,ST020,2/21/2025,6,632,0.05,Completed,Bank Transfer
S0018991,C00906,P0129,ST016,7/24/2026,6,76,0.2,Pending,Mobile Money
S0013260,C00349,P0129,ST016,5/19/2026,8,5,0.1,Pending,Bank Transfer
S0017529,C00403,P0129,ST012,10/29/2025,3,721,0.2,Completed,Mobile Money
S0017609,C00583,P0129,ST009,3/7/2025,5,400,0,Returned,Bank Transfer
S0019225,C00065,P0129,ST010,3/5/2025,4,453,0.2,Completed,Cash
S0013028,C00124,P0129,ST014,6/12/2025,7,116,0.1,Returned,Card
S0017750,C00341,P0129,ST009,10/27/2025,3,245,0.1,Pending,Mobile Money
S0014864,C00937,P0129,ST019,6/6/2025,5,512,0.2,Returned,Mobile Money
S0019506,C00859,P0129,ST017,1/7/2026,2,737,0.2,completed,Mobile Money
S0013743,C00651,P0129,ST018,4/16/2026,7,1411,0,Cancelled,Cash
S0020046,C00593,P0129,ST018,5/16/2026,10,1059,0.15,Pending,Mobile Money
S0010529,C00943,P0129,ST008,6/27/2025,10,314,0.1,completed,Bank Transfer
S0019266,C00168,P0129,ST017,1/11/2026,1,437,0.2,completed,Card
S0012119,C00675,P0129,ST019,7/3/2025,9,1327,0.05,Returned,Card
S0015174,C00373,P0129,ST018,1/7/2026,6,618,0.1,completed,Mobile Money
S0018272,C00583,P0129,ST018,11/21/2025,2,1228,0.15,completed,Cash
S0012566,C00781,P0129,ST002,3/17/2025,9,954,0.05,completed,Card
S0013946,C00924,P0129,ST018,12/11/2025,4,229,0.15,Returned,Cash
S0016886,C00944,P0129,ST004,7/13/2026,5,375,0.2,Completed,Cash
S0016256,C00709,P0129,ST018,9/13/2025,5,340,0.2,Pending,Mobile Money
S0016341,C00315,P0129,ST010,12/10/2025,7,399,0.1,Returned,Cash
S0019450,C00928,P0129,ST020,5/4/2025,9,226,0.2,Pending,Bank Transfer
S0014037,C00166,P0082,ST020,7/5/2026,4,71,0.1,Cancelled,Mobile Money
S0012451,C00767,P0082,ST015,5/18/2025,10,764,0.2,Returned,Cash
S0017240,C00645,P0082,ST009,2/21/2025,2,1056,0.15,Completed,Bank Transfer
S0014054,C00465,P0082,ST019,1/12/2025,4,621,0.2,Cancelled,Mobile Money
S0017371,C00598,P0082,ST008,1/16/2026,7,124,0.1,Pending,Cash
S0015523,C00683,P0082,ST019,1/15/2026,10,261,0,Pending,Cash
S0015197,C00269,P0082,ST019,4/22/2025,5,1386,0.2,completed,Mobile Money
S0010575,C00013,P0082,ST020,5/13/2026,8,411,0.1,Completed,Card
S0015911,C00884,P0082,ST015,12/25/2025,1,309,0.2,completed,Cash
S0011260,C00881,P0082,ST020,6/23/2026,2,976,0.05,Returned,Cash
S0020016,C00192,P0082,ST003,3/8/2026,7,18,0.2,completed,Card
S0017091,C00932,P0029,ST010,8/2/2025,7,321,0,Completed,Bank Transfer
S0010759,C00799,P0082,ST018,5/12/2026,9,176,0.05,Returned,Card
S0014887,C00773,P0082,ST008,12/30/2025,6,1401,0.2,Completed,Mobile Money
S0014580,,P0082,ST017,3/10/2026,8,1330,0.05,Pending,Cash
S0015031,,P0082,ST017,3/10/2026,4,653,0.05,Pending,Cash
S0017136,C00056,P0082,ST014,7/12/2025,2,1270,0.1,Returned,Bank Transfer
S0013002,C00124,P0082,ST017,1/29/2025,10,908,0.2,Cancelled,Card
S0011109,C00555,P0082,ST016,3/1/2025,10,237,0.15,Pending,Bank Transfer
S0014015,C00288,P0082,ST012,2/11/2025,8,287,0,Cancelled,Cash
S0013211,C00602,P0082,ST019,3/13/2025,5,1405,0.15,completed,Card
S0017887,C00160,P0082,ST010,3/13/2026,9,166,0,completed,Bank Transfer
S0012005,C00145,P0082,ST012,10/6/2025,7,179,0.15,Returned,Mobile Money
S0012796,C00759,P0029,ST001,7/4/2025,2,317,0.05,Pending,Cash
S0011255,C00665,P0082,ST006,6/12/2026,5,1298,0,completed,Cash
S0018953,C00809,P0029,ST011,6/4/2026,9,1336,0,Pending,Cash
S0013708,C00717,P0082,ST017,9/21/2025,9,164,0.1,Cancelled,Bank Transfer
S0010839,C00718,P0082,ST007,11/27/2025,2,877,0.1,Cancelled,Card
S0018569,C00345,P0082,ST017,2/5/2026,2,475,0.1,Pending,Mobile Money
S0012634,C00387,P0082,ST008,5/31/2025,6,275,0,Completed,Cash
S0013722,C00984,P0006,ST012,1/3/2025,4,1101,0,completed,Cash
S0012944,C00629,P0029,ST009,11/7/2025,5,802,0.15,Pending,Mobile Money
S0019545,C00880,P0029,ST016,6/4/2025,1,1036,0,Completed,Mobile Money
S0018417,C00622,P0029,ST014,10/14/2025,1,519,0.1,completed,Bank Transfer
S0019780,C00599,P0082,ST002,1/18/2025,1,536,0.05,Pending,Cash
S0011780,C00272,P0029,ST004,5/1/2026,6,216,0.05,Pending,Mobile Money
S0015426,C00403,P0029,ST018,11/10/2025,2,847,0.15,Pending,Bank Transfer
S0018699,C00493,P0082,ST020,2/20/2026,10,1294,0,Pending,Cash
S0014862,C00592,P0029,ST015,6/11/2026,10,651,0.1,Completed,Bank Transfer
S0013756,C00698,P0082,ST006,4/21/2026,5,475,0.15,completed,Mobile Money
S0018906,C00295,P0082,ST007,2/24/2025,3,532,0.1,Pending,Cash
S0013306,C00565,P0082,ST010,1/3/2025,5,943,0.1,Returned,Mobile Money
S0012129,C00003,P0006,ST016,3/5/2025,3,729,0.05,Pending,Mobile Money
S0012053,C00158,P0082,ST004,5/18/2026,7,652,0.2,Completed,Card
S0019538,C00364,P0082,ST008,3/26/2026,1,496,0.05,Pending,Bank Transfer
S0015914,C00309,P0006,ST020,3/21/2026,9,293,0.05,completed,Mobile Money
S0015970,C00523,P0029,ST002,11/14/2025,3,977,0.15,Pending,Bank Transfer
S0015485,C00417,P0029,ST018,2/23/2026,8,824,0.15,Completed,Card
S0015208,C00493,P0006,ST018,5/8/2025,1,1381,0.15,Pending,Cash
S0010720,C00796,P0082,ST005,2/2/2026,10,116,0.1,Pending,Bank Transfer
S0014295,C00087,P0029,ST001,6/26/2025,9,1093,0.1,Pending,Bank Transfer
S0016995,C00700,P0029,ST018,10/28/2025,3,226,0.1,Pending,Cash
S0018324,C00781,P0082,ST015,4/22/2026,1,151,0.05,Returned,Bank Transfer
S0010022,C00500,P0082,ST017,5/11/2026,4,1216,0.2,Cancelled,Bank Transfer
S0011851,C00759,P0082,ST014,1/4/2025,7,23,0.15,Returned,Card
S0014516,C00653,P0082,ST020,2/2/2025,3,377,0.2,completed,Bank Transfer
S0013380,C00681,P0006,ST002,4/13/2026,2,707,0.1,Returned,Cash
S0014878,C00105,P0006,ST009,7/3/2026,9,619,0.15,Cancelled,Cash
S0010438,C00584,P0082,ST012,5/13/2025,10,921,0,completed,Cash
S0011614,C00300,P0006,ST005,3/24/2026,1,921,0.1,Returned,Bank Transfer
S0010366,C00561,P0029,ST002,5/27/2026,1,220,0.1,completed,Mobile Money
S0012973,C00252,P0006,ST020,10/10/2025,6,1254,0,Cancelled,Card
S0019738,C00781,P0006,ST013,6/22/2025,2,216,0.15,Pending,Bank Transfer
S0011631,C00931,P0029,ST010,2/20/2026,5,781,0.2,Returned,Cash
S0016048,C00644,P0006,ST013,6/13/2025,8,7,0.05,Pending,Bank Transfer
S0015478,C00695,P0006,ST001,7/15/2025,3,902,0.15,completed,Mobile Money
S0017573,C00950,P0029,ST004,7/8/2025,10,622,0.1,Completed,Cash
S0018692,C00809,P0006,ST016,10/18/2025,5,1263,0.15,completed,Cash
S0011469,C00844,P0006,ST019,5/4/2025,5,88,0.2,Pending,Card
S0016425,C00718,P0006,ST006,4/1/2026,1,1104,0.1,Completed,Card
S0018985,C00114,P0029,ST011,4/28/2026,4,1447,0.2,Cancelled,Bank Transfer
S0019441, C00509 ,P0029,ST018,1/1/2026,6,645,0.05,Cancelled,Bank Transfer
S0015436,C00228,P0082,ST013,6/7/2026,3,531,0.05,Returned,Card
S0016133,C00747,P0029,ST020,3/22/2025,3,721,0.2,Completed,Cash
S0012057,C00384,P0082,ST014,11/22/2025,3,821,0,Returned,Card
S0012042,C00472,P0029,ST002,3/26/2025,10,1226,0.1,Cancelled,Card
S0010689,C00556,P0006,ST014,2/19/2025,4,1096,0.1,completed,Bank Transfer
S0011402,C00608,P0006,ST009,1/14/2025,1,1454,0.1,Completed,Mobile Money
S0014960,C00098,P0006,ST003,6/15/2025,7,1408,0.05,Pending,Bank Transfer
S0017794,C00489,P0006,ST017,6/12/2025,7,590,0,Pending,Bank Transfer
S0010397,C00530,P0006,ST008,10/15/2025,6,1025,0.2,Completed,Mobile Money
S0015082,C00048,P0006,ST001,1/3/2025,3,1257,0,Cancelled,Cash
S0015050,C00872,P0029,ST012,9/12/2025,10,1182,0.2,Cancelled,Mobile Money
S0015820,C00701,P0006,ST001,8/18/2025,3,1463,0.05,Pending,Cash
S0019005,C00189,P0006,ST007,1/30/2026,3,32,0.1,completed,Bank Transfer
S0018167,C00145,P0006,ST007,1/31/2025,1,77,0.15,Completed,Bank Transfer
S0017983,C00854,P0006,ST019,5/23/2026,2,1416,0,Pending,Bank Transfer
S0010237,C00388,P0006,ST014,8/5/2025,3,1364,0.05,Cancelled,Mobile Money
S0010370,C00273,P0029,ST004,10/9/2025,5,674,0.2,Cancelled,Bank Transfer
S0018612,C00476,P0006,ST019,3/18/2025,7,304,0,Completed,Bank Transfer
S0014952,C00977,P0006,ST014,1/22/2026,6,1416,0.1,Cancelled,Card
S0013698,C00816,P0006,ST003,12/9/2025,5,1467,0.1,Returned,Card
S0014760,C00679,P0006,ST020,7/2/2025,7,96,0.15,completed,Card
S0019821,C00951,P0006,ST005,3/20/2026,5,1146,0.05,completed,Card
S0016073,C00476,P0006,ST001,12/13/2025,6,651,0,Completed,Mobile Money
S0014044,C00751,P0006,ST012,3/3/2025,2,929,0.1,Pending,Cash
S0012831,C00583,P0006,ST015,4/18/2025,5,1183,0.05,Returned,Cash
S0010028,C00534,P0006,ST011,7/27/2025,6,1213,0.15,completed,Mobile Money
S0011425,C00428,P0006,ST016,8/14/2025,2,396,0.2,Returned,Cash
S0017611,C00436,P0029,ST009,6/23/2025,8,495,0.15,Completed,Card
S0014908,C00803,P0006,ST008,9/19/2025,2,1179,0.05,Pending,Bank Transfer
S0012447,C00746,P0006,ST013,11/28/2025,9,633,0.2,Pending,Card
S0019940,C00009,P0006,ST019,10/6/2025,8,831,0,Completed,Cash
S0013914,C00356,P0006,ST017,8/17/2025,3,259,0.2,completed,Card
S0016789,C00617,P0029,ST009,7/21/2025,8,194,0.05,Completed,Cash
S0017766,C00067,P0006,ST002,2/18/2026,8,765,0.05,Returned,Mobile Money
S0016373,C00233,P0006,ST012,2/28/2026,5,375,0.05,Completed,Card
S0017412,C00238,P0082,ST008,4/11/2025,10,461,0.1,Returned,Cash
S0012222,C00897,P0006,ST003,3/6/2026,2,1135,0.1,completed,Card
S0013935,C00923,P0029,ST013,2/1/2025,7,1078,0,Cancelled,Mobile Money
S0015856,C00113,P0006,ST011,5/23/2025,6,110,0,completed,Mobile Money
S0018849,C00735,P0029,ST013,4/1/2026,1,407,0.2,Returned,Bank Transfer
S0014251,C00774,P0029,ST013,5/8/2026,7,231,0.15,Completed,Mobile Money
S0010543,C00947,P0006,ST010,1/25/2025,9,433,0,Cancelled,Mobile Money
S0018611,C00744,P9999,ST001,1/31/2025,8,1499,0.2,Pending,Cash
S0018391,C00643,P0029,ST006,3/25/2026,5,857,0.2,Cancelled,Bank Transfer
S0015265,C00894,P0006,ST001,7/26/2026,1,510,0,completed,Mobile Money
S0012415,C00545,P0029,ST006,2/9/2026,2,537,0.05,Pending,Cash
S0015845,C00464,P0029,ST007,1/11/2026,6,1374,0.2,Cancelled,Bank Transfer
S0016927,C00120,P0006,ST004,2/20/2025,6,334,0,Pending,Mobile Money
S0017489,C00166,P0006,ST018,4/15/2025,8,1277,0.05,Returned,Card
S0019443,C00905,P0029,ST003,8/9/2025,8,1046,0.05,Cancelled,Card
S0017506,C00639,P0006,ST017,6/28/2026,6,938,0.05,Returned,Card
S0015575,C00652,P0029,ST014,2/19/2025,7,121,0.2,Completed,Card
S0012969,C00982,P0029,ST019,12/13/2025,8,568,0.15,Returned,Bank Transfer
S0016205,C00666,P0006,ST008,1/9/2025,8,220,0.2,Completed,Mobile Money
S0017844,C00385,P0006,ST013,3/13/2025,9,177,0.2,Cancelled,Card
S0013133,C00291,P0029,ST005,5/21/2026,1,582,0.15,Returned,Mobile Money
S0013460,C00160,P0006,ST011,6/18/2026,4,1111,0.15,Returned,Cash
S0013145,C00292,P0006,ST017,7/22/2026,1,1438,0.1,completed,Cash
S0019511,C00538,P0006,ST004,9/21/2025,7,1016,0,Cancelled,Card
S0010294,C00453,P0006,ST016,6/30/2026,5,281,0.05,Completed,Mobile Money
S0010240,C00359,P0029,ST012,5/7/2025,4,608,0,Completed,Card
S0017237,C00638,P0029,ST015,2/3/2025,4,315,0,Completed,Bank Transfer
S0010628,C00008,P0006,ST015,1/17/2025,8,1028,0.05,Returned,Card
S0012487,C00507,P0006,ST003,1/26/2026,4,1490,0.15,Cancelled,Mobile Money
S0017383,C00443,P0006,ST009,2/5/2025,5,489,0.05,Completed,Bank Transfer
S0011731,C00841,P0101,ST019,5/31/2025,4,220,0.15,Returned,Mobile Money
S0017783,C00913,P0101,ST017,9/11/2025,8,1235,0,completed,Mobile Money
S0015457,C00578,P0101,ST017,7/8/2025,8,366,0.15,completed,Bank Transfer
S0010256,C00091,P0101,ST013,7/8/2026,9,1148,0.1,Cancelled,Cash
S0011640,C00036, P0101 ,ST018,12/8/2025,8,352,0.1,Returned,Cash
S0016554,C00955,P0101,ST018,4/5/2025,1,230,0.1,Pending,Bank Transfer
S0017021,C00304,P0101,ST014,2/12/2026,5,1426,0,Returned,Mobile Money
S0013301,C00281,P0101,ST006,4/17/2026,1,805,0.1,Cancelled,Cash
S0010895,C00603,P0101,ST012,1/8/2026,5,1183,0.2,Cancelled,Mobile Money
S0015784,C00571,P0101,ST003,6/20/2025,5,304,0.1,Pending,Cash
S0015809,C00713,P0101,ST016,4/20/2025,5,1215,0,Cancelled,Mobile Money
S0018779,C00519,P0101,ST005,10/12/2025,10,555,0.1,Pending,Mobile Money
S0014340,C00646,P0101,ST013,4/10/2026,8,360,0.2,Completed,Mobile Money
S0013060,C00428, P0101 ,ST008,1/24/2026,1,226,0.2,Returned,Card
S0018743,C00502,P0101,ST017,3/23/2026,4,1170,0.15,Completed,Card
S0016513,C00427,P0101,ST001,6/17/2025,8,668,0.15,Completed,Cash
S0019632,C00056,P0101,ST017,8/3/2025,8,1389,0.2,Cancelled,Mobile Money
S0011827,C00214,P0101,ST004,3/10/2026,8,175,0.05,Completed,Cash
S0011947,C00907,P0101,ST002,3/28/2025,6,1428,0.15,Returned,Bank Transfer
S0010485,C00084,P0101,ST017,6/24/2026,3,1396,0.05,Pending,Cash
S0019983,C00165,P0101,ST006,2/15/2026,5,834,0.1,completed,Bank Transfer
S0010470,C00645,P0101,ST013,3/4/2025,8,297,0.2,Pending,Mobile Money
S0018537,C00411,P0101,ST001,7/14/2026,8,526,0.2,Pending,Bank Transfer
S0010171,C00313,P0101,ST006,8/10/2025,9,857,0.15,Completed,Cash
S0015942,C00749,P0101,ST004,6/21/2025,5,735,0.1,completed,Cash
S0017098,C00064,P0101,ST014,2/9/2026,2,179,0.1,completed,Mobile Money
S0012655,C00535,P0101,ST004,3/9/2025,5,892,0.15,Completed,Bank Transfer
S0012126,C00770,P0101,ST001,6/4/2026,5,1329,,completed,Bank Transfer
S0013407,C00225,P0101,ST016,6/27/2025,4,31,0.05,Pending,Card
S0011919,C00663,P0101,ST017,5/28/2025,2,1333,0,Returned,Bank Transfer
S0019473,C00561,P0101,ST001,7/8/2025,2,388,0.05,Returned,Card
S0018575,C00954,P0101,ST017,1/31/2026,7,1084,0.15,completed,Mobile Money
S0015449,C00680,P0101,ST012,3/16/2026,3,1392,0.05,Cancelled,Mobile Money
S0018645,C00875,P0101,ST015,6/10/2026,2,1308,0.1,Pending,Mobile Money
S0016721,C00821,P0101,ST017,5/19/2026,4,406,0.15,Pending,Card
S0015569,C00009,P0101,ST009,12/19/2025,9,1172,0,Cancelled,Card
S0017687,C00894,P0101,ST019,3/5/2026,1,761,0.15,Completed,Card
S0017713,C00729,P0101,ST007,3/30/2025,2,886,,Returned,Mobile Money
S0019981,C00714,P0101,ST001,2/18/2026,8,678,0.2,Returned,Cash
S0014198,C00781,P0101,ST008,7/4/2025,3,61,0.05,Pending,Bank Transfer
S0018202,C00645,P0101,ST001,12/31/2025,7,591,0.05,Pending,Card
S0018301,C00806,P0101,ST011,2/24/2026,10,823,0.15,Returned,Bank Transfer
S0020034,C00212,P0101,ST007,4/20/2025,7,962,0.15,Pending,Cash
S0016713,,P0045,ST010,1/26/2026,2,696,0.05,completed,Cash
S0016023,C00210,P0045,ST002,12/1/2026,9,1022,0.1,Cancelled,Mobile Money
S0018382,C00101,P0045,ST010,9/20/2025,2,412,0.15,Cancelled,Card
S0018568,C00155,P0101,ST008,3/16/2026,8,617,0.2,Cancelled,Card
S0015390,C00462,P0045,ST018,12/14/2025,9,744,0.2,completed,Cash
S0016568,C00257,P0045,ST020,10/17/2025,5,1179,0,completed,Mobile Money
S0012432,C00119,P0045,ST016,11/2/2025,1,572,0,Pending,Bank Transfer
S0019870,C00367,P0045,ST003,7/3/2026,6,757,0.1,completed,Cash
S0017906,C00584,P0045,ST018,11/27/2025,7,872,0.05,Cancelled,Bank Transfer
S0010094,C00259,P0045,ST020,5/5/2026,5,169,0.2,Cancelled,Bank Transfer
S0019292,C00816,P0045,ST002,1/26/2026,4,188,0.2,Completed,Bank Transfer
S0018191,C00763,P0045,ST016,4/22/2025,10,1450,0,Returned,Card
S0018432,C00216,P0045,ST019,9/16/2025,8,51,0.2,Completed,Mobile Money
S0019496,C00412,P0045,ST014,1/14/2025,8,323,0.05,Completed,Mobile Money
S0011199,C00839,P0045,ST010,8/20/2025,5,260,0.1,Completed,Bank Transfer
S0010591,C00819,P0045,ST008,3/26/2025,9,402,0.15,Returned,Mobile Money
S0015535,C00055,P0045,ST012,7/13/2025,1,899,0.05,Cancelled,Bank Transfer
S0012686,C00901,P0045,ST019,10/22/2025,9,1425,0.15,Pending,Mobile Money
S0016157,C00881,P0045,ST015,3/7/2025,1,175,0.15,Returned,Bank Transfer
S0010193,C00378,P0045,ST001,4/17/2025,1,1191,0.05,Completed,Cash
S0010527,C00320,P0045,ST013,9/27/2025,6,488,0.15,Completed,Bank Transfer
S0018144,C00688,P0045,ST002,5/1/2026,8,1181,0.2,completed,Bank Transfer
S0017666,C00936,P0045,ST019,8/19/2025,7,458,0.1,Completed,Card
S0014144,C00634,P0045,ST008,7/29/2026,10,162,0.2,Completed,Cash
S0015303,C00531,P0045,ST017,3/26/2026,1,959,0.15,Pending,Bank Transfer
S0011714,C00627,P0045,ST010,4/17/2025,1,830,0,Cancelled,Mobile Money
S0017382,C00976,P0045,ST020,4/16/2026,2,1366,0.1,Returned,Mobile Money
S0018135,C00641,P0045,ST002,9/21/2025,9,257,0,Completed,Bank Transfer
S0015475,C00585,P0045,ST017,11/6/2025,4,661,0,Returned,Cash
S0013624,C00913,P0045,ST005,4/1/2026,9,290,0,Completed,Mobile Money
S0012943,C00217,P0045,ST002,8/9/2025,2,540,0.05,Completed,Bank Transfer
S0012556,C00425,P0045,ST003,9/27/2025,3,740,0.1,Pending,Card
S0014503,C00036,P0045,ST018,11/30/2025,10,731,0,Completed,Card
S0018881,C00094,P0045,ST004,9/18/2025,3,701,0.15,Cancelled,Cash
S0016506,C00795, P0045 ,ST004,5/10/2025,3,848,0,Completed,Bank Transfer
S0019878,C00868,P0045,ST009,6/30/2025,1,966,0,Returned,Mobile Money
S0010553,C00998,P0045,ST004,5/25/2025,10,106,0.05,Completed,Mobile Money
S0010270,C00760,P0045,ST003,5/22/2026,9,445,0.2,completed,Mobile Money
S0015270,C00405,P0045,ST018,11/18/2025,5,1027,0,Returned,Bank Transfer
S0018506,C00403,P0045,ST007,2/19/2025,4,1108,0.05,completed,Cash
S0013834,C00442,P0045,ST013,4/9/2025,2,993,0.15,Completed,Card
S0014863,C00693,P0045,ST017,1/21/2025,3,558,0.15,Returned,Cash
S0020025,C00801,P0045,ST016,12/20/2025,4,998,0.1,Returned,Cash
S0017737,C00854,P0164,ST014,3/24/2025,9,202,0.05,completed,Cash
S0017109,C00767,P0045,ST005,2/10/2025,10,621,0.1,Completed,Card
S0016954,C00211,P0045,ST014,11/1/2025,8,1016,0,Cancelled,Cash
S0016332,C00667,P0045,ST019,7/30/2025,2,189,0.2,Cancelled,Cash
S0011435,C00981,P0045,ST001,9/27/2025,10,104,0,Returned,Card
S0015005,C00814,P0045,ST012,2/8/2025,1,790,0.1,Pending,Card
S0012156,C00982,P0045,ST007,1/27/2025,9,1099,0.05,Cancelled,Mobile Money
S0016966,C00313,P0045,ST011,9/6/2025,1,1498,0.05,Pending,Cash
S0012419,C00571,P0164,ST017,4/19/2025,9,426,0.05,Returned,Cash
S0015344,C00748,P0164,ST010,9/18/2025,2,786,0.05,Returned,Card
S0016112,C00426,P0045,ST001,2/17/2026,4,790,0.2,Cancelled,Bank Transfer
S0011358,C00579,P0164,ST014,8/11/2025,4,1144,0,completed,Card
S0014828,C00367,P0164,ST007,9/15/2025,4,1392,0.15,Returned,Cash
S0017902,C00746,P0164,ST011,5/3/2026,4,1491,0.05,Completed,Card
S0014574,C00407,P0164,ST019,11/1/2025,9,677,0,completed,Mobile Money
S0015104,C00684,P0164,ST005,12/23/2025,4,182,0.1,Pending,Cash
S0011463,C00836,P0164,ST015,4/14/2025,1,916,0,completed,Cash
S0017639,C00173,P0164,ST002,2/8/2026,5,842,0.15,Completed,Mobile Money
S0014420,C00905,P0164,ST019,3/24/2026,8,215,0,Cancelled,Card
S0014751,C00483,P0164,ST015,6/15/2025,4,1410,0,Returned,Card
S0010325,C00567,P0164,ST020,11/3/2025,9,1245,0.05,Completed,Bank Transfer
S0010783,C00146,P0045,ST020,2/21/2025,10,734,0.15,Completed,Card
S0018924,C00772,P0164,ST002,7/10/2025,4,613,0.2,completed,Cash
S0013425,C00891,P0164,ST018,5/23/2025,9,1367,0,completed,Bank Transfer
S0018637,C00506,P0164,ST009,1/15/2025,9,1495,0.15,Cancelled,Card
S0016443,C00137,P0164,ST020,8/15/2025,8,149,0,Returned,Cash
S0018115,C00443,P0164,ST008,12/9/2025,10,17,0.15,Completed,Cash
S0016426,C00223,P0164,ST007,12/21/2025,4,898,0.2,Pending,Mobile Money
S0013393,C00394,P0164,ST013,10/15/2025,7,1350,0.15,Pending,Bank Transfer
S0011525,C00749,P0164,ST003,5/5/2025,5,175,0.2,Completed,Mobile Money
S0012593,C00299,P0164,ST014,9/23/2025,2,1297,0.05,Cancelled,Cash
S0010900,C00032,P0164,ST002,2/24/2025,1,269,0.05,Pending,Bank Transfer
S0010894,C00521,P0164,ST007,6/7/2026,7,197,0.05,Completed,Cash
S0014735,C00904,P0164,ST012,6/21/2025,7,209,0.1,completed,Mobile Money
S0016288,C00896,P0164,ST019,1/10/2026,1,310,0.15,Returned,Cash
S0016066,C00911,P0164,ST004,8/7/2025,4,828,0.2,Cancelled,Cash
S0019840,C00264,P0134,ST011,2/13/2025,2,954,0.15,Cancelled,Card
S0019885,C00719,P0134,ST017,6/28/2025,3,22,0.1,Pending,Card
S0016507,C00087,P0134,ST018,2/4/2025,5,1471,0.1,completed,Cash
S0013176,C00846,P0134,ST012,5/6/2026,10,753,0.05,Cancelled,Mobile Money
S0019891,C00444,P0164,ST020,5/28/2025,5,155,0.15,completed,Bank Transfer
S0016345,C00877,P0164,ST015,5/11/2026,5,295,0.05,Pending,Cash
S0018519,C00316,P0164,ST013,5/22/2025,1,571,0.2,Cancelled,Card
S0015999,C00214,P0134,ST019,8/26/2025,2,1196,0.1,Cancelled,Mobile Money
S0011589,C00849,P0164,ST009,3/5/2026,5,791,0.15,Completed,Mobile Money
S0010887,C00018,P0164,ST008,4/4/2025,5,1061,0,Completed,Cash
S0018075,C00640,P0164,ST007,9/24/2025,5,612,0.2,Pending,Card
S0019357,C00856,P0134,ST010,12/14/2025,5,967,0.15,Completed,Card
S0014180,C00096,P0134,ST001,1/13/2025,1,32,0.15,Pending,Bank Transfer
S0010772,C00549,P0164,ST009,6/10/2025,5,237,0.15,Pending,Mobile Money
S0018033,C00570,P0134,ST008,2/18/2025,1,786,0.15,Returned,Cash
S0012326,C00057,P0164,ST009,10/8/2025,1,1418,0,completed,Cash
S0019809,C00540,P0164,ST010,6/15/2025,8,799,0.05,Cancelled,Bank Transfer
S0016824,C00142,P0164,ST018,10/9/2025,2,1362,0,Cancelled,Card
S0011781,C00087,P0164,ST016,10/30/2025,10,522,0,completed,Cash
S0014930,C00836,P0134,ST008,6/10/2026,5,635,0.05,Returned,Card
S0014175,C00556,P0134,ST005,2/21/2025,1,899,0.05,Completed,Bank Transfer
S0019375,C00687,P0164,ST006,6/5/2026,7,170,0.2,Returned,Mobile Money
S0019102,C00976,P0164,ST006,7/17/2026,9,536,0.15,Completed,Cash
S0011519,C00997,P0164,ST020,5/6/2026,5,126,0.15,completed,Card
S0019134,C00685,P0164,ST001,6/7/2026,7,988,0,Cancelled,Card
S0019548,C00637,P0134,ST002,11/5/2025,3,1180,0.15,Pending,Cash
S0012894,C00540,P0134,ST011,11/25/2025,8,1193,0.2,Completed,Card
S0010184,C00975,P0134,ST006,7/24/2026,6,1317,0,Pending,Mobile Money
S0010203,C00068,P0134,ST016,6/12/2025,5,1417,0.1,Pending,Card
S0010247,C00006,P0164,ST006,11/3/2025,10,861,0,Completed,Bank Transfer
S0013243,C00264,P0134,ST020,7/23/2025,3,1096,0.15,Pending,Cash
S0016893,C00928,P0164,ST008,4/24/2026,8,411,0,Pending,Cash
S0010807,C00073,P0134,ST016,3/10/2026,2,1402,0.15,Completed,Card
S0015029,C00701,P0134,ST011,6/10/2025,9,1458,0,Pending,Mobile Money
S0013951, C00853 ,P0134,ST004,4/10/2026,4,757,0,Returned,Cash
S0010933,C00117,P0164,ST006,11/30/2025,8,1391,0.2,completed,Cash
S0015587,C00364,P0134,ST013,9/10/2025,3,1203,0.2,Pending,Card
S0010069,C00703,P0164,ST004,3/31/2026,2,746,0.1,Completed,Card
S0011444,C00566,P0164,ST004,10/25/2025,6,397,0.1,Returned,Bank Transfer
S0014345,C00786,P0164,ST011,5/29/2026,7,737,0.15,Returned,Mobile Money
S0013433,C00746,P0164,ST012,4/13/2025,5,182,0.05,Cancelled,Cash
S0018314,C00297,P0134,ST012,10/3/2025,4,86,0,Completed,Cash
S0016594,C00938,P0164,ST006,4/6/2025,6,848,0,Returned,Cash
S0017803,C00876,P0164,ST012,11/8/2025,5,1181,0.15,completed,Card
S0014136,C00505,P0134,ST014,2/1/2026,4,315,0,Returned,Bank Transfer
S0012879,C00815,P0164,ST009,6/26/2025,2,1212,0,Completed,Bank Transfer
S0013591,C00513,P0164,ST019,5/29/2025,1,256,0.1,Completed,Card
S0018456,C00072,P0134,ST012,5/8/2026,7,1407,0.05,Cancelled,Mobile Money
S0010419,C00832,P0134,ST017,6/3/2025,10,482,0.05,Cancelled,Bank Transfer
S0012550,C00521,P0134,ST013,7/1/2026,2,71,0.2,Returned,Bank Transfer
S0013967,C00752,P0134,ST006,5/20/2025,3,598,0.2,completed,Card
S0017765,C00445,P0134,ST001,11/2/2025,8,406,0,Completed,Card
S0018720,C00172,P0134,ST002,6/25/2025,8,999,0.15,completed,Card
S0012617,C00270,P0134,ST020,3/9/2026,2,1,0.1,Pending,Card
S0013892,C00455,P0134,ST013,8/14/2025,1,475,0.15,Returned,Card
S0015321,C00553,P0134,ST011,4/14/2025,3,35,0,Returned,Cash
S0018043,C00597,P0134,ST013,9/5/2025,1,1357,0.05,completed,Bank Transfer
S0011057,C00318,P0134,ST010,5/13/2025,4,1041,0.2,Completed,Card
S0017106,C00490,P0164,ST018,10/18/2025,6,1380,0.05,completed,Card
S0014610,C00072,P0008,ST018,3/24/2025,6,419,0.2,completed,Bank Transfer
S0019691,C00663,P0134,ST001,3/27/2026,10,486,0.2,Pending,Card
S0015033,C99999,P0134,ST015,7/18/2025,8,1241,0.05,Returned,Card
S0012832,C00056,P0164,ST017,2/21/2026,8,549,0.1,completed,Mobile Money
S0015698,C00056,P0164,ST017,2/21/2026,4,360,0.1,completed,Mobile Money
S0018512,C00898,P0134,ST008,2/27/2026,8,640,0.1,Pending,Card
S0011871,C00872,P0134,ST015,4/8/2026,3,600,0.2,Completed,Cash
S0017053,C00454,P0134,ST006,6/15/2025,4,270,0.05,completed,Bank Transfer
S0017033,C00368,P0134,ST020,11/2/2025,6,155,0.05,Completed,Card
S0012595,C00346,P0134,ST001,2/24/2025,3,1128,0.2,Completed,Card
S0010640,C00623,P0134,ST015,7/17/2026,3,887,0.2,Completed,Mobile Money
S0010905,C00108,P0134,ST019,5/26/2025,8,235,0.15,Pending,Cash
S0018968,C00065,P0134,ST004,5/19/2025,1,1275,0.15,Cancelled,Cash
S0013432,C00642,P0134,ST010,11/23/2025,7,1185,0.05,Completed,Cash
S0016006,C00670,P0134,ST009,5/30/2026,6,1312,0.2,Returned,Cash
S0014088,C00250,P0134,ST014,11/1/2025,7,403,0,Completed,Mobile Money
S0016171,C00973,P0134,ST004,5/4/2026,1,699,0.15,Completed,Card
S0020008,C00418,P0164,ST009,8/6/2025,2,956,0.05,completed,Card
S0015675,C00749,P0134,ST010,10/28/2025,10,1315,0.1,completed,Card
S0017653,C00609,P0134,ST013,3/2/2025,9,1082,0.05,Cancelled,Cash
S0017468,C00821,P0134,ST018,12/23/2025,3,583,0.1,Cancelled,Bank Transfer
S0012205,C00191,P0134,ST009,6/24/2026,7,411,0.05,Cancelled,Bank Transfer
S0012753,C00746,P0008,ST008,7/3/2025,5,229,0.05,Pending,Bank Transfer
S0019920,C00848,P0008,ST003,1/16/2025,5,907,0.2,completed,Cash
S0019888,C00820,P0134,ST015,3/18/2026,1,84,0.15,completed,Cash
S0014068,C00535,P0134,ST013,12/1/2025,5,1478,0,Returned,Bank Transfer
S0010183,C00889,P0008,ST004,5/14/2026,5,876,0.15,completed,Card
S0015027,C00281,P0008,ST012,5/24/2026,1,62,0.2,Cancelled,Card
S0019882,C00672,P0008,ST009,12/24/2025,4,1381,0.15,Pending,Bank Transfer
S0015053,C00121,P0134,ST013,4/19/2026,3,1386,0.05,Pending,Cash
S0019820,C00738,P0008,ST003,3/30/2026,6,105,0.15,Cancelled,Card
S0014045,C00047,P0008,ST011,7/3/2025,1,511,0.1,Pending,Mobile Money
S0014351,C00964,P0008,ST002,1/6/2026,10,335,0,Cancelled,Card
S0013504,C00346,P0008,ST010,7/24/2026,8,326,0,Cancelled,Bank Transfer
S0014535,C00623,P0008,ST017,6/26/2026,7,587,0.05,Pending,Bank Transfer
S0016851,C00001,P0008,ST015,3/22/2025,5,1426,0.05,Cancelled,Card
S0010512,C00583,P0008,ST019,4/23/2026,5,836,0,Pending,Mobile Money
S0019185,C00989,P0008,ST015,7/6/2025,10,691,0.2,Cancelled,Cash
S0014851,C00149,P0008,ST019,7/4/2026,10,582,0.2,completed,Mobile Money
S0011014,C00828,P0008,ST020,7/17/2026,3,24,0.2,Pending,Cash
S0010273,C00163,P0008,ST006,1/6/2026,3,957,0.1,Cancelled,Cash
S0018370,C00869,P0008,ST008,3/5/2026,7,516,0.15,Completed,Mobile Money
S0014241,C00839,P0008,ST020,4/13/2025,3,722,0,Completed,Cash
S0015812,C00374,P0008,ST019,7/29/2025,2,80,0.2,Cancelled,Mobile Money
S0015112,C00743,P0008,ST019,8/8/2025,4,574,0.2,Completed,Mobile Money
S0010339,C00390,P0008,ST012,9/9/2025,9,1200,0,completed,Bank Transfer
S0016794,C00924,P0008,ST014,6/6/2026,9,943,0.05,Returned,Mobile Money
S0018938,C00801,P0008,ST018,2/22/2026,5,1126,0,completed,Bank Transfer
S0019847,C00710,P0008,ST007,6/28/2026,3,158,0.1,Completed,Bank Transfer
S0018522,C00229,P0008,ST003,4/23/2026,1,119,0.1,Pending,Card
S0011056,C00379,P0008,ST004,6/23/2025,9,395,0.15,Cancelled,Cash
S0011546,C00334,P0008,ST008,7/14/2026,9,256,0.1,Returned,Bank Transfer
S0012685,C00073,P0008,ST015,3/18/2026,9,23,0.05,Returned,Card
S0018507,C00895,P0008,ST002,9/1/2025,10,221,0.15,Pending,Mobile Money
S0018403,C00851,P0008,ST009,1/22/2026,6,904,0.1,Cancelled,Card
S0012164,C00555,P0008,ST009,3/3/2025,5,38,0.2,Returned,Mobile Money
S0013649,C00741,P0008,ST005,3/7/2026,6,1052,0.05,Cancelled,Mobile Money
S0017883,C00258,P0008,ST007,4/7/2025,10,944,0.2,Returned,Mobile Money
S0010100,C00641,P0008,ST009,1/20/2025,2,1204,0.1,Returned,Mobile Money
S0018195,C00895,P0008,ST020,4/3/2025,8,1199,0,completed,Card
S0015277,C00226,P0008,ST014,9/7/2025,9,738,0.2,Cancelled,Cash
S0010988,C00304,P0008,ST015,11/19/2025,4,1235,0.15,Cancelled,Bank Transfer
S0016898,C00254,P0008,ST007,9/24/2025,9,947,0.2,Returned,Card
S0010446,C00888,P0008,ST001,3/11/2026,5,969,0.2,Returned,Mobile Money
S0016526,C00247,P0008,ST016,3/7/2026,3,465,0.15,completed,Cash
S0016835,C00957,P0008,ST015,7/10/2025,1,963,0.2,Completed,Card
S0013114,C00997,P0008,ST003,8/26/2025,5,38,0.05,completed,Card
S0016911,C00040,P0008,ST010,9/25/2025,4,21,0.2,Pending,Mobile Money
S0018966,C00007,P0008,ST020,5/2/2026,4,966,0.05,Cancelled,Cash
S0014484,C00067,P0008,ST017,8/19/2025,6,89,0.1,Returned,Cash
S0014421,C00755,P0008,ST009,5/21/2026,4,193,0.1,Returned,Bank Transfer
S0011185,C00116,P0008,ST018,2/14/2026,7,524,0.2,Cancelled,Mobile Money
S0016955,C00011,P0008,ST005,4/12/2025,1,680,0,Pending,Card
S0016404,C00837,P0008,ST008,2/3/2026,10,699,0.15,Cancelled,Mobile Money
S0010998,C00271,P0036,ST018,5/26/2025,5,1037,0,Completed,Card
S0010081,C00109,P0036,ST012,3/25/2025,10,1087,0.2,Pending,Card
S0016041,C00789,P0036,ST003,2/12/2026,7,1348,0.15,completed,Mobile Money
S0010249,C00504,P0036,ST012,11/10/2025,7,1111,0.05,Completed,Bank Transfer
S0010992,C00472,P0036,ST005,12/12/2025,4,163,0,Pending,Cash
S0019447,C00223,P0036,ST005,2/26/2025,3,930,0.05,Completed,Cash
S0015242,C00728,P0036,ST006,9/15/2025,2,1342,0.15,Cancelled,Mobile Money
S0014197,C00094,P0036,ST013,2/21/2025,2,532,0,Cancelled,Cash
S0011712,C00036,P0036,ST013,8/22/2025,4,1442,0.05,completed,Mobile Money
S0019203,C00036,P0036,ST013,8/22/2025,9,1072,0.05,completed,Mobile Money
S0019024,C00950,P0040,ST002,5/24/2025,8,1193,0.1,Returned,Card
S0018989,C00049,P0036,ST011,7/15/2025,8,5,0.05,completed,Card
S0018077,C00196,P0036,ST010,2/14/2026,3,147,0.2,completed,Bank Transfer
S0011978,C00025,P0036,ST010,10/17/2025,1,187,0.05,completed,Bank Transfer
S0013319,C00849,P0036,ST017,9/20/2025,8,910,0.15,Returned,Cash
S0010550,C00824,P0036,ST010,1/4/2025,6,257,0.05,Cancelled,Card
S0012704,C00698,P0036,ST007,4/8/2026,9,773,0,Cancelled,Mobile Money
S0017928,C00800,P0036,ST007,4/29/2026,4,473,0.2,Pending,Cash
S0013797,C00133,P0036,ST002,7/19/2025,8,102,0.05,completed,Mobile Money
S0014145,C00506,P0036,ST011,2/28/2025,5,1075,0.05,Completed,Card
S0014441,C00022,P0036,ST002,6/27/2026,3,1010,0,Completed,Cash
S0017804,C00846,P0036,ST003,10/5/2025,5,908,0.15,Returned,Cash
S0015870,C00733,P0036,ST018,3/21/2025,4,1315,0.2,Returned,Cash
S0013643,C00892,P0036,ST020,2/7/2025,3,1323,0,Cancelled,Bank Transfer
S0015706,C00571,P0036,ST005,8/29/2025,9,1210,0.1,completed,Mobile Money
S0019286,C00602,P0036,ST016,3/15/2026,10,394,0.15,Completed,Bank Transfer
S0019962,C00154,P0036,ST008,1/20/2025,10,631,0.15,Pending,Card
S0012067,C00785,P0036,ST003,9/4/2025,9,114,0.05,Completed,Card
S0016302,C00939,P0036,ST011,1/21/2025,9,1221,0.05,Returned,Bank Transfer
S0012646,C00402,P0036,ST020,5/2/2026,9,996,0,Completed,Mobile Money
S0013706,C00612,P0040,ST003,11/28/2025,8,1405,0.05,Pending,Bank Transfer
S0012902,C00685,P0036,ST002,12/10/2025,2,150,0.15,Returned,Mobile Money
S0010135,C00775,P0036,ST019,7/19/2026,8,953,0.05,completed,Mobile Money
S0011005,C00702,P0036,ST016,1/22/2025,10,335,0.05,Completed,Bank Transfer
S0019034,C00866,P0036,ST008,3/12/2025,10,691,0.15,Completed,Cash
S0018787,C00976,P0036,ST003,2/7/2026,5,478,0.2,Returned,Cash
S0015552,C00486,P0036,ST004,6/18/2025,8,1146,0.05,completed,Mobile Money
S0011497,C00979,P0036,ST003,5/29/2025,2,502,0.2,Pending,Cash
S0010480,C00023,P0036,ST001,2/20/2025,7,45,0.2,completed,Card
S0019311,C00722,P0036,ST005,10/2/2025,4,329,0,Returned,Card
S0016304,C00241,P0036,ST005,4/15/2026,1,1414,0.1,Returned,Card
S0015214,C00787,P0040,ST016,3/6/2026,6,1331,0.05,Cancelled,Mobile Money
S0013506,C00569,P0036,ST002,9/11/2025,7,875,0,completed,Cash
S0015212,C00934,P0036,ST020,1/18/2026,1,306,0,Pending,Mobile Money
S0012369,C00478,P0036,ST017,12/23/2025,3,1060,0,completed,Bank Transfer
S0019806,C00112,P0040,ST020,4/25/2026,8,201,0.1,completed,Cash
S0014649,C00264,P0036,ST004,6/16/2026,6,35,0,completed,Cash
S0012091,C00387,P0040,ST013,8/28/2025,2,1250,0.1,Pending,Mobile Money
S0012768,C00739,P0040,ST012,1/20/2026,3,1362,0.2,Returned,Mobile Money
S0017067,C00788,P0040,ST013,4/29/2026,1,51,0.2,Completed,Card
S0011925,C00934,P0036,ST005,10/27/2025,3,1386,0.2,Completed,Card
S0014425,C00358,P0040,ST011,7/23/2026,6,664,0.2,Cancelled,Bank Transfer
S0018285,C00578,P0036,ST004,6/13/2026,9,382,0.15,Pending,Card
S0015506,C00300,P0040,ST011,7/20/2025,4,442,0.1,completed,Card
S0013717,C00903,P0036,ST005,7/8/2025,3,1225,0.1,completed,Cash
S0013816,C00731,P0040,ST017,2/4/2025,3,334,0.2,Returned,Bank Transfer
S0011209,C00111,P0040,ST012,7/17/2026,6,127,0.2,completed,Cash
S0014978,C00540,P0040,ST004,12/10/2025,9,453,0.1,Pending,Bank Transfer
S0013032,C00506,P0036,ST011,7/18/2026,10,706,0.05,Completed,Mobile Money
S0011101,C00883,P0040,ST016,4/20/2026,7,1007,0,completed,Cash
S0019041,C00721,P0036,ST014,7/11/2025,1,486,0.15,Pending,Mobile Money
S0018932,C00526,P0040,ST013,2/1/2025,2,1037,0,Returned,Bank Transfer
S0018180,C00164,P0040,ST019,3/4/2026,7,225,0.1,Completed,Card
S0011275,C00953,P0040,ST011,6/10/2025,4,650,0.2,Returned,Card
S0017496,C00403,P0040,ST010,5/24/2026,8,455,0,Cancelled,Bank Transfer
S0014527,C00985,P0040,ST007,2/9/2026,10,970,0.05,Pending,Card
S0014024,C00126,P0040,ST003,1/1/2025,7,737,0,Pending,Card
S0012403,C00419,P0040,ST013,2/28/2026,3,444,0.05,Completed,Mobile Money
S0013259,C00290,P0040,ST001,10/17/2025,9,1182,0.05,completed,Bank Transfer
S0016462,C00939,P0040,ST015,2/18/2025,3,545,0.15,Completed,Card
S0012835,C00022,P0040,ST002,5/27/2025,1,1007,0.2,Returned,Cash
S0015570,,P0040,ST015,6/26/2026,8,1085,0.2,Returned,Bank Transfer
S0015827,C00386,P0040,ST001,3/1/2025,2,844,0.1,Returned,Mobile Money
S0015323,C00589,P0040,ST016,2/26/2025,1,103,0,Completed,Bank Transfer
S0016290,C00877,P0040,ST013,9/25/2025,9,56,0.2,Cancelled,Card
S0019080,C00548,P0040,ST002,4/11/2025,5,112,0.05,Completed,Bank Transfer
S0014524,C00549,P0040,ST018,5/31/2026,7,1400,0,Cancelled,Mobile Money
S0011841,C00887,P0040,ST001,9/13/2025,4,800,0.05,Pending,Mobile Money
S0013884,C00891,P0040,ST016,8/5/2025,10,542,0.1,Returned,Mobile Money
S0010455,C00041,P0040,ST009,4/20/2026,3,517,0.15,Pending,Cash
S0019278,C00750,P0040,ST006,5/6/2025,9,854,0.05,Returned,Cash
S0016571,C00232,P0040,ST001,6/28/2026,7,525,0.05,Completed,Card
S0015028,C00405,P0040,ST002,11/18/2025,4,931,0.2,completed,Cash
S0018443,C00783,P0040,ST018,8/7/2025,8,1467,0.2,Completed,Mobile Money
S0013480,C00032,P0040,ST019,11/4/2025,4,1436,0.2,completed,Card
S0012503,C00025,P0040,ST008,4/16/2026,6,1191,0,completed,Mobile Money
S0012658,C00394,P0040,ST011,6/4/2026,2,1428,0.15,Completed,Mobile Money
S0017222,C00346,P0040,ST019,1/26/2026,4,598,0.15,Cancelled,Cash
S0010424,C00362,P0040,ST007,4/7/2026,7,636,0.05,completed,Bank Transfer
S0010032,C00520,P0040,ST011,5/9/2026,3,381,0.05,Completed,Cash
S0015433,C00539,P0040,ST016,12/26/2025,7,1337,0.2,Returned,Mobile Money
S0011008,C00094,P0157,ST012,7/27/2025,7,492,0.2,Pending,Bank Transfer
S0019510,C00030,P0040,ST018,7/28/2025,2,1005,0.1,completed,Mobile Money
S0011710,C00849,P0040,ST004,3/28/2026,6,856,0.05,completed,Cash
S0016453,C00640,P0040,ST001,9/29/2025,4,1217,0,Returned,Card
S0018864,C99999,P0157,ST008,8/31/2025,7,189,0.05,completed,Cash
S0013117,C00892,P0040,ST002,7/7/2025,3,1447,0.15,completed,Cash
S0016871,C00337,P0040,ST007,8/15/2025,7,240,0.2,Pending,Cash
S0011824,C00689,P0040,ST001,4/12/2026,7,700,0.05,completed,Cash
S0018551,C99999,P0157,ST003,6/14/2026,9,528,0,Cancelled,Mobile Money
S0017290,C00276,P0040,ST014,11/21/2025,2,390,0.05,Cancelled,Card
S0019986,C00518,P0157,ST004,1/2/2025,1,1455,0.05,completed,Card
S0016457,C00879,P0040,ST002,5/8/2026,10,427,0,Completed,Card
S0013978,C00524,P0040,ST001,3/8/2025,10,611,0.2,Completed,Mobile Money
S0014025,C00956,P0040,ST011,2/17/2026,5,448,0.05,completed,Mobile Money
S0012217,C00950,P0040,ST008,11/25/2025,5,311,0.1,completed,Mobile Money
S0016923,C00779,P0157,ST008,1/29/2026,4,1350,0.15,Cancelled,Cash
S0015121,C00804,P0157,ST006,7/4/2026,1,490,0.1,Returned,Mobile Money
S0017779,C00435,P0103,ST016,7/15/2025,8,247,0,completed,Card
S0016590,C00315,P0040,ST008,2/18/2026,8,1218,0.15,Completed,Mobile Money
S0012449,C00214,P0131,ST020,8/4/2025,7,400,0.2,Pending,Bank Transfer
S0018276,C00584,P0131,ST014,8/29/2025,9,608,0,Pending,Bank Transfer
S0010050,C00592,P0135,ST014,12/24/2025,10,950,0.2,completed,Mobile Money
S0017079,C00979,P0131,ST008,5/12/2025,7,531,0.05,completed,Mobile Money
S0019231,C00706,P0131,ST014,3/3/2025,3,425,0.2,Completed,Cash
S0010265,C00429,P0135,ST008,12/7/2025,3,451,0.15,completed,Card
S0010413,C00006,P0131,ST004,1/8/2025,10,1466,0,Cancelled,Card
S0014376,C00310,P0157,ST011,4/13/2026,2,1106,0.1,Completed,Bank Transfer
S0015722,C00998,P0157,ST005,2/13/2025,7,340,0.1,Returned,Card
S0016532,C00221,P0157,ST003,9/16/2025,4,1371,0.1,Pending,Cash
S0019145,C00257,P0135,ST007,2/13/2025,2,1126,0.15,Cancelled,Bank Transfer
S0013912,C00533,P0157,ST002,6/18/2026,3,212,0.05,completed,Cash
S0014474,C00640,P0131,ST017,10/28/2025,8,62,0.15,Cancelled,Mobile Money
S0018803,C00576,P0135,ST013,3/16/2026,3,936,0,Pending,Cash
S0016468,C00888,P0157,ST015,10/5/2025,4,1205,0.15,Returned,Bank Transfer
S0010109,C00823,P0135,ST007,9/8/2025,6,0,0.2,Completed,Mobile Money
S0015364,C00295,P0135,ST009,11/15/2025,5,132,0.05,Pending,Card
S0012695,C00980,P0131,ST016,7/5/2025,6,712,0.2,Returned,Card
S0011778,C00325,P0157,ST006,7/13/2026,3,448,0.15,completed,Bank Transfer
S0019504,C00646,P0157,ST019,12/26/2025,5,1448,0,Completed,Mobile Money
S0013459,C00462,P0135,ST002,2/3/2026,10,1065,0,Cancelled,Card
S0012317,C00608,P0103,ST011,5/26/2026,10,340,0.2,Cancelled,Card
S0014156,C00279,P0135,ST006,2/26/2025,2,601,0.05,Cancelled,Card
S0016349,C00189,P0131,ST011,2/8/2025,4,1262,0.1,Pending,Bank Transfer
S0013644,C00382,P0157,ST001,3/9/2026,9,1349,0.15,Pending,Bank Transfer
S0017148,C00866,P0157,ST004,11/9/2025,3,453,0.15,Returned,Mobile Money
S0012448,C00468,P0131,ST011,7/28/2025,5,347,0.2,Cancelled,Mobile Money
S0015896,C00222,P0157,ST007,7/25/2025,3,582,0.15,Completed,Mobile Money
S0015592,C00656,P0157,ST010,4/18/2025,5,1495,0.05,Completed,Card
S0011528,C00498,P0157,ST006,6/9/2025,9,923,0.15,Cancelled,Card
S0010793,C00778,P0135,ST003,6/18/2025,9,133,0.15,Returned,Mobile Money
S0018990,C00081,P0131,ST008,1/20/2026,9,1262,0.1,completed,Bank Transfer
S0019716,C00923,P0157,ST004,10/25/2025,1,570,0,Pending,Card
S0011170,C00525,P0135,ST011,3/27/2026,3,694,0.15,completed,Cash
S0012339,C00433,P0131,ST011,5/3/2026,10,288,0.15,Returned,Cash
S0010119,C00417,P0131,ST013,9/18/2025,1,770,0.05,Completed,Cash
S0011658,C00833,P0157,ST003,7/2/2026,8,197,0.15,Pending,Card
S0015583,C00832,P0157,ST009,2/24/2025,1,388,0,completed,Cash
S0018098,C00878,P0131,ST001,5/26/2025,10,345,0.15,Returned,Card
S0014132,C00485,P0157,ST014,2/17/2026,10,658,0.15,Completed,Mobile Money
S0016797,C00487,P0157,ST009,5/6/2025,10,16,0.05,Completed,Card
S0019812,C00985,P0131,ST018,6/28/2026,2,815,0.2,Returned,Bank Transfer
S0017943,C00257,P0131,ST008,7/12/2025,4,340,0.2,Pending,Cash
S0014205,C00387,P0131,ST004,3/24/2026,4,828,0.2,Returned,Card
S0011411,C00866,P0157,ST008,12/2/2025,9,1032,0.05,Pending,Mobile Money
S0011737,C00831,P0157,ST014,1/30/2025,9,541,0.1,Completed,Card
S0018716,C00901,P0135,ST007,2/18/2026,7,984,0.05,Cancelled,Bank Transfer
S0010579,C00955,P0157,ST014,9/29/2025,10,452,0.15,Returned,Bank Transfer
S0017445,C00319,P0157,ST010,4/14/2025,5,1076,0.05,completed,Card
S0013010,C00238,P0135,ST003,4/22/2026,2,366,0.15,Returned,Bank Transfer
S0017647,C00769,P0157,ST006,11/5/2025,3,1307,0.1,Cancelled,Bank Transfer
S0011362,C00062,P0103,ST004,6/9/2025,10,816,0.15,Cancelled,Bank Transfer
S0016396,C00648,P0103,ST016,7/24/2025,2,236,0.2,Pending,Cash
S0012908,C00200,P0157,ST018,10/2/2025,9,1185,0.05,Cancelled,Card
S0018408,C00492,P0131,ST014,2/19/2025,6,1076,0.2,Pending,Mobile Money
S0019089,C00638,P0135,ST012,3/27/2025,4,872,0.05,Cancelled,Cash
S0014117,C00274,P0131,ST014,6/6/2026,4,172,0,Pending,Cash
S0013758,C00805,P0135,ST004,1/25/2025,4,807,0,Cancelled,Cash
S0015095,C00158,P0157,ST001,9/28/2025,2,463,0,completed,Bank Transfer
S0013551,C00844,P0131,ST017,9/6/2025,9,763,0.05,completed,Bank Transfer
S0014831,C00307,P0131,ST005,7/12/2026,4,767,0,Completed,Mobile Money
S0017001,C00892,P0157,ST018,7/30/2026,2,1364,0.15,Returned,Card
S0018591,C00938,P0157,ST015,3/6/2025,3,416,0.1,Pending,Bank Transfer
S0019988,C00415,P0131,ST011,2/13/2025,10,302,0,completed,Bank Transfer
S0014845,C00705,P0157,ST009,6/2/2026,3,505,0.1,completed,Card
S0015023,C00300,P0131,ST014,6/19/2026,4,1286,0.05,Pending,Mobile Money
S0019744,C00481,P0131,ST002,1/6/2026,9,1135,0,Cancelled,Bank Transfer
S0014534,C00865,P0157,ST002,4/19/2026,3,1481,0.15,completed,Bank Transfer
S0013205,C00155,P0135,ST013,2/18/2025,1,968,0.15,Cancelled,Card
S0019696,C00049,P0131,ST003,3/8/2026,6,698,0,Pending,Cash
S0011523,C00924,P0135,ST014,9/13/2025,6,145,0.15,Completed,Bank Transfer
S0011599,C00416,P0131,ST004,10/26/2025,3,1189,0,Cancelled,Mobile Money
S0017510,C00761,P0157,ST004,2/3/2025,1,150,0.05,Cancelled,Cash
S0015674,C00142,P0135,ST013,7/14/2026,7,797,0,completed,Bank Transfer
S0012859,C00063,P0157,ST009,1/27/2026,6,307,0.2,Pending,Mobile Money
S0016855,C00878,P0103,ST013,7/13/2026,8,977,0.15,Returned,Mobile Money
S0014573,C00424,P0103,ST014,6/9/2025,1,325,0.1,completed,Cash
S0019626,C00539,P0131,ST020,7/2/2025,5,372,0.15,Returned,Bank Transfer
S0013430,C00156,P0135,ST018,6/16/2026,10,966,0.05,completed,Card
S0015609,C00659,P0131,ST005,10/2/2025,8,663,0.2,Returned,Bank Transfer
S0013098,C00180,P0131,ST001,1/12/2025,2,758,0,completed,Cash
S0013437,C00266,P0135,ST014,10/9/2025,1,916,0.1,Returned,Cash
S0018331,C00756,P0157,ST016,10/16/2025,7,759,0,Pending,Bank Transfer
S0019343,C00732,P0135,ST012,6/5/2025,8,257,0.15,Cancelled,Cash
S0018715,C00753,P0157,ST002,12/15/2025,7,387,0.15,Returned,Mobile Money
S0015867,C00633,P0135,ST001,2/21/2026,3,362,0.2,completed,Card
S0017221,C00201,P0157,ST020,1/5/2026,5,1487,0.15,Pending,Card
S0018426,C00980,P0157,ST010,6/9/2025,2,905,0,Returned,Card
S0014687,C00968,P0135,ST006,9/9/2025,6,1335,0.2,Cancelled,Bank Transfer
S0013858,C00096,P0157,ST013,7/23/2026,4,674,0,Returned,Mobile Money
S0017121,C00525,P0103,ST008,12/21/2025,6,111,0.05,completed,Mobile Money
S0019781,C00412,P0131,ST018,1/14/2026,4,1264,0.15,completed,Bank Transfer
S0013483,C00672,P0131,ST006,5/30/2026,10,1172,0,Cancelled,Mobile Money
S0010409,C00288,P0131,ST003,3/13/2025,10,1432,0.05,Pending,Bank Transfer
S0017235,C00277,P0157,ST011,10/1/2025,5,1332,0.2,Pending,Cash
S0017641,C00295,P0131,ST016,6/19/2026,9,760,0.15,Completed,Bank Transfer
S0019965,C00582,P0135,ST012,6/30/2026,3,560,0,Returned,Card
S0016398,C00721,P0135,ST003,7/26/2026,3,292,0.1,Completed,Cash
S0018830,C00991,P0131,ST018,8/14/2025,8,1042,0.05,Pending,Mobile Money
S0015601,C00873,P0135,ST012,7/23/2025,9,834,0.15,Cancelled,Bank Transfer
S0017992,C00332,P0131,ST020,12/11/2025,1,694,0.15,Pending,Bank Transfer
S0010364,C00830,P0103,ST004,10/30/2025,3,130,0.1,Pending,Bank Transfer
S0017646,C00205,P0157,ST018,1/24/2026,1,1245,0.05,Cancelled,Cash
S0011806,C00633,P0131,ST017,4/29/2025,10,1276,0,Returned,Mobile Money
S0016192,C00749,P0103,ST010,1/3/2026,4,548,0,Pending,Card
S0016442,C00592,P0157,ST020,7/2/2026,1,743,0.05,Completed,Cash
S0010195,C00510,P0103,ST017,1/19/2026,7,25,0.1,Pending,Bank Transfer
S0015349,C00032,P0103,ST005,1/31/2026,3,338,0.2,Pending,Cash
S0010451,C00198,P0103,ST005,1/31/2025,5,1325,0,completed,Mobile Money
S0018539,C00880,P0103,ST005,5/11/2025,7,302,0.1,Returned,Bank Transfer
S0016311,C00329,P0103,ST005,1/27/2026,9,860,0,Pending,Bank Transfer
S0018310,C00962,P0131,ST004,2/22/2025,5,926,0.15,Completed,Mobile Money
S0012760,C00186,P0157,ST006,3/9/2026,5,1301,0.2,Cancelled,Cash
S0010084,C00422,P0135,ST007,7/6/2025,8,1018,0.1,completed,Cash
S0012949,C00894,P0131,ST006,4/18/2025,1,180,0.05,Completed,Mobile Money
S0011169,C00139,P0157,ST017,2/11/2025,4,954,0,Completed,Bank Transfer
S0014435,C00103,P0157,ST008,4/5/2025,7,1463,0.05,Pending,Card
S0016464,C00728,P0064,ST012,9/18/2025,9,931,0.1,Returned,Bank Transfer
S0014298,C00224,P0103,ST005,4/12/2026,3,561,0.05,Pending,Bank Transfer
S0016122,C00269,P0135,ST015,6/7/2025,9,1484,0.2,Returned,Bank Transfer
S0014478,C00754,P0135,ST014,3/3/2026,1,1394,0.1,Pending,Cash
S0010492,C00936,P0157,ST006,11/30/2025,9,140,0.05,completed,Mobile Money
S0013007,C00357,P0103,ST013,2/15/2025,6,525,0.15,Pending,Card
S0015427,C00813,P0135,ST013,7/28/2025,7,743,0.15,completed,Cash
S0014720,C00493,P0103,ST011,8/30/2025,6,627,0.15,Completed,Mobile Money
S0013514,C00208,P0157,ST004,11/1/2026,1,83,0.05,Pending,Cash
S0017261,C00588,P0103,ST001,4/3/2025,8,1143,0.15,Returned,Cash
S0011094,C00888,P0103,ST010,6/29/2026,2,273,0.05,completed,Cash
S0012711,C00254,P0135,ST010,5/2/2026,6,834,0.2,Cancelled,Mobile Money
S0017423,C00485,P0103,ST001,5/30/2026,3,1488,0.15,Completed,Bank Transfer
S0017616,C00591,P0103,ST009,1/30/2025,3,711,0,completed,Cash
S0011656,C00644,P0103,ST003,4/18/2026,9,926,0.1,Cancelled,Cash
S0017485,C00530,P0157,ST013,7/2/2026,7,982,0.2,Returned,Bank Transfer
S0012464,C00400,P0131,ST016,3/27/2026,2,1111,0.1,completed,Bank Transfer
S0019071,C00487,P0157,ST020,1/8/2025,1,386,0.05,Cancelled,Cash
S0011028,C00704,P0157,ST016,6/7/2026,8,993,0,Completed,Cash
S0016231,C00401,P0135,ST012,3/29/2026,2,567,0,Returned,Bank Transfer
S0010427,C00237,P0064,ST013,2/26/2025,5,989,0,completed,Mobile Money
S0013507,C00359,P0103,ST004,6/14/2026,7,1001,0.2,Cancelled,Bank Transfer
S0016589,C00615,P0103,ST005,6/9/2026,9,1332,0.1,Cancelled,Cash
S0012907,C00345,P0135,ST003,2/28/2025,2,233,0,Returned,Bank Transfer
S0011848,C00380,P0064,ST016,11/8/2025,8,871,0.2,Cancelled,Bank Transfer
S0015244,C00943,P0103,ST003,8/6/2025,2,1056,0,Pending,Card
S0015990,C00218,P0103,ST012,4/15/2026,6,1017,0.15,Returned,Card
S0014752,C00934,P0103,ST002,3/31/2025,9,1325,0.15,completed,Card
S0018721,C00489,P0103,ST010,5/11/2026,3,915,0,Pending,Card
S0015582,C00155,P0103,ST008,5/15/2025,5,561,0.2,Completed,Bank Transfer
S0016189,C00024,P0064,ST019,7/3/2026,6,872,,completed,Card
S0014296,C00378,P0135,ST005,2/15/2026,10,1115,0.2,Completed,Mobile Money
S0019437,C00597,P0064,ST008,5/30/2026,7,1325,0.15,Completed,Bank Transfer
S0010823,C00594,P0103,ST008,4/4/2025,1,1197,0.1,Cancelled,Cash
S0014155,C00262,P0103,ST012,9/27/2025,1,435,0.2,Completed,Bank Transfer
S0019750,C00428,P0064,ST017,12/31/2025,7,938,0.1,Pending,Cash
S0013948,C00377,P0103,ST004,9/18/2025,4,1431,0.2,Completed,Mobile Money
S0014599,C00550,P0135,ST008,12/1/2025,2,111,0,Returned,Card
S0011491,C00348,P0103,ST011,2/18/2026,2,768,0,Returned,Mobile Money
S0017523,C00184,P0064,ST015,4/28/2026,3,415,0.05,completed,Bank Transfer
S0014803,C00833,P0103,ST006,6/25/2026,3,827,0.05,Cancelled,Bank Transfer
S0017477,C00005,P0135,ST004,7/23/2025,1,27,0.05,Pending,Bank Transfer
S0015392,C00665,P0103,ST015,8/20/2025,7,168,0.15,Returned,Card
S0018483,C00801,P0064,ST008,7/29/2025,8,938,0.05,completed,Cash
S0014539,C00244,P0103,ST004,5/12/2025,1,1414,0.05,Returned,Cash
S0015981,C00004,P0131,ST008,7/21/2026,8,461,0.05,completed,Bank Transfer
S0010991,C00621,P0157,ST006,8/25/2025,6,1321,0.05,Completed,Mobile Money
S0012727,C00582,P0135,ST001,10/1/2025,8,1239,0.05,Pending,Mobile Money
S0014950,C00289,P0131,ST011,8/9/2025,6,757,0.15,Pending,Mobile Money
S0013653,C00039,P0103,ST019,10/20/2025,4,74,0.15,Returned,Cash
S0012748,C00033,P0064,ST017,1/13/2026,1,752,0.1,Completed,Card
S0016471,C00169,P0064,ST001,3/16/2025,6,940,0.2,Cancelled,Mobile Money
S0010665,C00095,P0103,ST002,11/28/2025,6,531,0.05,Pending,Cash
S0011119,C00886,P0064,ST005,7/1/2025,7,274,0,Cancelled,Cash
S0011459,C00076,P0103,ST016,10/21/2025,9,788,0.1,Cancelled,Cash
S0013775,C00263,P0103,ST014,11/14/2025,8,1155,0,Returned,Cash
S0016496,C00090,P0064,ST015,3/31/2026,9,369,0.05,Completed,Bank Transfer
S0016502,C00546,P0064,ST018,3/17/2025,2,866,0.2,Cancelled,Card
S0014095,C00502,P0103,ST002,6/19/2025,9,1363,0.15,Pending,Mobile Money
S0016936,C00706,P0064,ST020,2/1/2026,1,688,0.15,Completed,Card
S0016039,C00150,P0103,ST007,9/27/2025,6,1089,0.15,Returned,Cash
S0015738,C00766,P0064,ST016,1/10/2025,6,804,0.15,Pending,Bank Transfer
S0012885,C00414,P0103,ST008,7/9/2026,6,1108,0.15,Cancelled,Bank Transfer
S0013538,C00663,P0064,ST014,3/1/2025,5,552,0.05,Cancelled,Card
S0019862,C00773,P0064,ST006,6/8/2026,9,614,0.2,Pending,Bank Transfer
S0016831,C00941,P0103,ST010,5/12/2026,3,1468,0.1,Returned,Cash
S0010570,C00696,P0064,ST018,7/20/2026,5,667,0.05,completed,Bank Transfer
S0018232,C00628,P0064,ST002,12/31/2025,3,1128,0.05,Pending,Bank Transfer
S0016140,C00336,P0064,ST011,5/20/2026,5,72,0.1,Cancelled,Card
S0011936,C00505,P0064,ST020,12/1/2025,7,100,0.2,Pending,Mobile Money
S0012998,C00871,P0064,ST005,1/12/2025,6,1399,0,Completed,Mobile Money
S0016170,C00597,P0064,ST008,5/5/2026,2,963,0.2,Completed,Bank Transfer
S0012799,C00694,P0064,ST010,3/18/2025,1,1046,0.2,Completed,Bank Transfer
S0012840,C00112,P0064,ST007,1/31/2026,4,669,0.05,Returned,Bank Transfer
S0014979,C00222,P0064,ST011,5/10/2026,5,752,0.05,Pending,Bank Transfer
S0013692,C00337,P0064, ST009 ,4/19/2026,8,739,0.2,Completed,Cash
S0019721,C00337,P0064, ST009 ,4/19/2026,4,730,0.2,Completed,Cash
S0015179,C00105,P0064,ST002,4/21/2026,6,904,0.1,Cancelled,Mobile Money
S0011786,C00017,P0064,ST009,8/6/2025,9,1439,0.05,Returned,Bank Transfer
S0010663,C00847,P0064,ST002,2/7/2026,1,36,0.15,Completed,Bank Transfer
S0018844,C00425,P0064,ST004,5/2/2025,1,720,0.1,Cancelled,Card
S0010555,C00954,P0064,ST018,1/3/2026,4,275,0.05,Completed,Mobile Money
S0015373,C00599,P0064,ST019,7/15/2025,2,82,0.1,Completed,Cash
S0016152,C00801,P0064,ST002,10/24/2025,4,250,0,Returned,Bank Transfer
S0015671,C00855,P0064,ST001,7/2/2026,6,23,0.1,Pending,Cash
S0015245,C00592,P0064,ST019,11/24/2025,4,1490,0.1,Returned,Cash
S0014644,C00415,P0064,ST017,7/31/2026,10,637,0.15,completed,Cash
S0015901,C00378,P0064,ST004,3/14/2025,5,873,0.05,Cancelled,Card
S0014891,C00686,P0064,ST006,9/2/2025,1,751,0.05,Returned,Mobile Money
S0013115,C00641,P0064,ST014,6/17/2026,4,943,0.15,Returned,Cash
S0010138,C00543,P0064,ST009,1/15/2025,6,247,0.15,Pending,Bank Transfer
S0016973,C00008,P0064,ST020,1/20/2026,1,1090,0.2,Pending,Bank Transfer
S0011483,C00364, P0021 ,ST008,2/11/2025,1,1300,0,completed,Cash
S0018402,C00295,P0021,ST001,1/16/2025,8,883,0.2,Returned,Bank Transfer
S0019391,C00921,P0021,ST004,6/6/2026,10,518,0,Pending,Cash
S0014681,C00405,P0021,ST015,8/8/2025,10,1277,0.1,Cancelled,Bank Transfer
S0017110,C00701,P0021,ST020,2/10/2026,6,678,0.2,Returned,Cash
S0011860,C00296,P0021,ST002,4/13/2025,7,1437,0.15,completed,Mobile Money
S0012545,C00455,P0021,ST020,1/30/2025,6,180,0,Pending,Mobile Money
S0016929,C00393,P0140,ST009,1/10/2026,9,571,0.1,Returned,Card
S0010997,C00738,P0021,ST016,1/26/2025,6,289,0.05,Completed,Bank Transfer
S0015869,C00673,P0021,ST008,9/16/2025,7,410,0.2,Cancelled,Cash
S0012693,C00911,P0021,ST017,7/29/2026,8,1242,0.1,Completed,Bank Transfer
S0019454,C00616,P0021,ST013,10/6/2025,4,1207,0.2,Cancelled,Bank Transfer
S0014816,C00681,P0021,ST006,7/20/2025,9,1033,0.15,Completed,Mobile Money
S0013137,C00740,P0021,ST002,5/23/2026,6,1228,0,Pending,Cash
S0010739,C00510,P0021,ST020,4/2/2025,10,1443,0.15,Completed,Cash
S0016027,C00694,P0140,ST007,1/10/2025,3,390,0.1,Returned,Bank Transfer
S0011279,C00268,P0140,ST001,3/9/2026,10,964,0.15,Returned,Cash
S0015284,C00109,P0021,ST018,4/24/2025,6,611,0.2,Cancelled,Bank Transfer
S0018888,C00112,P0021,ST008,2/27/2026,6,4,0.05,Cancelled,Card
S0013147,C00250,P0021,ST013,7/20/2025,9,816,0.2,Completed,Cash
S0019582,C00879,P0021,ST009,2/7/2025,3,753,0.05,Cancelled,Mobile Money
S0017612,C00887,P0140,ST002,1/24/2026,1,1001,0.15,completed,Card
S0015446,C00634,P0021,ST017,11/25/2025,2,447,0.15,Returned,Bank Transfer
S0019901,C00506,P0021,ST006,4/22/2026,2,711,0.2,Pending,Card
S0018254,C00765,P0021,ST015,5/25/2025,5,259,0.05,Returned,Mobile Money
S0016011,C00182,P0021,ST002,8/1/2025,3,812,0.1,Completed,Bank Transfer
S0019915,C00585,P0021,ST020,4/25/2025,3,973,0.1,Completed,Cash
S0018680,C00440,P0140,ST001,1/8/2025,9,640,0.15,Pending,Bank Transfer
S0010388,C00118,P0140,ST010,7/9/2026,7,535,0,Pending,Mobile Money
S0018349,C00656,P0021,ST005,7/29/2025,10,1319,0,completed,Cash
S0012497,C00018,P0140,ST015,10/16/2025,7,1410,0.2,Completed,Cash
S0017316,C00609,P0140,ST011,7/4/2025,10,753,0.1,Returned,Card
S0015182,C00612,P0140,ST016,6/16/2026,5,196,0,Pending,Cash
S0012659,C00849,P0021,ST005,2/20/2025,4,1025,0,Pending,Card
S0017739,C00344,P0140,ST009,3/5/2025,7,55,0.05,Completed,Card
S0012737,C00702,P0021,ST007,7/20/2025,5,1456,0.05,Pending,Mobile Money
S0011125,C00089,P0140,ST020,6/26/2026,8,1120,0.15,Returned,Card
S0010244,C00387,P0021,ST018,6/23/2025,8,151,0.1,Completed,Cash
S0012196,C00619,P0140,ST007,6/12/2026,3,401,0.2,Returned,Mobile Money
S0018278,C00140,P0021,ST012,10/26/2025,4,1081,0.1,Cancelled,Cash
S0012599,C00063,P0140,ST001,6/2/2025,10,1047,0.1,Cancelled,Bank Transfer
S0011191,C00538,P0021,ST014,4/13/2026,5,825,0.2,Cancelled,Bank Transfer
S0016562,C00198,P0140,ST001,7/16/2025,3,1115,0,Cancelled,Bank Transfer
S0012965,C00341,P0140,ST014,4/29/2025,7,1108,0.15,completed,Bank Transfer
S0016475,C00526,P0194,ST020,2/5/2025,5,463,0.2,Pending,Cash
S0013814,C00224,P0140,ST010,7/4/2026,9,885,0.1,Returned,Card
S0020005,C00470,P0140,ST007,2/6/2025,1,1484,0,Returned,Card
S0019298,C00043,P0140,ST012,10/10/2025,7,436,0.2,Cancelled,Mobile Money
S0011997,C00280,P0021,ST020,12/1/2025,8,250,0.15,completed,Cash
S0011485,C00305,P0021,ST002,2/26/2026,5,945,0.1,completed,Mobile Money
S0013453,C00543,P0021,ST018,3/22/2025,8,1497,0.1,Returned,Mobile Money
S0014438,C00289,P0140,ST014,2/13/2026,9,306,0.1,Completed,Bank Transfer
S0016937,C00502,P0021,ST003,12/31/2025,2,1282,0.1,Returned,Card
S0010780,C00188,P0021,ST014,3/22/2025,8,1302,0.2,Completed,Card
S0016216,C00057,P0021,ST015,12/18/2025,1,722,0.15,Pending,Bank Transfer
S0010303,C00200,P0140,ST008,1/27/2025,6,960,0.1,completed,Card
S0019881,C00529,P0194,ST017,2/6/2026,9,1184,0.05,Returned,Bank Transfer
S0013294,C00322,P0021,ST009,5/9/2025,8,951,0.15,Returned,Card
S0017376,C00193,P0140,ST004,9/5/2025,1,459,0.2,Pending,Cash
S0012519,C00428,P0021,ST003,7/25/2026,1,650,0.1,Completed,Bank Transfer
S0014826,C00903,P0021,ST003,9/23/2025,9,1357,0,Returned,Bank Transfer
S0011019,C00306,P0194,ST020,1/31/2025,9,1257,0.1,Returned,Cash
S0010810,C00732,P0021,ST020,10/30/2025,4,890,0,Cancelled,Bank Transfer
S0010770,C00493,P0140,ST011,12/24/2025,9,1143,0.05,Returned,Bank Transfer
S0010523,C00889,P0021,ST012,4/15/2026,2,443,0.15,Completed,Mobile Money
S0014656,C00684,P0140,ST010,4/24/2025,8,186,0.1,Pending,Card
S0010598,C00315,P0140,ST014,4/21/2025,10,1329,0.2,Pending,Card
S0017422,C00684,P0140,ST018,12/15/2025,4,239,0.05,Pending,Bank Transfer
S0016297,C00802,P0140,ST020,12/4/2025,5,1263,0.05,Returned,Bank Transfer
S0018891, C00245 ,P0140,ST016,8/11/2025,9,634,0.15,completed,Card
S0019010,C00598,P0140,ST018,12/4/2025,4,6,0.2,Cancelled,Cash
S0015046,C00858,P0140,ST010,4/6/2026,2,420,0.05,Cancelled,Bank Transfer
S0010338,C00878,P0140,ST012,2/1/2026,3,253,0.2,Pending,Card
S0016796,C00388,P0140,ST010,8/3/2025,5,86,0.15,Pending,Cash
S0012399,C00833,P0021,ST016,6/26/2026,4,1491,0.1,completed,Mobile Money
S0019945,C00154,P0021,ST007,10/25/2025,10,183,0,Pending,Cash
S0018609,C00458,P0140,ST002,9/1/2025,9,97,0,Completed,Cash
S0018529,C00211,P0021,ST015,9/1/2025,6,1092,0.1,Returned,Bank Transfer
S0019305,C00606,P0021,ST019,12/25/2025,6,778,0.05,completed,Mobile Money
S0010132,C00258,P0140,ST018,9/19/2025,9,812,0.15,Completed,Cash
S0010752,C00886,P0021,ST003,5/14/2025,9,893,0.2,Pending,Bank Transfer
S0014206,C00236,P0140,ST002,11/6/2025,6,184,0.2,Cancelled,Bank Transfer
S0015456,C00675,P0021,ST019,11/30/2025,3,973,0.15,Returned,Mobile Money
S0014766,C00105,P0140,ST016,4/16/2026,1,245,0.2,Cancelled,Bank Transfer
S0012751,C00407,P0140,ST020,6/25/2025,6,907,0.1,Returned,Cash
S0018189,C00760,P0194,ST013,7/18/2025,10,5,0.05,Cancelled,Bank Transfer
S0013204,C00475,P0194,ST015,6/11/2026,6,632,0.15,Returned,Mobile Money
S0016269,C00747,P0194,ST014,4/17/2026,5,1032,0.1,Pending,Bank Transfer
S0014084,C00195,P0140,ST010,5/9/2026,8,278,0,Completed,Cash
S0017165,C00031,P0140,ST018,5/26/2025,1,905,0.2,Returned,Card
S0018149,C00144,P0140,ST017,9/10/2025,2,1426,0,Pending,Card
S0014309,C00258,P0194,ST009,6/16/2026,5,305,0.15,completed,Card
S0013450,C00290,P0194,ST009,1/7/2025,4,886,0.1,Returned,Card
S0013532,C00564,P0140,ST011,12/2/2025,8,1033,0.2,Completed,Card
S0014713,C00574,P0194,ST005,12/10/2025,3,1367,0.15,completed,Mobile Money
S0010317,C00314,P0194,ST011,1/12/2025,7,831,0,completed,Mobile Money
S0011131,C00580,P0021,ST019,3/29/2026,8,670,0,completed,Bank Transfer
S0013123,C00937,P0194,ST007,7/9/2025,2,451,0.2,Completed,Cash
S0012153,C00116,P0140,ST003,4/24/2025,1,469,0.05,Pending,Bank Transfer
S0019973,C00165,P0194,ST003,5/24/2025,5,1161,0.05,completed,Cash
S0012414,C00325,P0194,ST013,5/19/2026,4,840,0.05,Pending,Bank Transfer
S0018874,C00550,P0194,ST001,4/10/2026,8,184,0.1,Cancelled,Card
S0011909,C00302,P0194,ST003,4/28/2025,3,81,0.2,Completed,Cash
S0017531,C00242,P0194,ST008,7/14/2026,8,148,0.1,completed,Mobile Money
S0019430,C00096,P0194,ST014,11/16/2025,8,303,0.1,Cancelled,Cash
S0011718,C00079,P0194,ST020,1/16/2026,7,1259,0.15,Cancelled,Bank Transfer
S0015459,C00861,P0194,ST011,1/22/2026,5,801,0.2,Completed,Bank Transfer
S0013033,C00471,P0021,ST007,7/17/2026,5,567,0.2,completed,Cash
S0014361,C00361,P0194,ST018,1/16/2026,2,344,0,Returned,Cash
S0017218,C00992,P0194,ST013,12/30/2025,8,228,0.15,Completed,Cash
S0017483,C00283,P0194,ST003,10/28/2025,3,593,0.1,Cancelled,Card
S0011642,C00650,P0194,ST003,2/17/2026,3,530,0.15,completed,Mobile Money
S0011630,C00003,P0194,ST009,1/14/2025,5,107,0.2,completed,Cash
S0018882,C00241,P0194,ST001,3/6/2025,7,47,0.2,Cancelled,Mobile Money
S0019727,C00574,P0194,ST016,6/7/2026,2,1469,0.1,completed,Cash
S0016664,C00728,P0194,ST012,2/19/2025,2,513,0.05,Pending,Card
S0012324,C00856,P0194,ST007,12/11/2025,5,847,0.15,Pending,Cash
S0012014,C00735,P0194,ST005,10/7/2025,3,192,0.1,Returned,Bank Transfer
S0018183,C00335,P0194,ST003,10/30/2025,2,1279,0.05,completed,Card
S0014668,C00697,P0194,ST009,10/31/2025,8,1046,0.05,completed,Bank Transfer
S0013006,C00244,P0194,ST019,5/19/2025,5,1305,0.2,Completed,Cash
S0013372,C00704,P0194,ST017,4/3/2026,7,1067,0.05,Cancelled,Mobile Money
S0012323,C00890,P0194,ST002,5/18/2025,4,1375,0,Completed,Cash
S0014581,C00047,P0194,ST002,1/29/2026,2,301,0.15,Cancelled,Cash
S0017624,C00377,P0194,ST002,4/4/2026,2,843,0.2,Completed,Card
S0014428,C00552,P0194,ST001,7/10/2025,8,1431,0.2,Cancelled,Cash
S0011699,C00437,P0194,ST014,6/29/2025,2,868,0.1,completed,Bank Transfer
S0010300,C00114,P0140,ST017,8/14/2025,9,983,0.15,Pending,Mobile Money
S0016902,C00963,P0194,ST002,5/19/2026,2,284,0.1,Completed,Mobile Money
S0013829,C00643,P0194,ST009,7/25/2026,1,1215,0.05,Completed,Card
S0019498,C00365,P0194,ST012,2/16/2025,3,192,0.15,completed,Cash
S0018351,C00201,P0194,ST004,10/23/2025,4,983,0.1,completed,Bank Transfer
S0010456,C00851,P0020,ST016,10/4/2025,1,419,0.05,Returned,Bank Transfer
S0018313,C00407,P0020,ST002,7/8/2025,9,1238,0,Completed,Mobile Money
S0012138,C00186,P0058,ST017,7/5/2025,3,1286,0.1,Returned,Bank Transfer
S0016283,C00293,P0020,ST010,8/28/2025,2,862,0.05,completed,Cash
S0017334,C00124,P0020,ST015,2/3/2026,6,77,0.1,Pending,Bank Transfer
S0016888,C00691,P0020,ST014,7/27/2025,7,1426,0,Completed,Mobile Money
S0015496,C00137,P0020,ST005,8/30/2025,9,587,0.15,Completed,Mobile Money
S0018355,C00596,P0020,ST003,10/26/2025,2,360,0,completed,Cash
S0013402,C00880,P0058,ST004,7/7/2026,9,874,0.1,Returned,Cash
S0014945,C00436,P0058,ST014,3/21/2026,3,106,0.05,Pending,Bank Transfer
S0019334,C00664,P0058,ST008,11/11/2025,6,1409,0.1,Cancelled,Bank Transfer
S0015290,C00825,P0020,ST015,8/2/2025,7,432,0.15,Cancelled,Mobile Money
S0013947,C00825,P0058,ST020,1/1/2025,2,1364,0.2,Completed,Cash
S0019194,C00007,P0058,ST004,4/25/2025,10,1278,0.15,Pending,Mobile Money
S0018437,C00810,P0020,ST012,1/20/2026,7,1190,0.05,Cancelled,Cash
S0015585,C00888,P0020,ST009,6/19/2025,1,1273,0.05,Returned,Mobile Money
S0018961,C00666,P0020,ST009,8/5/2025,4,882,0.05,Cancelled,Card
S0015556,C00916,P0020,ST020,3/23/2026,2,1487,0.2,Completed,Bank Transfer
S0017514,C00641,P0020,ST011,7/17/2025,10,50,0.2,Completed,Card
S0018994,C00940,P0020,ST014,4/14/2025,1,1172,0.15,Pending,Bank Transfer
S0015705,C00720,P0058,ST017,5/10/2026,7,191,0,Pending,Cash
S0016828,C00784,P0020,ST012,1/16/2025,4,889,0.1,Returned,Card
S0013414,C00398,P0020,ST014,11/3/2025,2,624,0.1,Pending,Card
S0017166,C00982,P0058,ST007,2/1/2025,5,1380,0.15,Completed,Card
S0017820,C00441,P0020,ST002,1/22/2025,5,293,0,Cancelled,Bank Transfer
S0017550,C00011,P0020,ST020,2/19/2025,1,348,0.05,Returned,Cash
S0013415,C00966,P0020,ST001,6/1/2026,5,207,0.15,Cancelled,Card
S0013788,C00193,P0020,ST006,12/2/2025,10,697,0,Cancelled,Cash
S0016390,C00767,P0020,ST018,8/3/2025,6,1356,0.05,Pending,Bank Transfer
S0013186,C00848,P0020,ST005,4/23/2025,4,295,0,Completed,Card
S0017400,C00772,P0020,ST006,6/5/2026,6,693,0,Completed,Mobile Money
S0015090,C00946,P0058,ST010,4/4/2025,8,1128,0.15,Cancelled,Cash
S0015429,C00285,P0058,ST005,11/3/2025,8,90,0.05,Cancelled,Card
S0019597,C00761,P0058,ST006,7/2/2025,5,642,0.05,Pending,Mobile Money
S0011669,C00475,P0058,ST013,6/20/2026,5,657,0.1,completed,Mobile Money
S0018625,C00170,P0020,ST012,6/13/2025,10,596,0.05,completed,Mobile Money
S0010332,C00661,P0020,ST010,5/21/2026,8,568,0.05,Cancelled,Mobile Money
S0016199,C00255,P0058,ST020,10/13/2025,3,1114,0.1,Cancelled,Card
S0012182,C00788,P0058,ST015,6/29/2026,7,1376,0.2,Completed,Cash
S0013159,C00500,P0058,ST010,6/18/2026,10,35,0.05,Completed,Mobile Money
S0016812,C00474,P0058,ST002,5/20/2026,3,1320,0.2,Pending,Mobile Money
S0018297,C00744,P0020,ST015,9/2/2025,6,1109,0.2,Returned,Mobile Money
S0014209,C00561,P0020,ST017,4/15/2025,9,1467,0.05,Pending,Bank Transfer
S0010318,C00630,P0058,ST004,1/21/2026,7,178,0.15,completed,Bank Transfer
S0013789,C00950,P0058,ST006,2/9/2025,7,434,0,Completed,Bank Transfer
S0012546,C00706,P0058,ST011,12/26/2025,9,754,0.05,Cancelled,Cash
S0012108,C00807,P0020,ST009,10/23/2025,2,1010,0.15,Pending,Mobile Money
S0011083,C00753,P0020,ST005,8/25/2025,10,1266,0.05,Completed,Card
S0019521,C00964,P0020,ST007,7/11/2026,4,840,0.2,Returned,Cash
S0015876,C00267,P0020,ST020,5/6/2026,3,544,0.15,Returned,Cash
S0014415,C00598,P0058,ST003,9/20/2025,8,686,0.05,Pending,Cash
S0016951,C00804,P0020,ST003,6/9/2025,1,845,0,Cancelled,Card
S0014003,C00937,P0058, ST020 ,7/9/2025,4,195,0,completed,Card
S0017183,C00541,P0058,ST003,3/5/2026,4,1012,0,Completed,Cash
S0012592,C00636,P0058,ST004,10/3/2025,1,381,0,completed,Mobile Money
S0018308,C00381,P0058,ST017,9/15/2025,5,518,0.15,Completed,Mobile Money
S0018181,C00303,P0020,ST013,3/30/2025,2,33,0,Completed,Bank Transfer
S0014910,C00825,P0058,ST015,6/29/2026,8,608,,Completed,Bank Transfer
S0017342,C00856,P0058,ST009,6/5/2026,2,1436,0.15,Returned,Bank Transfer
S0014963,C00421,P0058,ST017,10/31/2025,6,815,0.1,Cancelled,Card
S0013232,C00334,P0058,ST005,9/5/2025,5,180,0.15,Pending,Cash
S0015832,C00264,P0058,ST002,11/25/2025,7,1221,0.15,Completed,Mobile Money
S0012630,C00389,P0020,ST009,1/30/2025,6,994,0.2,Completed,Bank Transfer
S0016990,C00394,P0058,ST005,4/10/2025,10,960,0.1,Returned,Bank Transfer
S0015467,C00041,P0058,ST017,10/3/2025,7,271,0.1,Pending,Card
S0013287,C00372,P0058,ST017,9/5/2025,1,948,0,Pending,Bank Transfer
S0011926,C00689,P0058,ST020,1/16/2025,3,656,0.15,Completed,Bank Transfer
S0012379,C00741,P0020,ST014,2/13/2026,9,17,0,Completed,Bank Transfer
S0010148,C00390,P0058,ST020,5/30/2025,5,392,0.1,Returned,Bank Transfer
S0016760,C00248,P0020,ST011,7/24/2026,1,1265,0.1,Returned,Mobile Money
S0014928,C00887,P0020,ST020,5/12/2026,10,1168,0,Cancelled,Card
S0019526,C00513,P0058,ST003,4/25/2026,2,1139,0.05,Pending,Mobile Money
S0011866,C00865,P0058,ST010,10/1/2025,4,526,0.2,completed,Cash
S0011174,C00320,P0058,ST020,12/20/2025,1,229,0,Pending,Bank Transfer
S0019486,C00831,P0020,ST009,5/8/2025,8,542,0.2,completed,Cash
S0018684,C00548,P0058,ST011,1/3/2025,1,565,0.1,completed,Card
S0011482,C00231,P0020,ST010,9/29/2025,3,856,0.15,Pending,Mobile Money
S0015566,C00822,P0058,ST005,1/10/2025,8,159,0.05,Pending,Bank Transfer
S0011694,C00806,P0020,ST018,5/15/2026,3,682,0.2,completed,Card
S0015848,C00089,P0058,ST016,7/16/2026,5,1219,0.2,Returned,Card
S0010515,C00760,P0058,ST005,5/16/2025,7,331,0.15,Pending,Card
S0019508,C00996,P0020,ST007,7/14/2025,2,1156,0.05,completed,Cash
S0019589,C00221,P0058,ST015,3/15/2025,9,760,0,Pending,Card
S0019906,C00774,P0020,ST016,3/6/2025,1,781,0.05,Completed,Cash
S0015403,C00083,P0020,ST001,4/28/2026,6,1243,0,Completed,Bank Transfer
S0015544,C00616,P0020,ST002,1/14/2026,6,545,0.1,Cancelled,Bank Transfer
S0011472,C00040,P0020,ST011,5/9/2026,7,632,0.1,Completed,Card
S0019159,C00686,P0058,ST015,10/11/2025,2,654,0.1,Returned,Mobile Money
S0015927,C00124,P0058,ST011,4/14/2026,1,498,0.2,Returned,Cash
S0020017,C00093,P0058,ST009,4/10/2025,8,1108,0.1,Pending,Bank Transfer
S0012468,C00107,P0020,ST001,5/10/2026,2,642,0.2,Cancelled,Card
S0013537,C00279,P0020,ST009,8/4/2025,8,847,0,Returned,Bank Transfer
S0019697,C00640,P0058,ST018,6/17/2025,8,457,0.15,Returned,Bank Transfer
S0013074,C00038,P0058,ST004,3/19/2025,4,730,0,Cancelled,Mobile Money
S0013026,C00955,P0058,ST014,4/7/2026,6,1416,0.15,completed,Bank Transfer
S0016418,C00994,P0020,ST001,2/4/2025,3,466,0.05,Cancelled,Card
S0019893,C00677,P0058,ST005,11/8/2025,4,1177,0.1,Returned,Mobile Money
S0010371,C00640,P0147,ST013,7/27/2025,6,470,0.1,completed,Cash
S0015267,C00488,P0147,ST015,3/14/2026,1,351,0.05,Cancelled,Bank Transfer
S0015365,C00259,P0147,ST009,4/28/2025,4,999,0.05,Returned,Card
S0011530,C00460,P0071,ST012,1/11/2025,10,449,0.15,Cancelled,Bank Transfer
S0012800,C00992,P0147,ST016,5/28/2025,4,1065,0,Returned,Card
S0010238,C00700,P0147,ST005,8/1/2025,3,510,0.05,completed,Bank Transfer
S0017318,C00977,P0147,ST004,11/28/2025,5,956,0.1,completed,Cash
S0013038,C00391,P0147,ST020,5/18/2026,9,1272,0,Pending,Mobile Money
S0014313,C00440,P0071,ST012,6/9/2026,9,715,0,Pending,Cash
S0016139,C00755,P0147,ST006,8/22/2025,2,478,0.05,Returned,Mobile Money
S0018334,C00300,P0147,ST019,1/30/2025,5,354,0.15,Pending,Card
S0013386,C00824,P0147,ST005,1/3/2025,7,1280,0.15,Completed,Cash
S0016250,C00576,P0147,ST016,3/13/2026,2,194,0,Returned,Cash
S0019090,C00299,P0071,ST014,4/20/2025,7,1399,0.05,Returned,Cash
S0019522,C00768,P0147,ST012,1/19/2026,3,1450,0.2,completed,Bank Transfer
S0018055,C00027,P0147,ST010,2/2/2026,2,595,0.1,Cancelled,Card
S0019518,C00050,P0147,ST020,1/19/2026,1,1313,0,Pending,Mobile Money
S0011421,C00348,P0147,ST016,8/25/2025,2,822,0.1,Completed,Bank Transfer
S0011543,C00992,P0147,ST011,5/16/2026,2,674,0.15,Returned,Cash
S0012218,C00034,P0071,ST006,1/24/2025,1,797,0.2,completed,Card
S0018969,C00862,P0147,ST003,3/1/2026,6,1299,0.2,completed,Mobile Money
S0016694,C00871,P0147,ST002,5/15/2025,9,1280,0.05,Cancelled,Cash
S0014256,C00172,P0071,ST013,12/19/2025,4,848,0.2,Pending,Bank Transfer
S0014877,C00632,P0147,ST014,4/3/2026,6,163,0.05,Pending,Cash
S0011490,C00741,P0147,ST006,5/12/2025,9,5,0.15,Pending,Mobile Money
S0013278,C00734,P0147,ST020,2/18/2026,2,1137,0.15,Completed,Cash
S0015251,C00561,P0071,ST016,4/10/2026,8,907,0.05,completed,Mobile Money
S0017354,C00731,P0147,ST008,4/11/2025,6,728,0.05,Pending,Bank Transfer
S0019015,C00239,P0147,ST016,7/11/2025,10,593,0.05,Completed,Cash
S0011808,C00460,P0071,ST011,12/20/2025,6,884,0.1,Pending,Mobile Money
S0015341,C00759,P0071,ST005,5/4/2026,3,870,0.15,Completed,Mobile Money
S0014159,C00874,P0147,ST016,10/27/2025,1,429,0.2,Cancelled,Bank Transfer
S0019377,C00278,P0147,ST009,7/18/2026,9,1353,0.1,Cancelled,Cash
S0019631,C00105,P0071,ST002,8/31/2025,3,1341,0.15,Cancelled,Bank Transfer
S0018341,C00343,P0071,ST007,9/5/2025,2,647,0.1,Completed,Cash
S0011671,C00503,P0147,ST015,10/20/2025,6,1159,0.1,completed,Bank Transfer
S0016213,C00392,P0071,ST009,10/6/2025,2,939,0.1,Returned,Card
S0017567,C00255,P0147,ST010,4/19/2026,5,74,0,Cancelled,Cash
S0019201,C00143,P0071,ST008,3/18/2025,1,117,0.05,completed,Mobile Money
S0017751,C00566,P0071,ST002,10/30/2025,5,896,0.2,Completed,Cash
S0014154,C00192,P0071,ST016,2/26/2026,1,1488,0,completed,Cash
S0012513,C00960,P0147,ST018,2/18/2026,2,1410,0,Pending,Mobile Money
S0012220,C00867,P0147,ST004,3/24/2026,7,898,0,Pending,Card
S0014459,C00249,P0147,ST011,7/28/2026,6,861,0,Pending,Cash
S0011288,C00780,P0147,ST016,4/27/2026,7,651,0.2,Pending,Mobile Money
S0015069,C00677,P0071,ST019,11/18/2025,3,1135,0,Cancelled,Cash
S0018943,C00269,P0147,ST004,5/16/2026,7,1057,0.15,Cancelled,Mobile Money
S0012746,C00717,P0071,ST011,11/18/2025,2,839,0.1,completed,Cash
S0019211,C00811,P0071,ST008,1/22/2025,1,1417,0,completed,Mobile Money
S0012286,C00254,P0071,ST015,10/8/2025,4,844,0.1,Cancelled,Card
S0018021,C00089,P0071,ST013,2/24/2025,2,1065,0.1,Returned,Bank Transfer
S0018777,C00420,P0147,ST002,10/8/2025,6,1041,0.15,Pending,Mobile Money
S0017560,C00715,P0071,ST017,3/6/2025,1,855,0.15,Cancelled,Card
S0011493,C00019,P0147,ST005,8/8/2025,1,126,0.05,Returned,Bank Transfer
S0013451,C00095,P0071,ST007,4/30/2025,10,785,0.1,Returned,Cash
S0015132,C00582,P0071,ST003,2/3/2025,7,1210,0.15,completed,Card
S0014343,C00571,P0071,ST012,10/23/2025,10,1140,0.15,completed,Card
S0013579,C00457,P0071,ST011,3/24/2026,6,1182,0.05,Returned,Mobile Money
S0019559,C00951,P0071,ST009,11/21/2025,1,774,0.05,Completed,Card
S0011052,C00492,P0071,ST016,4/24/2026,9,1298,0.15,Cancelled,Mobile Money
S0017154,C00448,P0071,ST014,9/4/2025,9,710,0,completed,Bank Transfer
S0015138,C00979,P0147,ST017,6/13/2025,3,557,0.05,Returned,Bank Transfer
S0011964,C00404,P0071,ST011,7/9/2025,7,1112,0.1,Cancelled,Bank Transfer
S0015742,C00831,P0071,ST020,1/29/2026,2,993,0.2,Returned,Mobile Money
S0011992,C00501,P0147,ST008,3/4/2025,2,511,0.2,completed,Mobile Money
S0018455,C00532,P0071,ST007,2/26/2026,2,287,0,Cancelled,Cash
S0014671,C00909,P0071,ST002,1/4/2025,6,214,0.1,Cancelled,Card
S0012433,C00349,P0147,ST008,4/20/2026,2,331,0,Returned,Cash
S0015333,C00553,P0147,ST010,3/12/2026,7,1222,0.05,Completed,Mobile Money
S0016194,C00031,P0147,ST011,3/14/2026,1,1498,0.15,Completed,Card
S0014010,C00077,P0071,ST016,4/19/2026,2,947,0,Cancelled,Mobile Money
S0019963,C00841,P0147,ST007,5/11/2026,4,1203,0.2,Returned,Bank Transfer
S0018322,C00925,P0147,ST011,7/15/2026,6,264,0.2,Cancelled,Cash
S0017749,C00758,P0147,ST005,12/3/2025,5,1230,0.15,Cancelled,Card
S0016677,C00719,P0147,ST001,12/25/2025,6,802,0,Returned,Card
S0011591,C99999,P0071,ST010,1/14/2025,1,29,0.15,completed,Cash
S0012006,C00830,P9999,ST014,4/29/2025,3,1182,0.05,Cancelled,Mobile Money
S0016992,C00942,P0147,ST003,2/25/2025,7,1388,0.05,completed,Bank Transfer
S0013740,C00877,P0071,ST012,8/14/2025,8,920,0.15,Returned,Mobile Money
S0011194,C00238,P0147,ST001,12/28/2025,2,619,0.05,completed,Bank Transfer
S0014786,C00807,P0071,ST003,8/19/2025,1,976,0,completed,Cash
S0012517,C00760,P0071,ST006,3/24/2026,1,1192,0.2,Returned,Bank Transfer
S0013079,C00365,P0071,ST011,7/4/2025,10,569,0.1,Returned,Card
S0013125,C00657,P0071,ST006,7/12/2026,6,1117,0,Pending,Bank Transfer
S0010882,C00547,P0071,ST008,8/9/2025,10,1369,0.15,Returned,Mobile Money
S0014167,C00888,P0147,ST010,7/10/2025,3,582,0.05,completed,Card
S0010728,C00854,P0147,ST005,6/2/2026,7,765,0.1,completed,Cash
S0011033,C00995,P0071,ST019,2/10/2025,4,982,0,Completed,Bank Transfer
S0011835,C00280,P0071,ST004,5/19/2026,3,680,0,Cancelled,Bank Transfer
S0018160,C00959,P0071,ST005,10/18/2025,7,999,0.15,Returned,Card
S0017596,C00517,P0071,ST012,4/2/2026,4,97,0.1,completed,Bank Transfer
S0013208,C00727,P0147,ST010,3/10/2026,7,247,0.1,Cancelled,Card
S0012084,C00586,P0147,ST005,5/19/2025,2,394,,Returned,Cash
S0014682,C00314,P0071,ST006,11/4/2025,3,377,0.05,Cancelled,Bank Transfer
S0012008,C00318,P0071,ST005,6/1/2026,4,1050,0,Cancelled,Card
S0016432,C00960,P0071,ST002,3/31/2025,8,420,0,Completed,Card
S0016372,C00201,P0071,ST016,2/21/2025,10,830,0.1,Returned,Bank Transfer
S0012773,C00652,P0186,ST004,5/6/2025,9,840,0,completed,Mobile Money
S0019217,C00629,P0186,ST008,5/27/2026,4,1170,0.05,Returned,Cash
S0013001,C00999,P0186,ST015,8/4/2025,3,609,0.2,Completed,Cash
S0014542,C00935,P0186,ST013,6/28/2026,10,317,0.05,completed,Mobile Money
S0010395,C00054,P0186,ST016,3/8/2025,6,1465,0.05,completed,Mobile Money
S0012661,C00111,P0186,ST003,5/29/2026,5,871,0.05,Returned,Cash
S0015703,C00734,P0186,ST003,5/23/2025,2,774,0.05,Returned,Card
S0016830,C00001,P0186,ST005,10/22/2025,1,209,0.05,completed,Card
S0011343,C00231,P0186,ST004,2/15/2025,4,487,0.1,Cancelled,Card
S0019621,C00252,P0186,ST019,10/30/2025,1,506,0.2,Completed,Mobile Money
S0014040,C00698,P0186,ST020,10/19/2025,1,670,0.15,Cancelled,Bank Transfer
S0014099,C00852,P0186,ST012,5/4/2026,4,968,0.05,completed,Mobile Money
S0018236,C00804,P0186,ST006,5/26/2025,4,360,0.15,Completed,Mobile Money
S0018037,C00531,P0186,ST020,10/18/2025,5,893,0.05,Returned,Mobile Money
S0017551,C00113,P0186,ST003,4/11/2025,9,945,0.15,Pending,Cash
S0012293,C00831,P0186,ST001,11/29/2025,5,511,0,Cancelled,Cash
S0017064,C00796,P0186,ST013,2/22/2026,10,469,0.15,Cancelled,Bank Transfer
S0019328,C00669,P0186,ST013,6/4/2026,3,1365,0.05,Cancelled,Card
S0010151,C00890,P0186,ST002,5/7/2025,10,604,0.1,completed,Card
S0019370,C00395,P0186,ST019,4/10/2025,4,460,0.05,Returned,Bank Transfer
S0013680,C00570,P0186,ST003,12/1/2025,8,750,0.15,completed,Bank Transfer
S0018676,C00236,P0186,ST009,4/21/2026,1,86,0,Pending,Mobile Money
S0012837,C00379,P0186,ST011,6/24/2026,5,267,0.2,Pending,Mobile Money
S0014854,C00307,P0186,ST004,1/25/2025,1,1384,0.05,Returned,Bank Transfer
S0011817,C00328,P0186,ST001,5/18/2025,1,955,0.1,Pending,Bank Transfer
S0019946,C00827,P0186,ST009,4/26/2025,1,1118,0,Cancelled,Card
S0013075,C00408,P0186,ST017,9/20/2025,10,341,0.2,Cancelled,Cash
S0012345,C00577,P0186,ST009,12/14/2025,5,1446,0,Cancelled,Cash
S0018387,C00424,P0186,ST015,9/15/2025,4,664,0,Cancelled,Bank Transfer
S0019282,C00667,P0186,ST002,10/26/2025,10,185,,Completed,Mobile Money
S0015736,C00345,P0186,ST001,2/16/2025,5,772,0.15,Pending,Bank Transfer
S0015538,C00721,P0186,ST009,7/25/2026,4,1227,0.1,completed,Mobile Money
S0014429,C00036, P0186 ,ST010,9/26/2025,6,1463,0.15,completed,Mobile Money
S0019480,C00923,P0186,ST001,1/16/2026,1,370,0.05,Cancelled,Cash
S0012822,C00244,P0186,ST008,8/17/2025,10,1217,0.05,Completed,Mobile Money
S0014104,C00938,P0186,ST012,12/27/2025,9,1359,0.2,Pending,Mobile Money
S0019304,C00401,P0186,ST020,8/1/2025,9,841,0.05,Returned,Mobile Money
S0015252,C00704,P0186,ST011,4/17/2026,8,92,0.05,Completed,Card
S0010874,C00116,P0186,ST005,3/14/2026,6,874,0.1,Completed,Cash
S0010165,C00175,P0186,ST009,7/27/2025,5,278,0.1,Cancelled,Cash
S0013882,C00879,P0186,ST008,7/12/2025,1,1397,0.05,Pending,Card
S0011287,C00053,P0186,ST006,11/19/2025,4,1131,0,completed,Bank Transfer
S0014857,C00525,P0186,ST008,9/24/2025,2,732,0,completed,Cash
S0019082,C00964,P0186,ST004,4/27/2025,1,386,0.1,Pending,Cash
S0017433,C00553,P0186,ST001,6/2/2026,1,616,0.2,Returned,Cash
S0018918,C00593,P0186,ST015,1/18/2026,6,840,0,Pending,Mobile Money
S0010390,C00684,P0186,ST001,7/10/2025,4,1075,0.1,Completed,Cash
S0016370,C00436,P0186,ST009,1/29/2026,6,1168,0,Completed,Mobile Money
S0017150,C00822,P0186,ST010,3/24/2025,3,111,0,Returned,Cash
S0018573,C00651,P0186,ST009,10/5/2025,9,162,0.15,Returned,Cash
S0017963,C00034,P0186,ST019,8/26/2025,4,6,0.2,Returned,Cash
S0019100,C00294,P0186,ST013,5/25/2025,8,902,0,Completed,Cash
S0019051,C00682,P0186,ST001,9/9/2025,8,1175,0.2,Pending,Bank Transfer
S0018690,C00510,P0069,ST017,7/18/2025,9,1362,0.2,completed,Mobile Money
S0016858,C00519,P0186,ST010,4/30/2025,3,396,0.15,Returned,Mobile Money
S0013805,C00104,P0069,ST018,10/29/2025,9,554,0.05,Cancelled,Card
S0012202,C00267,P0069,ST006,10/31/2025,7,1395,0,Returned,Mobile Money
S0017602,C00636,P0069,ST006,8/27/2025,5,291,0.05,Pending,Cash
S0013335,C00800,P0069,ST005,2/2/2025,10,1051,0.1,Completed,Bank Transfer
S0011454,C00905,P0069,ST011,9/24/2025,1,395,0,Completed,Card
S0017006,C00949,P0069,ST017,6/12/2025,7,821,0,completed,Mobile Money
S0017603,C00435,P0069,ST012,4/6/2025,3,539,0.15,completed,Card
S0016117,C00795,P0069,ST008,1/6/2025,10,988,0.2,Cancelled,Mobile Money
S0011949,C00410,P0069,ST013,2/16/2026,9,834,0.05,completed,Mobile Money
S0016699,C00536,P0069,ST008,4/18/2026,1,547,0.1,Returned,Card
S0010584,C00349,P0069,ST009,5/28/2025,4,854,0.1,Cancelled,Bank Transfer
S0018592,C00005,P0069,ST019,7/4/2026,10,1440,0.05,Pending,Card
S0014287,C00166,P0069,ST008,2/3/2025,9,1003,0.15,Cancelled,Cash
S0010263,C00994,P0069,ST004,1/14/2025,8,874,0.2,Cancelled,Mobile Money
S0017421,C00682,P0069,ST005,12/31/2025,1,972,0.15,Cancelled,Bank Transfer
S0015720,C00547,P0069,ST007,6/10/2025,6,898,0,Returned,Mobile Money
S0019482,C00516,P0069,ST999,11/9/2025,6,794,0.2,Completed,Card
S0017492,C00824,P0069,ST010,1/13/2025,4,1010,0.05,Pending,Cash
S0018903,C00325,P0069,ST007,3/28/2026,9,504,0,completed,Card
S0019409,C00713,P0069,ST010,11/18/2025,9,1145,0.1,Returned,Card
S0014244,C00691,P0069,ST017,4/6/2026,1,585,0.2,completed,Cash
S0014742,C00261,P0069,ST013,6/7/2026,7,292,0.2,Cancelled,Bank Transfer
S0012357,C00999,P0069,ST014,7/29/2026,2,900,0.2,Returned,Cash
S0017578,C00180,P0069,ST010,10/23/2025,10,745,0.15,Cancelled,Mobile Money
S0015610,C00670,P0069,ST004,2/22/2025,7,341,0.1,Returned,Bank Transfer
S0019647,C00615,P0069,ST016,3/22/2025,1,719,0.05,Cancelled,Cash
S0014346,C00717,P0069,ST013,2/27/2025,4,1080,0.2,Cancelled,Card
S0013500,C00178,P0069,ST007,8/1/2025,9,1286,0,Completed,Bank Transfer
S0016393,C00062,P0069,ST018,9/4/2025,8,546,0,Pending,Cash
S0011296,C00468,P0069,ST020,4/29/2026,1,435,0.15,completed,Bank Transfer
S0019188,C00835,P0069,ST013,4/8/2025,5,699,0.1,Pending,Bank Transfer
S0016905,C00161,P0069,ST018,12/19/2025,1,736,0.05,Completed,Mobile Money
S0011611,C00411,P0110,ST002,6/29/2026,6,85,0.2,Cancelled,Bank Transfer
S0010392,C00233,P0069,ST017,4/26/2025,3,270,0.15,Pending,Cash
S0019698,C00419,P0069,ST005,1/19/2026,8,11,0.1,completed,Card
S0019256,C00873,P0069,ST011,5/13/2025,2,1396,0.2,Completed,Cash
S0011285,C00598,P0069,ST004,6/26/2026,9,1405,0.2,Cancelled,Bank Transfer
S0013340,C00928,P0069,ST018,3/14/2026,4,516,0.1,Pending,Bank Transfer
S0014202,C00494,P0110,ST009,10/1/2025,7,838,0.05,Returned,Cash
S0013190,C00249,P0069,ST018,12/29/2025,10,716,0,completed,Card
S0015956,C00070,P0069,ST016,1/9/2026,1,1484,0.1,Completed,Card
S0017809,C00159,P0069,ST009,2/22/2025,9,951,0.05,Returned,Bank Transfer
S0013853,C00029,P0069,ST014,4/15/2026,3,1219,0.15,Cancelled,Card
S0016129,C00729,P0069,ST018,2/2/2025,7,713,0.1,Returned,Mobile Money
S0016788,C00459,P0110,ST001,4/5/2025,10,320,0,Pending,Mobile Money
S0012462,C00431,P0110,ST001,12/13/2025,8,1380,0,Pending,Card
S0016707,C00129,P0069,ST002,1/22/2026,3,1197,0.05,Returned,Card
S0011372,C00692,P0069,ST004,1/10/2025,6,973,0.05,Pending,Mobile Money
S0012174,C00528,P0069,ST017,1/1/2025,10,842,0.2,Cancelled,Bank Transfer
S0013485,C00233,P0069,ST013,1/27/2026,7,1143,0.1,Pending,Mobile Money
S0010465,C00910,P0110,ST008,4/20/2026,4,624,0.05,Cancelled,Mobile Money
S0014685,C00851,P0110,ST005,5/25/2026,7,240,0,Completed,Cash
S0018003,C00696,P0110,ST008,3/30/2025,2,506,0.2,completed,Mobile Money
S0010620,C00124,P0110,ST014,7/21/2026,8,986,0.05,Returned,Mobile Money
S0019923,C00524,P0110,ST005,5/4/2026,2,840,0,Pending,Bank Transfer
S0016659,C00186,P0110,ST002,11/13/2025,8,1274,0.05,Completed,Bank Transfer
S0014138,C00353,P0110,ST008,4/13/2026,3,1382,0.2,Cancelled,Cash
S0018201,C00262,P0110,ST017,11/16/2025,7,369,0.2,Returned,Mobile Money
S0014207,C00465,P0110,ST010,4/3/2025,9,404,0.05,completed,Bank Transfer
S0012895,C00502,P0069,ST002,6/29/2025,6,1204,0.15,Cancelled,Mobile Money
S0019928,C00393,P0110,ST016,7/1/2026,3,273,0.15,completed,Bank Transfer
S0019141,C00760,P0110,ST018,3/14/2026,9,1279,0.2,completed,Mobile Money
S0019877,C00357,P0110,ST008,3/18/2026,4,1198,0.05,Pending,Cash
S0018621,C00671,P0110,ST017,7/12/2025,4,273,0.05,Completed,Mobile Money
S0018821,C00252,P0110,ST014,9/3/2025,5,273,0,Pending,Mobile Money
S0019133,C00662,P0110,ST010,7/12/2025,10,1012,0.1,completed,Mobile Money
S0010645,C00769,P0110,ST009,2/6/2026,8,1136,0.1,Completed,Cash
S0016357,C00997,P0110,ST019,7/17/2025,6,79,0.05,Pending,Cash
S0015159,C00195,P0110,ST018,1/22/2026,8,1334,0,Completed,Mobile Money
S0010146,C00184,P0110,ST015,9/4/2025,10,1449,0.15,Returned,Bank Transfer
S0010773,C00965,P0110,ST009,1/7/2025,6,867,0.15,Pending,Cash
S0019800,C00691,P0110,ST008,3/8/2025,1,229,0.1,Returned,Mobile Money
S0015307,C00913,P0110,ST002,3/13/2025,7,415,0.2,Returned,Mobile Money
S0013263,C00510,P0110,ST007,8/19/2025,6,811,0,completed,Cash
S0011148,C00192,P0110,ST008,2/26/2025,4,335,0.1,completed,Mobile Money
S0018367,C00921,P0110,ST008,1/14/2026,3,397,0,Cancelled,Bank Transfer
S0014135,C00712,P0110,ST010,5/7/2025,2,142,0.15,Pending,Bank Transfer
S0010593,C00398,P0110,ST013,1/29/2026,5,241,0.1,Returned,Card
S0017158,C00404,P0110,ST012,2/4/2026,6,1363,0.15,Pending,Mobile Money
S0013069,C00595,P0110,ST002,12/31/2025,6,609,0.05,Cancelled,Mobile Money
S0012290,C00223,P0110,ST005,7/24/2026,9,1393,0.15,Returned,Bank Transfer
S0013550,C00562,P0110,ST014,1/20/2025,5,402,0.1,completed,Card
S0011219,C00292,P0110,ST014,2/11/2025,7,80,0.1,completed,Bank Transfer
S0018468,C00593,P0110,ST002,4/11/2025,10,270,0.2,completed,Card
S0014698,C00214,P0110,ST002,3/29/2026,10,1232,0,completed,Mobile Money
S0012163,C00355,P0110,ST019,4/10/2025,1,601,0.15,Returned,Cash
S0013493,C00455,P0110,ST019,7/4/2026,9,260,,Cancelled,Mobile Money
S0015579,C00651,P0110,ST004,1/19/2025,5,885,0.1,Cancelled,Cash
S0019852,C00758,P0110,ST011,8/18/2025,5,657,0.15,Returned,Bank Transfer
S0012958,C00862,P0110,ST009,1/1/2026,6,903,0.1,completed,Bank Transfer
S0020048,C00594,P0110,ST002,3/21/2026,7,48,0,Completed,Bank Transfer
S0012467,C00593,P0110,ST005,4/5/2025,6,1064,0.2,completed,Bank Transfer
S0019180,C00231,P0110,ST018,8/17/2025,6,256,0.1,completed,Bank Transfer
S0010166,C00618,P0110,ST016,4/10/2026,3,956,0.05,Returned,Card
S0013863,C00426,P0110,ST002,6/1/2026,8,86,0.1,Cancelled,Mobile Money
S0018088,C00001,P0110,ST015,2/26/2025,1,840,0.15,completed,Card
S0018157,C00578,P0110,ST007,1/22/2025,5,339,0.1,Completed,Mobile Money
S0015108,C00182,P0030,ST011,2/28/2025,6,1077,0.05,Cancelled,Cash
S0017139,C00903,P0030,ST005,9/29/2025,9,764,0.2,Completed,Mobile Money
S0018093,C00122,P0030,ST006,2/12/2025,10,900,0.2,Returned,Cash
S0018352,,P0110,ST007,8/19/2025,5,439,0.2,Returned,Mobile Money
S0017087,C00936,P0030,ST012,7/1/2025,9,1235,0.15,Pending,Card
S0017679,C00590,P0030,ST010,10/29/2025,4,860,0,Pending,Card
S0011867,C00338,P0030,ST010,7/25/2025,4,646,0,completed,Bank Transfer
S0016123,C00110,P0030,ST002,1/17/2025,7,1083,0.05,Pending,Card
S0012181,C00466,P0030,ST019,3/23/2025,6,1157,0,Cancelled,Cash
S0015129,C00319,P0030,ST004,4/7/2026,1,338,0.1,Cancelled,Card
S0013595,C00160,P0110,ST001,9/8/2025,3,882,0.05,Completed,Card
S0015811,C00643,P0030,ST019,5/7/2025,8,287,0,Completed,Mobile Money
S0013750,C00668,P0030,ST002,3/26/2026,3,1245,0.2,Completed,Card
S0012638,C00770,P0030,ST002,3/18/2026,8,240,0.1,Pending,Bank Transfer
S0019309,C00018,P0030,ST007,4/7/2025,5,569,0.2,Cancelled,Bank Transfer
S0017409,C00599,P0030,ST016,6/6/2026,7,384,0.15,Cancelled,Card
S0016025,C00879,P0030,ST014,5/14/2026,8,870,0.15,Completed,Bank Transfer
S0010942,C00899,P0030,ST017,7/1/2026,10,935,0.05,Returned,Card
S0010723,C00382,P0030,ST010,4/28/2025,3,178,0.15,Pending,Cash
S0011719,C00457,P0030,ST003,10/4/2025,4,374,0.05,Cancelled,Bank Transfer
S0014464,C00522,P0030,ST014,8/6/2025,3,1041,0.15,Pending,Bank Transfer
S0019819,C00053,P0030,ST019,9/30/2025,3,631,0.15,Returned,Card
S0017565,C00749,P0030,ST016,7/27/2026,2,1486,0.1,completed,Cash
S0018101,C00591,P0030,ST008,6/17/2025,9,1016,0.05,completed,Card
S0018140,C00929,P0030,ST003,8/16/2025,4,337,0.2,Completed,Bank Transfer
S0014604,C00198,P0030,ST019,7/6/2025,10,973,0.2,Cancelled,Bank Transfer
S0013213,C00226,P0030,ST013,1/28/2026,5,51,0.1,Completed,Bank Transfer
S0011592,C00595,P0030,ST019,11/11/2025,7,286,0.15,Cancelled,Bank Transfer
S0016296,C00747,P0030,ST013,7/23/2026,9,1307,0.05,Cancelled,Bank Transfer
S0018829,C00236,P0030,ST005,2/28/2026,7,1171,0.1,Returned,Cash
S0019951,C00167, P0030 ,ST005,2/14/2025,6,346,0.2,completed,Mobile Money
S0013795,C00511,P0030,ST008,2/24/2026,5,182,0.1,Completed,Bank Transfer
S0019861,C00035,P0030,ST006,6/29/2025,7,899,0,Pending,Cash
S0015980,C00959,P0030,ST001,4/1/2025,1,1237,0,completed,Card
S0012086,C00423,P0030,ST004,2/12/2026,5,1179,0,Completed,Cash
S0018423,C00617,P0030,ST011,3/16/2025,7,446,0.15,Pending,Cash
S0011766,C00214,P0030,ST020,6/13/2025,5,1183,0.2,Pending,Card
S0016847,C00802,P0030,ST006,1/2/2025,7,1415,0.2,Returned,Bank Transfer
S0010280,C00498,P0030,ST003,7/8/2025,2,1170,0.2,completed,Cash
S0018956,C00695,P0030,ST009,12/30/2025,8,558,0,completed,Card
S0010070,C00867,P0030,ST009,9/11/2025,5,403,0.1,Completed,Mobile Money
S0011122,C00353,P0030,ST009,5/31/2026,8,1198,0.15,Returned,Bank Transfer
S0010214,C00524,P0030,ST012,10/16/2025,1,334,0.05,Completed,Bank Transfer
S0018326,C00003,P0030,ST001,7/29/2026,8,403,0,Cancelled,Cash
S0016564,C00803,P0030,ST007,2/5/2026,6,384,0.05,Completed,Card
S0013534,C00781,P0030,ST018,1/30/2025,4,549,0.2,Completed,Cash
S0014528,C00472,P0030,ST004,2/3/2025,9,601,0.05,Cancelled,Card
S0012022,C00872,P0030,ST015,7/28/2026,4,493,0.15,Pending,Cash
S0016287,C00346,P0097,ST019,2/18/2026,9,830,0.05,Returned,Card
S0014926,C00827,P0030,ST016,7/26/2026,9,1203,0.05,Cancelled,Bank Transfer
S0016183,C00762,P0097,ST002,6/24/2025,9,507,0.2,Pending,Cash
S0013008,C00890,P0030,ST003,4/22/2026,5,1495,0,Returned,Bank Transfer
S0016604,C00959,P0030,ST005,5/11/2026,8,301,0,completed,Mobile Money
S0014469,C00468,P0097,ST015,12/9/2025,9,1488,0.2,Returned,Card
S0016016,C00327,P0097,ST019,6/2/2026,5,541,0.05,Completed,Cash
S0011228,C00314,P0097,ST005,11/29/2025,6,1009,0.1,Returned,Card
S0012073,C00042,P0097,ST007,5/28/2026,7,307,0,Pending,Cash
S0012298,C00470,P0097,ST016,4/1/2025,10,1075,0.15,Returned,Cash
S0015636,C00262,P0097,ST001,3/17/2026,8,618,0.05,Cancelled,Mobile Money
S0018894,C00046,P0097,ST004,1/23/2026,10,893,0,Pending,Mobile Money
S0018757,C00520,P0097,ST005,5/31/2026,7,1110,0.05,Pending,Bank Transfer
S0016551,C00793,P0191,ST001,1/7/2026,6,19,0.15,Cancelled,Bank Transfer
S0019598,C00066,P0030,ST001,4/13/2026,4,1226,0.2,Completed,Cash
S0014716,C00531,P0097,ST009,4/13/2026,7,1325,0.2,completed,Card
S0015831,C00112,P0097,ST001,3/2/2025,1,991,0.2,completed,Cash
S0016407,C00971,P0097,ST004,10/26/2025,10,880,0.2,Completed,Bank Transfer
S0010466,C00177,P0191,ST003,7/19/2025,10,75,0.2,Cancelled,Bank Transfer
S0012045,C00434,P0097,ST020,5/23/2026,6,1383,0.2,Completed,Cash
S0014074,C00535,P0097,ST008,7/29/2025,3,1067,0.05,completed,Card
S0016544,C00191,P0097,ST011,10/11/2025,3,580,0,Completed,Bank Transfer
S0013985,C00931,P0097,ST002,12/15/2025,3,884,0.05,Cancelled,Cash
S0013082,C00248,P0097,ST005,2/20/2026,7,186,0.05,Pending,Bank Transfer
S0012654,C00543,P0097,ST001,2/24/2026,7,308,0.1,Cancelled,Bank Transfer
S0017118,C00058,P0097,ST010,1/10/2026,10,44,0.15,Pending,Cash
S0013529,C00423,P0097,ST001,7/9/2025,5,1267,0.05,completed,Card
S0014386,C00860,P0191,ST004,9/30/2025,6,1181,0,Cancelled,Cash
S0018790,C00338,P0191,ST005,5/22/2025,6,1028,0.1,Returned,Card
S0018770,C00462,P0191,ST009,6/25/2025,4,907,0.05,Returned,Card
S0017300,C00570,P0191,ST012,1/14/2026,4,1287,0.15,Cancelled,Mobile Money
S0010086,C00428,P0191,ST001,4/6/2026,3,394,0.05,Cancelled,Bank Transfer
S0013922,C00331,P0191,ST006,10/4/2025,2,475,0.05,Completed,Card
S0013747,C00322,P0097,ST008,4/19/2026,1,281,0.2,Cancelled,Mobile Money
S0014486,C00386,P0097,ST010,1/19/2025,8,805,0.05,Returned,Bank Transfer
S0015286,C00330,P0191,ST012,8/18/2025,2,1272,0,completed,Card
S0012540,C00479,P0097,ST015,11/23/2025,4,577,0.1,Pending,Mobile Money
S0014723,C00129,P0191,ST020,5/18/2025,7,1402,0.2,Cancelled,Mobile Money
S0014069,C00658,P0097,ST018,5/1/2025,5,532,0,Returned,Bank Transfer
S0012213,C00044,P0191,ST017,1/24/2026,10,1207,0.05,Cancelled,Card
S0011862,C00127,P0191,ST009,6/8/2026,2,409,0,Cancelled,Bank Transfer
S0011852,C00025,P0097,ST008,1/14/2025,4,1202,0.2,Completed,Card
S0010903,C00999,P0191,ST017,3/11/2026,6,1461,0.15,Cancelled,Cash
S0019424,C00918,P0191,ST012,5/18/2026,6,802,0,Completed,Cash
S0012533,C00860,P0097,ST020,2/18/2026,2,1193,0.05,completed,Bank Transfer
S0014619,C00840,P0097,ST005,10/15/2025,2,1423,0.15,Completed,Cash
S0013786,C00222,P0191,ST001,4/11/2025,9,540,0.15,Cancelled,Bank Transfer
S0015774,C00727,P0191,ST015,7/30/2026,5,32,0.1,Cancelled,Cash
S0017271,C00383,P0097,ST018,4/25/2026,7,576,0.05,completed,Mobile Money
S0014217,C00596,P0097,ST003,2/16/2025,7,95,0,completed,Card
S0016300,C00143,P0191,ST012,4/17/2025,7,233,0.2,completed,Bank Transfer
S0016413,C00586,P0097,ST003,1/7/2025,1,241,0.1,Cancelled,Mobile Money
S0016977,C00526,P0097,ST002,3/1/2025,3,93,0.15,Returned,Card
S0012262,C00094,P0097,ST010,12/30/2025,2,562,0.1,Completed,Card
S0010174,C00722,P0097,ST012,11/12/2025,9,300,0.1,Cancelled,Mobile Money
S0019227,C00670,P0191,ST019,8/5/2025,7,1313,0,Completed,Card
S0015462,C00661,P0097,ST019,5/25/2026,9,441,0.15,Pending,Card
S0017209,C00323,P0191,ST001,10/8/2025,8,42,0,Completed,Cash
S0014621,C00118,P0097,ST005,4/27/2025,8,433,0,Completed,Bank Transfer
S0018154,C00191,P0097,ST002,4/26/2025,10,1115,0.15,Pending,Bank Transfer
S0018859,C00145,P0097,ST020,12/5/2025,10,92,0.15,Completed,Bank Transfer
S0015940,C00218,P0191,ST004,5/23/2025,5,775,0.2,Returned,Mobile Money
S0019834,C00243,P0191,ST011,6/25/2025,2,969,0.2,Completed,Cash
S0011684,C00143,P0097,ST017,1/9/2026,6,874,0,Returned,Mobile Money
S0012146,C00560,P0097,ST011,7/24/2025,10,44,0.1,Completed,Cash
S0010282,C00563,P0097,ST005,7/16/2025,5,1125,0.1,Pending,Bank Transfer
S0019960,C00707,P0097,ST014,7/2/2026,8,98,0.05,Pending,Mobile Money
S0015925,C00720,P0097,ST009,12/15/2025,3,320,0.05,Cancelled,Mobile Money
S0016518,C00637,P0191,ST009,1/31/2025,7,55,0.05,Completed,Cash
S0016667,C00936,P0191,ST017,4/14/2025,4,998,0.05,completed,Cash
S0019604,C00816,P0191,ST020,3/5/2025,1,793,0.2,Pending,Card
S0010686,C00495,P0191,ST015,6/20/2025,8,884,0.05,Cancelled,Card
S0012667,C00134,P0191,ST007,3/19/2026,4,977,0.1,Completed,Cash
S0011068,C00958,P0191,ST006,6/18/2025,5,370,0.1,Returned,Bank Transfer
S0017090,C00836,P0191,ST014,3/31/2026,3,77,0.15,Returned,Bank Transfer
S0017191,C00791,P0097,ST005,10/29/2025,1,920,0.15,Returned,Bank Transfer
S0010319,C00459,P0097,ST012,3/31/2025,10,905,0,Completed,Cash
S0011391,C00947,P0191,ST013,5/21/2026,2,630,0.1,completed,Bank Transfer
S0010904,C00253,P0191,ST012,6/19/2025,4,1381,0.2,Cancelled,Cash
S0015076,C00047,P0191,ST007,4/28/2026,9,604,0.05,Completed,Card
S0017910,C00758,P0191,ST011,10/6/2025,1,791,0.15,Returned,Card
S0016107,C00367,P0191,ST013,7/23/2026,3,385,0,Cancelled,Bank Transfer
S0014460,C00170,P0191,ST010,7/12/2026,1,385,0,completed,Mobile Money
S0010121,C00764,P0191,ST011,6/15/2026,5,782,0.15,Completed,Cash
S0019578,C00139,P0191,ST019,1/17/2025,2,1025,0.1,Cancelled,Bank Transfer
S0016364,C00011,P0191,ST018,3/27/2026,3,664,0,completed,Card
S0014481, C00582 ,P0191,ST008,4/2/2025,10,1017,0.1,Pending,Cash
S0012715,C00973,P0097,ST001,2/22/2026,1,934,0.1,Cancelled,Card
S0018416,C00720,P0191,ST009,1/26/2026,9,613,0.1,Completed,Mobile Money
S0018388,C00498,P0191,ST002,7/21/2025,3,22,0.1,completed,Mobile Money
S0016221,C00974,P0191,ST015,6/21/2025,7,1384,0.15,Pending,Cash
S0011728,C00044,P0191,ST005,5/3/2025,8,1195,0.05,Cancelled,Mobile Money
S0013420,C00844,P0191,ST009,2/5/2026,9,21,0.2,Cancelled,Bank Transfer
S0017486,C00319,P0097,ST019,4/4/2026,7,1433,0.15,Completed,Bank Transfer
S0017185,C00068,P0097,ST011,8/21/2025,1,540,0.15,Completed,Mobile Money
S0011598,C00441,P0097,ST015,7/5/2025,6,1254,0.15,Cancelled,Cash
S0010051,C00080,P0191,ST017,1/20/2025,7,395,0,completed,Cash
S0016609,C00344,P0191,ST009,3/12/2026,8,690,0.2,Cancelled,Card
S0018500,C00454,P0191,ST006,7/20/2025,1,139,0.15,Completed,Mobile Money
S0014085,C00697,P0191,ST013,7/21/2025,9,1354,0.2,Pending,Card
S0016988,C00860,P0191,ST002,7/22/2026,10,1358,0.2,Pending,Bank Transfer
S0016492,C00268,P0191,ST016,4/8/2026,8,1468,0.05,Returned,Cash
S0018052,C00584,P0191,ST012,3/8/2025,9,984,0.15,Pending,Bank Transfer
S0018793,C00949,P0191,ST014,5/31/2025,5,771,0.15,Pending,Mobile Money
S0017717,C00934,P0146,ST017,5/1/2026,3,1029,0,Returned,Mobile Money
S0010172,C00961,P0191,ST009,3/25/2025,6,221,0.15,completed,Card
S0012507,C00058,P0191,ST006,8/15/2025,6,1169,0.2,Cancelled,Bank Transfer
S0018619,C00289,P0191,ST007,8/6/2025,6,1025,,Pending,Card
S0012159,C00557,P0191,ST019,4/1/2026,4,1233,0.1,completed,Card
S0010481,C00279,P0097,ST006,5/6/2026,8,499,0.1,Cancelled,Cash
S0012325,C00417,P0191,ST001,5/20/2025,5,288,0.15,Completed,Cash
S0014270,C00253,P0146,ST003,4/19/2026,9,314,0.05,Pending,Bank Transfer
S0010509,C00309,P0191,ST006,4/14/2026,2,440,0.2,Pending,Mobile Money
S0016395,C00091,P0191,ST016,2/16/2026,5,967,0,completed,Cash
S0012471,C00181,P0191,ST005,6/17/2025,1,180,0.2,Completed,Mobile Money
S0014337,C00303,P0099,ST013,10/29/2025,2,218,0.05,Cancelled,Mobile Money
S0017245,C00342,P0146,ST015,5/21/2025,7,759,0.1,Pending,Cash
S0014855,C00608,P0146,ST019,1/13/2025,3,1432,0.1,Returned,Bank Transfer
S0015149,C00751,P0099,ST007,2/16/2025,7,319,0.05,Cancelled,Cash
S0011689,C00364,P0146,ST018,3/9/2026,1,333,0,Returned,Cash
S0010403,C00226,P0146,ST017,7/4/2025,1,432,0.15,Pending,Cash
S0011558,C00214,P0146,ST019,3/6/2025,2,953,0.1,Cancelled,Card
S0017337,C00858,P0099,ST004,11/4/2025,9,107,0.1,Pending,Bank Transfer
S0012035,C00843,P0146,ST008,5/11/2025,2,785,0.05,completed,Bank Transfer
S0011069,C00310,P0099,ST006,6/28/2025,5,1214,0.1,Cancelled,Bank Transfer
S0014743,C00868,P0099,ST013,2/3/2025,8,66,0.2,completed,Mobile Money
S0013154,C00158,P0099,ST016,11/27/2025,8,1128,0.15,Completed,Bank Transfer
S0015087,C00343,P0146,ST017,7/23/2026,6,132,0,Pending,Bank Transfer
S0016120,C00777,P0146,ST012,2/8/2025,3,1173,0.2,Returned,Mobile Money
S0016313,C00770,P0146,ST004,2/9/2025,2,1436,0.1,completed,Mobile Money
S0011619,C00982,P0099,ST017,7/29/2025,3,1298,0.2,Returned,Card
S0018672,C00794,P0099,ST009,4/15/2026,8,757,0.1,Completed,Cash
S0017719,C00850,P0146,ST007,5/2/2026,4,29,0.05,Pending,Mobile Money
S0011855,C00130,P0146,ST008,8/15/2025,3,356,0.2,completed,Mobile Money
S0016097,C00171,P0099,ST018,5/17/2025,3,1112,0.1,completed,Mobile Money
S0015455,C00432,P0146,ST018,1/26/2025,9,767,0.05,Cancelled,Mobile Money
S0016711,C00885,P0146,ST019,6/13/2026,9,1235,0.05,completed,Mobile Money
S0018366,C00291,P0146,ST003,3/20/2025,7,337,0.2,Returned,Bank Transfer
S0011650,C00274,P0146,ST001,1/28/2026,5,1398,0.05,Cancelled,Mobile Money
S0019083,C00781,P0146,ST002,9/3/2025,7,350,0.2,Cancelled,Cash
S0011281,C00734,P0099,ST013,10/24/2025,9,829,0,Returned,Mobile Money
S0016894,C00350,P0099,ST018,3/29/2025,4,400,0,Cancelled,Cash
S0015084,C00726,P0099,ST012,10/31/2025,2,1120,0.15,Pending,Mobile Money
S0014448,C00371,P0146,ST008,5/11/2025,5,929,0.1,Cancelled,Bank Transfer
S0017656,C00812,P0146,ST003,7/24/2025,9,580,0,Pending,Mobile Money
S0010177,C00513,P0146,ST017,5/1/2025,8,1030,0.15,Returned,Mobile Money
S0016456,C00208,P0146,ST019,4/12/2026,6,1186,0.05,Returned,Mobile Money
S0015967,C00607,P0099,ST013,3/7/2026,8,1069,0.1,Pending,Cash
S0012172,C00341,P0099,ST004,4/25/2026,7,1431,0.15,completed,Bank Transfer
S0012492,C00208,P0146,ST003,1/2/2026,9,1456,0.05,Returned,Card
S0011312,C00857,P0099,ST012,7/22/2025,1,719,0.05,Returned,Mobile Money
S0010127,C00028,P0099,ST017,2/2/2025,9,499,0.1,completed,Cash
S0014626,C00884,P0099,ST019,11/23/2025,10,1157,0,Cancelled,Card
S0012821,C00740,P0099,ST001,4/14/2026,7,1194,0.2,completed,Bank Transfer
S0012246,C00691,P0099,ST006,8/23/2025,10,875,0.05,Cancelled,Bank Transfer
S0017480,C00640,P0146,ST019,12/19/2025,9,124,0.2,Completed,Bank Transfer
S0015292,C00878,P0099,ST013,9/24/2025,6,1167,0.2,Returned,Bank Transfer
S0019858,C00347,P0146,ST016,3/29/2025,8,1351,0.1,Returned,Bank Transfer
S0015491,C00213,P0146,ST019,4/17/2025,3,1242,0,Completed,Cash
S0013358,C00245,P0146,ST003,1/19/2025,3,259,0.2,Returned,Bank Transfer
S0014036,C00460,P0099,ST019,1/6/2026,3,311,0.1,Completed,Bank Transfer
S0012636,C00161,P0099,ST005,6/11/2026,5,1464,0.05,Cancelled,Cash
S0016498,C00795,P0146,ST007,11/14/2025,4,899,0.15,Cancelled,Card
S0016523,C00146,P0146,ST001,8/10/2025,6,1381,0.15,Pending,Mobile Money
S0010547,C00259,P0099,ST002,6/18/2026,7,1016,0.15,Completed,Card
S0013635,C00783,P0099,ST014,9/2/2025,4,832,0.1,Returned,Cash
S0015598,C00812,P0099,ST010,5/25/2025,3,1066,0.2,Cancelled,Card
S0012591,C00377,P0099,ST010,5/7/2025,10,1256,0.1,completed,Cash
S0019147,C00258,P0146,ST015,2/12/2026,1,206,0.05,Returned,Card
S0010361,C00113,P0099,ST013,3/7/2025,5,933,0.05,Cancelled,Cash
S0012683,C00554,P0146,ST003,12/1/2025,5,1300,0.15,completed,Bank Transfer
S0011711,C00383,P0099,ST007,5/19/2026,7,479,0.15,Pending,Bank Transfer
S0012402,C00980,P0146,ST020,11/7/2025,4,731,0,Completed,Bank Transfer
S0013602,C00749,P0146,ST009,11/30/2025,9,522,0.1,Completed,Cash
S0018166,C00233,P0146,ST017,6/1/2026,10,434,0.15,Pending,Cash
S0010356,C00725,P0099,ST020,3/23/2025,9,1345,0.05,Completed,Cash
S0016074,C00094,P0146,ST012,4/12/2026,1,635,0.05,Cancelled,Card
S0019398,C00925,P0099,ST012,2/23/2025,8,1023,0.15,completed,Bank Transfer
S0010248,C00630,P0146,ST019,6/8/2026,8,907,0,Cancelled,Cash
S0018036,C00888,P0099,ST009,9/28/2025,10,612,0,completed,Cash
S0016549,C00933,P0099,ST005,9/16/2025,3,325,0.2,Returned,Cash
S0011610,C00509,P0099,ST003,6/1/2026,6,717,0,Completed,Cash
S0011371,C00789,P0099,ST005,7/15/2026,5,119,0.2,Pending,Cash
S0016910,C00884,P0099,ST020,11/17/2025,3,527,0.2,Completed,Cash
S0011088,C00155,P0099,ST002,11/16/2025,4,647,0.05,completed,Cash
S0013320,C00167,P0146,ST012,8/26/2025,2,949,0.15,Completed,Mobile Money
S0019491,C00634,P0099,ST009,11/3/2025,10,1283,0.2,Cancelled,Mobile Money
S0019452,C00916,P0099,ST002,4/2/2026,10,1310,0.2,Cancelled,Cash
S0018993,C00820,P0099,ST001,1/5/2026,4,1194,0.05,Cancelled,Cash
S0019353,C00304,P0099,ST003,3/30/2025,1,848,0.1,Cancelled,Cash
S0012875,C00110,P0146,ST001,9/27/2025,8,489,0,Completed,Mobile Money
S0013923,C00443,P0146,ST018,3/14/2025,2,740,0.05,Returned,Mobile Money
S0010699,C00188,P0146,ST014,5/7/2025,6,1074,0.1,completed,Mobile Money
S0015791,C00436,P0146,ST018,3/28/2025,9,351,0.15,Cancelled,Card
S0013107,C00272,P0146,ST015,3/20/2026,1,301,0.15,Pending,Cash
S0019351,C00297,P0099,ST011,4/21/2026,10,1183,0,completed,Mobile Money
S0016207,C00121,P0099,ST014,4/11/2026,2,410,0,Returned,Cash
S0010671,C00540,P0146,ST006,5/26/2026,5,1305,0,completed,Bank Transfer
S0012359,C00266,P0146,ST015,6/24/2026,2,585,0,Completed,Bank Transfer
S0011690,C00470,P0146,ST018,6/25/2026,5,881,0.1,Completed,Bank Transfer
S0013979,C00010,P0146,ST017,11/20/2025,9,207,0.1,completed,Bank Transfer
S0015589,C00911,P0099,ST019,11/28/2025,5,912,0,Returned,Bank Transfer
S0017645,C00609,P0146,ST011,2/26/2025,2,282,0,Returned,Mobile Money
S0019907,C00805,P0099,ST002,8/20/2025,5,890,0.05,Pending,Card
S0013822,C00273,P0146,ST010,12/6/2025,7,615,0.2,Pending,Bank Transfer
S0013866,C00208,P0099,ST015,12/26/2025,2,397,0,completed,Card
S0019136,C00504,P0099,ST015,6/28/2026,6,355,0.2,Cancelled,Card
S0012493,C00762,P0146,ST014,4/7/2025,7,30,0.15,Cancelled,Bank Transfer
S0012947,C00635,P0099,ST019,2/25/2025,3,613,0,Returned,Card
S0013308,C00795,P0146,ST020,1/30/2025,4,1108,0,completed,Mobile Money
S0013917,C00796,P0146,ST009,5/27/2026,6,329,0.1,Pending,Card
S0018457,C00723,P0146,ST016,2/1/2025,2,1475,0.15,completed,Bank Transfer
S0018713,C00976,P0099,ST007,5/26/2026,9,479,0,completed,Cash
S0012056,C00379,P0146,ST007,8/24/2025,5,360,0.05,Pending,Bank Transfer
S0017762,C00045,P0132,ST020,10/17/2025,10,421,0,Completed,Cash
S0011908,C00614,P0163,ST007,8/2/2025,1,918,0.05,Pending,Cash
S0014485,C00739,P0132,ST010,2/2/2025,8,247,0.05,Cancelled,Cash
S0013522,C00015,P0132,ST011,2/24/2025,3,674,0.1,Cancelled,Mobile Money
S0016121,C00848,P0163,ST020,6/6/2026,1,1287,0.15,Cancelled,Card
S0014392,C00458,P0163,ST010,9/15/2025,10,1455,0.15,completed,Cash
S0015989,C00546,P0132,ST003,6/20/2025,8,435,0.15,Cancelled,Cash
S0018156,C00904,P0163,ST007,4/15/2026,2,1279,0.05,Pending,Mobile Money
S0019240,C00842,P0163,ST015,3/21/2026,9,1187,0.2,Returned,Bank Transfer
S0015287,C00881,P0163,ST020,10/19/2025,10,305,0,Cancelled,Mobile Money
S0018122,C00554,P0132,ST019,1/19/2026,3,492,0.15,completed,Cash
S0017226,C00113,P0132,ST013,3/2/2025,5,1370,0,Completed,Cash
S0010962,C00945,P0132,ST007,5/2/2025,3,880,0.2,Returned,Bank Transfer
S0019672,C00083,P0163,ST019,6/30/2026,1,216,0.15,Cancelled,Bank Transfer
S0018127,C00838,P0163,ST006,2/27/2026,1,1351,0.05,completed,Mobile Money
S0012639,C00054,P0163,ST009,5/1/2026,10,905,0.1,Completed,Card
S0010554,C00056,P0163,ST006,3/21/2025,2,833,0.15,Completed,Mobile Money
S0013794,C00767,P0163,ST004,3/16/2025,6,1334,0.05,Cancelled,Bank Transfer
S0018013,C00085,P0132,ST019,8/16/2025,10,1424,0.15,Completed,Bank Transfer
S0011581,C00634,P0132,ST012,2/5/2026,5,926,0.1,Cancelled,Bank Transfer
S0015826,C00453,P0163,ST016,1/2/2025,5,667,0,Completed,Cash
S0010476,C00779,P0163,ST013,5/23/2025,9,1119,0.15,Pending,Mobile Money
S0010345,C00811,P0163,ST010,3/16/2025,1,738,0.05,Cancelled,Bank Transfer
S0019515,C00749,P0132,ST012,3/23/2026,4,308,0.2,Completed,Mobile Money
S0010924,C00783,P0163,ST008,4/9/2025,5,1403,0.2,Pending,Card
S0011353,C00401,P0163,ST010,6/4/2026,1,383,0,completed,Bank Transfer
S0018582,C00369,P0132,ST009,1/30/2026,6,439,0.15,Cancelled,Card
S0019998,C00416,P0132,ST015,3/16/2026,6,1498,0.2,Cancelled,Cash
S0015416,C00081,P0163,ST015,7/16/2025,3,687,0.2,Returned,Cash
S0010254,C00904,P0163,ST008,11/13/2025,6,1080,0,Returned,Card
S0013738,C00072,P0132,ST003,1/26/2025,1,643,0,Cancelled,Card
S0014823,C00481,P0163,ST017,2/4/2025,8,1443,0,completed,Card
S0013827,C00447,P0132,ST017,3/17/2025,1,1402,0.1,Completed,Mobile Money
S0015504,C00447,P0132,ST017,3/17/2025,5,1193,0.1,Completed,Mobile Money
S0017330,C00890,P0163,ST008,11/23/2025,3,58,0.2,completed,Card
S0016150,C00499,P0132,ST004,5/19/2026,6,473,0,Pending,Cash
S0013694,C00809,P0132,ST017,3/24/2025,1,547,0.05,Returned,Card
S0014411,C00373,P0163,ST011,3/5/2025,10,903,0.2,Cancelled,Cash
S0016909,C00837,P0132,ST018,12/19/2025,7,856,0.15,Completed,Mobile Money
S0014465,C00169,P0132,ST008,4/5/2026,8,215,0.15,Cancelled,Bank Transfer
S0019528,C00715,P0132,ST009,7/25/2025,9,317,0.05,Cancelled,Bank Transfer
S0018836,C00980,P0132,ST007,6/6/2026,2,1111,0.2,Pending,Mobile Money
S0013096,C00060,P0163,ST003,2/15/2025,10,46,0.15,Pending,Card
S0018491,C00984,P0132,ST015,5/13/2025,2,339,0,Returned,Mobile Money
S0018146,C00861,P0163,ST019,1/28/2026,1,455,0.05,Completed,Bank Transfer
S0013224,C00607,P0132,ST003,1/23/2025,6,1260,0.15,Returned,Card
S0012391,C00165,P0163,ST007,7/17/2025,9,1170,0.05,completed,Mobile Money
S0014588,C00306,P0132,ST001,4/18/2025,5,937,0.05,Completed,Bank Transfer
S0017373,C00061,P0132,ST004,12/11/2025,3,771,0.05,Completed,Cash
S0010596,C00434,P0163,ST007,1/19/2026,3,635,0.05,completed,Cash
S0012169,C00516,P0132,ST020,2/15/2025,2,14,0.15,Returned,Card
S0013904,C00440,P0132,ST001,5/19/2026,1,1070,0,Returned,Bank Transfer
S0016671,C00224,P0132,ST007,5/20/2025,10,1340,0.1,Pending,Bank Transfer
S0012384,C00666,P0132,ST011,2/10/2025,2,1343,0,Completed,Mobile Money
S0019756,C00745,P0163,ST008,3/27/2025,9,202,0.05,Pending,Bank Transfer
S0017431,C00079,P0163,ST005,10/21/2025,7,50,0.05,Returned,Bank Transfer
S0017851,C00445,P0163,ST010,5/30/2025,2,1195,0.15,completed,Card
S0013540,C00404,P0132,ST018,7/17/2026,3,1168,0,Cancelled,Cash
S0012276,C00619,P0163,ST019,3/23/2026,7,251,0.2,Completed,Cash
S0010960,C00714,P0132,ST002,3/22/2026,8,1278,0.05,Returned,Card
S0010287,C00992,P0132,ST012,3/24/2025,2,728,0.2,Returned,Cash
S0014943,C00250,P0132,ST001,3/20/2025,6,599,0.1,Pending,Card
S0019758,C00046,P0163,ST004,1/10/2026,2,35,0,completed,Mobile Money
S0010207,C00481,P0132,ST005,7/19/2026,6,1105,0.2,Returned,Bank Transfer
S0013783,C00366,P0132,ST017,4/18/2025,7,35,0.2,Returned,Cash
S0019346,C00415,P0132,ST010,4/14/2025,1,104,0.15,Returned,Card
S0011988,C00561,P0163,ST004,12/15/2025,4,436,0,completed,Cash
S0019435,C00144,P0163,ST020,1/23/2026,2,776,,Pending,Mobile Money
S0018577,C00147,P0163, ST011 ,6/5/2025,1,459,0.15,Completed,Mobile Money
S0010760,C00672,P0163,ST015,11/15/2025,10,1029,0.2,completed,Bank Transfer
S0011961,C00754,P0163,ST013,7/27/2025,8,53,0.15,Pending,Card
S0011972,C00902,P0163,ST003,5/8/2026,7,347,0.05,Cancelled,Cash
S0015755,C00424,P0132,ST017,7/19/2025,7,677,0.2,Returned,Card
S0011620,C00989,P0132,ST006,12/29/2025,5,558,0.05,Cancelled,Mobile Money
S0012589,C00078,P0163,ST003,5/2/2026,7,0,0.1,Returned,Card
S0010646,C00945,P0163,ST014,5/7/2026,7,1177,0,Completed,Card
S0018117,C00017,P0132,ST001,10/26/2025,8,1133,0.1,Completed,Cash
S0011870,C00171,P0132,ST018,4/21/2026,4,85,0.2,Returned,Mobile Money
S0016179,C00582,P0132,ST005,5/10/2025,5,595,0.1,Pending,Card
S0018442,C00007,P0163,ST012,3/25/2026,1,658,0,Cancelled,Cash
S0013787,C00956,P0132,ST007,10/30/2025,8,1176,0,Cancelled,Mobile Money
S0014812,C00064,P0163,ST013,7/2/2026,8,118,0.05,Pending,Cash
S0011944,C00887,P0132,ST009,8/22/2025,4,797,0.2,completed,Cash
S0017285,C00503,P0163,ST004,8/20/2025,6,1052,0.2,Completed,Card
S0019796,C00644,P0163,ST005,4/21/2025,7,990,0,Pending,Bank Transfer
S0012200,C00903,P0163,ST017,4/23/2026,10,819,0.2,Returned,Cash
S0017095,C00288,P0163,ST011,5/11/2025,4,1058,0.1,Completed,Bank Transfer
S0017959,C00947,P0132,ST016,2/3/2025,6,452,0.05,completed,Card
S0013899,C00204,P0132,ST009,7/6/2026,10,1238,0.2,Cancelled,Card
S0016989,C00697, P0132 ,ST017,2/21/2026,5,1416,0.05,Pending,Mobile Money
S0011667,C00509,P0163,ST009,10/17/2025,8,1374,0.15,Completed,Card
S0014092,C00589,P0132,ST015,5/24/2026,8,122,0.2,Completed,Mobile Money
S0014250,C00527,P0155,ST020,3/10/2025,4,152,0.05,Cancelled,Bank Transfer
S0012933,C00930,P0155,ST009,7/8/2026,10,316,0.05,Cancelled,Card
S0019401,C00188,P0155,ST018,6/14/2025,3,233,0.05,completed,Mobile Money
S0014670,C00784,P0155,ST002,10/22/2025,9,132,0,Pending,Bank Transfer
S0015830,C00453,P0155,ST012,6/9/2026,6,697,0.05,Cancelled,Card
S0018348,C00213,P0155,ST002,4/21/2026,3,922,0.15,Completed,Card
S0013388,C00069,P0155,ST012,7/5/2025,2,1034,0.2,Completed,Cash
S0011240,C00922,P0155,ST020,8/14/2025,2,981,0.15,completed,Cash
S0018323,C00198,P0155,ST018,3/27/2025,7,944,0.1,Completed,Card
S0015662,C00388,P0155,ST015,5/4/2025,5,525,0.15,Pending,Bank Transfer
S0011648,C00605,P0155,ST012,5/19/2025,6,1434,0.05,Returned,Mobile Money
S0019547,C00595,P0155,ST002,7/26/2026,1,748,0.05,completed,Mobile Money
S0010681,C00574,P0155,ST004,9/23/2025,1,367,0.15,completed,Bank Transfer
S0017211,C00449,P0155,ST009,4/1/2025,9,1060,0,Pending,Mobile Money
S0010649,C00762,P0155,ST002,1/31/2026,4,398,0.15,Pending,Card
S0013012,C00049,P0155,ST016,11/15/2025,2,769,0.05,Cancelled,Bank Transfer
S0015624,C00499,P0155,ST015,7/3/2025,6,166,0.05,Completed,Mobile Money
S0012015,C00965,P0155,ST002,4/28/2025,2,502,0,Completed,Card
S0016578,C00033,P0155,ST006,3/20/2026,2,1398,0.15,completed,Bank Transfer
S0010776,C00518,P0155,ST019,3/14/2026,8,36,0.2,Returned,Card
S0015588,C00408,P0155,ST003,11/13/2025,10,1152,0.05,Completed,Card
S0016353,C00425,P0155,ST015,11/16/2025,7,677,0.05,Pending,Card
S0011951,C00261,P0155,ST007,3/25/2026,1,551,0.15,Cancelled,Mobile Money
S0013067,C00514,P0155,ST003,4/27/2025,9,1,0.2,Cancelled,Bank Transfer
S0013153,C00538,P0155,ST012,5/23/2025,1,456,0.05,Pending,Card
S0018728,C00900,P0155,ST002,6/20/2026,6,559,0.1,Pending,Card
S0018910,C00316,P0155,ST018,7/10/2025,4,844,0.2,Cancelled,Cash
S0013310,C00118,P0155,ST017,5/27/2025,10,1477,0.15,Completed,Card
S0013378,C00208,P0155,ST020,4/10/2026,6,89,0,completed,Cash
S0017617,C00442,P0155,ST014,10/29/2025,8,1310,0,Pending,Cash
S0019198,C00230,P0155,ST010,5/23/2026,9,1072,0.05,completed,Mobile Money
S0014275,C00649,P0155,ST014,3/28/2026,10,967,0.15,Pending,Bank Transfer
S0011740,C00581,P0155,ST016,8/5/2025,5,226,0.2,Returned,Bank Transfer
S0018977,C00455,P0172,ST003,1/15/2026,9,1062,0.15,Returned,Mobile Money
S0018413,C00308,P0155,ST014,2/8/2025,1,920,0.2,Pending,Mobile Money
S0014027,C00942,P0172,ST004,4/18/2025,8,296,0.15,Returned,Bank Transfer
S0013199,C00544,P0155,ST010,2/7/2026,6,227,0.2,Returned,Cash
S0011822,C00689,P0155,ST013,7/28/2026,3,74,0,Pending,Card
S0012785,C00164,P0155,ST009,2/28/2026,8,623,0.05,Cancelled,Bank Transfer
S0013851,C00768,P0155,ST004,10/31/2025,1,735,0.15,completed,Mobile Money
S0012774,C00357,P0155,ST002,5/4/2026,8,1438,0.1,Returned,Bank Transfer
S0014492,C00457,P0155,ST020,4/30/2025,6,227,0.15,Pending,Cash
S0015821,C00960,P0155,ST018,4/22/2026,4,405,0.2,Completed,Mobile Money
S0015006,C00080,P0155,ST010,12/18/2025,1,418,0.15,Completed,Card
S0018738,C00340,P0155,ST012,6/28/2026,1,608,0.15,Cancelled,Cash
S0013449,C00119,P0155,ST012,7/8/2026,10,797,0.1,Completed,Bank Transfer
S0016246,C00946,P0155,ST015,6/15/2026,6,1332,0,Pending,Card
S0017440,C00737,P0172,ST007,8/14/2025,10,310,0,Completed,Card
S0018325,C00917,P0155,ST007,12/20/2025,8,1137,0.05,Returned,Card
S0014059,C00188,P0172,ST013,12/22/2025,10,248,0,Completed,Cash
S0012995,C00933,P0155,ST002,5/30/2026,8,426,0.1,Returned,Bank Transfer
S0014189,C00712,P0172,ST005,6/29/2025,6,318,0,completed,Card
S0014055,C00940,P0155,ST012,7/25/2025,4,1132,0.2,Cancelled,Mobile Money
S0013757,C00673,P0172,ST019,8/18/2025,6,834,0.1,completed,Bank Transfer
S0018007,C00756,P0155,ST012,12/9/2025,1,80,0,Cancelled,Card
S0012336,C00096,P0172,ST017,4/10/2026,6,1473,0.1,Returned,Bank Transfer
S0017718,C00418,P0155,ST019,7/1/2026,4,1115,0.05,Returned,Bank Transfer
S0015355,C00035,P0155,ST009,5/13/2026,7,5,0.1,Returned,Mobile Money
S0012514,C00326,P0155,ST014,3/14/2025,9,751,0.15,Completed,Cash
S0010114,C00815,P0172,ST012,3/3/2026,7,1407,0.15,Cancelled,Cash
S0011654,C00700,P0155,ST020,2/17/2025,8,52,0,Completed,Card
S0016420,C00914,P0172,ST015,1/5/2026,8,1347,0,Returned,Mobile Money
S0012250,C00795,P0172,ST014,7/20/2025,10,1454,0.15,completed,Mobile Money
S0014233,C00112,P0172,ST002,12/7/2025,5,477,0.05,Pending,Bank Transfer
S0016957,C00305,P0172,ST004,1/14/2026,9,385,0.1,Returned,Bank Transfer
S0010441,C00988,P0172,ST008,2/25/2026,9,1253,0.2,Pending,Card
S0010565,C00723,P0172,ST017,7/31/2025,4,54,0.1,Returned,Bank Transfer
S0014080,C00714,P0172,ST001,1/28/2026,8,1066,0.05,Pending,Bank Transfer
S0019974,C00683,P0172,ST016,11/1/2025,5,788,0.15,Pending,Mobile Money
S0010893,C00389,P0172,ST018,5/24/2026,6,709,0,completed,Card
S0012494,C00839,P0172,ST008,8/18/2025,10,517,0,completed,Mobile Money
S0011853,C00789,P0172,ST002,6/7/2025,5,1437,0.2,Returned,Card
S0014765,C00977,P0172,ST004,1/22/2025,9,1481,0.2,completed,Cash
S0016293,C00539,P0172,ST014,7/5/2026,8,1192,0.15,Completed,Bank Transfer
S0015316,C00143,P0172,ST012,3/7/2026,4,910,0.15,Pending,Bank Transfer
S0019489,C00124,P0172,ST017,10/8/2025,10,135,0.1,Cancelled,Mobile Money
S0014334,C00037,P0172,ST018,2/12/2026,7,423,0.05,Returned,Mobile Money
S0019612,C00611,P0172,ST007,1/5/2026,8,87,0,Completed,Cash
S0016545,C00817,P0172,ST012,5/30/2026,4,392,0.15,completed,Mobile Money
S0014715,C00174,P0172,ST001,6/6/2026,7,890,0.2,Cancelled,Bank Transfer
S0018831,C00865,P0172,ST001,8/6/2025,7,1210,0.15,Pending,Mobile Money
S0015498,C00848,P0172,ST017,2/24/2025,8,344,0,Returned,Mobile Money
S0019926,C00472,P0172,ST012,6/10/2025,3,483,0.15,Cancelled,Cash
S0016177,C00387,P0172,ST018,1/22/2025,3,1427,0.05,completed,Cash
S0018129,C00488,P0172,ST012,12/5/2025,6,187,0,Returned,Bank Transfer
S0014216,C00110,P0172,ST010,3/13/2025,1,978,0,Returned,Card
S0018838,C00491,P0172,ST018,2/11/2026,1,766,0.2,Completed,Bank Transfer
S0018378,C00547, P0172 ,ST012,8/17/2025,8,358,0.15,Cancelled,Card
S0014031,C00199,P0172,ST018,8/25/2025,9,979,0.2,completed,Mobile Money
S0010909,C00971,P0172,ST018,6/28/2025,7,554,0.1,completed,Cash
S0014551,C00843,P0172,ST009,5/13/2025,4,113,0,Completed,Bank Transfer
S0011606,C00886,P0172,ST014,2/27/2026,6,1289,0.1,Returned,Card
S0016892,C00299,P0172,ST002,2/21/2026,9,283,0.1,Returned,Card
S0017069,C00552,P0172,ST012,2/27/2025,7,500,0,Returned,Card
S0010623,C00605,P0172,ST019,6/17/2025,6,641,0.1,completed,Cash
S0017471,C00373,P0172,ST008,4/28/2026,1,1218,0.1,Cancelled,Cash
S0012893,C00540,P0172,ST016,5/2/2025,9,942,0.2,Cancelled,Cash
S0019568,C00839,P0172,ST015,7/31/2026,7,853,0.2,completed,Mobile Money
S0013821,C00946,P0172,ST003,7/7/2025,7,495,0.1,Cancelled,Card
S0013315,C00881,P0172,ST016,3/29/2026,6,311,0.05,completed,Bank Transfer
S0016212,C00771,P0172,ST006,9/2/2025,1,1170,0.05,Completed,Card
S0011636,C00834,P0172,ST009,9/30/2025,10,86,0.2,Completed,Cash
S0016310,C00709,P0172,ST015,1/5/2025,9,400,0.05,Returned,Cash
S0011326,C00571,P0172,ST014,2/26/2025,2,1077,0,Pending,Card
S0011210,C00896,P0172,ST016,7/11/2025,5,1203,0.2,completed,Card
S0019989,C00443,P0063,ST020,6/29/2026,1,1051,0.05,Pending,Bank Transfer
S0013964,C00101,P0063,ST011,4/8/2025,10,1236,0.2,Pending,Cash
S0015668,C00739, P0063 ,ST012,6/20/2025,7,1348,0.2,completed,Cash
S0016092,C00894,P0138,ST010,6/28/2025,5,1451,0,Returned,Card
S0012349,C00502,P0063,ST011,10/24/2025,5,363,0.05,Returned,Mobile Money
S0017767,C00053,P0063,ST017,7/22/2026,9,1252,0.1,Pending,Mobile Money
S0016277,C00383,P0138,ST016,6/16/2026,3,665,0.15,completed,Bank Transfer
S0018199,C00297,P0063,ST009,12/29/2025,6,248,0,Completed,Cash
S0016185,C00581,P0063,ST010,5/28/2026,5,1256,0.15,completed,Card
S0010061,C00964,P0063,ST019,4/9/2026,7,263,0.2,Pending,Mobile Money
S0017890,C00612,P0063,ST019,2/4/2025,2,1150,0,Pending,Mobile Money
S0011716,C00305,P0063,ST004,4/16/2025,4,1446,0,Returned,Card
S0016312,C00495,P0178,ST008,4/16/2025,5,213,0,Returned,Bank Transfer
S0017973,,P0063,ST008,4/28/2025,2,729,0.05,Returned,Mobile Money
S0012829,C00378,P0063,ST015,7/31/2025,7,1466,0.15,Pending,Cash
S0016867,C00084,P0063,ST009,5/20/2026,6,1443,0,completed,Card
S0011124,C00784,P0063,ST001,4/7/2026,8,824,0,completed,Bank Transfer
S0018605,C99999,P0063,ST014,6/16/2025,3,93,0.15,Pending,Cash
S0011986,C00081,P0063,ST004,8/15/2025,1,923,0.1,Completed,Bank Transfer
S0016550,C00081,P0063,ST004,8/15/2025,2,239,0.1,Completed,Bank Transfer
S0018950,C00657,P0063,ST012,2/7/2025,5,789,0,Pending,Bank Transfer
S0010113,C00848,P0063,ST016,7/13/2025,1,1468,0.15,Cancelled,Card
S0016059,C00239,P0063,ST002,10/14/2025,2,816,0,Pending,Card
S0011538,C00172,P0063,ST003,6/20/2026,3,1009,0.15,completed,Bank Transfer
S0016391,C00545,P0138,ST018,2/6/2026,7,1041,0,Completed,Card
S0013439,C00817,P0063,ST018,3/3/2025,9,328,0.1,Completed,Card
S0010625,C00492,P0063,ST012,7/26/2025,8,189,0.1,Returned,Bank Transfer
S0010572,C00501,P0063,ST006,4/21/2026,2,177,0.2,completed,Bank Transfer
S0013660,C00384,P0063,ST020,11/24/2025,10,926,0.05,Pending,Cash
S0018933,C00517,P0138,ST014,11/26/2025,1,984,0,completed,Bank Transfer
S0018320,C00189,P0138,ST016,7/1/2025,3,418,0.1,Cancelled,Mobile Money
S0010124,C00934,P0063,ST018,5/23/2025,7,1190,0,Completed,Bank Transfer
S0014712,C00276,P0063,ST002,10/10/2025,9,937,0.2,Pending,Bank Transfer
S0015525,C00739,P0138,ST020,4/28/2026,2,1014,0.2,completed,Bank Transfer
S0017386,C00332,P0063,ST017,5/23/2026,2,979,0.2,Returned,Mobile Money
S0016637,C00211,P0138,ST012,1/11/2025,4,323,0,completed,Bank Transfer
S0012102,C00190,P0063,ST015,12/9/2025,3,883,0.05,Returned,Mobile Money
S0017958,C00887,P0063,ST007,1/14/2026,9,1062,0.1,Pending,Card
S0010870,C00041,P0138,ST001,3/15/2026,8,253,0.05,Pending,Bank Transfer
S0018679,C00970,P0138,ST001,11/4/2025,4,903,0.2,Cancelled,Mobile Money
S0010668,C00717,P0178,ST004,3/4/2025,2,602,0,completed,Card
S0010482,C00686,P0178,ST009,6/10/2025,9,34,0.2,Cancelled,Bank Transfer
S0014636,C00083,P0063,ST013,3/9/2026,2,251,0.15,Returned,Cash
S0012236,C00654,P0063,ST016,2/21/2026,8,1009,0.2,Cancelled,Bank Transfer
S0012394,C00465,P0063,ST016,2/17/2026,2,1268,0.2,Pending,Cash
S0015125,C00822,P0063,ST015,12/5/2025,10,300,0.2,Completed,Bank Transfer
S0019448,C00634,P0138,ST012,9/6/2025,3,370,0.05,Completed,Card
S0016336,C00902,P0063,ST006,2/3/2026,4,1162,0.05,Completed,Mobile Money
S0018843,C00932,P0138,ST007,5/4/2026,3,509,0.15,Completed,Bank Transfer
S0015437,C00072,P0063,ST005,5/14/2026,10,607,0.15,Pending,Card
S0019754,C00455,P0138,ST020,12/2/2025,5,1382,0.05,Returned,Card
S0014366,C00786,P0063,ST007,1/22/2026,7,1139,0,Returned,Cash
S0010428,C00365,P0138,ST009,6/26/2026,10,35,0.1,Pending,Cash
S0019243,C00136,P0063,ST019,7/24/2025,3,496,0.15,Completed,Mobile Money
S0011879,C00107,P0138,ST002,7/9/2025,10,1390,0,Cancelled,Cash
S0012983,C00535,P0138,ST011,1/8/2026,8,3,0.15,completed,Bank Transfer
S0016945,C00235,P0063,ST014,3/26/2025,3,1417,0.15,completed,Card
S0011071,C00126,P0063,ST015,3/3/2026,2,1302,0.1,Completed,Bank Transfer
S0011585,C00137,P0063,ST010,5/11/2025,8,1075,0.15,Cancelled,Mobile Money
S0013934,C00824,P0178,ST009,12/15/2025,5,690,0.1,Pending,Card
S0017667,C00891,P0138,ST007,12/10/2025,9,202,0.2,Cancelled,Bank Transfer
S0015743,C00841,P0178,ST014,11/24/2025,2,330,0.15,Returned,Bank Transfer
S0013666,C00280,P0063,ST003,7/1/2025,8,475,0.05,Cancelled,Bank Transfer
S0011189,C00020,P0063,ST010,3/31/2025,10,431,0.1,Completed,Cash
S0015123,C00001,P0138,ST015,5/2/2025,8,1183,0.1,completed,Cash
S0018901,C00720,P0138,ST018,6/16/2025,5,767,0.05,completed,Bank Transfer
S0016111,C00132,P0138,ST007,8/13/2025,7,780,0,Completed,Card
S0010995,C00784,P0138,ST002,10/12/2025,5,635,0.2,Returned,Cash
S0013080,C00107,P0063,ST013,7/30/2025,6,164,0,Returned,Bank Transfer
S0014858,C00157,P0138,ST017,5/27/2026,1,1471,0.2,Completed,Cash
S0014500,C00887,P0138,ST009,4/3/2025,9,236,0.1,Pending,Bank Transfer
S0016424,C00999,P0063,ST017,7/31/2025,10,1021,0.15,completed,Bank Transfer
S0013790,C00721,P0138,ST014,11/5/2025,7,825,0.05,completed,Mobile Money
S0014094,C00944,P0063,ST003,3/3/2026,9,62,0.15,Cancelled,Cash
S0015339,C00696,P0178,ST017,11/30/2025,4,182,0.2,Completed,Mobile Money
S0019214,C00665,P0138,ST017,1/14/2026,7,58,0.1,Returned,Bank Transfer
S0013721,C00427,P0063,ST017,6/13/2026,10,411,0.2,completed,Mobile Money
S0015152,,P0063,ST009,2/11/2025,1,677,0.1,Completed,Mobile Money
S0016899,C00402,P0063,ST016,6/1/2026,4,1482,0.2,Cancelled,Card
S0015354,C00818,P0178,ST003,6/27/2025,5,909,0,Returned,Mobile Money
S0010510,C00176,P0138,ST019,4/21/2025,7,246,0,Completed,Bank Transfer
S0016692,C00011,P0138,ST009,3/12/2026,9,1383,0.15,Cancelled,Card
S0011456,C00719,P0178,ST002,2/7/2025,6,210,0.05,completed,Bank Transfer
S0010973,C00493,P0138,ST003,4/4/2026,1,1036,0,Returned,Cash
S0013187,C00556,P0138,ST018,6/24/2026,6,1395,0.2,Pending,Mobile Money
S0011680,C00025,P0178,ST001,4/19/2025,8,269,0.15,Completed,Cash
S0016777,C00883,P0178,ST015,2/20/2025,7,34,0.05,completed,Cash
S0012767,C00435,P0138,ST004,6/4/2026,9,330,0.2,Completed,Card
S0014331,C00406,P0063,ST011,4/19/2026,3,747,0,completed,Bank Transfer
S0013936,C00974,P0138,ST018,3/22/2025,2,444,0.1,completed,Cash
S0011408,C00039,P0138,ST006,3/1/2025,10,1038,0.15,Returned,Bank Transfer
S0013341,C00089,P0178,ST009,6/13/2025,8,1052,0.1,completed,Mobile Money
S0018357,C00685,P0063,ST003,6/7/2025,9,239,0.05,Cancelled,Mobile Money
S0010056,C00941,P0138,ST003,9/13/2025,6,888,0.15,Completed,Card
S0014139,C00296,P0138,ST005,3/24/2025,7,639,0,Completed,Bank Transfer
S0019705,C00055,P0138,ST008,3/23/2026,10,42,0,Completed,Card
S0016691,C00020,P0138,ST009,3/22/2026,1,129,0.15,completed,Bank Transfer
S0012481,C00166,P0063,ST004,1/29/2026,8,1194,0,completed,Bank Transfer
S0017747,C00175,P0178,ST015,7/20/2025,2,987,0.2,Cancelled,Bank Transfer
S0012179,C00324,P0138,ST009,6/22/2026,3,1409,0.05,Returned,Bank Transfer
S0013411,C00911,P0178,ST011,9/16/2025,9,923,0,completed,Bank Transfer
S0019200,C00762,P0178,ST009,6/13/2026,3,954,0.15,Pending,Cash
S0019230,C00834,P0178,ST007,4/8/2026,6,177,0.2,Completed,Cash
S0018103,C00746,P0178,ST010,7/16/2025,7,1406,0.1,completed,Bank Transfer
S0019618,C00204,P0178,ST016,2/1/2025,10,276,0.15,Completed,Mobile Money
S0018897,C00635,P0138,ST004,1/17/2026,4,817,0.2,Returned,Cash
S0016541,C00164,P0178,ST012,7/13/2025,4,400,0.05,Pending,Mobile Money
S0013258,C00068,P0138,ST002,4/25/2025,1,1452,0,Returned,Card
S0012819,C00067,P0178,ST004,6/27/2026,10,158,0.05,Completed,Mobile Money
S0010362,C00241,P0138,ST012,3/14/2026,8,484,0.1,Cancelled,Cash
S0011605,C00519,P0178,ST013,3/6/2026,2,1288,0,Returned,Card
S0012145,C00829,P0138,ST003,3/2/2026,2,204,0.1,Returned,Bank Transfer
S0012389,C00392,P0138,ST006,9/20/2025,8,767,0.2,Returned,Bank Transfer
S0016102,C00484,P0138,ST011,5/24/2026,1,1377,0.2,Pending,Card
S0013890,C00879,P0178,ST019,11/29/2025,2,1324,0.1,Cancelled,Cash
S0017775,C00132,P0138,ST018,2/9/2025,2,1451,0.15,completed,Mobile Money
S0012490,C00979,P0138,ST016,9/13/2025,6,1138,0.15,completed,Cash
S0011985,C00323,P0178,ST011,12/15/2025,10,60,0.2,Returned,Cash
S0017298,C00971,P0178,ST001,11/23/2025,8,1218,0.1,Returned,Bank Transfer
S0012260,C00841,P0178,ST019,6/18/2026,10,943,0,Cancelled,Card
S0019720,C00810,P0178,ST009,6/23/2025,9,846,0.15,Returned,Mobile Money
S0012168,C00631,P0138,ST019,9/9/2025,10,1409,0.1,Pending,Cash
S0018654,C00805,P0138,ST002,11/26/2025,1,1072,0.1,Cancelled,Bank Transfer
S0012531,C00511,P0178,ST007,3/23/2026,1,1147,0.15,Returned,Card
S0011016,C00404,P0138,ST002,3/15/2026,5,1163,0,Returned,Card
S0011943,C00763,P0178,ST002,6/20/2026,10,1260,0,Pending,Cash
S0019730,C00740,P0138,ST014,1/9/2025,3,1262,0,Completed,Bank Transfer
S0018108,C00424,P0138,ST011,2/12/2025,6,1326,0.2,Returned,Cash
S0016263,C00466,P0063,ST020,1/4/2026,2,1412,0.2,Pending,Card
S0019706,C00396,P0138,ST001,3/17/2025,10,208,0.05,Completed,Mobile Money
S0019729,C00090,P0178,ST007,8/7/2025,4,397,0.2,Returned,Bank Transfer
S0010849,C00047,P0178,ST016,2/11/2025,1,693,0.15,Returned,Mobile Money
S0013984,C00454,P0178,ST011,6/28/2025,7,1283,0.15,Completed,Cash
S0011330,C00533,P0178,ST014,5/11/2025,2,572,0.2,Cancelled,Cash
S0013389,C00129,P0138,ST005,10/9/2025,7,659,0.2,Returned,Mobile Money
S0013897,C00668,P0138,ST012,5/31/2025,1,31,0.15,Pending,Mobile Money
S0015694,C00219,P0138,ST010,10/26/2025,5,590,0.15,Returned,Cash
S0013435,C00648,P0178,ST018,6/21/2025,2,940,0.05,Cancelled,Mobile Money
S0016461,C00724,P0178,ST019,7/11/2026,2,1174,0.05,Completed,Bank Transfer
S0018870,C00626,P0138,ST010,3/29/2026,7,891,0.15,completed,Mobile Money
S0012962,C00578,P0178,ST017,5/7/2026,9,1235,0.1,completed,Cash
S0016641,C00578,P0178,ST017,5/7/2026,6,640,0.1,completed,Cash
S0012833,C00626,P0138,ST018,8/8/2025,10,249,0.15,Returned,Cash
S0010604,C00422,P0178,ST002,5/7/2026,7,884,0.1,Completed,Cash
S0011092,C00771,P0138,ST014,4/15/2025,3,120,0.05,Completed,Bank Transfer
S0015074,C00070,P9999,ST007,6/4/2025,1,961,0,completed,Cash
S0019803,C00272,P0178,ST008,3/6/2026,6,739,0.2,Returned,Mobile Money
S0011830,C00540,P0178,ST015,12/21/2025,9,551,0.2,completed,Card
S0015920,C00575,P0178,ST001,4/20/2025,2,1141,0.1,completed,Mobile Money
S0017621,C00508,P0138,ST004,7/13/2025,8,1178,0.05,Cancelled,Mobile Money
S0017552,C00643,P0178,ST018,5/21/2025,3,963,0.1,completed,Mobile Money
S0010562,C00584,P0178,ST006,9/30/2025,2,61,0.05,Cancelled,Cash
S0015813,C00479,P0074,ST015,2/1/2025,7,1257,0.2,Completed,Card
S0017683,C00874,P0074,ST012,3/4/2026,5,1041,0.05,Pending,Bank Transfer
S0017692,C00697,P0074,ST002,5/29/2026,6,328,0.15,Completed,Mobile Money
S0015666,C00658,P0074,ST013,9/28/2025,8,139,0.2,Completed,Bank Transfer
S0010463,C00704,P0074,ST016,3/2/2026,4,1326,0.05,Pending,Cash
S0017757,C00221,P0074,ST014,1/22/2026,7,1343,0.15,Cancelled,Bank Transfer
S0019525,C00615,P0074,ST006,11/18/2025,10,905,0.2,Completed,Card
S0017393,C00466,P0074,ST013,8/11/2025,2,541,0,Completed,Card
S0016575,C00384,P0074,ST016,4/1/2026,5,755,0.2,Completed,Mobile Money
S0013995,C00078,P0074,ST019,12/7/2025,2,608,0.05,Pending,Mobile Money
S0011544,C00169,P0074,ST011,7/24/2026,1,1162,0,completed,Mobile Money
S0011097,C00206,P0074,ST008,10/20/2025,4,947,0.05,Returned,Bank Transfer
S0014211,C00873,P0074,ST007,3/29/2025,10,502,0.15,Pending,Card
S0016362,C00362,P0074,ST010,2/14/2025,3,1128,0.2,Completed,Cash
S0019982,C00188,P0074,ST016,2/24/2026,2,884,0.15,Returned,Mobile Money
S0012560,C00391,P0074,ST014,7/27/2025,8,429,0.15,Pending,Cash
S0018813,C00648,P0074,ST020,2/2/2026,2,1025,0,Completed,Mobile Money
S0010948,C00620,P0074,ST002,4/29/2026,10,1176,0.05,Cancelled,Card
S0019570,C00584,P0074,ST007,1/20/2026,2,1496,0,Returned,Bank Transfer
S0019830,C00971,P0074,ST020,7/29/2025,1,114,0.2,Completed,Bank Transfer
S0018223,C00211,P0074,ST014,6/9/2025,5,541,0.15,Returned,Cash
S0012473,C00972,P0074,ST019,4/16/2025,10,675,0.1,Completed,Bank Transfer
S0016801,C00796,P0074,ST006,5/26/2026,9,640,0.05,Returned,Mobile Money
S0012139,C00617,P0074,ST018,7/9/2025,5,1039,0.2,Completed,Mobile Money
S0018246, C00313 ,P0074,ST010,4/10/2026,6,1131,0.15,Cancelled,Cash
S0011981,C00088,P0074,ST015,1/1/2026,9,732,0.2,Completed,Card
S0011423,C00821,P0074,ST016,9/18/2025,2,549,0.15,Cancelled,Mobile Money
S0011503,C00090,P0074,ST006,3/16/2026,7,1382,0.1,Completed,Bank Transfer
S0014694,C00237,P0074,ST019,8/20/2025,4,500,0,Completed,Card
S0016109,C00341,P0074,ST013,8/20/2025,4,1350,0.05,Cancelled,Mobile Money
S0014229,C00520,P0074,ST001,6/5/2026,4,596,0.05,completed,Cash
S0017084,C00501,P0074,ST019,3/23/2025,3,1404,0.1,Returned,Bank Transfer
S0010106,C00875,P0074,ST018,8/6/2025,6,879,0.05,Cancelled,Card
S0018561,C00477,P0074,ST015,1/13/2025,2,1061,0.2,Cancelled,Bank Transfer
S0014066,C00659,P0074,ST010,6/27/2025,5,1349,0.15,Returned,Card
S0015180,C00570,P0074,ST011,4/14/2026,2,435,0,completed,Card
S0014238,C00823,P0074,ST007,5/5/2025,9,486,0.05,Cancelled,Card
S0014125,C00114,P0074,ST005,3/29/2026,2,1114,0.05,Completed,Bank Transfer
S0016361,C00962,P0074,ST011,7/30/2025,5,551,0.15,Pending,Card
S0017508,C00943,P0074,ST015,10/30/2025,5,1418,0.15,Completed,Cash
S0019238,C00458,P0074,ST011,2/4/2025,8,394,0,Pending,Bank Transfer
S0019789,C00067,P0074,ST013,1/13/2025,8,1038,0.1,Returned,Bank Transfer
S0012869,C00204,P0074,ST017,5/12/2025,8,454,0.15,Returned,Card
S0011821,C00778,P0074,ST007,7/15/2026,5,1265,0.05,Returned,Bank Transfer
S0016358,C00828,P0074,ST012,10/4/2025,8,1246,0.1,Completed,Card
S0016642,C00544,P0074,ST010,5/11/2025,6,1469,0.15,completed,Card
S0018608,C00120,P0074,ST010,6/28/2025,5,1067,0.05,completed,Cash
S0017444,C00838,P0074,ST020,9/27/2025,1,1476,0,Cancelled,Cash
S0011318,C00552,P0074,ST018,5/8/2025,9,1022,0.2,completed,Cash
S0018871,C00034,P0074,ST006,5/26/2025,10,1326,0,Returned,Bank Transfer
S0015974,C00010,P0074,ST005,10/4/2026,9,984,0,Cancelled,Card
S0012097,C00182,P0074,ST016,6/25/2025,10,139,0.15,Returned,Cash
S0010734,C00786,P0074,ST015,10/11/2025,7,1107,0.05,Cancelled,Card
S0014981,C00707,P0074,ST007,12/24/2025,4,1249,0.15,completed,Cash
S0019900,C00432,P0074,ST018,4/30/2026,9,528,0.2,Pending,Card
S0013377,C00320,P0074,ST001,7/30/2025,9,1457,0.2,Returned,Cash
S0010709,C00149,P0074,ST019,1/14/2025,5,996,0.15,Completed,Card
S0012263,C00987,P0074,ST012,1/13/2026,6,321,0.15,completed,Card
S0013854,C00257,P0127,ST009,2/15/2026,7,640,0.15,Pending,Cash
S0018733,C00392,P0127,ST012,4/23/2025,5,1416,0.1,Completed,Card
S0013585,C00732,P0127,ST011,12/7/2025,3,550,0.2,Completed,Card
S0017377,C00359,P0127,ST003,4/16/2025,4,259,0.1,completed,Bank Transfer
S0017060,C00135,P0127,ST007,4/11/2025,9,605,0.05,Returned,Bank Transfer
S0018907,C00611,P0127,ST020,12/22/2025,5,551,0.1,Cancelled,Bank Transfer
S0010342,C00689,P0127,ST019,6/6/2025,8,1423,0.2,Pending,Cash
S0017754,C00570,P0127,ST018,5/15/2026,7,234,0.15,completed,Cash
S0017833,C00407,P0127,ST020,1/8/2026,8,84,0.2,Pending,Mobile Money
S0013711,C00665,P0127,ST010,7/8/2026,10,172,0.1,Pending,Card
S0018035,C00008,P0127,ST011,3/27/2026,1,1282,0,Cancelled,Mobile Money
S0014030,C00376,P0127,ST008,5/1/2026,2,858,0.2,Pending,Bank Transfer
S0014105,C00510,P0127,ST010,8/23/2025,8,1310,0.15,Completed,Mobile Money
S0016940,C00013,P0127,ST015,9/13/2025,10,1492,0.05,completed,Cash
S0017745,C00859,P0127,ST009,7/31/2026,2,259,0.2,Cancelled,Bank Transfer
S0014993,C00142,P0127,ST017,4/19/2025,2,742,0.2,completed,Cash
S0013365,C00611,P0127,ST013,5/10/2026,7,538,0.2,Returned,Bank Transfer
S0010971,C00743,P0127,ST013,3/9/2025,1,1170,0,Cancelled,Cash
S0011524,C00585,P0127,ST006,3/14/2026,6,140,0.1,completed,Mobile Money
S0012177,C00937,P0127,ST009,11/25/2025,6,435,0.1,Pending,Mobile Money
S0014440,C00573,P0127,ST016,3/2/2025,1,673,0.15,completed,Card
S0018931,C00270,P0127,ST010,5/10/2026,4,807,0.05,Cancelled,Cash
S0013194,C00268,P0127,ST004,4/1/2026,7,1290,0.15,Returned,Mobile Money
S0011116,C00294,P0127,ST019,2/25/2025,7,1271,0.1,completed,Card
S0018287,C00880,P0127,ST016,8/17/2025,4,1078,0.05,completed,Card
S0012752,C00921,P0127,ST002,8/24/2025,5,908,0.2,Cancelled,Mobile Money
S0012381,C00199,P0127,ST003,9/26/2025,10,1040,0.2,completed,Cash
S0011342,C00605,P0127,ST013,8/10/2025,5,1018,0.2,Returned,Cash
S0014176,C00380,P0127,ST001,4/7/2025,7,808,0,Completed,Card
S0019106,C00196,P0127,ST014,3/20/2026,4,793,0.05,completed,Mobile Money
S0015550,C00321,P0127,ST018,3/2/2026,2,877,0.2,Cancelled,Cash
S0018400,C00806,P0127,ST003,3/25/2026,4,465,0.05,completed,Bank Transfer
S0019686,C00850,P0127,ST018,4/4/2025,3,1292,0.1,Completed,Mobile Money
S0010934,C00951,P0127,ST019,7/23/2025,10,293,0.05,Completed,Mobile Money
S0014455,C00983,P0127,ST012,2/23/2025,2,939,0.15,completed,Bank Transfer
S0010435,C00586,P0127,ST006,8/25/2025,5,998,0.2,Completed,Mobile Money
S0015991,C00577,P0127,ST014,12/1/2025,8,1132,0.2,Pending,Cash
S0010213,C00097,P0127,ST010,6/28/2025,6,970,0.1,Completed,Card
S0019903,C00917,P0127,ST013,7/30/2025,7,764,0.1,Cancelled,Mobile Money
S0016010,C00175,P0127,ST008,1/1/2025,3,534,0,Cancelled,Bank Transfer
S0013562,C00281,P0127,ST011,1/25/2025,1,877,0,Returned,Cash
S0011704,C00459,P0127,ST002,1/10/2025,2,747,0.2,completed,Card
S0019822,C00217,P0127,ST009,6/27/2026,3,303,0.2,Completed,Mobile Money
S0012866,C00801,P0127,ST006,9/16/2025,1,307,0.05,Pending,Bank Transfer
S0011818,C00114,P0127,ST013,5/11/2026,4,1029,0.15,Returned,Mobile Money
S0012455,C00840,P0127,ST016,3/5/2026,8,1040,0,Completed,Bank Transfer
S0015055,C00822,P0127,ST020,7/13/2026,9,1365,0,completed,Mobile Money
S0017857,C00423,P0145,ST005,9/10/2025,7,1156,0.15,completed,Card
S0015414, C00563 ,P0145,ST005,1/3/2026,3,1262,0,Completed,Mobile Money
S0019527,C00867,P0127,ST010,5/30/2026,9,433,0.1,completed,Mobile Money
S0016693,C00221,P0145,ST001,10/25/2025,5,1089,0,Returned,Mobile Money
S0013843,C00469,P0053,ST005,5/23/2025,10,1467,0.1,Pending,Bank Transfer
S0015857,C00552,P0053,ST010,6/2/2026,3,341,0.15,Cancelled,Mobile Money
S0011367,C00560,P0145,ST013,3/31/2025,5,1360,0.1,completed,Bank Transfer
S0019264,C00715,P0145,ST008,1/21/2026,9,484,0.1,Cancelled,Mobile Money
S0019183,C00363,P0145,ST016,9/2/2025,7,1358,0.15,Completed,Mobile Money
S0011723,C00370,P0145,ST005,9/7/2025,7,1269,0,Completed,Mobile Money
S0019237,C00123,P0145,ST019,3/16/2026,8,959,0.2,Completed,Mobile Money
S0011225,C00029,P0145,ST001,5/8/2026,5,1391,0.1,Cancelled,Bank Transfer
S0017998,C00398,P0039,ST013,4/25/2026,10,740,0.05,Pending,Bank Transfer
S0013841,C00919,P0145,ST005,1/30/2025,3,1487,0.05,Returned,Mobile Money
S0017359,C00764,P0145,ST006,10/6/2025,9,1096,0,Cancelled,Cash
S0019275,C00468,P0145,ST020,3/22/2025,9,444,0.2,Cancelled,Bank Transfer
S0013945,C00924,P0145,ST011,6/23/2026,3,809,0.2,Cancelled,Cash
S0019642,C00239,P0053,ST004,10/22/2025,7,872,0.2,Returned,Mobile Money
S0016896,C00907,P0053,ST005,7/5/2026,6,120,0.05,Cancelled,Card
S0011208,C00952,P0145,ST014,7/26/2025,3,940,0.15,Returned,Bank Transfer
S0015387,C00051,P0145,ST018,2/8/2026,4,743,0.2,completed,Bank Transfer
S0019495,C00646,P0039,ST012,11/10/2025,9,985,0.2,completed,Bank Transfer
S0014328,C00237,P0145,ST015,9/19/2025,3,743,0,Cancelled,Mobile Money
S0013900,C00035,P0145,ST013,5/11/2025,10,1192,0.2,completed,Mobile Money
S0013436,C00155,P0145,ST007,3/6/2026,3,73,0.2,Returned,Bank Transfer
S0019416,C00411,P0053,ST010,8/5/2025,4,513,,Completed,Bank Transfer
S0018819,C00660,P0053,ST006,6/10/2025,2,1198,0.1,completed,Mobile Money
S0013654,C00591,P0053,ST005,4/28/2026,1,399,0.15,Pending,Card
S0012143,C00007,P0145,ST006,1/30/2026,3,275,0.1,Pending,Mobile Money
S0014890,C00818,P0039,ST001,4/7/2026,3,1187,0,Returned,Mobile Money
S0012563,C00165,P0039,ST020,7/20/2025,4,164,0.2,Cancelled,Mobile Money
S0019261,C00295,P0145,ST003,3/31/2025,4,346,0.2,Completed,Mobile Money
S0016191,C00450,P0053,ST001,10/20/2025,2,262,0.05,Completed,Mobile Money
S0017798,C00896,P0145,ST009,7/31/2026,1,643,0.1,Cancelled,Cash
S0014004,C00138,P0039,ST011,12/7/2025,6,448,0,Cancelled,Card
S0015788,C00728,P0145,ST012,2/18/2026,9,951,0,Cancelled,Bank Transfer
S0018082,C00091,P0127,ST015,3/6/2026,8,280,0.05,Pending,Mobile Money
S0017380,C00589,P0145,ST006,7/2/2026,6,797,0,completed,Cash
S0015008,C00769,P0145,ST013,5/23/2026,2,1054,0.15,completed,Cash
S0011300,C00687,P0039,ST016,9/15/2025,7,49,0.05,completed,Mobile Money
S0017443,C00572,P0039,ST009,6/16/2025,7,545,0.15,completed,Card
S0019677,C00400,P0053,ST010,6/28/2026,10,508,0.15,Completed,Mobile Money
S0016289,C00853,P0145,ST011,4/19/2025,5,250,0.15,Pending,Mobile Money
S0016853,C00427,P0145,ST017,2/23/2026,8,1469,0.1,Completed,Cash
S0011609,C00479,P0053,ST010,5/2/2025,5,141,0.05,Completed,Cash
S0013269,C00989,P0053,ST015,4/16/2025,2,600,0.1,Pending,Mobile Money
S0017640,C00957,P0039,ST013,3/9/2025,4,838,0.15,Returned,Cash
S0011230,C00163,P0039,ST011,6/7/2025,10,1329,0,Cancelled,Cash
S0017223,C00186,P0053,ST006,2/21/2025,9,763,0.15,Pending,Mobile Money
S0019536,C00823,P0053,ST016,7/4/2025,6,212,0.2,Pending,Bank Transfer
S0013396,C00420,P0004,ST004,4/16/2026,1,1086,0.1,Completed,Bank Transfer
S0016367,C00780,P0039,ST014,7/6/2026,3,1298,0.2,Cancelled,Cash
S0013049,C00158,P0039,ST019,7/10/2025,3,171,0.15,completed,Card
S0015092,,P0053,ST016,4/24/2026,9,1159,0,Cancelled,Cash
S0017605,C00180,P0053,ST013,4/27/2025,3,471,0.2,Completed,Cash
S0016134,C00676,P0145,ST004,4/13/2026,6,377,0.1,Returned,Mobile Money
S0015965,C00631,P0145,ST007,8/21/2025,5,1349,0.2,completed,Mobile Money
S0015058,C00486,P0039,ST007,4/28/2025,7,461,0.1,Returned,Cash
S0018798,C00339,P0145,ST008,8/23/2025,10,1156,0.2,Completed,Bank Transfer
S0014051,C00755,P0145,ST020,11/29/2025,10,1192,0.1,Completed,Mobile Money
S0016516,C00411,P0145,ST004,6/4/2026,8,108,0.05,Returned,Card
S0011184,C00175,P0145,ST014,1/1/2025,9,1290,0.05,completed,Cash
S0011886,C00794,P0053,ST015,9/7/2025,1,1430,0.15,completed,Bank Transfer
S0014923,C00904,P0145,ST014,9/21/2025,8,1174,0.2,Pending,Mobile Money
S0010626,C00313,P0039,ST020,4/1/2026,2,1445,0,Returned,Card
S0018207,C00171,P0145,ST016,7/24/2026,8,692,0.15,Cancelled,Bank Transfer
S0012982,C00644,P0145,ST017,1/22/2025,6,614,0.2,Returned,Cash
S0015309,C00460,P0145,ST003,6/2/2025,6,1306,0.2,Pending,Bank Transfer
S0015393,C00761,P0053,ST001,7/11/2026,8,308,0.15,Returned,Bank Transfer
S0014762,C00085,P0145,ST004,4/6/2025,8,552,0.15,Returned,Cash
S0010450,C00382,P0039,ST006,6/24/2026,2,1142,0.15,Returned,Bank Transfer
S0010744,C00957,P0004,ST019,11/17/2025,9,880,0.05,Completed,Cash
S0016036,C00464,P0053,ST013,1/18/2026,3,118,0.15,Pending,Mobile Money
S0011311,C00343,P0053,ST006,4/15/2026,2,1056,0,Cancelled,Bank Transfer
S0018252,C00321,P0039,ST007,4/26/2026,1,379,0.1,Cancelled,Card
S0016148,C00242,P0039,ST013,7/11/2026,10,1473,0.2,Cancelled,Cash
S0014722,C00722,P0053,ST017,5/8/2025,2,306,0.2,Pending,Cash
S0014754,C00624,P0004,ST013,8/25/2025,3,753,0.05,Pending,Cash
S0016962,C00364,P0039,ST016,4/2/2026,6,101,0.05,Cancelled,Mobile Money
S0018899,C00826,P0039,ST007,1/20/2026,9,311,0.1,Returned,Mobile Money
S0010459,C00334,P0053,ST019,7/18/2025,2,976,0.05,Cancelled,Bank Transfer
S0010800,C00770,P0053,ST016,10/18/2025,1,801,0.05,Pending,Bank Transfer
S0019659,C00320,P0039,ST009,5/15/2026,8,386,0,Pending,Card
S0015669,C00693,P0039,ST007,2/13/2025,1,578,0.2,Returned,Bank Transfer
S0017592,C00151,P0145,ST009,12/25/2025,2,746,0.15,Cancelled,Mobile Money
S0012416,C00447,P0145,ST009,2/21/2026,8,478,0.05,Cancelled,Bank Transfer
S0014837,C00607,P0039,ST018,5/6/2026,10,82,0,Returned,Mobile Money
S0014719,C00383,P0145,ST007,9/21/2025,9,764,0.1,Returned,Cash
S0017429,C00208,P0039,ST013,6/23/2025,7,618,0.05,Pending,Card
S0014240,C00166,P0039,ST016,12/25/2025,4,654,0,Returned,Card
S0019856,C00471,P0053,ST001,5/20/2026,9,209,0.1,Completed,Mobile Money
S0013516,C00260,P0039,ST002,6/12/2026,6,48,0.05,Returned,Cash
S0018000,C00015,P0053,ST003,7/22/2025,1,1144,0,Completed,Card
S0011446,C00620,P0053,ST011,1/8/2025,6,1407,0.2,Pending,Cash
S0018964,C00858,P0039,ST013,6/15/2026,9,402,0.2,Completed,Mobile Money
S0011220,C00833,P0053,ST006,4/12/2026,2,661,0.05,completed,Bank Transfer
S0013276,C00010,P0039,ST002,4/7/2025,3,714,0.2,Pending,Bank Transfer
S0013893,C00750,P0145,ST010,4/1/2026,1,68,0.05,Cancelled,Bank Transfer
S0011989,C00580,P0145,ST017,1/23/2026,9,860,0.2,Completed,Mobile Money
S0016239,C00799,P0039,ST011,2/6/2025,9,532,0,Cancelled,Cash
S0015934,C00609,P0145,ST013,7/27/2025,7,811,0.05,completed,Bank Transfer
S0010391,C00403,P0053,ST014,5/4/2025,2,692,0.05,Completed,Card
S0018041,C00071,P0053,ST012,2/12/2026,1,997,0.1,Cancelled,Cash
S0011688,C00769,P0053,ST013,3/1/2026,1,1047,0.05,Completed,Card
S0012122,C00770,P0145,ST014,10/11/2025,4,1139,0.2,Pending,Bank Transfer
S0015586,C00315,P0004,ST003,6/29/2026,8,1074,0.1,Cancelled,Bank Transfer
S0018063,C00255,P0053,ST003,9/1/2025,8,259,0.05,Completed,Cash
S0017691,C00308,P0039,ST015,12/16/2025,8,118,0.2,Completed,Bank Transfer
S0015650,C00307,P0053,ST020,5/25/2025,5,161,0.1,Pending,Mobile Money
S0010118,C00985,P0145,ST004,5/24/2025,5,713,0.15,completed,Cash
S0017540,C00562,P0053,ST009,5/6/2026,10,922,0.1,Cancelled,Mobile Money
S0018620,C00560,P0053,ST003,12/1/2025,6,891,0.1,Returned,Mobile Money
S0019191,C00171,P0004,ST011,4/19/2025,2,46,0.05,Cancelled,Bank Transfer
S0017650,C00778,P0053,ST016,7/6/2026,9,1480,0.1,Completed,Bank Transfer
S0016267,C00464,P0039,ST016,7/17/2025,5,1476,0.2,Completed,Cash
S0015194,C00033,P0053,ST008,3/29/2025,10,411,0.05,completed,Mobile Money
S0013126,C00607,P0039,ST009,7/18/2025,5,702,0,Pending,Bank Transfer
S0010153,C00682,P0004,ST014,3/15/2026,3,65,0.2,Pending,Cash
S0019924,C00222,P0039,ST012,5/1/2025,2,636,0.1,Completed,Mobile Money
S0018709,C00755,P0053,ST020,4/6/2026,1,1012,0.2,Returned,Cash
S0012813,C00565,P0039,ST008,6/30/2025,8,850,0.15,completed,Cash
S0013872,C00681,P0039,ST017,12/6/2025,8,143,0.1,Cancelled,Card
S0016766,C00926,P0039,ST005,2/21/2025,1,998,0.2,Pending,Cash
S0017695,C00934,P0039,ST008,8/14/2025,7,1439,0.15,completed,Mobile Money
S0016160,C00833,P0053,ST002,9/28/2025,7,147,0.15,Cancelled,Mobile Money
S0012400,C00739,P0039,ST012,5/24/2025,8,1450,0.05,Pending,Cash
S0011476,C00009,P0053,ST005,2/27/2025,9,948,0,Completed,Mobile Money
S0017309,C00535,P0004,ST003,12/26/2025,6,820,0.05,Cancelled,Mobile Money
S0014431,C00858,P0039,ST019,5/22/2025,7,1426,0.15,Cancelled,Mobile Money
S0017115,C00438,P0039,ST006,3/1/2026,9,475,0.1,Cancelled,Bank Transfer
S0012424,C00538,P0053,ST020,11/2/2025,2,8,0.1,Cancelled,Cash
S0013999,C00193,P0053,ST010,7/6/2026,9,90,0,Cancelled,Cash
S0010994,C00513,P0039,ST014,3/13/2026,9,360,0,Returned,Card
S0016003,C00705,P0039,ST006,3/25/2025,8,633,0.2,completed,Cash
S0019636,C00924,P0145,ST020,5/26/2026,3,97,0.15,Completed,Card
S0011814,C00584,P0053,ST016,10/12/2025,6,1282,0,Cancelled,Cash
S0019535,C00528,P0053,ST015,9/25/2025,9,476,0.05,Returned,Bank Transfer
S0018379,C00162,P0053,ST020,6/23/2025,10,14,0.2,Completed,Cash
S0014023,C00593,P0039,ST016,4/24/2025,6,184,0.2,Returned,Cash
S0014628,C01000,P0039,ST005,7/28/2025,2,259,0.05,Completed,Card
S0015739,C00894,P0145,ST020,6/20/2025,4,1328,0.1,Pending,Mobile Money
S0015000,C00153,P0004,ST018,1/22/2025,3,280,0.05,Returned,Bank Transfer
S0014947,C00540,P0053,ST011,3/5/2025,6,592,0.05,completed,Bank Transfer
S0020041,C00348,P0053,ST002,2/25/2026,2,213,0.05,Pending,Mobile Money
S0015935,C00003,P0053,ST012,4/30/2025,7,729,0.05,Cancelled,Mobile Money
S0018618,C00298,P0004,ST020,7/1/2026,4,383,0.15,completed,Mobile Money
S0014988,C00442,P0004,ST018,6/15/2025,3,232,0.2,completed,Mobile Money
S0014550,C00718,P0053,ST005,11/3/2025,7,750,0.15,Cancelled,Mobile Money
S0017233,C00133,P0039,ST002,10/25/2025,2,1128,0.2,Pending,Mobile Money
S0011265,C00791,P0053,ST004,8/5/2025,2,288,0.1,Pending,Card
S0010943,C00553,P0004,ST018,2/14/2026,3,1449,0.15,Returned,Card
S0014149,C00036,P0004,ST004,1/3/2026,1,1497,0.2,completed,Card
S0016470,C00880,P0004,ST018,10/23/2025,7,68,0,Returned,Mobile Money
S0018555,C00260,P0053,ST008,2/11/2025,3,913,0.15,Cancelled,Mobile Money
S0013052,C00325,P0053,ST019,9/21/2025,8,1273,0.05,completed,Card
S0016607,C00673,P0004,ST002,6/12/2025,3,152,0.05,completed,Card
S0015398,C00682,P0004,ST020,6/4/2025,1,500,0.05,Completed,Cash
S0019736,C00599,P0053,ST012,5/15/2025,9,660,0,Pending,Card
S0010634,C00600,P0004,ST013,7/7/2026,1,274,0.1,Completed,Bank Transfer
S0014327,C00545,P0053,ST006,1/5/2025,3,777,0.2,Returned,Bank Transfer
S0010796,C00162,P0039,ST014,4/6/2025,4,200,0.15,Returned,Cash
S0018485,C00725,P0039,ST003,4/17/2025,10,464,0.15,completed,Mobile Money
S0016857,C00687,P0004,ST003,9/20/2025,8,442,0,Returned,Cash
S0010439,C00323,P0004,ST006,9/22/2025,9,1290,0,Cancelled,Mobile Money
S0014087,C00958,P0004,ST004,1/25/2025,2,376,0.05,Returned,Card
S0014615,C00220,P0004,ST020,6/4/2026,8,1417,0.05,completed,Mobile Money
S0017972,C00541,P0004,ST016,2/24/2025,1,550,0.1,Cancelled,Mobile Money
S0014307,C00753,P0053,ST007,10/27/2025,6,490,0.1,completed,Bank Transfer
S0011644,C00588,P0039,ST009,4/30/2026,7,1298,0.2,Pending,Cash
S0016339,C00140,P0004,ST003,5/5/2026,5,1076,0.15,Returned,Bank Transfer
S0017343,C00717,P0004,ST007,2/4/2025,7,1274,0.2,Completed,Cash
S0010034,C00416,P0004,ST020,5/4/2025,5,1232,0.1,Pending,Card
S0012069,C00988,P0039,ST009,1/6/2026,4,791,0.05,Returned,Card
S0013146,C00208,P0004,ST007,11/8/2025,2,727,0.2,completed,Card
S0017953,C00475,P0004,ST002,10/2/2025,3,968,0.1,Cancelled,Card
S0016521,C00692,P0004,ST018,2/22/2026,10,1270,0.15,Pending,Cash
S0013594,C00434,P0004,ST009,11/2/2025,6,1388,0.1,completed,Card
S0018203,C00855,P0039,ST003,1/6/2026,3,400,0.1,Returned,Cash
S0013578,C00843,P0004,ST011,12/1/2025,9,812,0.15,completed,Bank Transfer
S0019645,C00658,P0004,ST013,10/21/2025,10,3,0.15,Returned,Mobile Money
S0017219,C00893,P0004,ST016,1/13/2025,9,921,0.1,Completed,Mobile Money
S0014359,C00745,P0004,ST008,5/19/2025,1,281,0.2,completed,Bank Transfer
S0011305,C00554,P0004,ST019,2/25/2026,3,179,0,Completed,Bank Transfer
S0011233,C00118,P0004,ST018,10/22/2025,8,217,0.2,Returned,Cash
S0013013,C00772,P0004,ST009,7/1/2025,6,1007,0.05,Pending,Bank Transfer
S0013444,C00552,P0004,ST014,6/18/2026,6,1073,0.05,Pending,Mobile Money
S0015431,C00533,P0004,ST018,12/5/2025,6,1068,0.2,Cancelled,Bank Transfer
S0014201,C00697,P0004,ST019,1/26/2026,2,759,0.1,Returned,Card
S0016978,C00248,P0004,ST009,11/5/2025,10,816,0.1,Cancelled,Card
